ISO-10303-21;
HEADER;
/* Generated by software containing ST-Developer
 * from STEP Tools, Inc. (www.steptools.com) 
 */

FILE_DESCRIPTION(
/* description */ (''),
/* implementation_level */ '2;1');

FILE_NAME(
/* name */ '6201-c-2z.stp',
/* time_stamp */ '2025-12-28T22:25:58-03:00',
/* author */ ('TUF GAMING F15'),
/* organization */ ('TraceParts S.A.'),
/* preprocessor_version */ 'ST-DEVELOPER v20.1',
/* originating_system */ 'Autodesk Inventor 2026',
/* authorisation */ '');

FILE_SCHEMA (('AUTOMOTIVE_DESIGN { 1 0 10303 214 3 1 1 }'));
ENDSEC;

DATA;
#10=MECHANICAL_DESIGN_GEOMETRIC_PRESENTATION_REPRESENTATION('',(#89,#90,
#91,#92,#93,#94,#95,#96,#97,#98),#4279);
#11=SHAPE_REPRESENTATION_RELATIONSHIP('SRR','None',#4286,#12);
#12=ADVANCED_BREP_SHAPE_REPRESENTATION('',(#99,#100,#101,#102,#103,#104,
#105,#106,#107,#108),#4278);
#13=B_SPLINE_CURVE_WITH_KNOTS('',3,(#2853,#2854,#2855,#2856,#2857,#2858,
#2859,#2860,#2861,#2862,#2863,#2864,#2865,#2866,#2867,#2868,#2869,#2870),
 .UNSPECIFIED.,.F.,.F.,(4,2,2,2,2,2,2,2,4),(4.94634866493782,5.63594367759679,
6.32553869025576,6.73712877756482,7.14871886487388,7.59144400478161,8.03416914468934,
8.47689428459707,8.91961942450479),.UNSPECIFIED.);
#14=B_SPLINE_CURVE_WITH_KNOTS('',3,(#2874,#2875,#2876,#2877,#2878,#2879,
#2880,#2881,#2882,#2883,#2884,#2885,#2886,#2887,#2888,#2889,#2890,#2891),
 .UNSPECIFIED.,.F.,.F.,(4,2,2,2,2,2,2,2,4),(0.973557379902487,1.41628251981022,
1.85900765971795,2.30173279962568,2.74445793953341,3.15604802684247,3.56763811415152,
4.25723312681049,4.94682813946946),.UNSPECIFIED.);
#15=B_SPLINE_CURVE_WITH_KNOTS('',3,(#2893,#2894,#2895,#2896,#2897,#2898,
#2899,#2900,#2901,#2902,#2903,#2904,#2905,#2906,#2907,#2908,#2909,#2910),
 .UNSPECIFIED.,.F.,.F.,(4,2,2,2,2,2,2,2,4),(4.94682813946946,5.63642315212842,
6.32601816478739,6.73760825209645,7.14919833940551,7.59192347931324,8.03464861922097,
8.4773737591287,8.92009889903643),.UNSPECIFIED.);
#16=B_SPLINE_CURVE_WITH_KNOTS('',3,(#2914,#2915,#2916,#2917,#2918,#2919,
#2920,#2921,#2922,#2923,#2924,#2925,#2926,#2927,#2928,#2929,#2930,#2931),
 .UNSPECIFIED.,.F.,.F.,(4,2,2,2,2,2,2,2,4),(0.973557379902489,1.41628251981022,
1.85900765971795,2.30173279962568,2.74445793953341,3.15604802684247,3.56763811415153,
4.2572331268105,4.94682813946946),.UNSPECIFIED.);
#17=B_SPLINE_CURVE_WITH_KNOTS('',3,(#2935,#2936,#2937,#2938,#2939,#2940,
#2941,#2942,#2943,#2944,#2945,#2946,#2947,#2948,#2949,#2950,#2951,#2952,
#2953,#2954),.UNSPECIFIED.,.F.,.F.,(4,2,2,2,2,2,2,2,2,4),(5.98589407722951,
6.42204609541807,6.85819811360662,7.29435013179517,7.73050214998372,8.25189418059449,
8.77328621120525,9.33308322764505,9.89288024408484,10.4254393582547),
 .UNSPECIFIED.);
#18=B_SPLINE_CURVE_WITH_KNOTS('',3,(#2958,#2959,#2960,#2961,#2962,#2963,
#2964,#2965,#2966,#2967,#2968,#2969,#2970,#2971,#2972,#2973,#2974,#2975,
#2976,#2977,#2978,#2979,#2980,#2981,#2982,#2983,#2984,#2985,#2986,#2987,
#2988,#2989,#2990,#2991,#2992,#2993,#2994,#2995),.UNSPECIFIED.,.F.,.F.,
(4,2,2,2,2,2,2,2,2,2,2,2,2,2,2,2,2,2,4),(1.54634879620429,2.0789079103742,
2.638704926814,3.1985019432538,3.71989397386456,4.24128600447533,4.67743802266388,
5.11359004085242,5.54974205904097,5.9858940772295,6.42204609541807,6.85819811360662,
7.29435013179516,7.73050214998371,8.25189418059448,8.77328621120524,9.33308322764504,
9.89288024408484,10.4254393582547),.UNSPECIFIED.);
#19=B_SPLINE_CURVE_WITH_KNOTS('',3,(#2998,#2999,#3000,#3001,#3002,#3003,
#3004,#3005,#3006,#3007,#3008,#3009,#3010,#3011,#3012,#3013,#3014,#3015,
#3016,#3017),.UNSPECIFIED.,.F.,.F.,(4,2,2,2,2,2,2,2,2,4),(1.54634879620429,
2.0789079103742,2.638704926814,3.1985019432538,3.71989397386457,4.24128600447533,
4.67743802266388,5.11359004085243,5.54974205904098,5.98589407722951),
 .UNSPECIFIED.);
#20=B_SPLINE_CURVE_WITH_KNOTS('',3,(#3023,#3024,#3025,#3026,#3027,#3028,
#3029,#3030,#3031,#3032,#3033,#3034,#3035,#3036,#3037,#3038),
 .UNSPECIFIED.,.F.,.F.,(4,2,2,2,2,2,2,4),(10.0201470726239,10.2401464409143,
11.054565002515,11.8689835641157,12.6834021257164,13.4109969723434,13.7747943956568,
14.1385918189703),.UNSPECIFIED.);
#21=B_SPLINE_CURVE_WITH_KNOTS('',3,(#3042,#3043,#3044,#3045,#3046,#3047,
#3048,#3049,#3050,#3051,#3052,#3053,#3054,#3055,#3056,#3057,#3058,#3059,
#3060,#3061,#3062,#3063,#3064,#3065,#3066,#3067,#3068,#3069,#3070,#3071),
 .UNSPECIFIED.,.F.,.F.,(4,2,2,2,2,2,2,2,2,2,2,2,2,2,4),(10.0201470726239,
10.2401464409143,11.054565002515,11.8689835641157,12.6834021257164,13.4109969723434,
13.7747943956568,14.1385918189703,14.5023892422838,14.8661866655973,15.5937815122242,
16.408200073825,17.2226186354257,18.0370371970264,18.2570365653167),
 .UNSPECIFIED.);
#22=B_SPLINE_CURVE_WITH_KNOTS('',3,(#3075,#3076,#3077,#3078,#3079,#3080,
#3081,#3082,#3083,#3084,#3085,#3086,#3087,#3088,#3089,#3090),
 .UNSPECIFIED.,.F.,.F.,(4,2,2,2,2,2,2,4),(14.1385918189703,14.5023892422838,
14.8661866655973,15.5937815122242,16.408200073825,17.2226186354257,18.0370371970264,
18.2570365653167),.UNSPECIFIED.);
#23=B_SPLINE_CURVE_WITH_KNOTS('',3,(#3094,#3095,#3096,#3097,#3098,#3099,
#3100,#3101,#3102,#3103,#3104,#3105,#3106,#3107),.UNSPECIFIED.,.F.,.F.,
(4,2,2,2,2,2,4),(4.66552204092304,5.23681390349016,5.80810576605727,6.44734757711822,
7.08658938817917,7.72583119924011,8.36507301030105),.UNSPECIFIED.);
#24=B_SPLINE_CURVE_WITH_KNOTS('',3,(#3111,#3112,#3113,#3114,#3115,#3116,
#3117,#3118,#3119,#3120,#3121,#3122,#3123,#3124,#3125,#3126,#3127,#3128,
#3129,#3130,#3131,#3132,#3133,#3134,#3135,#3136),.UNSPECIFIED.,.F.,.F.,
(4,2,2,2,2,2,2,2,2,2,2,2,4),(0.965971071545025,1.60521288260597,2.24445469366692,
2.88369650472787,3.52293831578882,4.09423017835593,4.66552204092304,5.23681390349015,
5.80810576605727,6.44734757711822,7.08658938817917,7.72583119924011,8.36507301030105),
 .UNSPECIFIED.);
#25=B_SPLINE_CURVE_WITH_KNOTS('',3,(#3139,#3140,#3141,#3142,#3143,#3144,
#3145,#3146,#3147,#3148,#3149,#3150,#3151,#3152),.UNSPECIFIED.,.F.,.F.,
(4,2,2,2,2,2,4),(0.965514369660808,1.60475618072176,2.24399799178271,2.88323980284366,
3.52248161390461,4.09377347647172,4.66506533903883),.UNSPECIFIED.);
#26=B_SPLINE_CURVE_WITH_KNOTS('',3,(#3156,#3157,#3158,#3159,#3160,#3161,
#3162,#3163,#3164,#3165,#3166,#3167,#3168,#3169,#3170,#3171,#3172,#3173,
#3174,#3175,#3176,#3177,#3178,#3179,#3180,#3181,#3182,#3183,#3184,#3185,
#3186,#3187,#3188,#3189),.UNSPECIFIED.,.F.,.F.,(4,2,2,2,2,2,2,2,2,2,2,2,
2,2,2,2,4),(0.97355737990249,1.41628251981022,1.85900765971795,2.30173279962568,
2.74445793953341,3.15604802684247,3.56763811415153,4.25723312681049,4.94682813946946,
5.63642315212843,6.32601816478739,6.73760825209645,7.14919833940551,7.59192347931324,
8.03464861922097,8.4773737591287,8.92009889903643),.UNSPECIFIED.);
#27=B_SPLINE_CURVE_WITH_KNOTS('',3,(#3193,#3194,#3195,#3196,#3197,#3198,
#3199,#3200,#3201,#3202,#3203,#3204,#3205,#3206),.UNSPECIFIED.,.F.,.F.,
(4,2,2,2,2,2,4),(4.66552204092305,5.23681390349016,5.80810576605727,6.44734757711822,
7.08658938817917,7.72583119924012,8.36507301030107),.UNSPECIFIED.);
#28=B_SPLINE_CURVE_WITH_KNOTS('',3,(#3210,#3211,#3212,#3213,#3214,#3215,
#3216,#3217,#3218,#3219,#3220,#3221,#3222,#3223),.UNSPECIFIED.,.F.,.F.,
(4,2,2,2,2,2,4),(0.965971071545028,1.60521288260597,2.24445469366692,2.88369650472787,
3.52293831578882,4.09423017835593,4.66552204092305),.UNSPECIFIED.);
#29=B_SPLINE_CURVE_WITH_KNOTS('',3,(#3227,#3228,#3229,#3230,#3231,#3232,
#3233,#3234,#3235,#3236,#3237,#3238,#3239,#3240),.UNSPECIFIED.,.F.,.F.,
(4,2,2,2,2,2,4),(4.66506533903883,5.23635720160594,5.80764906417306,6.44689087523401,
7.08613268629495,7.7253744973559,8.36461630841685),.UNSPECIFIED.);
#30=B_SPLINE_CURVE_WITH_KNOTS('',3,(#3244,#3245,#3246,#3247,#3248,#3249,
#3250,#3251,#3252,#3253,#3254,#3255,#3256,#3257),.UNSPECIFIED.,.F.,.F.,
(4,2,2,2,2,2,4),(0.965971071545025,1.60521288260597,2.24445469366692,2.88369650472786,
3.52293831578881,4.09423017835593,4.66552204092304),.UNSPECIFIED.);
#31=B_SPLINE_CURVE_WITH_KNOTS('',3,(#3259,#3260,#3261,#3262,#3263,#3264,
#3265,#3266,#3267,#3268,#3269,#3270,#3271,#3272,#3273,#3274),
 .UNSPECIFIED.,.F.,.F.,(4,2,2,2,2,2,2,4),(10.0201470726239,10.2401464409143,
11.054565002515,11.8689835641157,12.6834021257164,13.4109969723434,13.7747943956568,
14.1385918189703),.UNSPECIFIED.);
#32=B_SPLINE_CURVE_WITH_KNOTS('',3,(#3278,#3279,#3280,#3281,#3282,#3283,
#3284,#3285,#3286,#3287,#3288,#3289,#3290,#3291,#3292,#3293,#3294,#3295,
#3296,#3297,#3298,#3299,#3300,#3301,#3302,#3303,#3304,#3305,#3306,#3307),
 .UNSPECIFIED.,.F.,.F.,(4,2,2,2,2,2,2,2,2,2,2,2,2,2,4),(10.0201470726239,
10.2401464409143,11.054565002515,11.8689835641157,12.6834021257164,13.4109969723434,
13.7747943956568,14.1385918189703,14.5023892422838,14.8661866655973,15.5937815122242,
16.408200073825,17.2226186354257,18.0370371970264,18.2570365653167),
 .UNSPECIFIED.);
#33=B_SPLINE_CURVE_WITH_KNOTS('',3,(#3310,#3311,#3312,#3313,#3314,#3315,
#3316,#3317,#3318,#3319,#3320,#3321,#3322,#3323,#3324,#3325),
 .UNSPECIFIED.,.F.,.F.,(4,2,2,2,2,2,2,4),(14.1385918189703,14.5023892422838,
14.8661866655973,15.5937815122242,16.408200073825,17.2226186354257,18.0370371970264,
18.2570365653167),.UNSPECIFIED.);
#34=B_SPLINE_CURVE_WITH_KNOTS('',3,(#3332,#3333,#3334,#3335,#3336,#3337,
#3338,#3339,#3340,#3341,#3342,#3343,#3344,#3345,#3346,#3347,#3348,#3349),
 .UNSPECIFIED.,.F.,.F.,(4,2,2,2,2,2,2,2,4),(4.94682813946946,5.63642315212843,
6.32601816478739,6.73760825209645,7.14919833940552,7.59192347931324,8.03464861922097,
8.4773737591287,8.92009889903643),.UNSPECIFIED.);
#35=B_SPLINE_CURVE_WITH_KNOTS('',3,(#3360,#3361,#3362,#3363,#3364,#3365,
#3366,#3367,#3368,#3369,#3370,#3371,#3372,#3373,#3374,#3375,#3376,#3377),
 .UNSPECIFIED.,.F.,.F.,(4,2,2,2,2,2,2,2,4),(0.973077905370851,1.41580304527858,
1.85852818518631,2.30125332509404,2.74397846500177,3.15556855231083,3.56715863961989,
4.25675365227886,4.94634866493782),.UNSPECIFIED.);
#36=B_SPLINE_CURVE_WITH_KNOTS('',3,(#3385,#3386,#3387,#3388,#3389,#3390,
#3391,#3392,#3393,#3394,#3395,#3396,#3397,#3398,#3399,#3400,#3401,#3402,
#3403,#3404),.UNSPECIFIED.,.F.,.F.,(4,2,2,2,2,2,2,2,2,4),(5.98589407722951,
6.42204609541807,6.85819811360662,7.29435013179516,7.73050214998371,8.25189418059448,
8.77328621120524,9.33308322764504,9.89288024408484,10.4254393582547),
 .UNSPECIFIED.);
#37=B_SPLINE_CURVE_WITH_KNOTS('',3,(#3420,#3421,#3422,#3423,#3424,#3425,
#3426,#3427,#3428,#3429,#3430,#3431,#3432,#3433,#3434,#3435,#3436,#3437,
#3438,#3439,#3440,#3441,#3442,#3443,#3444,#3445,#3446,#3447,#3448,#3449,
#3450,#3451,#3452,#3453,#3454,#3455,#3456,#3457),.UNSPECIFIED.,.F.,.F.,
(4,2,2,2,2,2,2,2,2,2,2,2,2,2,2,2,2,2,4),(1.54634879620429,2.0789079103742,
2.638704926814,3.1985019432538,3.71989397386456,4.24128600447533,4.67743802266388,
5.11359004085242,5.54974205904097,5.9858940772295,6.42204609541807,6.85819811360661,
7.29435013179516,7.73050214998371,8.25189418059447,8.77328621120524,9.33308322764504,
9.89288024408484,10.4254393582547),.UNSPECIFIED.);
#38=B_SPLINE_CURVE_WITH_KNOTS('',3,(#3458,#3459,#3460,#3461,#3462,#3463,
#3464,#3465,#3466,#3467,#3468,#3469,#3470,#3471,#3472,#3473,#3474,#3475,
#3476,#3477),.UNSPECIFIED.,.F.,.F.,(4,2,2,2,2,2,2,2,2,4),(1.54634879620429,
2.0789079103742,2.63870492681399,3.19850194325379,3.71989397386456,4.24128600447533,
4.67743802266388,5.11359004085243,5.54974205904097,5.98589407722951),
 .UNSPECIFIED.);
#39=B_SPLINE_CURVE_WITH_KNOTS('',3,(#3487,#3488,#3489,#3490,#3491,#3492,
#3493,#3494,#3495,#3496,#3497,#3498,#3499,#3500,#3501,#3502,#3503,#3504),
 .UNSPECIFIED.,.F.,.F.,(4,2,2,2,2,2,2,2,4),(4.94634866493783,5.63594367759679,
6.32553869025576,6.73712877756482,7.14871886487388,7.59144400478161,8.03416914468934,
8.47689428459707,8.9196194245048),.UNSPECIFIED.);
#40=B_SPLINE_CURVE_WITH_KNOTS('',3,(#3508,#3509,#3510,#3511,#3512,#3513,
#3514,#3515,#3516,#3517,#3518,#3519,#3520,#3521,#3522,#3523,#3524,#3525),
 .UNSPECIFIED.,.F.,.F.,(4,2,2,2,2,2,2,2,4),(0.973557379902488,1.41628251981022,
1.85900765971795,2.30173279962568,2.74445793953341,3.15604802684247,3.56763811415153,
4.25723312681049,4.94682813946946),.UNSPECIFIED.);
#41=B_SPLINE_CURVE_WITH_KNOTS('',3,(#3527,#3528,#3529,#3530,#3531,#3532,
#3533,#3534,#3535,#3536,#3537,#3538,#3539,#3540,#3541,#3542,#3543,#3544),
 .UNSPECIFIED.,.F.,.F.,(4,2,2,2,2,2,2,2,4),(4.94682813946946,5.63642315212843,
6.32601816478739,6.73760825209645,7.14919833940551,7.59192347931324,8.03464861922097,
8.4773737591287,8.92009889903643),.UNSPECIFIED.);
#42=B_SPLINE_CURVE_WITH_KNOTS('',3,(#3548,#3549,#3550,#3551,#3552,#3553,
#3554,#3555,#3556,#3557,#3558,#3559,#3560,#3561,#3562,#3563,#3564,#3565),
 .UNSPECIFIED.,.F.,.F.,(4,2,2,2,2,2,2,2,4),(0.973557379902489,1.41628251981022,
1.85900765971795,2.30173279962568,2.74445793953341,3.15604802684247,3.56763811415153,
4.2572331268105,4.94682813946946),.UNSPECIFIED.);
#43=B_SPLINE_CURVE_WITH_KNOTS('',3,(#3569,#3570,#3571,#3572,#3573,#3574,
#3575,#3576,#3577,#3578,#3579,#3580,#3581,#3582,#3583,#3584,#3585,#3586,
#3587,#3588),.UNSPECIFIED.,.F.,.F.,(4,2,2,2,2,2,2,2,2,4),(5.98589407722951,
6.42204609541807,6.85819811360662,7.29435013179517,7.73050214998372,8.25189418059449,
8.77328621120525,9.33308322764505,9.89288024408484,10.4254393582547),
 .UNSPECIFIED.);
#44=B_SPLINE_CURVE_WITH_KNOTS('',3,(#3592,#3593,#3594,#3595,#3596,#3597,
#3598,#3599,#3600,#3601,#3602,#3603,#3604,#3605,#3606,#3607,#3608,#3609,
#3610,#3611,#3612,#3613,#3614,#3615,#3616,#3617,#3618,#3619,#3620,#3621,
#3622,#3623,#3624,#3625,#3626,#3627,#3628,#3629),.UNSPECIFIED.,.F.,.F.,
(4,2,2,2,2,2,2,2,2,2,2,2,2,2,2,2,2,2,4),(1.54634879620429,2.07890791037421,
2.63870492681401,3.1985019432538,3.71989397386457,4.24128600447534,4.67743802266388,
5.11359004085243,5.54974205904098,5.9858940772295,6.42204609541807,6.85819811360662,
7.29435013179517,7.73050214998372,8.25189418059448,8.77328621120525,9.33308322764504,
9.89288024408484,10.4254393582547),.UNSPECIFIED.);
#45=B_SPLINE_CURVE_WITH_KNOTS('',3,(#3632,#3633,#3634,#3635,#3636,#3637,
#3638,#3639,#3640,#3641,#3642,#3643,#3644,#3645,#3646,#3647,#3648,#3649,
#3650,#3651),.UNSPECIFIED.,.F.,.F.,(4,2,2,2,2,2,2,2,2,4),(1.54634879620429,
2.07890791037421,2.63870492681401,3.1985019432538,3.71989397386457,4.24128600447534,
4.67743802266388,5.11359004085243,5.54974205904098,5.98589407722951),
 .UNSPECIFIED.);
#46=B_SPLINE_CURVE_WITH_KNOTS('',3,(#3657,#3658,#3659,#3660,#3661,#3662,
#3663,#3664,#3665,#3666,#3667,#3668,#3669,#3670,#3671,#3672),
 .UNSPECIFIED.,.F.,.F.,(4,2,2,2,2,2,2,4),(10.0201470726239,10.2401464409143,
11.054565002515,11.8689835641157,12.6834021257164,13.4109969723434,13.7747943956568,
14.1385918189703),.UNSPECIFIED.);
#47=B_SPLINE_CURVE_WITH_KNOTS('',3,(#3676,#3677,#3678,#3679,#3680,#3681,
#3682,#3683,#3684,#3685,#3686,#3687,#3688,#3689,#3690,#3691,#3692,#3693,
#3694,#3695,#3696,#3697,#3698,#3699,#3700,#3701,#3702,#3703,#3704,#3705),
 .UNSPECIFIED.,.F.,.F.,(4,2,2,2,2,2,2,2,2,2,2,2,2,2,4),(10.0201470726239,
10.2401464409143,11.054565002515,11.8689835641157,12.6834021257164,13.4109969723434,
13.7747943956568,14.1385918189703,14.5023892422838,14.8661866655973,15.5937815122242,
16.408200073825,17.2226186354257,18.0370371970264,18.2570365653167),
 .UNSPECIFIED.);
#48=B_SPLINE_CURVE_WITH_KNOTS('',3,(#3709,#3710,#3711,#3712,#3713,#3714,
#3715,#3716,#3717,#3718,#3719,#3720,#3721,#3722,#3723,#3724),
 .UNSPECIFIED.,.F.,.F.,(4,2,2,2,2,2,2,4),(14.1385918189703,14.5023892422838,
14.8661866655973,15.5937815122242,16.408200073825,17.2226186354257,18.0370371970264,
18.2570365653167),.UNSPECIFIED.);
#49=B_SPLINE_CURVE_WITH_KNOTS('',3,(#3728,#3729,#3730,#3731,#3732,#3733,
#3734,#3735,#3736,#3737,#3738,#3739,#3740,#3741),.UNSPECIFIED.,.F.,.F.,
(4,2,2,2,2,2,4),(4.66552204092304,5.23681390349016,5.80810576605727,6.44734757711822,
7.08658938817917,7.72583119924011,8.36507301030105),.UNSPECIFIED.);
#50=B_SPLINE_CURVE_WITH_KNOTS('',3,(#3745,#3746,#3747,#3748,#3749,#3750,
#3751,#3752,#3753,#3754,#3755,#3756,#3757,#3758,#3759,#3760,#3761,#3762,
#3763,#3764,#3765,#3766,#3767,#3768,#3769,#3770),.UNSPECIFIED.,.F.,.F.,
(4,2,2,2,2,2,2,2,2,2,2,2,4),(0.965971071545026,1.60521288260597,2.24445469366692,
2.88369650472787,3.52293831578882,4.09423017835593,4.66552204092305,5.23681390349016,
5.80810576605727,6.44734757711822,7.08658938817917,7.72583119924012,8.36507301030107),
 .UNSPECIFIED.);
#51=B_SPLINE_CURVE_WITH_KNOTS('',3,(#3773,#3774,#3775,#3776,#3777,#3778,
#3779,#3780,#3781,#3782,#3783,#3784,#3785,#3786),.UNSPECIFIED.,.F.,.F.,
(4,2,2,2,2,2,4),(0.965514369660809,1.60475618072176,2.24399799178271,2.88323980284366,
3.52248161390461,4.09377347647172,4.66506533903883),.UNSPECIFIED.);
#52=B_SPLINE_CURVE_WITH_KNOTS('',3,(#3790,#3791,#3792,#3793,#3794,#3795,
#3796,#3797,#3798,#3799,#3800,#3801,#3802,#3803,#3804,#3805,#3806,#3807,
#3808,#3809,#3810,#3811,#3812,#3813,#3814,#3815,#3816,#3817,#3818,#3819,
#3820,#3821,#3822,#3823),.UNSPECIFIED.,.F.,.F.,(4,2,2,2,2,2,2,2,2,2,2,2,
2,2,2,2,4),(0.973557379902491,1.41628251981022,1.85900765971795,2.30173279962568,
2.74445793953341,3.15604802684247,3.56763811415153,4.2572331268105,4.94682813946946,
5.63642315212843,6.3260181647874,6.73760825209646,7.14919833940552,7.59192347931325,
8.03464861922098,8.47737375912871,8.92009889903644),.UNSPECIFIED.);
#53=B_SPLINE_CURVE_WITH_KNOTS('',3,(#3827,#3828,#3829,#3830,#3831,#3832,
#3833,#3834,#3835,#3836,#3837,#3838,#3839,#3840),.UNSPECIFIED.,.F.,.F.,
(4,2,2,2,2,2,4),(4.66552204092305,5.23681390349016,5.80810576605727,6.44734757711822,
7.08658938817917,7.72583119924012,8.36507301030107),.UNSPECIFIED.);
#54=B_SPLINE_CURVE_WITH_KNOTS('',3,(#3844,#3845,#3846,#3847,#3848,#3849,
#3850,#3851,#3852,#3853,#3854,#3855,#3856,#3857),.UNSPECIFIED.,.F.,.F.,
(4,2,2,2,2,2,4),(0.965971071545031,1.60521288260598,2.24445469366692,2.88369650472787,
3.52293831578882,4.09423017835593,4.66552204092305),.UNSPECIFIED.);
#55=B_SPLINE_CURVE_WITH_KNOTS('',3,(#3861,#3862,#3863,#3864,#3865,#3866,
#3867,#3868,#3869,#3870,#3871,#3872,#3873,#3874),.UNSPECIFIED.,.F.,.F.,
(4,2,2,2,2,2,4),(4.66506533903883,5.23635720160595,5.80764906417306,6.44689087523401,
7.08613268629496,7.72537449735591,8.36461630841686),.UNSPECIFIED.);
#56=B_SPLINE_CURVE_WITH_KNOTS('',3,(#3878,#3879,#3880,#3881,#3882,#3883,
#3884,#3885,#3886,#3887,#3888,#3889,#3890,#3891),.UNSPECIFIED.,.F.,.F.,
(4,2,2,2,2,2,4),(0.965971071545025,1.60521288260597,2.24445469366692,2.88369650472786,
3.52293831578881,4.09423017835593,4.66552204092304),.UNSPECIFIED.);
#57=B_SPLINE_CURVE_WITH_KNOTS('',3,(#3893,#3894,#3895,#3896,#3897,#3898,
#3899,#3900,#3901,#3902,#3903,#3904,#3905,#3906,#3907,#3908),
 .UNSPECIFIED.,.F.,.F.,(4,2,2,2,2,2,2,4),(10.0201470726239,10.2401464409143,
11.054565002515,11.8689835641157,12.6834021257164,13.4109969723434,13.7747943956568,
14.1385918189703),.UNSPECIFIED.);
#58=B_SPLINE_CURVE_WITH_KNOTS('',3,(#3912,#3913,#3914,#3915,#3916,#3917,
#3918,#3919,#3920,#3921,#3922,#3923,#3924,#3925,#3926,#3927,#3928,#3929,
#3930,#3931,#3932,#3933,#3934,#3935,#3936,#3937,#3938,#3939,#3940,#3941),
 .UNSPECIFIED.,.F.,.F.,(4,2,2,2,2,2,2,2,2,2,2,2,2,2,4),(10.0201470726239,
10.2401464409143,11.054565002515,11.8689835641157,12.6834021257164,13.4109969723434,
13.7747943956568,14.1385918189703,14.5023892422838,14.8661866655973,15.5937815122242,
16.408200073825,17.2226186354257,18.0370371970264,18.2570365653167),
 .UNSPECIFIED.);
#59=B_SPLINE_CURVE_WITH_KNOTS('',3,(#3944,#3945,#3946,#3947,#3948,#3949,
#3950,#3951,#3952,#3953,#3954,#3955,#3956,#3957,#3958,#3959),
 .UNSPECIFIED.,.F.,.F.,(4,2,2,2,2,2,2,4),(14.1385918189703,14.5023892422838,
14.8661866655973,15.5937815122242,16.408200073825,17.2226186354257,18.0370371970264,
18.2570365653167),.UNSPECIFIED.);
#60=B_SPLINE_CURVE_WITH_KNOTS('',3,(#3966,#3967,#3968,#3969,#3970,#3971,
#3972,#3973,#3974,#3975,#3976,#3977,#3978,#3979,#3980,#3981,#3982,#3983),
 .UNSPECIFIED.,.F.,.F.,(4,2,2,2,2,2,2,2,4),(4.94682813946946,5.63642315212843,
6.32601816478739,6.73760825209645,7.14919833940552,7.59192347931324,8.03464861922097,
8.4773737591287,8.92009889903643),.UNSPECIFIED.);
#61=B_SPLINE_CURVE_WITH_KNOTS('',3,(#3994,#3995,#3996,#3997,#3998,#3999,
#4000,#4001,#4002,#4003,#4004,#4005,#4006,#4007,#4008,#4009,#4010,#4011),
 .UNSPECIFIED.,.F.,.F.,(4,2,2,2,2,2,2,2,4),(0.973077905370855,1.41580304527859,
1.85852818518632,2.30125332509405,2.74397846500178,3.15556855231084,3.5671586396199,
4.25675365227886,4.94634866493783),.UNSPECIFIED.);
#62=B_SPLINE_CURVE_WITH_KNOTS('',3,(#4019,#4020,#4021,#4022,#4023,#4024,
#4025,#4026,#4027,#4028,#4029,#4030,#4031,#4032,#4033,#4034,#4035,#4036,
#4037,#4038),.UNSPECIFIED.,.F.,.F.,(4,2,2,2,2,2,2,2,2,4),(5.98589407722951,
6.42204609541807,6.85819811360662,7.29435013179517,7.73050214998372,8.25189418059448,
8.77328621120525,9.33308322764505,9.89288024408484,10.4254393582547),
 .UNSPECIFIED.);
#63=B_SPLINE_CURVE_WITH_KNOTS('',3,(#4054,#4055,#4056,#4057,#4058,#4059,
#4060,#4061,#4062,#4063,#4064,#4065,#4066,#4067,#4068,#4069,#4070,#4071,
#4072,#4073,#4074,#4075,#4076,#4077,#4078,#4079,#4080,#4081,#4082,#4083,
#4084,#4085,#4086,#4087,#4088,#4089,#4090,#4091),.UNSPECIFIED.,.F.,.F.,
(4,2,2,2,2,2,2,2,2,2,2,2,2,2,2,2,2,2,4),(1.54634879620429,2.07890791037421,
2.63870492681401,3.1985019432538,3.71989397386457,4.24128600447534,4.67743802266388,
5.11359004085243,5.54974205904098,5.9858940772295,6.42204609541807,6.85819811360662,
7.29435013179517,7.73050214998371,8.25189418059448,8.77328621120525,9.33308322764504,
9.89288024408484,10.4254393582547),.UNSPECIFIED.);
#64=B_SPLINE_CURVE_WITH_KNOTS('',3,(#4092,#4093,#4094,#4095,#4096,#4097,
#4098,#4099,#4100,#4101,#4102,#4103,#4104,#4105,#4106,#4107,#4108,#4109,
#4110,#4111),.UNSPECIFIED.,.F.,.F.,(4,2,2,2,2,2,2,2,2,4),(1.54634879620429,
2.0789079103742,2.638704926814,3.19850194325379,3.71989397386456,4.24128600447533,
4.67743802266388,5.11359004085243,5.54974205904098,5.98589407722951),
 .UNSPECIFIED.);
#65=SPHERICAL_SURFACE('',#1871,3.);
#66=SPHERICAL_SURFACE('',#1874,3.);
#67=SPHERICAL_SURFACE('',#1876,3.);
#68=SPHERICAL_SURFACE('',#1879,3.);
#69=SPHERICAL_SURFACE('',#1881,3.);
#70=SPHERICAL_SURFACE('',#1885,3.);
#71=SPHERICAL_SURFACE('',#1887,3.);
#72=SPHERICAL_SURFACE('',#1891,3.);
#73=SPHERICAL_SURFACE('',#1903,3.);
#74=SPHERICAL_SURFACE('',#1915,3.);
#75=SPHERICAL_SURFACE('',#1919,3.);
#76=SPHERICAL_SURFACE('',#1924,3.);
#77=SPHERICAL_SURFACE('',#1926,3.6);
#78=SPHERICAL_SURFACE('',#1929,3.6);
#79=SPHERICAL_SURFACE('',#1944,3.6);
#80=SPHERICAL_SURFACE('',#1946,3.6);
#81=SPHERICAL_SURFACE('',#1957,3.);
#82=SPHERICAL_SURFACE('',#1969,3.);
#83=SPHERICAL_SURFACE('',#1973,3.);
#84=SPHERICAL_SURFACE('',#1978,3.);
#85=SPHERICAL_SURFACE('',#1980,3.6);
#86=SPHERICAL_SURFACE('',#1983,3.6);
#87=SPHERICAL_SURFACE('',#1998,3.6);
#88=SPHERICAL_SURFACE('',#2000,3.6);
#89=STYLED_ITEM('',(#4296),#99);
#90=STYLED_ITEM('',(#4297),#100);
#91=STYLED_ITEM('',(#4297),#101);
#92=STYLED_ITEM('',(#4297),#102);
#93=STYLED_ITEM('',(#4297),#103);
#94=STYLED_ITEM('',(#4297),#104);
#95=STYLED_ITEM('',(#4297),#105);
#96=STYLED_ITEM('',(#4296),#106);
#97=STYLED_ITEM('',(#4298),#107);
#98=STYLED_ITEM('',(#4298),#108);
#99=MANIFOLD_SOLID_BREP('Solid1',#1775);
#100=MANIFOLD_SOLID_BREP('Solid2',#1776);
#101=MANIFOLD_SOLID_BREP('Solid3',#1777);
#102=MANIFOLD_SOLID_BREP('Solid4',#1778);
#103=MANIFOLD_SOLID_BREP('Solid5',#1779);
#104=MANIFOLD_SOLID_BREP('Solid6',#1780);
#105=MANIFOLD_SOLID_BREP('Solid7',#1781);
#106=MANIFOLD_SOLID_BREP('Solid8',#1782);
#107=MANIFOLD_SOLID_BREP('Solid9',#1783);
#108=MANIFOLD_SOLID_BREP('Solid10',#1784);
#109=FACE_BOUND('',#375,.T.);
#110=FACE_BOUND('',#378,.T.);
#111=FACE_BOUND('',#383,.T.);
#112=FACE_BOUND('',#386,.T.);
#113=FACE_BOUND('',#447,.T.);
#114=FACE_BOUND('',#452,.T.);
#115=FACE_BOUND('',#455,.T.);
#116=FACE_BOUND('',#460,.T.);
#117=FACE_BOUND('',#464,.T.);
#118=FACE_BOUND('',#467,.T.);
#119=FACE_BOUND('',#472,.T.);
#120=FACE_BOUND('',#475,.T.);
#121=PLANE('',#1855);
#122=PLANE('',#1859);
#123=PLANE('',#1866);
#124=PLANE('',#1870);
#125=PLANE('',#1912);
#126=PLANE('',#1917);
#127=PLANE('',#1922);
#128=PLANE('',#1932);
#129=PLANE('',#1933);
#130=PLANE('',#1936);
#131=PLANE('',#1940);
#132=PLANE('',#1945);
#133=PLANE('',#1966);
#134=PLANE('',#1971);
#135=PLANE('',#1976);
#136=PLANE('',#1986);
#137=PLANE('',#1987);
#138=PLANE('',#1990);
#139=PLANE('',#1994);
#140=PLANE('',#1999);
#141=PLANE('',#2045);
#142=PLANE('',#2052);
#143=PLANE('',#2056);
#144=PLANE('',#2064);
#145=PLANE('',#2071);
#146=PLANE('',#2076);
#147=PLANE('',#2085);
#148=PLANE('',#2090);
#149=LINE('',#2723,#185);
#150=LINE('',#2727,#186);
#151=LINE('',#2731,#187);
#152=LINE('',#2733,#188);
#153=LINE('',#2746,#189);
#154=LINE('',#2749,#190);
#155=LINE('',#2754,#191);
#156=LINE('',#2758,#192);
#157=LINE('',#2773,#193);
#158=LINE('',#2777,#194);
#159=LINE('',#2851,#195);
#160=LINE('',#2933,#196);
#161=LINE('',#3021,#197);
#162=LINE('',#3092,#198);
#163=LINE('',#3485,#199);
#164=LINE('',#3567,#200);
#165=LINE('',#3655,#201);
#166=LINE('',#3726,#202);
#167=LINE('',#4145,#203);
#168=LINE('',#4151,#204);
#169=LINE('',#4164,#205);
#170=LINE('',#4168,#206);
#171=LINE('',#4173,#207);
#172=LINE('',#4177,#208);
#173=LINE('',#4188,#209);
#174=LINE('',#4190,#210);
#175=LINE('',#4195,#211);
#176=LINE('',#4199,#212);
#177=LINE('',#4227,#213);
#178=LINE('',#4231,#214);
#179=LINE('',#4236,#215);
#180=LINE('',#4240,#216);
#181=LINE('',#4253,#217);
#182=LINE('',#4257,#218);
#183=LINE('',#4262,#219);
#184=LINE('',#4266,#220);
#185=VECTOR('',#2117,1.);
#186=VECTOR('',#2120,1.);
#187=VECTOR('',#2125,1.);
#188=VECTOR('',#2126,1.);
#189=VECTOR('',#2141,1.);
#190=VECTOR('',#2144,1.);
#191=VECTOR('',#2149,1.);
#192=VECTOR('',#2152,1.);
#193=VECTOR('',#2169,1.);
#194=VECTOR('',#2172,1.);
#195=VECTOR('',#2279,1.);
#196=VECTOR('',#2284,1.);
#197=VECTOR('',#2291,1.);
#198=VECTOR('',#2296,1.);
#199=VECTOR('',#2391,1.);
#200=VECTOR('',#2396,1.);
#201=VECTOR('',#2403,1.);
#202=VECTOR('',#2408,1.);
#203=VECTOR('',#2535,1.);
#204=VECTOR('',#2540,1.);
#205=VECTOR('',#2555,1.);
#206=VECTOR('',#2558,1.);
#207=VECTOR('',#2563,1.);
#208=VECTOR('',#2566,1.);
#209=VECTOR('',#2581,1.);
#210=VECTOR('',#2582,1.);
#211=VECTOR('',#2587,1.);
#212=VECTOR('',#2590,1.);
#213=VECTOR('',#2641,1.);
#214=VECTOR('',#2644,1.);
#215=VECTOR('',#2649,1.);
#216=VECTOR('',#2652,1.);
#217=VECTOR('',#2673,1.);
#218=VECTOR('',#2676,1.);
#219=VECTOR('',#2681,1.);
#220=VECTOR('',#2684,1.);
#221=CYLINDRICAL_SURFACE('',#1817,8.5);
#222=CYLINDRICAL_SURFACE('',#1820,9.2);
#223=CYLINDRICAL_SURFACE('',#1827,9.2);
#224=CYLINDRICAL_SURFACE('',#1830,8.5);
#225=CYLINDRICAL_SURFACE('',#1839,6.);
#226=CYLINDRICAL_SURFACE('',#1851,6.);
#227=CYLINDRICAL_SURFACE('',#1857,8.5);
#228=CYLINDRICAL_SURFACE('',#1861,9.2);
#229=CYLINDRICAL_SURFACE('',#1864,9.2);
#230=CYLINDRICAL_SURFACE('',#1868,8.5);
#231=CYLINDRICAL_SURFACE('',#1893,12.544);
#232=CYLINDRICAL_SURFACE('',#1898,9.384);
#233=CYLINDRICAL_SURFACE('',#1907,9.384);
#234=CYLINDRICAL_SURFACE('',#1942,12.544);
#235=CYLINDRICAL_SURFACE('',#1947,12.544);
#236=CYLINDRICAL_SURFACE('',#1952,9.384);
#237=CYLINDRICAL_SURFACE('',#1961,9.384);
#238=CYLINDRICAL_SURFACE('',#1996,12.544);
#239=CYLINDRICAL_SURFACE('',#2017,16.);
#240=CYLINDRICAL_SURFACE('',#2026,14.1);
#241=CYLINDRICAL_SURFACE('',#2029,12.8);
#242=CYLINDRICAL_SURFACE('',#2037,12.8);
#243=CYLINDRICAL_SURFACE('',#2039,14.1);
#244=CYLINDRICAL_SURFACE('',#2042,14.1);
#245=CYLINDRICAL_SURFACE('',#2047,12.8);
#246=CYLINDRICAL_SURFACE('',#2050,12.8);
#247=CYLINDRICAL_SURFACE('',#2054,14.1);
#248=CYLINDRICAL_SURFACE('',#2060,16.);
#249=CYLINDRICAL_SURFACE('',#2065,8.5);
#250=CYLINDRICAL_SURFACE('',#2068,14.1);
#251=CYLINDRICAL_SURFACE('',#2074,14.1);
#252=CYLINDRICAL_SURFACE('',#2078,8.5);
#253=CYLINDRICAL_SURFACE('',#2079,8.5);
#254=CYLINDRICAL_SURFACE('',#2082,14.1);
#255=CYLINDRICAL_SURFACE('',#2088,14.1);
#256=CYLINDRICAL_SURFACE('',#2092,8.5);
#257=FACE_OUTER_BOUND('',#361,.T.);
#258=FACE_OUTER_BOUND('',#362,.T.);
#259=FACE_OUTER_BOUND('',#363,.T.);
#260=FACE_OUTER_BOUND('',#364,.T.);
#261=FACE_OUTER_BOUND('',#365,.T.);
#262=FACE_OUTER_BOUND('',#366,.T.);
#263=FACE_OUTER_BOUND('',#367,.T.);
#264=FACE_OUTER_BOUND('',#368,.T.);
#265=FACE_OUTER_BOUND('',#369,.T.);
#266=FACE_OUTER_BOUND('',#370,.T.);
#267=FACE_OUTER_BOUND('',#371,.T.);
#268=FACE_OUTER_BOUND('',#372,.T.);
#269=FACE_OUTER_BOUND('',#373,.T.);
#270=FACE_OUTER_BOUND('',#374,.T.);
#271=FACE_OUTER_BOUND('',#376,.T.);
#272=FACE_OUTER_BOUND('',#377,.T.);
#273=FACE_OUTER_BOUND('',#379,.T.);
#274=FACE_OUTER_BOUND('',#380,.T.);
#275=FACE_OUTER_BOUND('',#381,.T.);
#276=FACE_OUTER_BOUND('',#382,.T.);
#277=FACE_OUTER_BOUND('',#384,.T.);
#278=FACE_OUTER_BOUND('',#385,.T.);
#279=FACE_OUTER_BOUND('',#387,.T.);
#280=FACE_OUTER_BOUND('',#388,.T.);
#281=FACE_OUTER_BOUND('',#389,.T.);
#282=FACE_OUTER_BOUND('',#390,.T.);
#283=FACE_OUTER_BOUND('',#391,.T.);
#284=FACE_OUTER_BOUND('',#392,.T.);
#285=FACE_OUTER_BOUND('',#393,.T.);
#286=FACE_OUTER_BOUND('',#394,.T.);
#287=FACE_OUTER_BOUND('',#395,.T.);
#288=FACE_OUTER_BOUND('',#396,.T.);
#289=FACE_OUTER_BOUND('',#397,.T.);
#290=FACE_OUTER_BOUND('',#398,.T.);
#291=FACE_OUTER_BOUND('',#399,.T.);
#292=FACE_OUTER_BOUND('',#400,.T.);
#293=FACE_OUTER_BOUND('',#401,.T.);
#294=FACE_OUTER_BOUND('',#402,.T.);
#295=FACE_OUTER_BOUND('',#403,.T.);
#296=FACE_OUTER_BOUND('',#404,.T.);
#297=FACE_OUTER_BOUND('',#405,.T.);
#298=FACE_OUTER_BOUND('',#406,.T.);
#299=FACE_OUTER_BOUND('',#407,.T.);
#300=FACE_OUTER_BOUND('',#408,.T.);
#301=FACE_OUTER_BOUND('',#409,.T.);
#302=FACE_OUTER_BOUND('',#410,.T.);
#303=FACE_OUTER_BOUND('',#411,.T.);
#304=FACE_OUTER_BOUND('',#412,.T.);
#305=FACE_OUTER_BOUND('',#413,.T.);
#306=FACE_OUTER_BOUND('',#414,.T.);
#307=FACE_OUTER_BOUND('',#415,.T.);
#308=FACE_OUTER_BOUND('',#416,.T.);
#309=FACE_OUTER_BOUND('',#417,.T.);
#310=FACE_OUTER_BOUND('',#418,.T.);
#311=FACE_OUTER_BOUND('',#419,.T.);
#312=FACE_OUTER_BOUND('',#420,.T.);
#313=FACE_OUTER_BOUND('',#421,.T.);
#314=FACE_OUTER_BOUND('',#422,.T.);
#315=FACE_OUTER_BOUND('',#423,.T.);
#316=FACE_OUTER_BOUND('',#424,.T.);
#317=FACE_OUTER_BOUND('',#425,.T.);
#318=FACE_OUTER_BOUND('',#426,.T.);
#319=FACE_OUTER_BOUND('',#427,.T.);
#320=FACE_OUTER_BOUND('',#428,.T.);
#321=FACE_OUTER_BOUND('',#429,.T.);
#322=FACE_OUTER_BOUND('',#430,.T.);
#323=FACE_OUTER_BOUND('',#431,.T.);
#324=FACE_OUTER_BOUND('',#432,.T.);
#325=FACE_OUTER_BOUND('',#433,.T.);
#326=FACE_OUTER_BOUND('',#434,.T.);
#327=FACE_OUTER_BOUND('',#435,.T.);
#328=FACE_OUTER_BOUND('',#436,.T.);
#329=FACE_OUTER_BOUND('',#437,.T.);
#330=FACE_OUTER_BOUND('',#438,.T.);
#331=FACE_OUTER_BOUND('',#439,.T.);
#332=FACE_OUTER_BOUND('',#440,.T.);
#333=FACE_OUTER_BOUND('',#441,.T.);
#334=FACE_OUTER_BOUND('',#442,.T.);
#335=FACE_OUTER_BOUND('',#443,.T.);
#336=FACE_OUTER_BOUND('',#444,.T.);
#337=FACE_OUTER_BOUND('',#445,.T.);
#338=FACE_OUTER_BOUND('',#446,.T.);
#339=FACE_OUTER_BOUND('',#448,.T.);
#340=FACE_OUTER_BOUND('',#449,.T.);
#341=FACE_OUTER_BOUND('',#450,.T.);
#342=FACE_OUTER_BOUND('',#451,.T.);
#343=FACE_OUTER_BOUND('',#453,.T.);
#344=FACE_OUTER_BOUND('',#454,.T.);
#345=FACE_OUTER_BOUND('',#456,.T.);
#346=FACE_OUTER_BOUND('',#457,.T.);
#347=FACE_OUTER_BOUND('',#458,.T.);
#348=FACE_OUTER_BOUND('',#459,.T.);
#349=FACE_OUTER_BOUND('',#461,.T.);
#350=FACE_OUTER_BOUND('',#462,.T.);
#351=FACE_OUTER_BOUND('',#463,.T.);
#352=FACE_OUTER_BOUND('',#465,.T.);
#353=FACE_OUTER_BOUND('',#466,.T.);
#354=FACE_OUTER_BOUND('',#468,.T.);
#355=FACE_OUTER_BOUND('',#469,.T.);
#356=FACE_OUTER_BOUND('',#470,.T.);
#357=FACE_OUTER_BOUND('',#471,.T.);
#358=FACE_OUTER_BOUND('',#473,.T.);
#359=FACE_OUTER_BOUND('',#474,.T.);
#360=FACE_OUTER_BOUND('',#476,.T.);
#361=EDGE_LOOP('',(#1115,#1116,#1117,#1118,#1119));
#362=EDGE_LOOP('',(#1120,#1121,#1122,#1123,#1124));
#363=EDGE_LOOP('',(#1125,#1126,#1127,#1128));
#364=EDGE_LOOP('',(#1129,#1130,#1131,#1132,#1133));
#365=EDGE_LOOP('',(#1134,#1135,#1136,#1137,#1138));
#366=EDGE_LOOP('',(#1139,#1140,#1141,#1142,#1143));
#367=EDGE_LOOP('',(#1144,#1145,#1146,#1147));
#368=EDGE_LOOP('',(#1148,#1149,#1150,#1151,#1152));
#369=EDGE_LOOP('',(#1153,#1154,#1155,#1156,#1157,#1158));
#370=EDGE_LOOP('',(#1159,#1160,#1161,#1162,#1163));
#371=EDGE_LOOP('',(#1164,#1165,#1166,#1167,#1168));
#372=EDGE_LOOP('',(#1169,#1170,#1171,#1172,#1173,#1174));
#373=EDGE_LOOP('',(#1175,#1176,#1177,#1178,#1179));
#374=EDGE_LOOP('',(#1180,#1181));
#375=EDGE_LOOP('',(#1182,#1183));
#376=EDGE_LOOP('',(#1184,#1185,#1186,#1187));
#377=EDGE_LOOP('',(#1188,#1189));
#378=EDGE_LOOP('',(#1190,#1191));
#379=EDGE_LOOP('',(#1192,#1193,#1194,#1195,#1196));
#380=EDGE_LOOP('',(#1197,#1198,#1199,#1200,#1201));
#381=EDGE_LOOP('',(#1202,#1203,#1204,#1205,#1206));
#382=EDGE_LOOP('',(#1207,#1208));
#383=EDGE_LOOP('',(#1209,#1210));
#384=EDGE_LOOP('',(#1211,#1212,#1213,#1214));
#385=EDGE_LOOP('',(#1215,#1216));
#386=EDGE_LOOP('',(#1217,#1218));
#387=EDGE_LOOP('',(#1219,#1220,#1221));
#388=EDGE_LOOP('',(#1222,#1223,#1224));
#389=EDGE_LOOP('',(#1225,#1226,#1227));
#390=EDGE_LOOP('',(#1228,#1229,#1230));
#391=EDGE_LOOP('',(#1231,#1232,#1233,#1234));
#392=EDGE_LOOP('',(#1235,#1236,#1237,#1238));
#393=EDGE_LOOP('',(#1239,#1240,#1241,#1242));
#394=EDGE_LOOP('',(#1243,#1244,#1245,#1246));
#395=EDGE_LOOP('',(#1247,#1248,#1249,#1250,#1251,#1252,#1253,#1254,#1255,
#1256,#1257,#1258,#1259));
#396=EDGE_LOOP('',(#1260,#1261,#1262,#1263,#1264,#1265,#1266,#1267,#1268,
#1269,#1270,#1271));
#397=EDGE_LOOP('',(#1272,#1273,#1274,#1275,#1276,#1277,#1278));
#398=EDGE_LOOP('',(#1279,#1280,#1281,#1282,#1283,#1284,#1285,#1286,#1287,
#1288,#1289,#1290,#1291));
#399=EDGE_LOOP('',(#1292,#1293,#1294,#1295));
#400=EDGE_LOOP('',(#1296,#1297,#1298,#1299,#1300,#1301));
#401=EDGE_LOOP('',(#1302,#1303,#1304,#1305));
#402=EDGE_LOOP('',(#1306,#1307,#1308,#1309,#1310,#1311,#1312));
#403=EDGE_LOOP('',(#1313,#1314,#1315,#1316));
#404=EDGE_LOOP('',(#1317,#1318,#1319,#1320,#1321,#1322));
#405=EDGE_LOOP('',(#1323,#1324,#1325,#1326));
#406=EDGE_LOOP('',(#1327,#1328,#1329,#1330,#1331,#1332));
#407=EDGE_LOOP('',(#1333,#1334,#1335,#1336));
#408=EDGE_LOOP('',(#1337,#1338,#1339,#1340));
#409=EDGE_LOOP('',(#1341,#1342,#1343,#1344));
#410=EDGE_LOOP('',(#1345,#1346,#1347,#1348));
#411=EDGE_LOOP('',(#1349,#1350,#1351,#1352,#1353,#1354,#1355,#1356,#1357,
#1358,#1359,#1360));
#412=EDGE_LOOP('',(#1361,#1362,#1363,#1364,#1365,#1366));
#413=EDGE_LOOP('',(#1367,#1368,#1369,#1370));
#414=EDGE_LOOP('',(#1371,#1372,#1373,#1374));
#415=EDGE_LOOP('',(#1375,#1376,#1377,#1378,#1379,#1380,#1381,#1382,#1383,
#1384,#1385,#1386,#1387));
#416=EDGE_LOOP('',(#1388,#1389,#1390,#1391,#1392,#1393,#1394,#1395,#1396,
#1397,#1398,#1399));
#417=EDGE_LOOP('',(#1400,#1401,#1402,#1403,#1404,#1405,#1406));
#418=EDGE_LOOP('',(#1407,#1408,#1409,#1410,#1411,#1412,#1413,#1414,#1415,
#1416,#1417,#1418,#1419));
#419=EDGE_LOOP('',(#1420,#1421,#1422,#1423));
#420=EDGE_LOOP('',(#1424,#1425,#1426,#1427,#1428,#1429));
#421=EDGE_LOOP('',(#1430,#1431,#1432,#1433));
#422=EDGE_LOOP('',(#1434,#1435,#1436,#1437,#1438,#1439,#1440));
#423=EDGE_LOOP('',(#1441,#1442,#1443,#1444));
#424=EDGE_LOOP('',(#1445,#1446,#1447,#1448,#1449,#1450));
#425=EDGE_LOOP('',(#1451,#1452,#1453,#1454));
#426=EDGE_LOOP('',(#1455,#1456,#1457,#1458,#1459,#1460));
#427=EDGE_LOOP('',(#1461,#1462,#1463,#1464));
#428=EDGE_LOOP('',(#1465,#1466,#1467,#1468));
#429=EDGE_LOOP('',(#1469,#1470,#1471,#1472));
#430=EDGE_LOOP('',(#1473,#1474,#1475,#1476));
#431=EDGE_LOOP('',(#1477,#1478,#1479,#1480,#1481,#1482,#1483,#1484,#1485,
#1486,#1487,#1488));
#432=EDGE_LOOP('',(#1489,#1490,#1491,#1492,#1493,#1494));
#433=EDGE_LOOP('',(#1495,#1496,#1497,#1498));
#434=EDGE_LOOP('',(#1499,#1500,#1501,#1502));
#435=EDGE_LOOP('',(#1503,#1504,#1505,#1506,#1507));
#436=EDGE_LOOP('',(#1508,#1509,#1510,#1511,#1512));
#437=EDGE_LOOP('',(#1513,#1514,#1515,#1516,#1517));
#438=EDGE_LOOP('',(#1518,#1519,#1520,#1521,#1522,#1523));
#439=EDGE_LOOP('',(#1524,#1525,#1526,#1527,#1528));
#440=EDGE_LOOP('',(#1529,#1530,#1531,#1532));
#441=EDGE_LOOP('',(#1533,#1534,#1535,#1536,#1537));
#442=EDGE_LOOP('',(#1538,#1539,#1540,#1541,#1542));
#443=EDGE_LOOP('',(#1543,#1544,#1545,#1546,#1547));
#444=EDGE_LOOP('',(#1548,#1549,#1550,#1551));
#445=EDGE_LOOP('',(#1552,#1553,#1554,#1555));
#446=EDGE_LOOP('',(#1556,#1557));
#447=EDGE_LOOP('',(#1558,#1559));
#448=EDGE_LOOP('',(#1560,#1561,#1562,#1563,#1564));
#449=EDGE_LOOP('',(#1565,#1566,#1567,#1568,#1569));
#450=EDGE_LOOP('',(#1570,#1571,#1572,#1573,#1574));
#451=EDGE_LOOP('',(#1575,#1576));
#452=EDGE_LOOP('',(#1577,#1578));
#453=EDGE_LOOP('',(#1579,#1580,#1581,#1582));
#454=EDGE_LOOP('',(#1583,#1584));
#455=EDGE_LOOP('',(#1585,#1586));
#456=EDGE_LOOP('',(#1587,#1588,#1589,#1590,#1591));
#457=EDGE_LOOP('',(#1592,#1593,#1594,#1595,#1596,#1597));
#458=EDGE_LOOP('',(#1598,#1599,#1600,#1601,#1602));
#459=EDGE_LOOP('',(#1603,#1604));
#460=EDGE_LOOP('',(#1605,#1606));
#461=EDGE_LOOP('',(#1607,#1608,#1609,#1610));
#462=EDGE_LOOP('',(#1611,#1612,#1613,#1614));
#463=EDGE_LOOP('',(#1615,#1616));
#464=EDGE_LOOP('',(#1617,#1618));
#465=EDGE_LOOP('',(#1619,#1620,#1621,#1622));
#466=EDGE_LOOP('',(#1623,#1624));
#467=EDGE_LOOP('',(#1625,#1626));
#468=EDGE_LOOP('',(#1627,#1628,#1629,#1630));
#469=EDGE_LOOP('',(#1631,#1632,#1633,#1634));
#470=EDGE_LOOP('',(#1635,#1636,#1637,#1638));
#471=EDGE_LOOP('',(#1639,#1640));
#472=EDGE_LOOP('',(#1641,#1642));
#473=EDGE_LOOP('',(#1643,#1644,#1645,#1646));
#474=EDGE_LOOP('',(#1647,#1648));
#475=EDGE_LOOP('',(#1649,#1650));
#476=EDGE_LOOP('',(#1651,#1652,#1653,#1654));
#477=CIRCLE('',#1808,8.);
#478=CIRCLE('',#1809,3.);
#479=CIRCLE('',#1810,9.2);
#480=CIRCLE('',#1811,9.2);
#481=CIRCLE('',#1812,3.);
#482=CIRCLE('',#1814,8.);
#483=CIRCLE('',#1815,9.2);
#484=CIRCLE('',#1816,9.2);
#485=CIRCLE('',#1818,8.5);
#486=CIRCLE('',#1819,8.5);
#487=CIRCLE('',#1821,9.2);
#488=CIRCLE('',#1823,3.);
#489=CIRCLE('',#1824,9.2);
#490=CIRCLE('',#1825,9.2);
#491=CIRCLE('',#1826,3.);
#492=CIRCLE('',#1828,9.2);
#493=CIRCLE('',#1829,9.2);
#494=CIRCLE('',#1831,8.5);
#495=CIRCLE('',#1832,8.5);
#496=CIRCLE('',#1834,0.6);
#497=CIRCLE('',#1835,6.);
#498=CIRCLE('',#1836,6.);
#499=CIRCLE('',#1837,0.6);
#500=CIRCLE('',#1838,6.6);
#501=CIRCLE('',#1840,6.);
#502=CIRCLE('',#1841,6.);
#503=CIRCLE('',#1842,6.);
#504=CIRCLE('',#1844,0.599999999999999);
#505=CIRCLE('',#1845,6.6);
#506=CIRCLE('',#1846,0.599999999999999);
#507=CIRCLE('',#1847,6.);
#508=CIRCLE('',#1849,6.);
#509=CIRCLE('',#1850,6.6);
#510=CIRCLE('',#1852,6.);
#511=CIRCLE('',#1854,6.6);
#512=CIRCLE('',#1856,8.5);
#513=CIRCLE('',#1858,8.5);
#514=CIRCLE('',#1860,9.2);
#515=CIRCLE('',#1862,9.2);
#516=CIRCLE('',#1865,9.2);
#517=CIRCLE('',#1867,8.5);
#518=CIRCLE('',#1869,8.5);
#519=CIRCLE('',#1872,3.);
#520=CIRCLE('',#1873,3.);
#521=CIRCLE('',#1875,3.);
#522=CIRCLE('',#1877,3.);
#523=CIRCLE('',#1878,3.);
#524=CIRCLE('',#1880,3.);
#525=CIRCLE('',#1882,3.);
#526=CIRCLE('',#1883,3.);
#527=CIRCLE('',#1884,3.);
#528=CIRCLE('',#1886,3.);
#529=CIRCLE('',#1888,3.);
#530=CIRCLE('',#1889,3.);
#531=CIRCLE('',#1890,3.);
#532=CIRCLE('',#1892,3.);
#533=CIRCLE('',#1894,12.544);
#534=CIRCLE('',#1895,12.544);
#535=CIRCLE('',#1896,12.544);
#536=CIRCLE('',#1897,12.544);
#537=CIRCLE('',#1899,9.384);
#538=CIRCLE('',#1900,9.384);
#539=CIRCLE('',#1901,9.384);
#540=CIRCLE('',#1902,9.384);
#541=CIRCLE('',#1904,3.);
#542=CIRCLE('',#1905,3.);
#543=CIRCLE('',#1906,3.);
#544=CIRCLE('',#1908,9.384);
#545=CIRCLE('',#1909,9.384);
#546=CIRCLE('',#1910,9.384);
#547=CIRCLE('',#1911,9.384);
#548=CIRCLE('',#1913,12.544);
#549=CIRCLE('',#1914,3.);
#550=CIRCLE('',#1916,3.);
#551=CIRCLE('',#1918,3.);
#552=CIRCLE('',#1920,3.);
#553=CIRCLE('',#1921,3.);
#554=CIRCLE('',#1923,3.);
#555=CIRCLE('',#1925,3.);
#556=CIRCLE('',#1927,3.54964786985977);
#557=CIRCLE('',#1928,3.54964786985977);
#558=CIRCLE('',#1930,3.54964786985977);
#559=CIRCLE('',#1931,3.54964786985977);
#560=CIRCLE('',#1934,3.54964786985977);
#561=CIRCLE('',#1935,12.544);
#562=CIRCLE('',#1937,3.54964786985977);
#563=CIRCLE('',#1938,12.544);
#564=CIRCLE('',#1939,3.54964786985977);
#565=CIRCLE('',#1941,3.54964786985977);
#566=CIRCLE('',#1943,12.544);
#567=CIRCLE('',#1948,12.544);
#568=CIRCLE('',#1949,12.544);
#569=CIRCLE('',#1950,12.544);
#570=CIRCLE('',#1951,12.544);
#571=CIRCLE('',#1953,9.384);
#572=CIRCLE('',#1954,9.384);
#573=CIRCLE('',#1955,9.384);
#574=CIRCLE('',#1956,9.384);
#575=CIRCLE('',#1958,3.);
#576=CIRCLE('',#1959,3.);
#577=CIRCLE('',#1960,3.);
#578=CIRCLE('',#1962,9.384);
#579=CIRCLE('',#1963,9.384);
#580=CIRCLE('',#1964,9.384);
#581=CIRCLE('',#1965,9.384);
#582=CIRCLE('',#1967,12.544);
#583=CIRCLE('',#1968,3.);
#584=CIRCLE('',#1970,3.);
#585=CIRCLE('',#1972,3.);
#586=CIRCLE('',#1974,3.);
#587=CIRCLE('',#1975,3.);
#588=CIRCLE('',#1977,3.);
#589=CIRCLE('',#1979,3.);
#590=CIRCLE('',#1981,3.54964786985977);
#591=CIRCLE('',#1982,3.54964786985977);
#592=CIRCLE('',#1984,3.54964786985977);
#593=CIRCLE('',#1985,3.54964786985977);
#594=CIRCLE('',#1988,3.54964786985977);
#595=CIRCLE('',#1989,12.544);
#596=CIRCLE('',#1991,3.54964786985977);
#597=CIRCLE('',#1992,12.544);
#598=CIRCLE('',#1993,3.54964786985977);
#599=CIRCLE('',#1995,3.54964786985977);
#600=CIRCLE('',#1997,12.544);
#601=CIRCLE('',#2002,14.);
#602=CIRCLE('',#2003,3.);
#603=CIRCLE('',#2004,12.8);
#604=CIRCLE('',#2005,12.8);
#605=CIRCLE('',#2006,3.);
#606=CIRCLE('',#2008,14.);
#607=CIRCLE('',#2009,12.8);
#608=CIRCLE('',#2010,12.8);
#609=CIRCLE('',#2012,0.600000000000001);
#610=CIRCLE('',#2013,16.);
#611=CIRCLE('',#2014,16.);
#612=CIRCLE('',#2015,0.600000000000001);
#613=CIRCLE('',#2016,15.4);
#614=CIRCLE('',#2018,16.);
#615=CIRCLE('',#2019,16.);
#616=CIRCLE('',#2020,16.);
#617=CIRCLE('',#2022,0.600000000000001);
#618=CIRCLE('',#2023,15.4);
#619=CIRCLE('',#2024,0.600000000000001);
#620=CIRCLE('',#2025,16.);
#621=CIRCLE('',#2027,14.1);
#622=CIRCLE('',#2028,14.1);
#623=CIRCLE('',#2030,12.8);
#624=CIRCLE('',#2031,12.8);
#625=CIRCLE('',#2032,12.8);
#626=CIRCLE('',#2034,3.);
#627=CIRCLE('',#2035,12.8);
#628=CIRCLE('',#2036,3.);
#629=CIRCLE('',#2038,12.8);
#630=CIRCLE('',#2040,14.1);
#631=CIRCLE('',#2041,14.1);
#632=CIRCLE('',#2043,14.1);
#633=CIRCLE('',#2044,14.1);
#634=CIRCLE('',#2046,12.8);
#635=CIRCLE('',#2049,12.8);
#636=CIRCLE('',#2051,12.8);
#637=CIRCLE('',#2053,14.1);
#638=CIRCLE('',#2055,14.1);
#639=CIRCLE('',#2057,15.4);
#640=CIRCLE('',#2059,16.);
#641=CIRCLE('',#2061,16.);
#642=CIRCLE('',#2063,15.4);
#643=CIRCLE('',#2066,8.5);
#644=CIRCLE('',#2067,8.5);
#645=CIRCLE('',#2069,14.1);
#646=CIRCLE('',#2070,14.1);
#647=CIRCLE('',#2072,14.1);
#648=CIRCLE('',#2073,8.5);
#649=CIRCLE('',#2075,14.1);
#650=CIRCLE('',#2077,8.5);
#651=CIRCLE('',#2080,8.5);
#652=CIRCLE('',#2081,8.5);
#653=CIRCLE('',#2083,14.1);
#654=CIRCLE('',#2084,14.1);
#655=CIRCLE('',#2086,14.1);
#656=CIRCLE('',#2087,8.5);
#657=CIRCLE('',#2089,14.1);
#658=CIRCLE('',#2091,8.5);
#659=VERTEX_POINT('',#2705);
#660=VERTEX_POINT('',#2706);
#661=VERTEX_POINT('',#2708);
#662=VERTEX_POINT('',#2710);
#663=VERTEX_POINT('',#2712);
#664=VERTEX_POINT('',#2717);
#665=VERTEX_POINT('',#2721);
#666=VERTEX_POINT('',#2722);
#667=VERTEX_POINT('',#2724);
#668=VERTEX_POINT('',#2726);
#669=VERTEX_POINT('',#2730);
#670=VERTEX_POINT('',#2732);
#671=VERTEX_POINT('',#2736);
#672=VERTEX_POINT('',#2738);
#673=VERTEX_POINT('',#2740);
#674=VERTEX_POINT('',#2744);
#675=VERTEX_POINT('',#2745);
#676=VERTEX_POINT('',#2747);
#677=VERTEX_POINT('',#2752);
#678=VERTEX_POINT('',#2753);
#679=VERTEX_POINT('',#2755);
#680=VERTEX_POINT('',#2757);
#681=VERTEX_POINT('',#2761);
#682=VERTEX_POINT('',#2762);
#683=VERTEX_POINT('',#2764);
#684=VERTEX_POINT('',#2766);
#685=VERTEX_POINT('',#2768);
#686=VERTEX_POINT('',#2772);
#687=VERTEX_POINT('',#2774);
#688=VERTEX_POINT('',#2776);
#689=VERTEX_POINT('',#2778);
#690=VERTEX_POINT('',#2782);
#691=VERTEX_POINT('',#2784);
#692=VERTEX_POINT('',#2786);
#693=VERTEX_POINT('',#2813);
#694=VERTEX_POINT('',#2815);
#695=VERTEX_POINT('',#2818);
#696=VERTEX_POINT('',#2821);
#697=VERTEX_POINT('',#2823);
#698=VERTEX_POINT('',#2826);
#699=VERTEX_POINT('',#2829);
#700=VERTEX_POINT('',#2830);
#701=VERTEX_POINT('',#2833);
#702=VERTEX_POINT('',#2836);
#703=VERTEX_POINT('',#2839);
#704=VERTEX_POINT('',#2840);
#705=VERTEX_POINT('',#2843);
#706=VERTEX_POINT('',#2846);
#707=VERTEX_POINT('',#2849);
#708=VERTEX_POINT('',#2850);
#709=VERTEX_POINT('',#2852);
#710=VERTEX_POINT('',#2871);
#711=VERTEX_POINT('',#2873);
#712=VERTEX_POINT('',#2892);
#713=VERTEX_POINT('',#2911);
#714=VERTEX_POINT('',#2913);
#715=VERTEX_POINT('',#2932);
#716=VERTEX_POINT('',#2934);
#717=VERTEX_POINT('',#2955);
#718=VERTEX_POINT('',#2957);
#719=VERTEX_POINT('',#2996);
#720=VERTEX_POINT('',#3019);
#721=VERTEX_POINT('',#3020);
#722=VERTEX_POINT('',#3022);
#723=VERTEX_POINT('',#3039);
#724=VERTEX_POINT('',#3041);
#725=VERTEX_POINT('',#3072);
#726=VERTEX_POINT('',#3074);
#727=VERTEX_POINT('',#3091);
#728=VERTEX_POINT('',#3093);
#729=VERTEX_POINT('',#3108);
#730=VERTEX_POINT('',#3110);
#731=VERTEX_POINT('',#3137);
#732=VERTEX_POINT('',#3154);
#733=VERTEX_POINT('',#3155);
#734=VERTEX_POINT('',#3190);
#735=VERTEX_POINT('',#3192);
#736=VERTEX_POINT('',#3207);
#737=VERTEX_POINT('',#3209);
#738=VERTEX_POINT('',#3226);
#739=VERTEX_POINT('',#3242);
#740=VERTEX_POINT('',#3258);
#741=VERTEX_POINT('',#3275);
#742=VERTEX_POINT('',#3277);
#743=VERTEX_POINT('',#3308);
#744=VERTEX_POINT('',#3327);
#745=VERTEX_POINT('',#3354);
#746=VERTEX_POINT('',#3359);
#747=VERTEX_POINT('',#3383);
#748=VERTEX_POINT('',#3408);
#749=VERTEX_POINT('',#3412);
#750=VERTEX_POINT('',#3414);
#751=VERTEX_POINT('',#3483);
#752=VERTEX_POINT('',#3484);
#753=VERTEX_POINT('',#3486);
#754=VERTEX_POINT('',#3505);
#755=VERTEX_POINT('',#3507);
#756=VERTEX_POINT('',#3526);
#757=VERTEX_POINT('',#3545);
#758=VERTEX_POINT('',#3547);
#759=VERTEX_POINT('',#3566);
#760=VERTEX_POINT('',#3568);
#761=VERTEX_POINT('',#3589);
#762=VERTEX_POINT('',#3591);
#763=VERTEX_POINT('',#3630);
#764=VERTEX_POINT('',#3653);
#765=VERTEX_POINT('',#3654);
#766=VERTEX_POINT('',#3656);
#767=VERTEX_POINT('',#3673);
#768=VERTEX_POINT('',#3675);
#769=VERTEX_POINT('',#3706);
#770=VERTEX_POINT('',#3708);
#771=VERTEX_POINT('',#3725);
#772=VERTEX_POINT('',#3727);
#773=VERTEX_POINT('',#3742);
#774=VERTEX_POINT('',#3744);
#775=VERTEX_POINT('',#3771);
#776=VERTEX_POINT('',#3788);
#777=VERTEX_POINT('',#3789);
#778=VERTEX_POINT('',#3824);
#779=VERTEX_POINT('',#3826);
#780=VERTEX_POINT('',#3841);
#781=VERTEX_POINT('',#3843);
#782=VERTEX_POINT('',#3860);
#783=VERTEX_POINT('',#3876);
#784=VERTEX_POINT('',#3892);
#785=VERTEX_POINT('',#3909);
#786=VERTEX_POINT('',#3911);
#787=VERTEX_POINT('',#3942);
#788=VERTEX_POINT('',#3961);
#789=VERTEX_POINT('',#3988);
#790=VERTEX_POINT('',#3993);
#791=VERTEX_POINT('',#4017);
#792=VERTEX_POINT('',#4042);
#793=VERTEX_POINT('',#4046);
#794=VERTEX_POINT('',#4048);
#795=VERTEX_POINT('',#4117);
#796=VERTEX_POINT('',#4118);
#797=VERTEX_POINT('',#4120);
#798=VERTEX_POINT('',#4122);
#799=VERTEX_POINT('',#4124);
#800=VERTEX_POINT('',#4129);
#801=VERTEX_POINT('',#4133);
#802=VERTEX_POINT('',#4134);
#803=VERTEX_POINT('',#4136);
#804=VERTEX_POINT('',#4138);
#805=VERTEX_POINT('',#4140);
#806=VERTEX_POINT('',#4144);
#807=VERTEX_POINT('',#4146);
#808=VERTEX_POINT('',#4148);
#809=VERTEX_POINT('',#4150);
#810=VERTEX_POINT('',#4154);
#811=VERTEX_POINT('',#4155);
#812=VERTEX_POINT('',#4157);
#813=VERTEX_POINT('',#4162);
#814=VERTEX_POINT('',#4163);
#815=VERTEX_POINT('',#4165);
#816=VERTEX_POINT('',#4167);
#817=VERTEX_POINT('',#4171);
#818=VERTEX_POINT('',#4172);
#819=VERTEX_POINT('',#4174);
#820=VERTEX_POINT('',#4176);
#821=VERTEX_POINT('',#4178);
#822=VERTEX_POINT('',#4183);
#823=VERTEX_POINT('',#4187);
#824=VERTEX_POINT('',#4189);
#825=VERTEX_POINT('',#4193);
#826=VERTEX_POINT('',#4194);
#827=VERTEX_POINT('',#4196);
#828=VERTEX_POINT('',#4198);
#829=VERTEX_POINT('',#4225);
#830=VERTEX_POINT('',#4226);
#831=VERTEX_POINT('',#4228);
#832=VERTEX_POINT('',#4230);
#833=VERTEX_POINT('',#4234);
#834=VERTEX_POINT('',#4235);
#835=VERTEX_POINT('',#4237);
#836=VERTEX_POINT('',#4239);
#837=VERTEX_POINT('',#4251);
#838=VERTEX_POINT('',#4252);
#839=VERTEX_POINT('',#4254);
#840=VERTEX_POINT('',#4256);
#841=VERTEX_POINT('',#4260);
#842=VERTEX_POINT('',#4261);
#843=VERTEX_POINT('',#4263);
#844=VERTEX_POINT('',#4265);
#845=EDGE_CURVE('',#659,#660,#477,.T.);
#846=EDGE_CURVE('',#659,#661,#478,.T.);
#847=EDGE_CURVE('',#662,#661,#479,.T.);
#848=EDGE_CURVE('',#663,#662,#480,.T.);
#849=EDGE_CURVE('',#663,#660,#481,.T.);
#850=EDGE_CURVE('',#660,#659,#482,.T.);
#851=EDGE_CURVE('',#664,#663,#483,.T.);
#852=EDGE_CURVE('',#661,#664,#484,.T.);
#853=EDGE_CURVE('',#665,#666,#149,.T.);
#854=EDGE_CURVE('',#665,#667,#485,.T.);
#855=EDGE_CURVE('',#668,#667,#150,.T.);
#856=EDGE_CURVE('',#666,#668,#486,.T.);
#857=EDGE_CURVE('',#662,#669,#151,.T.);
#858=EDGE_CURVE('',#670,#664,#152,.T.);
#859=EDGE_CURVE('',#669,#670,#487,.T.);
#860=EDGE_CURVE('',#671,#659,#488,.T.);
#861=EDGE_CURVE('',#671,#672,#489,.T.);
#862=EDGE_CURVE('',#672,#673,#490,.T.);
#863=EDGE_CURVE('',#660,#673,#491,.T.);
#864=EDGE_CURVE('',#674,#675,#153,.T.);
#865=EDGE_CURVE('',#674,#676,#492,.T.);
#866=EDGE_CURVE('',#672,#676,#154,.T.);
#867=EDGE_CURVE('',#675,#671,#493,.T.);
#868=EDGE_CURVE('',#677,#678,#155,.T.);
#869=EDGE_CURVE('',#677,#679,#494,.T.);
#870=EDGE_CURVE('',#680,#679,#156,.T.);
#871=EDGE_CURVE('',#678,#680,#495,.T.);
#872=EDGE_CURVE('',#681,#682,#496,.T.);
#873=EDGE_CURVE('',#681,#683,#497,.T.);
#874=EDGE_CURVE('',#683,#684,#498,.T.);
#875=EDGE_CURVE('',#685,#684,#499,.T.);
#876=EDGE_CURVE('',#682,#685,#500,.T.);
#877=EDGE_CURVE('',#683,#686,#157,.T.);
#878=EDGE_CURVE('',#687,#681,#501,.T.);
#879=EDGE_CURVE('',#688,#687,#158,.T.);
#880=EDGE_CURVE('',#688,#689,#502,.T.);
#881=EDGE_CURVE('',#689,#686,#503,.T.);
#882=EDGE_CURVE('',#690,#689,#504,.T.);
#883=EDGE_CURVE('',#690,#691,#505,.T.);
#884=EDGE_CURVE('',#692,#691,#506,.T.);
#885=EDGE_CURVE('',#686,#692,#507,.T.);
#886=EDGE_CURVE('',#692,#688,#508,.T.);
#887=EDGE_CURVE('',#691,#690,#509,.T.);
#888=EDGE_CURVE('',#684,#687,#510,.T.);
#889=EDGE_CURVE('',#685,#682,#511,.T.);
#890=EDGE_CURVE('',#679,#677,#512,.T.);
#891=EDGE_CURVE('',#680,#678,#513,.T.);
#892=EDGE_CURVE('',#676,#674,#514,.T.);
#893=EDGE_CURVE('',#673,#675,#515,.T.);
#894=EDGE_CURVE('',#670,#669,#516,.T.);
#895=EDGE_CURVE('',#667,#665,#517,.T.);
#896=EDGE_CURVE('',#668,#666,#518,.T.);
#897=EDGE_CURVE('',#693,#693,#519,.T.);
#898=EDGE_CURVE('',#694,#693,#520,.T.);
#899=EDGE_CURVE('',#693,#695,#521,.T.);
#900=EDGE_CURVE('',#696,#696,#522,.T.);
#901=EDGE_CURVE('',#697,#696,#523,.T.);
#902=EDGE_CURVE('',#696,#698,#524,.T.);
#903=EDGE_CURVE('',#699,#700,#525,.T.);
#904=EDGE_CURVE('',#700,#699,#526,.T.);
#905=EDGE_CURVE('',#701,#700,#527,.T.);
#906=EDGE_CURVE('',#700,#702,#528,.T.);
#907=EDGE_CURVE('',#703,#704,#529,.T.);
#908=EDGE_CURVE('',#704,#703,#530,.T.);
#909=EDGE_CURVE('',#705,#704,#531,.T.);
#910=EDGE_CURVE('',#704,#706,#532,.T.);
#911=EDGE_CURVE('',#707,#708,#159,.T.);
#912=EDGE_CURVE('',#707,#709,#13,.T.);
#913=EDGE_CURVE('',#710,#709,#533,.T.);
#914=EDGE_CURVE('',#710,#711,#14,.T.);
#915=EDGE_CURVE('',#711,#712,#15,.T.);
#916=EDGE_CURVE('',#713,#712,#534,.T.);
#917=EDGE_CURVE('',#713,#714,#16,.T.);
#918=EDGE_CURVE('',#715,#714,#160,.T.);
#919=EDGE_CURVE('',#715,#716,#17,.T.);
#920=EDGE_CURVE('',#716,#717,#535,.T.);
#921=EDGE_CURVE('',#717,#718,#18,.T.);
#922=EDGE_CURVE('',#718,#719,#536,.T.);
#923=EDGE_CURVE('',#719,#708,#19,.T.);
#924=EDGE_CURVE('',#720,#721,#161,.T.);
#925=EDGE_CURVE('',#722,#720,#20,.T.);
#926=EDGE_CURVE('',#723,#722,#537,.T.);
#927=EDGE_CURVE('',#724,#723,#21,.T.);
#928=EDGE_CURVE('',#725,#724,#538,.T.);
#929=EDGE_CURVE('',#726,#725,#22,.T.);
#930=EDGE_CURVE('',#727,#726,#162,.T.);
#931=EDGE_CURVE('',#727,#728,#23,.T.);
#932=EDGE_CURVE('',#729,#728,#539,.T.);
#933=EDGE_CURVE('',#729,#730,#24,.T.);
#934=EDGE_CURVE('',#731,#730,#540,.T.);
#935=EDGE_CURVE('',#731,#721,#25,.T.);
#936=EDGE_CURVE('',#732,#733,#26,.T.);
#937=EDGE_CURVE('',#734,#732,#541,.T.);
#938=EDGE_CURVE('',#735,#734,#27,.T.);
#939=EDGE_CURVE('',#735,#736,#542,.T.);
#940=EDGE_CURVE('',#737,#735,#28,.T.);
#941=EDGE_CURVE('',#733,#737,#543,.T.);
#942=EDGE_CURVE('',#721,#738,#29,.T.);
#943=EDGE_CURVE('',#737,#738,#544,.T.);
#944=EDGE_CURVE('',#739,#734,#545,.T.);
#945=EDGE_CURVE('',#739,#727,#30,.T.);
#946=EDGE_CURVE('',#740,#726,#31,.T.);
#947=EDGE_CURVE('',#741,#740,#546,.T.);
#948=EDGE_CURVE('',#742,#741,#32,.T.);
#949=EDGE_CURVE('',#743,#742,#547,.T.);
#950=EDGE_CURVE('',#720,#743,#33,.T.);
#951=EDGE_CURVE('',#732,#744,#548,.T.);
#952=EDGE_CURVE('',#744,#739,#549,.T.);
#953=EDGE_CURVE('',#728,#713,#550,.T.);
#954=EDGE_CURVE('',#714,#744,#34,.T.);
#955=EDGE_CURVE('',#712,#729,#551,.T.);
#956=EDGE_CURVE('',#730,#710,#552,.T.);
#957=EDGE_CURVE('',#711,#745,#553,.T.);
#958=EDGE_CURVE('',#709,#731,#554,.T.);
#959=EDGE_CURVE('',#746,#707,#35,.T.);
#960=EDGE_CURVE('',#738,#746,#555,.T.);
#961=EDGE_CURVE('',#723,#718,#556,.T.);
#962=EDGE_CURVE('',#717,#724,#557,.T.);
#963=EDGE_CURVE('',#743,#747,#558,.T.);
#964=EDGE_CURVE('',#708,#747,#36,.T.);
#965=EDGE_CURVE('',#719,#722,#559,.T.);
#966=EDGE_CURVE('',#748,#742,#560,.T.);
#967=EDGE_CURVE('',#747,#748,#561,.T.);
#968=EDGE_CURVE('',#749,#740,#562,.T.);
#969=EDGE_CURVE('',#750,#749,#563,.T.);
#970=EDGE_CURVE('',#741,#750,#564,.T.);
#971=EDGE_CURVE('',#725,#716,#565,.T.);
#972=EDGE_CURVE('',#748,#750,#37,.T.);
#973=EDGE_CURVE('',#749,#715,#38,.T.);
#974=EDGE_CURVE('',#746,#733,#566,.T.);
#975=EDGE_CURVE('',#751,#752,#163,.T.);
#976=EDGE_CURVE('',#751,#753,#39,.T.);
#977=EDGE_CURVE('',#754,#753,#567,.T.);
#978=EDGE_CURVE('',#754,#755,#40,.T.);
#979=EDGE_CURVE('',#755,#756,#41,.T.);
#980=EDGE_CURVE('',#757,#756,#568,.T.);
#981=EDGE_CURVE('',#757,#758,#42,.T.);
#982=EDGE_CURVE('',#759,#758,#164,.T.);
#983=EDGE_CURVE('',#759,#760,#43,.T.);
#984=EDGE_CURVE('',#760,#761,#569,.T.);
#985=EDGE_CURVE('',#761,#762,#44,.T.);
#986=EDGE_CURVE('',#762,#763,#570,.T.);
#987=EDGE_CURVE('',#763,#752,#45,.T.);
#988=EDGE_CURVE('',#764,#765,#165,.T.);
#989=EDGE_CURVE('',#766,#764,#46,.T.);
#990=EDGE_CURVE('',#767,#766,#571,.T.);
#991=EDGE_CURVE('',#768,#767,#47,.T.);
#992=EDGE_CURVE('',#769,#768,#572,.T.);
#993=EDGE_CURVE('',#770,#769,#48,.T.);
#994=EDGE_CURVE('',#771,#770,#166,.T.);
#995=EDGE_CURVE('',#771,#772,#49,.T.);
#996=EDGE_CURVE('',#773,#772,#573,.T.);
#997=EDGE_CURVE('',#773,#774,#50,.T.);
#998=EDGE_CURVE('',#775,#774,#574,.T.);
#999=EDGE_CURVE('',#775,#765,#51,.T.);
#1000=EDGE_CURVE('',#776,#777,#52,.T.);
#1001=EDGE_CURVE('',#778,#776,#575,.T.);
#1002=EDGE_CURVE('',#779,#778,#53,.T.);
#1003=EDGE_CURVE('',#780,#779,#576,.T.);
#1004=EDGE_CURVE('',#781,#779,#54,.T.);
#1005=EDGE_CURVE('',#777,#781,#577,.T.);
#1006=EDGE_CURVE('',#765,#782,#55,.T.);
#1007=EDGE_CURVE('',#781,#782,#578,.T.);
#1008=EDGE_CURVE('',#783,#778,#579,.T.);
#1009=EDGE_CURVE('',#783,#771,#56,.T.);
#1010=EDGE_CURVE('',#784,#770,#57,.T.);
#1011=EDGE_CURVE('',#785,#784,#580,.T.);
#1012=EDGE_CURVE('',#786,#785,#58,.T.);
#1013=EDGE_CURVE('',#787,#786,#581,.T.);
#1014=EDGE_CURVE('',#764,#787,#59,.T.);
#1015=EDGE_CURVE('',#776,#788,#582,.T.);
#1016=EDGE_CURVE('',#788,#783,#583,.T.);
#1017=EDGE_CURVE('',#772,#757,#584,.T.);
#1018=EDGE_CURVE('',#758,#788,#60,.T.);
#1019=EDGE_CURVE('',#756,#773,#585,.T.);
#1020=EDGE_CURVE('',#774,#754,#586,.T.);
#1021=EDGE_CURVE('',#789,#755,#587,.T.);
#1022=EDGE_CURVE('',#753,#775,#588,.T.);
#1023=EDGE_CURVE('',#790,#751,#61,.T.);
#1024=EDGE_CURVE('',#782,#790,#589,.T.);
#1025=EDGE_CURVE('',#767,#762,#590,.T.);
#1026=EDGE_CURVE('',#761,#768,#591,.T.);
#1027=EDGE_CURVE('',#787,#791,#592,.T.);
#1028=EDGE_CURVE('',#752,#791,#62,.T.);
#1029=EDGE_CURVE('',#763,#766,#593,.T.);
#1030=EDGE_CURVE('',#792,#786,#594,.T.);
#1031=EDGE_CURVE('',#791,#792,#595,.T.);
#1032=EDGE_CURVE('',#793,#784,#596,.T.);
#1033=EDGE_CURVE('',#794,#793,#597,.T.);
#1034=EDGE_CURVE('',#785,#794,#598,.T.);
#1035=EDGE_CURVE('',#769,#760,#599,.T.);
#1036=EDGE_CURVE('',#792,#794,#63,.T.);
#1037=EDGE_CURVE('',#793,#759,#64,.T.);
#1038=EDGE_CURVE('',#790,#777,#600,.T.);
#1039=EDGE_CURVE('',#795,#796,#601,.T.);
#1040=EDGE_CURVE('',#795,#797,#602,.T.);
#1041=EDGE_CURVE('',#797,#798,#603,.T.);
#1042=EDGE_CURVE('',#798,#799,#604,.T.);
#1043=EDGE_CURVE('',#799,#796,#605,.T.);
#1044=EDGE_CURVE('',#796,#795,#606,.T.);
#1045=EDGE_CURVE('',#799,#800,#607,.T.);
#1046=EDGE_CURVE('',#800,#797,#608,.T.);
#1047=EDGE_CURVE('',#801,#802,#609,.T.);
#1048=EDGE_CURVE('',#801,#803,#610,.T.);
#1049=EDGE_CURVE('',#803,#804,#611,.T.);
#1050=EDGE_CURVE('',#805,#804,#612,.T.);
#1051=EDGE_CURVE('',#802,#805,#613,.T.);
#1052=EDGE_CURVE('',#806,#803,#167,.T.);
#1053=EDGE_CURVE('',#806,#807,#614,.T.);
#1054=EDGE_CURVE('',#807,#808,#615,.T.);
#1055=EDGE_CURVE('',#809,#808,#168,.T.);
#1056=EDGE_CURVE('',#804,#809,#616,.T.);
#1057=EDGE_CURVE('',#810,#811,#617,.T.);
#1058=EDGE_CURVE('',#810,#812,#618,.T.);
#1059=EDGE_CURVE('',#807,#812,#619,.T.);
#1060=EDGE_CURVE('',#811,#806,#620,.T.);
#1061=EDGE_CURVE('',#813,#814,#169,.T.);
#1062=EDGE_CURVE('',#815,#813,#621,.T.);
#1063=EDGE_CURVE('',#816,#815,#170,.T.);
#1064=EDGE_CURVE('',#816,#814,#622,.T.);
#1065=EDGE_CURVE('',#817,#818,#171,.T.);
#1066=EDGE_CURVE('',#819,#817,#623,.T.);
#1067=EDGE_CURVE('',#820,#819,#172,.T.);
#1068=EDGE_CURVE('',#820,#821,#624,.T.);
#1069=EDGE_CURVE('',#821,#818,#625,.T.);
#1070=EDGE_CURVE('',#821,#795,#626,.T.);
#1071=EDGE_CURVE('',#822,#820,#627,.T.);
#1072=EDGE_CURVE('',#796,#822,#628,.T.);
#1073=EDGE_CURVE('',#798,#823,#173,.T.);
#1074=EDGE_CURVE('',#824,#800,#174,.T.);
#1075=EDGE_CURVE('',#824,#823,#629,.T.);
#1076=EDGE_CURVE('',#825,#826,#175,.T.);
#1077=EDGE_CURVE('',#827,#825,#630,.T.);
#1078=EDGE_CURVE('',#828,#827,#176,.T.);
#1079=EDGE_CURVE('',#828,#826,#631,.T.);
#1080=EDGE_CURVE('',#826,#828,#632,.T.);
#1081=EDGE_CURVE('',#825,#827,#633,.T.);
#1082=EDGE_CURVE('',#823,#824,#634,.T.);
#1083=EDGE_CURVE('',#818,#822,#635,.T.);
#1084=EDGE_CURVE('',#817,#819,#636,.T.);
#1085=EDGE_CURVE('',#814,#816,#637,.T.);
#1086=EDGE_CURVE('',#813,#815,#638,.T.);
#1087=EDGE_CURVE('',#812,#810,#639,.T.);
#1088=EDGE_CURVE('',#808,#811,#640,.T.);
#1089=EDGE_CURVE('',#809,#801,#641,.T.);
#1090=EDGE_CURVE('',#805,#802,#642,.T.);
#1091=EDGE_CURVE('',#829,#830,#177,.T.);
#1092=EDGE_CURVE('',#831,#829,#643,.T.);
#1093=EDGE_CURVE('',#832,#831,#178,.T.);
#1094=EDGE_CURVE('',#832,#830,#644,.T.);
#1095=EDGE_CURVE('',#833,#834,#179,.T.);
#1096=EDGE_CURVE('',#833,#835,#645,.T.);
#1097=EDGE_CURVE('',#836,#835,#180,.T.);
#1098=EDGE_CURVE('',#834,#836,#646,.T.);
#1099=EDGE_CURVE('',#835,#833,#647,.T.);
#1100=EDGE_CURVE('',#829,#831,#648,.T.);
#1101=EDGE_CURVE('',#836,#834,#649,.T.);
#1102=EDGE_CURVE('',#830,#832,#650,.T.);
#1103=EDGE_CURVE('',#837,#838,#181,.T.);
#1104=EDGE_CURVE('',#839,#837,#651,.T.);
#1105=EDGE_CURVE('',#840,#839,#182,.T.);
#1106=EDGE_CURVE('',#840,#838,#652,.T.);
#1107=EDGE_CURVE('',#841,#842,#183,.T.);
#1108=EDGE_CURVE('',#841,#843,#653,.T.);
#1109=EDGE_CURVE('',#844,#843,#184,.T.);
#1110=EDGE_CURVE('',#842,#844,#654,.T.);
#1111=EDGE_CURVE('',#843,#841,#655,.T.);
#1112=EDGE_CURVE('',#837,#839,#656,.T.);
#1113=EDGE_CURVE('',#844,#842,#657,.T.);
#1114=EDGE_CURVE('',#838,#840,#658,.T.);
#1115=ORIENTED_EDGE('',*,*,#845,.F.);
#1116=ORIENTED_EDGE('',*,*,#846,.T.);
#1117=ORIENTED_EDGE('',*,*,#847,.F.);
#1118=ORIENTED_EDGE('',*,*,#848,.F.);
#1119=ORIENTED_EDGE('',*,*,#849,.T.);
#1120=ORIENTED_EDGE('',*,*,#850,.F.);
#1121=ORIENTED_EDGE('',*,*,#849,.F.);
#1122=ORIENTED_EDGE('',*,*,#851,.F.);
#1123=ORIENTED_EDGE('',*,*,#852,.F.);
#1124=ORIENTED_EDGE('',*,*,#846,.F.);
#1125=ORIENTED_EDGE('',*,*,#853,.F.);
#1126=ORIENTED_EDGE('',*,*,#854,.T.);
#1127=ORIENTED_EDGE('',*,*,#855,.F.);
#1128=ORIENTED_EDGE('',*,*,#856,.F.);
#1129=ORIENTED_EDGE('',*,*,#857,.F.);
#1130=ORIENTED_EDGE('',*,*,#847,.T.);
#1131=ORIENTED_EDGE('',*,*,#852,.T.);
#1132=ORIENTED_EDGE('',*,*,#858,.F.);
#1133=ORIENTED_EDGE('',*,*,#859,.F.);
#1134=ORIENTED_EDGE('',*,*,#850,.T.);
#1135=ORIENTED_EDGE('',*,*,#860,.F.);
#1136=ORIENTED_EDGE('',*,*,#861,.T.);
#1137=ORIENTED_EDGE('',*,*,#862,.T.);
#1138=ORIENTED_EDGE('',*,*,#863,.F.);
#1139=ORIENTED_EDGE('',*,*,#864,.F.);
#1140=ORIENTED_EDGE('',*,*,#865,.T.);
#1141=ORIENTED_EDGE('',*,*,#866,.F.);
#1142=ORIENTED_EDGE('',*,*,#861,.F.);
#1143=ORIENTED_EDGE('',*,*,#867,.F.);
#1144=ORIENTED_EDGE('',*,*,#868,.F.);
#1145=ORIENTED_EDGE('',*,*,#869,.T.);
#1146=ORIENTED_EDGE('',*,*,#870,.F.);
#1147=ORIENTED_EDGE('',*,*,#871,.F.);
#1148=ORIENTED_EDGE('',*,*,#872,.F.);
#1149=ORIENTED_EDGE('',*,*,#873,.T.);
#1150=ORIENTED_EDGE('',*,*,#874,.T.);
#1151=ORIENTED_EDGE('',*,*,#875,.F.);
#1152=ORIENTED_EDGE('',*,*,#876,.F.);
#1153=ORIENTED_EDGE('',*,*,#877,.F.);
#1154=ORIENTED_EDGE('',*,*,#873,.F.);
#1155=ORIENTED_EDGE('',*,*,#878,.F.);
#1156=ORIENTED_EDGE('',*,*,#879,.F.);
#1157=ORIENTED_EDGE('',*,*,#880,.T.);
#1158=ORIENTED_EDGE('',*,*,#881,.T.);
#1159=ORIENTED_EDGE('',*,*,#882,.F.);
#1160=ORIENTED_EDGE('',*,*,#883,.T.);
#1161=ORIENTED_EDGE('',*,*,#884,.F.);
#1162=ORIENTED_EDGE('',*,*,#885,.F.);
#1163=ORIENTED_EDGE('',*,*,#881,.F.);
#1164=ORIENTED_EDGE('',*,*,#882,.T.);
#1165=ORIENTED_EDGE('',*,*,#880,.F.);
#1166=ORIENTED_EDGE('',*,*,#886,.F.);
#1167=ORIENTED_EDGE('',*,*,#884,.T.);
#1168=ORIENTED_EDGE('',*,*,#887,.T.);
#1169=ORIENTED_EDGE('',*,*,#877,.T.);
#1170=ORIENTED_EDGE('',*,*,#885,.T.);
#1171=ORIENTED_EDGE('',*,*,#886,.T.);
#1172=ORIENTED_EDGE('',*,*,#879,.T.);
#1173=ORIENTED_EDGE('',*,*,#888,.F.);
#1174=ORIENTED_EDGE('',*,*,#874,.F.);
#1175=ORIENTED_EDGE('',*,*,#872,.T.);
#1176=ORIENTED_EDGE('',*,*,#889,.F.);
#1177=ORIENTED_EDGE('',*,*,#875,.T.);
#1178=ORIENTED_EDGE('',*,*,#888,.T.);
#1179=ORIENTED_EDGE('',*,*,#878,.T.);
#1180=ORIENTED_EDGE('',*,*,#869,.F.);
#1181=ORIENTED_EDGE('',*,*,#890,.F.);
#1182=ORIENTED_EDGE('',*,*,#889,.T.);
#1183=ORIENTED_EDGE('',*,*,#876,.T.);
#1184=ORIENTED_EDGE('',*,*,#868,.T.);
#1185=ORIENTED_EDGE('',*,*,#891,.F.);
#1186=ORIENTED_EDGE('',*,*,#870,.T.);
#1187=ORIENTED_EDGE('',*,*,#890,.T.);
#1188=ORIENTED_EDGE('',*,*,#865,.F.);
#1189=ORIENTED_EDGE('',*,*,#892,.F.);
#1190=ORIENTED_EDGE('',*,*,#871,.T.);
#1191=ORIENTED_EDGE('',*,*,#891,.T.);
#1192=ORIENTED_EDGE('',*,*,#864,.T.);
#1193=ORIENTED_EDGE('',*,*,#893,.F.);
#1194=ORIENTED_EDGE('',*,*,#862,.F.);
#1195=ORIENTED_EDGE('',*,*,#866,.T.);
#1196=ORIENTED_EDGE('',*,*,#892,.T.);
#1197=ORIENTED_EDGE('',*,*,#845,.T.);
#1198=ORIENTED_EDGE('',*,*,#863,.T.);
#1199=ORIENTED_EDGE('',*,*,#893,.T.);
#1200=ORIENTED_EDGE('',*,*,#867,.T.);
#1201=ORIENTED_EDGE('',*,*,#860,.T.);
#1202=ORIENTED_EDGE('',*,*,#857,.T.);
#1203=ORIENTED_EDGE('',*,*,#894,.F.);
#1204=ORIENTED_EDGE('',*,*,#858,.T.);
#1205=ORIENTED_EDGE('',*,*,#851,.T.);
#1206=ORIENTED_EDGE('',*,*,#848,.T.);
#1207=ORIENTED_EDGE('',*,*,#859,.T.);
#1208=ORIENTED_EDGE('',*,*,#894,.T.);
#1209=ORIENTED_EDGE('',*,*,#854,.F.);
#1210=ORIENTED_EDGE('',*,*,#895,.F.);
#1211=ORIENTED_EDGE('',*,*,#853,.T.);
#1212=ORIENTED_EDGE('',*,*,#896,.F.);
#1213=ORIENTED_EDGE('',*,*,#855,.T.);
#1214=ORIENTED_EDGE('',*,*,#895,.T.);
#1215=ORIENTED_EDGE('',*,*,#856,.T.);
#1216=ORIENTED_EDGE('',*,*,#896,.T.);
#1217=ORIENTED_EDGE('',*,*,#883,.F.);
#1218=ORIENTED_EDGE('',*,*,#887,.F.);
#1219=ORIENTED_EDGE('',*,*,#897,.F.);
#1220=ORIENTED_EDGE('',*,*,#898,.F.);
#1221=ORIENTED_EDGE('',*,*,#898,.T.);
#1222=ORIENTED_EDGE('',*,*,#897,.T.);
#1223=ORIENTED_EDGE('',*,*,#899,.T.);
#1224=ORIENTED_EDGE('',*,*,#899,.F.);
#1225=ORIENTED_EDGE('',*,*,#900,.F.);
#1226=ORIENTED_EDGE('',*,*,#901,.F.);
#1227=ORIENTED_EDGE('',*,*,#901,.T.);
#1228=ORIENTED_EDGE('',*,*,#900,.T.);
#1229=ORIENTED_EDGE('',*,*,#902,.T.);
#1230=ORIENTED_EDGE('',*,*,#902,.F.);
#1231=ORIENTED_EDGE('',*,*,#903,.F.);
#1232=ORIENTED_EDGE('',*,*,#904,.F.);
#1233=ORIENTED_EDGE('',*,*,#905,.F.);
#1234=ORIENTED_EDGE('',*,*,#905,.T.);
#1235=ORIENTED_EDGE('',*,*,#903,.T.);
#1236=ORIENTED_EDGE('',*,*,#906,.T.);
#1237=ORIENTED_EDGE('',*,*,#906,.F.);
#1238=ORIENTED_EDGE('',*,*,#904,.T.);
#1239=ORIENTED_EDGE('',*,*,#907,.F.);
#1240=ORIENTED_EDGE('',*,*,#908,.F.);
#1241=ORIENTED_EDGE('',*,*,#909,.F.);
#1242=ORIENTED_EDGE('',*,*,#909,.T.);
#1243=ORIENTED_EDGE('',*,*,#907,.T.);
#1244=ORIENTED_EDGE('',*,*,#910,.T.);
#1245=ORIENTED_EDGE('',*,*,#910,.F.);
#1246=ORIENTED_EDGE('',*,*,#908,.T.);
#1247=ORIENTED_EDGE('',*,*,#911,.F.);
#1248=ORIENTED_EDGE('',*,*,#912,.T.);
#1249=ORIENTED_EDGE('',*,*,#913,.F.);
#1250=ORIENTED_EDGE('',*,*,#914,.T.);
#1251=ORIENTED_EDGE('',*,*,#915,.T.);
#1252=ORIENTED_EDGE('',*,*,#916,.F.);
#1253=ORIENTED_EDGE('',*,*,#917,.T.);
#1254=ORIENTED_EDGE('',*,*,#918,.F.);
#1255=ORIENTED_EDGE('',*,*,#919,.T.);
#1256=ORIENTED_EDGE('',*,*,#920,.T.);
#1257=ORIENTED_EDGE('',*,*,#921,.T.);
#1258=ORIENTED_EDGE('',*,*,#922,.T.);
#1259=ORIENTED_EDGE('',*,*,#923,.T.);
#1260=ORIENTED_EDGE('',*,*,#924,.F.);
#1261=ORIENTED_EDGE('',*,*,#925,.F.);
#1262=ORIENTED_EDGE('',*,*,#926,.F.);
#1263=ORIENTED_EDGE('',*,*,#927,.F.);
#1264=ORIENTED_EDGE('',*,*,#928,.F.);
#1265=ORIENTED_EDGE('',*,*,#929,.F.);
#1266=ORIENTED_EDGE('',*,*,#930,.F.);
#1267=ORIENTED_EDGE('',*,*,#931,.T.);
#1268=ORIENTED_EDGE('',*,*,#932,.F.);
#1269=ORIENTED_EDGE('',*,*,#933,.T.);
#1270=ORIENTED_EDGE('',*,*,#934,.F.);
#1271=ORIENTED_EDGE('',*,*,#935,.T.);
#1272=ORIENTED_EDGE('',*,*,#936,.F.);
#1273=ORIENTED_EDGE('',*,*,#937,.F.);
#1274=ORIENTED_EDGE('',*,*,#938,.F.);
#1275=ORIENTED_EDGE('',*,*,#939,.T.);
#1276=ORIENTED_EDGE('',*,*,#939,.F.);
#1277=ORIENTED_EDGE('',*,*,#940,.F.);
#1278=ORIENTED_EDGE('',*,*,#941,.F.);
#1279=ORIENTED_EDGE('',*,*,#924,.T.);
#1280=ORIENTED_EDGE('',*,*,#942,.T.);
#1281=ORIENTED_EDGE('',*,*,#943,.F.);
#1282=ORIENTED_EDGE('',*,*,#940,.T.);
#1283=ORIENTED_EDGE('',*,*,#938,.T.);
#1284=ORIENTED_EDGE('',*,*,#944,.F.);
#1285=ORIENTED_EDGE('',*,*,#945,.T.);
#1286=ORIENTED_EDGE('',*,*,#930,.T.);
#1287=ORIENTED_EDGE('',*,*,#946,.F.);
#1288=ORIENTED_EDGE('',*,*,#947,.F.);
#1289=ORIENTED_EDGE('',*,*,#948,.F.);
#1290=ORIENTED_EDGE('',*,*,#949,.F.);
#1291=ORIENTED_EDGE('',*,*,#950,.F.);
#1292=ORIENTED_EDGE('',*,*,#937,.T.);
#1293=ORIENTED_EDGE('',*,*,#951,.T.);
#1294=ORIENTED_EDGE('',*,*,#952,.T.);
#1295=ORIENTED_EDGE('',*,*,#944,.T.);
#1296=ORIENTED_EDGE('',*,*,#917,.F.);
#1297=ORIENTED_EDGE('',*,*,#953,.F.);
#1298=ORIENTED_EDGE('',*,*,#931,.F.);
#1299=ORIENTED_EDGE('',*,*,#945,.F.);
#1300=ORIENTED_EDGE('',*,*,#952,.F.);
#1301=ORIENTED_EDGE('',*,*,#954,.F.);
#1302=ORIENTED_EDGE('',*,*,#953,.T.);
#1303=ORIENTED_EDGE('',*,*,#916,.T.);
#1304=ORIENTED_EDGE('',*,*,#955,.T.);
#1305=ORIENTED_EDGE('',*,*,#932,.T.);
#1306=ORIENTED_EDGE('',*,*,#914,.F.);
#1307=ORIENTED_EDGE('',*,*,#956,.F.);
#1308=ORIENTED_EDGE('',*,*,#933,.F.);
#1309=ORIENTED_EDGE('',*,*,#955,.F.);
#1310=ORIENTED_EDGE('',*,*,#915,.F.);
#1311=ORIENTED_EDGE('',*,*,#957,.T.);
#1312=ORIENTED_EDGE('',*,*,#957,.F.);
#1313=ORIENTED_EDGE('',*,*,#956,.T.);
#1314=ORIENTED_EDGE('',*,*,#913,.T.);
#1315=ORIENTED_EDGE('',*,*,#958,.T.);
#1316=ORIENTED_EDGE('',*,*,#934,.T.);
#1317=ORIENTED_EDGE('',*,*,#959,.F.);
#1318=ORIENTED_EDGE('',*,*,#960,.F.);
#1319=ORIENTED_EDGE('',*,*,#942,.F.);
#1320=ORIENTED_EDGE('',*,*,#935,.F.);
#1321=ORIENTED_EDGE('',*,*,#958,.F.);
#1322=ORIENTED_EDGE('',*,*,#912,.F.);
#1323=ORIENTED_EDGE('',*,*,#927,.T.);
#1324=ORIENTED_EDGE('',*,*,#961,.T.);
#1325=ORIENTED_EDGE('',*,*,#921,.F.);
#1326=ORIENTED_EDGE('',*,*,#962,.T.);
#1327=ORIENTED_EDGE('',*,*,#925,.T.);
#1328=ORIENTED_EDGE('',*,*,#950,.T.);
#1329=ORIENTED_EDGE('',*,*,#963,.T.);
#1330=ORIENTED_EDGE('',*,*,#964,.F.);
#1331=ORIENTED_EDGE('',*,*,#923,.F.);
#1332=ORIENTED_EDGE('',*,*,#965,.T.);
#1333=ORIENTED_EDGE('',*,*,#926,.T.);
#1334=ORIENTED_EDGE('',*,*,#965,.F.);
#1335=ORIENTED_EDGE('',*,*,#922,.F.);
#1336=ORIENTED_EDGE('',*,*,#961,.F.);
#1337=ORIENTED_EDGE('',*,*,#949,.T.);
#1338=ORIENTED_EDGE('',*,*,#966,.F.);
#1339=ORIENTED_EDGE('',*,*,#967,.F.);
#1340=ORIENTED_EDGE('',*,*,#963,.F.);
#1341=ORIENTED_EDGE('',*,*,#947,.T.);
#1342=ORIENTED_EDGE('',*,*,#968,.F.);
#1343=ORIENTED_EDGE('',*,*,#969,.F.);
#1344=ORIENTED_EDGE('',*,*,#970,.F.);
#1345=ORIENTED_EDGE('',*,*,#928,.T.);
#1346=ORIENTED_EDGE('',*,*,#962,.F.);
#1347=ORIENTED_EDGE('',*,*,#920,.F.);
#1348=ORIENTED_EDGE('',*,*,#971,.F.);
#1349=ORIENTED_EDGE('',*,*,#911,.T.);
#1350=ORIENTED_EDGE('',*,*,#964,.T.);
#1351=ORIENTED_EDGE('',*,*,#967,.T.);
#1352=ORIENTED_EDGE('',*,*,#972,.T.);
#1353=ORIENTED_EDGE('',*,*,#969,.T.);
#1354=ORIENTED_EDGE('',*,*,#973,.T.);
#1355=ORIENTED_EDGE('',*,*,#918,.T.);
#1356=ORIENTED_EDGE('',*,*,#954,.T.);
#1357=ORIENTED_EDGE('',*,*,#951,.F.);
#1358=ORIENTED_EDGE('',*,*,#936,.T.);
#1359=ORIENTED_EDGE('',*,*,#974,.F.);
#1360=ORIENTED_EDGE('',*,*,#959,.T.);
#1361=ORIENTED_EDGE('',*,*,#946,.T.);
#1362=ORIENTED_EDGE('',*,*,#929,.T.);
#1363=ORIENTED_EDGE('',*,*,#971,.T.);
#1364=ORIENTED_EDGE('',*,*,#919,.F.);
#1365=ORIENTED_EDGE('',*,*,#973,.F.);
#1366=ORIENTED_EDGE('',*,*,#968,.T.);
#1367=ORIENTED_EDGE('',*,*,#941,.T.);
#1368=ORIENTED_EDGE('',*,*,#943,.T.);
#1369=ORIENTED_EDGE('',*,*,#960,.T.);
#1370=ORIENTED_EDGE('',*,*,#974,.T.);
#1371=ORIENTED_EDGE('',*,*,#948,.T.);
#1372=ORIENTED_EDGE('',*,*,#970,.T.);
#1373=ORIENTED_EDGE('',*,*,#972,.F.);
#1374=ORIENTED_EDGE('',*,*,#966,.T.);
#1375=ORIENTED_EDGE('',*,*,#975,.F.);
#1376=ORIENTED_EDGE('',*,*,#976,.T.);
#1377=ORIENTED_EDGE('',*,*,#977,.F.);
#1378=ORIENTED_EDGE('',*,*,#978,.T.);
#1379=ORIENTED_EDGE('',*,*,#979,.T.);
#1380=ORIENTED_EDGE('',*,*,#980,.F.);
#1381=ORIENTED_EDGE('',*,*,#981,.T.);
#1382=ORIENTED_EDGE('',*,*,#982,.F.);
#1383=ORIENTED_EDGE('',*,*,#983,.T.);
#1384=ORIENTED_EDGE('',*,*,#984,.T.);
#1385=ORIENTED_EDGE('',*,*,#985,.T.);
#1386=ORIENTED_EDGE('',*,*,#986,.T.);
#1387=ORIENTED_EDGE('',*,*,#987,.T.);
#1388=ORIENTED_EDGE('',*,*,#988,.F.);
#1389=ORIENTED_EDGE('',*,*,#989,.F.);
#1390=ORIENTED_EDGE('',*,*,#990,.F.);
#1391=ORIENTED_EDGE('',*,*,#991,.F.);
#1392=ORIENTED_EDGE('',*,*,#992,.F.);
#1393=ORIENTED_EDGE('',*,*,#993,.F.);
#1394=ORIENTED_EDGE('',*,*,#994,.F.);
#1395=ORIENTED_EDGE('',*,*,#995,.T.);
#1396=ORIENTED_EDGE('',*,*,#996,.F.);
#1397=ORIENTED_EDGE('',*,*,#997,.T.);
#1398=ORIENTED_EDGE('',*,*,#998,.F.);
#1399=ORIENTED_EDGE('',*,*,#999,.T.);
#1400=ORIENTED_EDGE('',*,*,#1000,.F.);
#1401=ORIENTED_EDGE('',*,*,#1001,.F.);
#1402=ORIENTED_EDGE('',*,*,#1002,.F.);
#1403=ORIENTED_EDGE('',*,*,#1003,.F.);
#1404=ORIENTED_EDGE('',*,*,#1003,.T.);
#1405=ORIENTED_EDGE('',*,*,#1004,.F.);
#1406=ORIENTED_EDGE('',*,*,#1005,.F.);
#1407=ORIENTED_EDGE('',*,*,#988,.T.);
#1408=ORIENTED_EDGE('',*,*,#1006,.T.);
#1409=ORIENTED_EDGE('',*,*,#1007,.F.);
#1410=ORIENTED_EDGE('',*,*,#1004,.T.);
#1411=ORIENTED_EDGE('',*,*,#1002,.T.);
#1412=ORIENTED_EDGE('',*,*,#1008,.F.);
#1413=ORIENTED_EDGE('',*,*,#1009,.T.);
#1414=ORIENTED_EDGE('',*,*,#994,.T.);
#1415=ORIENTED_EDGE('',*,*,#1010,.F.);
#1416=ORIENTED_EDGE('',*,*,#1011,.F.);
#1417=ORIENTED_EDGE('',*,*,#1012,.F.);
#1418=ORIENTED_EDGE('',*,*,#1013,.F.);
#1419=ORIENTED_EDGE('',*,*,#1014,.F.);
#1420=ORIENTED_EDGE('',*,*,#1001,.T.);
#1421=ORIENTED_EDGE('',*,*,#1015,.T.);
#1422=ORIENTED_EDGE('',*,*,#1016,.T.);
#1423=ORIENTED_EDGE('',*,*,#1008,.T.);
#1424=ORIENTED_EDGE('',*,*,#981,.F.);
#1425=ORIENTED_EDGE('',*,*,#1017,.F.);
#1426=ORIENTED_EDGE('',*,*,#995,.F.);
#1427=ORIENTED_EDGE('',*,*,#1009,.F.);
#1428=ORIENTED_EDGE('',*,*,#1016,.F.);
#1429=ORIENTED_EDGE('',*,*,#1018,.F.);
#1430=ORIENTED_EDGE('',*,*,#1017,.T.);
#1431=ORIENTED_EDGE('',*,*,#980,.T.);
#1432=ORIENTED_EDGE('',*,*,#1019,.T.);
#1433=ORIENTED_EDGE('',*,*,#996,.T.);
#1434=ORIENTED_EDGE('',*,*,#978,.F.);
#1435=ORIENTED_EDGE('',*,*,#1020,.F.);
#1436=ORIENTED_EDGE('',*,*,#997,.F.);
#1437=ORIENTED_EDGE('',*,*,#1019,.F.);
#1438=ORIENTED_EDGE('',*,*,#979,.F.);
#1439=ORIENTED_EDGE('',*,*,#1021,.F.);
#1440=ORIENTED_EDGE('',*,*,#1021,.T.);
#1441=ORIENTED_EDGE('',*,*,#1020,.T.);
#1442=ORIENTED_EDGE('',*,*,#977,.T.);
#1443=ORIENTED_EDGE('',*,*,#1022,.T.);
#1444=ORIENTED_EDGE('',*,*,#998,.T.);
#1445=ORIENTED_EDGE('',*,*,#1023,.F.);
#1446=ORIENTED_EDGE('',*,*,#1024,.F.);
#1447=ORIENTED_EDGE('',*,*,#1006,.F.);
#1448=ORIENTED_EDGE('',*,*,#999,.F.);
#1449=ORIENTED_EDGE('',*,*,#1022,.F.);
#1450=ORIENTED_EDGE('',*,*,#976,.F.);
#1451=ORIENTED_EDGE('',*,*,#991,.T.);
#1452=ORIENTED_EDGE('',*,*,#1025,.T.);
#1453=ORIENTED_EDGE('',*,*,#985,.F.);
#1454=ORIENTED_EDGE('',*,*,#1026,.T.);
#1455=ORIENTED_EDGE('',*,*,#989,.T.);
#1456=ORIENTED_EDGE('',*,*,#1014,.T.);
#1457=ORIENTED_EDGE('',*,*,#1027,.T.);
#1458=ORIENTED_EDGE('',*,*,#1028,.F.);
#1459=ORIENTED_EDGE('',*,*,#987,.F.);
#1460=ORIENTED_EDGE('',*,*,#1029,.T.);
#1461=ORIENTED_EDGE('',*,*,#990,.T.);
#1462=ORIENTED_EDGE('',*,*,#1029,.F.);
#1463=ORIENTED_EDGE('',*,*,#986,.F.);
#1464=ORIENTED_EDGE('',*,*,#1025,.F.);
#1465=ORIENTED_EDGE('',*,*,#1013,.T.);
#1466=ORIENTED_EDGE('',*,*,#1030,.F.);
#1467=ORIENTED_EDGE('',*,*,#1031,.F.);
#1468=ORIENTED_EDGE('',*,*,#1027,.F.);
#1469=ORIENTED_EDGE('',*,*,#1011,.T.);
#1470=ORIENTED_EDGE('',*,*,#1032,.F.);
#1471=ORIENTED_EDGE('',*,*,#1033,.F.);
#1472=ORIENTED_EDGE('',*,*,#1034,.F.);
#1473=ORIENTED_EDGE('',*,*,#992,.T.);
#1474=ORIENTED_EDGE('',*,*,#1026,.F.);
#1475=ORIENTED_EDGE('',*,*,#984,.F.);
#1476=ORIENTED_EDGE('',*,*,#1035,.F.);
#1477=ORIENTED_EDGE('',*,*,#975,.T.);
#1478=ORIENTED_EDGE('',*,*,#1028,.T.);
#1479=ORIENTED_EDGE('',*,*,#1031,.T.);
#1480=ORIENTED_EDGE('',*,*,#1036,.T.);
#1481=ORIENTED_EDGE('',*,*,#1033,.T.);
#1482=ORIENTED_EDGE('',*,*,#1037,.T.);
#1483=ORIENTED_EDGE('',*,*,#982,.T.);
#1484=ORIENTED_EDGE('',*,*,#1018,.T.);
#1485=ORIENTED_EDGE('',*,*,#1015,.F.);
#1486=ORIENTED_EDGE('',*,*,#1000,.T.);
#1487=ORIENTED_EDGE('',*,*,#1038,.F.);
#1488=ORIENTED_EDGE('',*,*,#1023,.T.);
#1489=ORIENTED_EDGE('',*,*,#1010,.T.);
#1490=ORIENTED_EDGE('',*,*,#993,.T.);
#1491=ORIENTED_EDGE('',*,*,#1035,.T.);
#1492=ORIENTED_EDGE('',*,*,#983,.F.);
#1493=ORIENTED_EDGE('',*,*,#1037,.F.);
#1494=ORIENTED_EDGE('',*,*,#1032,.T.);
#1495=ORIENTED_EDGE('',*,*,#1005,.T.);
#1496=ORIENTED_EDGE('',*,*,#1007,.T.);
#1497=ORIENTED_EDGE('',*,*,#1024,.T.);
#1498=ORIENTED_EDGE('',*,*,#1038,.T.);
#1499=ORIENTED_EDGE('',*,*,#1012,.T.);
#1500=ORIENTED_EDGE('',*,*,#1034,.T.);
#1501=ORIENTED_EDGE('',*,*,#1036,.F.);
#1502=ORIENTED_EDGE('',*,*,#1030,.T.);
#1503=ORIENTED_EDGE('',*,*,#1039,.F.);
#1504=ORIENTED_EDGE('',*,*,#1040,.T.);
#1505=ORIENTED_EDGE('',*,*,#1041,.T.);
#1506=ORIENTED_EDGE('',*,*,#1042,.T.);
#1507=ORIENTED_EDGE('',*,*,#1043,.T.);
#1508=ORIENTED_EDGE('',*,*,#1044,.F.);
#1509=ORIENTED_EDGE('',*,*,#1043,.F.);
#1510=ORIENTED_EDGE('',*,*,#1045,.T.);
#1511=ORIENTED_EDGE('',*,*,#1046,.T.);
#1512=ORIENTED_EDGE('',*,*,#1040,.F.);
#1513=ORIENTED_EDGE('',*,*,#1047,.F.);
#1514=ORIENTED_EDGE('',*,*,#1048,.T.);
#1515=ORIENTED_EDGE('',*,*,#1049,.T.);
#1516=ORIENTED_EDGE('',*,*,#1050,.F.);
#1517=ORIENTED_EDGE('',*,*,#1051,.F.);
#1518=ORIENTED_EDGE('',*,*,#1052,.F.);
#1519=ORIENTED_EDGE('',*,*,#1053,.T.);
#1520=ORIENTED_EDGE('',*,*,#1054,.T.);
#1521=ORIENTED_EDGE('',*,*,#1055,.F.);
#1522=ORIENTED_EDGE('',*,*,#1056,.F.);
#1523=ORIENTED_EDGE('',*,*,#1049,.F.);
#1524=ORIENTED_EDGE('',*,*,#1057,.F.);
#1525=ORIENTED_EDGE('',*,*,#1058,.T.);
#1526=ORIENTED_EDGE('',*,*,#1059,.F.);
#1527=ORIENTED_EDGE('',*,*,#1053,.F.);
#1528=ORIENTED_EDGE('',*,*,#1060,.F.);
#1529=ORIENTED_EDGE('',*,*,#1061,.F.);
#1530=ORIENTED_EDGE('',*,*,#1062,.F.);
#1531=ORIENTED_EDGE('',*,*,#1063,.F.);
#1532=ORIENTED_EDGE('',*,*,#1064,.T.);
#1533=ORIENTED_EDGE('',*,*,#1065,.F.);
#1534=ORIENTED_EDGE('',*,*,#1066,.F.);
#1535=ORIENTED_EDGE('',*,*,#1067,.F.);
#1536=ORIENTED_EDGE('',*,*,#1068,.T.);
#1537=ORIENTED_EDGE('',*,*,#1069,.T.);
#1538=ORIENTED_EDGE('',*,*,#1044,.T.);
#1539=ORIENTED_EDGE('',*,*,#1070,.F.);
#1540=ORIENTED_EDGE('',*,*,#1068,.F.);
#1541=ORIENTED_EDGE('',*,*,#1071,.F.);
#1542=ORIENTED_EDGE('',*,*,#1072,.F.);
#1543=ORIENTED_EDGE('',*,*,#1073,.F.);
#1544=ORIENTED_EDGE('',*,*,#1041,.F.);
#1545=ORIENTED_EDGE('',*,*,#1046,.F.);
#1546=ORIENTED_EDGE('',*,*,#1074,.F.);
#1547=ORIENTED_EDGE('',*,*,#1075,.T.);
#1548=ORIENTED_EDGE('',*,*,#1076,.F.);
#1549=ORIENTED_EDGE('',*,*,#1077,.F.);
#1550=ORIENTED_EDGE('',*,*,#1078,.F.);
#1551=ORIENTED_EDGE('',*,*,#1079,.T.);
#1552=ORIENTED_EDGE('',*,*,#1076,.T.);
#1553=ORIENTED_EDGE('',*,*,#1080,.T.);
#1554=ORIENTED_EDGE('',*,*,#1078,.T.);
#1555=ORIENTED_EDGE('',*,*,#1081,.F.);
#1556=ORIENTED_EDGE('',*,*,#1081,.T.);
#1557=ORIENTED_EDGE('',*,*,#1077,.T.);
#1558=ORIENTED_EDGE('',*,*,#1082,.F.);
#1559=ORIENTED_EDGE('',*,*,#1075,.F.);
#1560=ORIENTED_EDGE('',*,*,#1073,.T.);
#1561=ORIENTED_EDGE('',*,*,#1082,.T.);
#1562=ORIENTED_EDGE('',*,*,#1074,.T.);
#1563=ORIENTED_EDGE('',*,*,#1045,.F.);
#1564=ORIENTED_EDGE('',*,*,#1042,.F.);
#1565=ORIENTED_EDGE('',*,*,#1039,.T.);
#1566=ORIENTED_EDGE('',*,*,#1072,.T.);
#1567=ORIENTED_EDGE('',*,*,#1083,.F.);
#1568=ORIENTED_EDGE('',*,*,#1069,.F.);
#1569=ORIENTED_EDGE('',*,*,#1070,.T.);
#1570=ORIENTED_EDGE('',*,*,#1065,.T.);
#1571=ORIENTED_EDGE('',*,*,#1083,.T.);
#1572=ORIENTED_EDGE('',*,*,#1071,.T.);
#1573=ORIENTED_EDGE('',*,*,#1067,.T.);
#1574=ORIENTED_EDGE('',*,*,#1084,.F.);
#1575=ORIENTED_EDGE('',*,*,#1085,.F.);
#1576=ORIENTED_EDGE('',*,*,#1064,.F.);
#1577=ORIENTED_EDGE('',*,*,#1084,.T.);
#1578=ORIENTED_EDGE('',*,*,#1066,.T.);
#1579=ORIENTED_EDGE('',*,*,#1061,.T.);
#1580=ORIENTED_EDGE('',*,*,#1085,.T.);
#1581=ORIENTED_EDGE('',*,*,#1063,.T.);
#1582=ORIENTED_EDGE('',*,*,#1086,.F.);
#1583=ORIENTED_EDGE('',*,*,#1058,.F.);
#1584=ORIENTED_EDGE('',*,*,#1087,.F.);
#1585=ORIENTED_EDGE('',*,*,#1086,.T.);
#1586=ORIENTED_EDGE('',*,*,#1062,.T.);
#1587=ORIENTED_EDGE('',*,*,#1057,.T.);
#1588=ORIENTED_EDGE('',*,*,#1088,.F.);
#1589=ORIENTED_EDGE('',*,*,#1054,.F.);
#1590=ORIENTED_EDGE('',*,*,#1059,.T.);
#1591=ORIENTED_EDGE('',*,*,#1087,.T.);
#1592=ORIENTED_EDGE('',*,*,#1052,.T.);
#1593=ORIENTED_EDGE('',*,*,#1048,.F.);
#1594=ORIENTED_EDGE('',*,*,#1089,.F.);
#1595=ORIENTED_EDGE('',*,*,#1055,.T.);
#1596=ORIENTED_EDGE('',*,*,#1088,.T.);
#1597=ORIENTED_EDGE('',*,*,#1060,.T.);
#1598=ORIENTED_EDGE('',*,*,#1047,.T.);
#1599=ORIENTED_EDGE('',*,*,#1090,.F.);
#1600=ORIENTED_EDGE('',*,*,#1050,.T.);
#1601=ORIENTED_EDGE('',*,*,#1056,.T.);
#1602=ORIENTED_EDGE('',*,*,#1089,.T.);
#1603=ORIENTED_EDGE('',*,*,#1090,.T.);
#1604=ORIENTED_EDGE('',*,*,#1051,.T.);
#1605=ORIENTED_EDGE('',*,*,#1080,.F.);
#1606=ORIENTED_EDGE('',*,*,#1079,.F.);
#1607=ORIENTED_EDGE('',*,*,#1091,.F.);
#1608=ORIENTED_EDGE('',*,*,#1092,.F.);
#1609=ORIENTED_EDGE('',*,*,#1093,.F.);
#1610=ORIENTED_EDGE('',*,*,#1094,.T.);
#1611=ORIENTED_EDGE('',*,*,#1095,.F.);
#1612=ORIENTED_EDGE('',*,*,#1096,.T.);
#1613=ORIENTED_EDGE('',*,*,#1097,.F.);
#1614=ORIENTED_EDGE('',*,*,#1098,.F.);
#1615=ORIENTED_EDGE('',*,*,#1096,.F.);
#1616=ORIENTED_EDGE('',*,*,#1099,.F.);
#1617=ORIENTED_EDGE('',*,*,#1100,.T.);
#1618=ORIENTED_EDGE('',*,*,#1092,.T.);
#1619=ORIENTED_EDGE('',*,*,#1095,.T.);
#1620=ORIENTED_EDGE('',*,*,#1101,.F.);
#1621=ORIENTED_EDGE('',*,*,#1097,.T.);
#1622=ORIENTED_EDGE('',*,*,#1099,.T.);
#1623=ORIENTED_EDGE('',*,*,#1098,.T.);
#1624=ORIENTED_EDGE('',*,*,#1101,.T.);
#1625=ORIENTED_EDGE('',*,*,#1102,.F.);
#1626=ORIENTED_EDGE('',*,*,#1094,.F.);
#1627=ORIENTED_EDGE('',*,*,#1091,.T.);
#1628=ORIENTED_EDGE('',*,*,#1102,.T.);
#1629=ORIENTED_EDGE('',*,*,#1093,.T.);
#1630=ORIENTED_EDGE('',*,*,#1100,.F.);
#1631=ORIENTED_EDGE('',*,*,#1103,.F.);
#1632=ORIENTED_EDGE('',*,*,#1104,.F.);
#1633=ORIENTED_EDGE('',*,*,#1105,.F.);
#1634=ORIENTED_EDGE('',*,*,#1106,.T.);
#1635=ORIENTED_EDGE('',*,*,#1107,.F.);
#1636=ORIENTED_EDGE('',*,*,#1108,.T.);
#1637=ORIENTED_EDGE('',*,*,#1109,.F.);
#1638=ORIENTED_EDGE('',*,*,#1110,.F.);
#1639=ORIENTED_EDGE('',*,*,#1108,.F.);
#1640=ORIENTED_EDGE('',*,*,#1111,.F.);
#1641=ORIENTED_EDGE('',*,*,#1112,.T.);
#1642=ORIENTED_EDGE('',*,*,#1104,.T.);
#1643=ORIENTED_EDGE('',*,*,#1107,.T.);
#1644=ORIENTED_EDGE('',*,*,#1113,.F.);
#1645=ORIENTED_EDGE('',*,*,#1109,.T.);
#1646=ORIENTED_EDGE('',*,*,#1111,.T.);
#1647=ORIENTED_EDGE('',*,*,#1110,.T.);
#1648=ORIENTED_EDGE('',*,*,#1113,.T.);
#1649=ORIENTED_EDGE('',*,*,#1114,.F.);
#1650=ORIENTED_EDGE('',*,*,#1106,.F.);
#1651=ORIENTED_EDGE('',*,*,#1103,.T.);
#1652=ORIENTED_EDGE('',*,*,#1114,.T.);
#1653=ORIENTED_EDGE('',*,*,#1105,.T.);
#1654=ORIENTED_EDGE('',*,*,#1112,.F.);
#1655=TOROIDAL_SURFACE('',#1807,11.,3.);
#1656=TOROIDAL_SURFACE('',#1813,11.,3.);
#1657=TOROIDAL_SURFACE('',#1822,11.,3.);
#1658=TOROIDAL_SURFACE('',#1833,6.6,0.6);
#1659=TOROIDAL_SURFACE('',#1843,6.6,0.599999999999999);
#1660=TOROIDAL_SURFACE('',#1848,6.6,0.599999999999999);
#1661=TOROIDAL_SURFACE('',#1853,6.6,0.6);
#1662=TOROIDAL_SURFACE('',#1863,11.,3.);
#1663=TOROIDAL_SURFACE('',#2001,11.,3.);
#1664=TOROIDAL_SURFACE('',#2007,11.,3.);
#1665=TOROIDAL_SURFACE('',#2011,15.4,0.600000000000001);
#1666=TOROIDAL_SURFACE('',#2021,15.4,0.600000000000001);
#1667=TOROIDAL_SURFACE('',#2033,11.,3.);
#1668=TOROIDAL_SURFACE('',#2048,11.,3.);
#1669=TOROIDAL_SURFACE('',#2058,15.4,0.600000000000001);
#1670=TOROIDAL_SURFACE('',#2062,15.4,0.600000000000001);
#1671=ADVANCED_FACE('',(#257),#1655,.F.);
#1672=ADVANCED_FACE('',(#258),#1656,.F.);
#1673=ADVANCED_FACE('',(#259),#221,.T.);
#1674=ADVANCED_FACE('',(#260),#222,.T.);
#1675=ADVANCED_FACE('',(#261),#1657,.F.);
#1676=ADVANCED_FACE('',(#262),#223,.T.);
#1677=ADVANCED_FACE('',(#263),#224,.T.);
#1678=ADVANCED_FACE('',(#264),#1658,.T.);
#1679=ADVANCED_FACE('',(#265),#225,.F.);
#1680=ADVANCED_FACE('',(#266),#1659,.T.);
#1681=ADVANCED_FACE('',(#267),#1660,.T.);
#1682=ADVANCED_FACE('',(#268),#226,.F.);
#1683=ADVANCED_FACE('',(#269),#1661,.T.);
#1684=ADVANCED_FACE('',(#270,#109),#121,.T.);
#1685=ADVANCED_FACE('',(#271),#227,.T.);
#1686=ADVANCED_FACE('',(#272,#110),#122,.T.);
#1687=ADVANCED_FACE('',(#273),#228,.T.);
#1688=ADVANCED_FACE('',(#274),#1662,.F.);
#1689=ADVANCED_FACE('',(#275),#229,.T.);
#1690=ADVANCED_FACE('',(#276,#111),#123,.T.);
#1691=ADVANCED_FACE('',(#277),#230,.T.);
#1692=ADVANCED_FACE('',(#278,#112),#124,.T.);
#1693=ADVANCED_FACE('',(#279),#65,.T.);
#1694=ADVANCED_FACE('',(#280),#66,.T.);
#1695=ADVANCED_FACE('',(#281),#67,.T.);
#1696=ADVANCED_FACE('',(#282),#68,.T.);
#1697=ADVANCED_FACE('',(#283),#69,.T.);
#1698=ADVANCED_FACE('',(#284),#70,.T.);
#1699=ADVANCED_FACE('',(#285),#71,.T.);
#1700=ADVANCED_FACE('',(#286),#72,.T.);
#1701=ADVANCED_FACE('',(#287),#231,.T.);
#1702=ADVANCED_FACE('',(#288),#232,.F.);
#1703=ADVANCED_FACE('',(#289),#73,.F.);
#1704=ADVANCED_FACE('',(#290),#233,.F.);
#1705=ADVANCED_FACE('',(#291),#125,.T.);
#1706=ADVANCED_FACE('',(#292),#74,.F.);
#1707=ADVANCED_FACE('',(#293),#126,.T.);
#1708=ADVANCED_FACE('',(#294),#75,.F.);
#1709=ADVANCED_FACE('',(#295),#127,.T.);
#1710=ADVANCED_FACE('',(#296),#76,.F.);
#1711=ADVANCED_FACE('',(#297),#77,.T.);
#1712=ADVANCED_FACE('',(#298),#78,.T.);
#1713=ADVANCED_FACE('',(#299),#128,.T.);
#1714=ADVANCED_FACE('',(#300),#129,.T.);
#1715=ADVANCED_FACE('',(#301),#130,.T.);
#1716=ADVANCED_FACE('',(#302),#131,.T.);
#1717=ADVANCED_FACE('',(#303),#234,.T.);
#1718=ADVANCED_FACE('',(#304),#79,.T.);
#1719=ADVANCED_FACE('',(#305),#132,.T.);
#1720=ADVANCED_FACE('',(#306),#80,.T.);
#1721=ADVANCED_FACE('',(#307),#235,.T.);
#1722=ADVANCED_FACE('',(#308),#236,.F.);
#1723=ADVANCED_FACE('',(#309),#81,.F.);
#1724=ADVANCED_FACE('',(#310),#237,.F.);
#1725=ADVANCED_FACE('',(#311),#133,.T.);
#1726=ADVANCED_FACE('',(#312),#82,.F.);
#1727=ADVANCED_FACE('',(#313),#134,.T.);
#1728=ADVANCED_FACE('',(#314),#83,.F.);
#1729=ADVANCED_FACE('',(#315),#135,.T.);
#1730=ADVANCED_FACE('',(#316),#84,.F.);
#1731=ADVANCED_FACE('',(#317),#85,.T.);
#1732=ADVANCED_FACE('',(#318),#86,.T.);
#1733=ADVANCED_FACE('',(#319),#136,.T.);
#1734=ADVANCED_FACE('',(#320),#137,.T.);
#1735=ADVANCED_FACE('',(#321),#138,.T.);
#1736=ADVANCED_FACE('',(#322),#139,.T.);
#1737=ADVANCED_FACE('',(#323),#238,.T.);
#1738=ADVANCED_FACE('',(#324),#87,.T.);
#1739=ADVANCED_FACE('',(#325),#140,.T.);
#1740=ADVANCED_FACE('',(#326),#88,.T.);
#1741=ADVANCED_FACE('',(#327),#1663,.F.);
#1742=ADVANCED_FACE('',(#328),#1664,.F.);
#1743=ADVANCED_FACE('',(#329),#1665,.T.);
#1744=ADVANCED_FACE('',(#330),#239,.T.);
#1745=ADVANCED_FACE('',(#331),#1666,.T.);
#1746=ADVANCED_FACE('',(#332),#240,.F.);
#1747=ADVANCED_FACE('',(#333),#241,.F.);
#1748=ADVANCED_FACE('',(#334),#1667,.F.);
#1749=ADVANCED_FACE('',(#335),#242,.F.);
#1750=ADVANCED_FACE('',(#336),#243,.F.);
#1751=ADVANCED_FACE('',(#337),#244,.F.);
#1752=ADVANCED_FACE('',(#338,#113),#141,.T.);
#1753=ADVANCED_FACE('',(#339),#245,.F.);
#1754=ADVANCED_FACE('',(#340),#1668,.F.);
#1755=ADVANCED_FACE('',(#341),#246,.F.);
#1756=ADVANCED_FACE('',(#342,#114),#142,.T.);
#1757=ADVANCED_FACE('',(#343),#247,.F.);
#1758=ADVANCED_FACE('',(#344,#115),#143,.T.);
#1759=ADVANCED_FACE('',(#345),#1669,.T.);
#1760=ADVANCED_FACE('',(#346),#248,.T.);
#1761=ADVANCED_FACE('',(#347),#1670,.T.);
#1762=ADVANCED_FACE('',(#348,#116),#144,.T.);
#1763=ADVANCED_FACE('',(#349),#249,.F.);
#1764=ADVANCED_FACE('',(#350),#250,.T.);
#1765=ADVANCED_FACE('',(#351,#117),#145,.T.);
#1766=ADVANCED_FACE('',(#352),#251,.T.);
#1767=ADVANCED_FACE('',(#353,#118),#146,.T.);
#1768=ADVANCED_FACE('',(#354),#252,.F.);
#1769=ADVANCED_FACE('',(#355),#253,.F.);
#1770=ADVANCED_FACE('',(#356),#254,.T.);
#1771=ADVANCED_FACE('',(#357,#119),#147,.T.);
#1772=ADVANCED_FACE('',(#358),#255,.T.);
#1773=ADVANCED_FACE('',(#359,#120),#148,.T.);
#1774=ADVANCED_FACE('',(#360),#256,.F.);
#1775=CLOSED_SHELL('',(#1671,#1672,#1673,#1674,#1675,#1676,#1677,#1678,
#1679,#1680,#1681,#1682,#1683,#1684,#1685,#1686,#1687,#1688,#1689,#1690,
#1691,#1692));
#1776=CLOSED_SHELL('',(#1693,#1694));
#1777=CLOSED_SHELL('',(#1695,#1696));
#1778=CLOSED_SHELL('',(#1697,#1698));
#1779=CLOSED_SHELL('',(#1699,#1700));
#1780=CLOSED_SHELL('',(#1701,#1702,#1703,#1704,#1705,#1706,#1707,#1708,
#1709,#1710,#1711,#1712,#1713,#1714,#1715,#1716,#1717,#1718,#1719,#1720));
#1781=CLOSED_SHELL('',(#1721,#1722,#1723,#1724,#1725,#1726,#1727,#1728,
#1729,#1730,#1731,#1732,#1733,#1734,#1735,#1736,#1737,#1738,#1739,#1740));
#1782=CLOSED_SHELL('',(#1741,#1742,#1743,#1744,#1745,#1746,#1747,#1748,
#1749,#1750,#1751,#1752,#1753,#1754,#1755,#1756,#1757,#1758,#1759,#1760,
#1761,#1762));
#1783=CLOSED_SHELL('',(#1763,#1764,#1765,#1766,#1767,#1768));
#1784=CLOSED_SHELL('',(#1769,#1770,#1771,#1772,#1773,#1774));
#1785=DERIVED_UNIT_ELEMENT(#1788,1.);
#1786=DERIVED_UNIT_ELEMENT(#4281,-3.);
#1787=DIMENSIONAL_EXPONENTS(0.,1.,0.,0.,0.,0.,0.);
#1788=(
CONVERSION_BASED_UNIT('gram',#1790)
MASS_UNIT()
NAMED_UNIT(#1787)
);
#1789=(
MASS_UNIT()
NAMED_UNIT(*)
SI_UNIT(.KILO.,.GRAM.)
);
#1790=MASS_MEASURE_WITH_UNIT(MASS_MEASURE(0.001),#1789);
#1791=DERIVED_UNIT((#1785,#1786));
#1792=MEASURE_REPRESENTATION_ITEM('density measure',
POSITIVE_RATIO_MEASURE(1.),#1791);
#1793=PROPERTY_DEFINITION_REPRESENTATION(#1798,#1795);
#1794=PROPERTY_DEFINITION_REPRESENTATION(#1799,#1796);
#1795=REPRESENTATION('material name',(#1797),#4278);
#1796=REPRESENTATION('density',(#1792),#4278);
#1797=DESCRIPTIVE_REPRESENTATION_ITEM('Gen\X\E9rico','Gen\X\E9rico');
#1798=PROPERTY_DEFINITION('material property','material name',#4288);
#1799=PROPERTY_DEFINITION('material property','density of part',#4288);
#1800=DATE_TIME_ROLE('creation_date');
#1801=APPLIED_DATE_AND_TIME_ASSIGNMENT(#1802,#1800,(#4288));
#1802=DATE_AND_TIME(#1803,#1804);
#1803=CALENDAR_DATE(2024,28,11);
#1804=LOCAL_TIME(7,44,20.,#1805);
#1805=COORDINATED_UNIVERSAL_TIME_OFFSET(0,0,.BEHIND.);
#1806=AXIS2_PLACEMENT_3D('',#2703,#2093,#2094);
#1807=AXIS2_PLACEMENT_3D('',#2704,#2095,#2096);
#1808=AXIS2_PLACEMENT_3D('',#2707,#2097,#2098);
#1809=AXIS2_PLACEMENT_3D('',#2709,#2099,#2100);
#1810=AXIS2_PLACEMENT_3D('',#2711,#2101,#2102);
#1811=AXIS2_PLACEMENT_3D('',#2713,#2103,#2104);
#1812=AXIS2_PLACEMENT_3D('',#2714,#2105,#2106);
#1813=AXIS2_PLACEMENT_3D('',#2715,#2107,#2108);
#1814=AXIS2_PLACEMENT_3D('',#2716,#2109,#2110);
#1815=AXIS2_PLACEMENT_3D('',#2718,#2111,#2112);
#1816=AXIS2_PLACEMENT_3D('',#2719,#2113,#2114);
#1817=AXIS2_PLACEMENT_3D('',#2720,#2115,#2116);
#1818=AXIS2_PLACEMENT_3D('',#2725,#2118,#2119);
#1819=AXIS2_PLACEMENT_3D('',#2728,#2121,#2122);
#1820=AXIS2_PLACEMENT_3D('',#2729,#2123,#2124);
#1821=AXIS2_PLACEMENT_3D('',#2734,#2127,#2128);
#1822=AXIS2_PLACEMENT_3D('',#2735,#2129,#2130);
#1823=AXIS2_PLACEMENT_3D('',#2737,#2131,#2132);
#1824=AXIS2_PLACEMENT_3D('',#2739,#2133,#2134);
#1825=AXIS2_PLACEMENT_3D('',#2741,#2135,#2136);
#1826=AXIS2_PLACEMENT_3D('',#2742,#2137,#2138);
#1827=AXIS2_PLACEMENT_3D('',#2743,#2139,#2140);
#1828=AXIS2_PLACEMENT_3D('',#2748,#2142,#2143);
#1829=AXIS2_PLACEMENT_3D('',#2750,#2145,#2146);
#1830=AXIS2_PLACEMENT_3D('',#2751,#2147,#2148);
#1831=AXIS2_PLACEMENT_3D('',#2756,#2150,#2151);
#1832=AXIS2_PLACEMENT_3D('',#2759,#2153,#2154);
#1833=AXIS2_PLACEMENT_3D('',#2760,#2155,#2156);
#1834=AXIS2_PLACEMENT_3D('',#2763,#2157,#2158);
#1835=AXIS2_PLACEMENT_3D('',#2765,#2159,#2160);
#1836=AXIS2_PLACEMENT_3D('',#2767,#2161,#2162);
#1837=AXIS2_PLACEMENT_3D('',#2769,#2163,#2164);
#1838=AXIS2_PLACEMENT_3D('',#2770,#2165,#2166);
#1839=AXIS2_PLACEMENT_3D('',#2771,#2167,#2168);
#1840=AXIS2_PLACEMENT_3D('',#2775,#2170,#2171);
#1841=AXIS2_PLACEMENT_3D('',#2779,#2173,#2174);
#1842=AXIS2_PLACEMENT_3D('',#2780,#2175,#2176);
#1843=AXIS2_PLACEMENT_3D('',#2781,#2177,#2178);
#1844=AXIS2_PLACEMENT_3D('',#2783,#2179,#2180);
#1845=AXIS2_PLACEMENT_3D('',#2785,#2181,#2182);
#1846=AXIS2_PLACEMENT_3D('',#2787,#2183,#2184);
#1847=AXIS2_PLACEMENT_3D('',#2788,#2185,#2186);
#1848=AXIS2_PLACEMENT_3D('',#2789,#2187,#2188);
#1849=AXIS2_PLACEMENT_3D('',#2790,#2189,#2190);
#1850=AXIS2_PLACEMENT_3D('',#2791,#2191,#2192);
#1851=AXIS2_PLACEMENT_3D('',#2792,#2193,#2194);
#1852=AXIS2_PLACEMENT_3D('',#2793,#2195,#2196);
#1853=AXIS2_PLACEMENT_3D('',#2794,#2197,#2198);
#1854=AXIS2_PLACEMENT_3D('',#2795,#2199,#2200);
#1855=AXIS2_PLACEMENT_3D('',#2796,#2201,#2202);
#1856=AXIS2_PLACEMENT_3D('',#2797,#2203,#2204);
#1857=AXIS2_PLACEMENT_3D('',#2798,#2205,#2206);
#1858=AXIS2_PLACEMENT_3D('',#2799,#2207,#2208);
#1859=AXIS2_PLACEMENT_3D('',#2800,#2209,#2210);
#1860=AXIS2_PLACEMENT_3D('',#2801,#2211,#2212);
#1861=AXIS2_PLACEMENT_3D('',#2802,#2213,#2214);
#1862=AXIS2_PLACEMENT_3D('',#2803,#2215,#2216);
#1863=AXIS2_PLACEMENT_3D('',#2804,#2217,#2218);
#1864=AXIS2_PLACEMENT_3D('',#2805,#2219,#2220);
#1865=AXIS2_PLACEMENT_3D('',#2806,#2221,#2222);
#1866=AXIS2_PLACEMENT_3D('',#2807,#2223,#2224);
#1867=AXIS2_PLACEMENT_3D('',#2808,#2225,#2226);
#1868=AXIS2_PLACEMENT_3D('',#2809,#2227,#2228);
#1869=AXIS2_PLACEMENT_3D('',#2810,#2229,#2230);
#1870=AXIS2_PLACEMENT_3D('',#2811,#2231,#2232);
#1871=AXIS2_PLACEMENT_3D('',#2812,#2233,#2234);
#1872=AXIS2_PLACEMENT_3D('',#2814,#2235,#2236);
#1873=AXIS2_PLACEMENT_3D('',#2816,#2237,#2238);
#1874=AXIS2_PLACEMENT_3D('',#2817,#2239,#2240);
#1875=AXIS2_PLACEMENT_3D('',#2819,#2241,#2242);
#1876=AXIS2_PLACEMENT_3D('',#2820,#2243,#2244);
#1877=AXIS2_PLACEMENT_3D('',#2822,#2245,#2246);
#1878=AXIS2_PLACEMENT_3D('',#2824,#2247,#2248);
#1879=AXIS2_PLACEMENT_3D('',#2825,#2249,#2250);
#1880=AXIS2_PLACEMENT_3D('',#2827,#2251,#2252);
#1881=AXIS2_PLACEMENT_3D('',#2828,#2253,#2254);
#1882=AXIS2_PLACEMENT_3D('',#2831,#2255,#2256);
#1883=AXIS2_PLACEMENT_3D('',#2832,#2257,#2258);
#1884=AXIS2_PLACEMENT_3D('',#2834,#2259,#2260);
#1885=AXIS2_PLACEMENT_3D('',#2835,#2261,#2262);
#1886=AXIS2_PLACEMENT_3D('',#2837,#2263,#2264);
#1887=AXIS2_PLACEMENT_3D('',#2838,#2265,#2266);
#1888=AXIS2_PLACEMENT_3D('',#2841,#2267,#2268);
#1889=AXIS2_PLACEMENT_3D('',#2842,#2269,#2270);
#1890=AXIS2_PLACEMENT_3D('',#2844,#2271,#2272);
#1891=AXIS2_PLACEMENT_3D('',#2845,#2273,#2274);
#1892=AXIS2_PLACEMENT_3D('',#2847,#2275,#2276);
#1893=AXIS2_PLACEMENT_3D('',#2848,#2277,#2278);
#1894=AXIS2_PLACEMENT_3D('',#2872,#2280,#2281);
#1895=AXIS2_PLACEMENT_3D('',#2912,#2282,#2283);
#1896=AXIS2_PLACEMENT_3D('',#2956,#2285,#2286);
#1897=AXIS2_PLACEMENT_3D('',#2997,#2287,#2288);
#1898=AXIS2_PLACEMENT_3D('',#3018,#2289,#2290);
#1899=AXIS2_PLACEMENT_3D('',#3040,#2292,#2293);
#1900=AXIS2_PLACEMENT_3D('',#3073,#2294,#2295);
#1901=AXIS2_PLACEMENT_3D('',#3109,#2297,#2298);
#1902=AXIS2_PLACEMENT_3D('',#3138,#2299,#2300);
#1903=AXIS2_PLACEMENT_3D('',#3153,#2301,#2302);
#1904=AXIS2_PLACEMENT_3D('',#3191,#2303,#2304);
#1905=AXIS2_PLACEMENT_3D('',#3208,#2305,#2306);
#1906=AXIS2_PLACEMENT_3D('',#3224,#2307,#2308);
#1907=AXIS2_PLACEMENT_3D('',#3225,#2309,#2310);
#1908=AXIS2_PLACEMENT_3D('',#3241,#2311,#2312);
#1909=AXIS2_PLACEMENT_3D('',#3243,#2313,#2314);
#1910=AXIS2_PLACEMENT_3D('',#3276,#2315,#2316);
#1911=AXIS2_PLACEMENT_3D('',#3309,#2317,#2318);
#1912=AXIS2_PLACEMENT_3D('',#3326,#2319,#2320);
#1913=AXIS2_PLACEMENT_3D('',#3328,#2321,#2322);
#1914=AXIS2_PLACEMENT_3D('',#3329,#2323,#2324);
#1915=AXIS2_PLACEMENT_3D('',#3330,#2325,#2326);
#1916=AXIS2_PLACEMENT_3D('',#3331,#2327,#2328);
#1917=AXIS2_PLACEMENT_3D('',#3350,#2329,#2330);
#1918=AXIS2_PLACEMENT_3D('',#3351,#2331,#2332);
#1919=AXIS2_PLACEMENT_3D('',#3352,#2333,#2334);
#1920=AXIS2_PLACEMENT_3D('',#3353,#2335,#2336);
#1921=AXIS2_PLACEMENT_3D('',#3355,#2337,#2338);
#1922=AXIS2_PLACEMENT_3D('',#3356,#2339,#2340);
#1923=AXIS2_PLACEMENT_3D('',#3357,#2341,#2342);
#1924=AXIS2_PLACEMENT_3D('',#3358,#2343,#2344);
#1925=AXIS2_PLACEMENT_3D('',#3378,#2345,#2346);
#1926=AXIS2_PLACEMENT_3D('',#3379,#2347,#2348);
#1927=AXIS2_PLACEMENT_3D('',#3380,#2349,#2350);
#1928=AXIS2_PLACEMENT_3D('',#3381,#2351,#2352);
#1929=AXIS2_PLACEMENT_3D('',#3382,#2353,#2354);
#1930=AXIS2_PLACEMENT_3D('',#3384,#2355,#2356);
#1931=AXIS2_PLACEMENT_3D('',#3405,#2357,#2358);
#1932=AXIS2_PLACEMENT_3D('',#3406,#2359,#2360);
#1933=AXIS2_PLACEMENT_3D('',#3407,#2361,#2362);
#1934=AXIS2_PLACEMENT_3D('',#3409,#2363,#2364);
#1935=AXIS2_PLACEMENT_3D('',#3410,#2365,#2366);
#1936=AXIS2_PLACEMENT_3D('',#3411,#2367,#2368);
#1937=AXIS2_PLACEMENT_3D('',#3413,#2369,#2370);
#1938=AXIS2_PLACEMENT_3D('',#3415,#2371,#2372);
#1939=AXIS2_PLACEMENT_3D('',#3416,#2373,#2374);
#1940=AXIS2_PLACEMENT_3D('',#3417,#2375,#2376);
#1941=AXIS2_PLACEMENT_3D('',#3418,#2377,#2378);
#1942=AXIS2_PLACEMENT_3D('',#3419,#2379,#2380);
#1943=AXIS2_PLACEMENT_3D('',#3478,#2381,#2382);
#1944=AXIS2_PLACEMENT_3D('',#3479,#2383,#2384);
#1945=AXIS2_PLACEMENT_3D('',#3480,#2385,#2386);
#1946=AXIS2_PLACEMENT_3D('',#3481,#2387,#2388);
#1947=AXIS2_PLACEMENT_3D('',#3482,#2389,#2390);
#1948=AXIS2_PLACEMENT_3D('',#3506,#2392,#2393);
#1949=AXIS2_PLACEMENT_3D('',#3546,#2394,#2395);
#1950=AXIS2_PLACEMENT_3D('',#3590,#2397,#2398);
#1951=AXIS2_PLACEMENT_3D('',#3631,#2399,#2400);
#1952=AXIS2_PLACEMENT_3D('',#3652,#2401,#2402);
#1953=AXIS2_PLACEMENT_3D('',#3674,#2404,#2405);
#1954=AXIS2_PLACEMENT_3D('',#3707,#2406,#2407);
#1955=AXIS2_PLACEMENT_3D('',#3743,#2409,#2410);
#1956=AXIS2_PLACEMENT_3D('',#3772,#2411,#2412);
#1957=AXIS2_PLACEMENT_3D('',#3787,#2413,#2414);
#1958=AXIS2_PLACEMENT_3D('',#3825,#2415,#2416);
#1959=AXIS2_PLACEMENT_3D('',#3842,#2417,#2418);
#1960=AXIS2_PLACEMENT_3D('',#3858,#2419,#2420);
#1961=AXIS2_PLACEMENT_3D('',#3859,#2421,#2422);
#1962=AXIS2_PLACEMENT_3D('',#3875,#2423,#2424);
#1963=AXIS2_PLACEMENT_3D('',#3877,#2425,#2426);
#1964=AXIS2_PLACEMENT_3D('',#3910,#2427,#2428);
#1965=AXIS2_PLACEMENT_3D('',#3943,#2429,#2430);
#1966=AXIS2_PLACEMENT_3D('',#3960,#2431,#2432);
#1967=AXIS2_PLACEMENT_3D('',#3962,#2433,#2434);
#1968=AXIS2_PLACEMENT_3D('',#3963,#2435,#2436);
#1969=AXIS2_PLACEMENT_3D('',#3964,#2437,#2438);
#1970=AXIS2_PLACEMENT_3D('',#3965,#2439,#2440);
#1971=AXIS2_PLACEMENT_3D('',#3984,#2441,#2442);
#1972=AXIS2_PLACEMENT_3D('',#3985,#2443,#2444);
#1973=AXIS2_PLACEMENT_3D('',#3986,#2445,#2446);
#1974=AXIS2_PLACEMENT_3D('',#3987,#2447,#2448);
#1975=AXIS2_PLACEMENT_3D('',#3989,#2449,#2450);
#1976=AXIS2_PLACEMENT_3D('',#3990,#2451,#2452);
#1977=AXIS2_PLACEMENT_3D('',#3991,#2453,#2454);
#1978=AXIS2_PLACEMENT_3D('',#3992,#2455,#2456);
#1979=AXIS2_PLACEMENT_3D('',#4012,#2457,#2458);
#1980=AXIS2_PLACEMENT_3D('',#4013,#2459,#2460);
#1981=AXIS2_PLACEMENT_3D('',#4014,#2461,#2462);
#1982=AXIS2_PLACEMENT_3D('',#4015,#2463,#2464);
#1983=AXIS2_PLACEMENT_3D('',#4016,#2465,#2466);
#1984=AXIS2_PLACEMENT_3D('',#4018,#2467,#2468);
#1985=AXIS2_PLACEMENT_3D('',#4039,#2469,#2470);
#1986=AXIS2_PLACEMENT_3D('',#4040,#2471,#2472);
#1987=AXIS2_PLACEMENT_3D('',#4041,#2473,#2474);
#1988=AXIS2_PLACEMENT_3D('',#4043,#2475,#2476);
#1989=AXIS2_PLACEMENT_3D('',#4044,#2477,#2478);
#1990=AXIS2_PLACEMENT_3D('',#4045,#2479,#2480);
#1991=AXIS2_PLACEMENT_3D('',#4047,#2481,#2482);
#1992=AXIS2_PLACEMENT_3D('',#4049,#2483,#2484);
#1993=AXIS2_PLACEMENT_3D('',#4050,#2485,#2486);
#1994=AXIS2_PLACEMENT_3D('',#4051,#2487,#2488);
#1995=AXIS2_PLACEMENT_3D('',#4052,#2489,#2490);
#1996=AXIS2_PLACEMENT_3D('',#4053,#2491,#2492);
#1997=AXIS2_PLACEMENT_3D('',#4112,#2493,#2494);
#1998=AXIS2_PLACEMENT_3D('',#4113,#2495,#2496);
#1999=AXIS2_PLACEMENT_3D('',#4114,#2497,#2498);
#2000=AXIS2_PLACEMENT_3D('',#4115,#2499,#2500);
#2001=AXIS2_PLACEMENT_3D('',#4116,#2501,#2502);
#2002=AXIS2_PLACEMENT_3D('',#4119,#2503,#2504);
#2003=AXIS2_PLACEMENT_3D('',#4121,#2505,#2506);
#2004=AXIS2_PLACEMENT_3D('',#4123,#2507,#2508);
#2005=AXIS2_PLACEMENT_3D('',#4125,#2509,#2510);
#2006=AXIS2_PLACEMENT_3D('',#4126,#2511,#2512);
#2007=AXIS2_PLACEMENT_3D('',#4127,#2513,#2514);
#2008=AXIS2_PLACEMENT_3D('',#4128,#2515,#2516);
#2009=AXIS2_PLACEMENT_3D('',#4130,#2517,#2518);
#2010=AXIS2_PLACEMENT_3D('',#4131,#2519,#2520);
#2011=AXIS2_PLACEMENT_3D('',#4132,#2521,#2522);
#2012=AXIS2_PLACEMENT_3D('',#4135,#2523,#2524);
#2013=AXIS2_PLACEMENT_3D('',#4137,#2525,#2526);
#2014=AXIS2_PLACEMENT_3D('',#4139,#2527,#2528);
#2015=AXIS2_PLACEMENT_3D('',#4141,#2529,#2530);
#2016=AXIS2_PLACEMENT_3D('',#4142,#2531,#2532);
#2017=AXIS2_PLACEMENT_3D('',#4143,#2533,#2534);
#2018=AXIS2_PLACEMENT_3D('',#4147,#2536,#2537);
#2019=AXIS2_PLACEMENT_3D('',#4149,#2538,#2539);
#2020=AXIS2_PLACEMENT_3D('',#4152,#2541,#2542);
#2021=AXIS2_PLACEMENT_3D('',#4153,#2543,#2544);
#2022=AXIS2_PLACEMENT_3D('',#4156,#2545,#2546);
#2023=AXIS2_PLACEMENT_3D('',#4158,#2547,#2548);
#2024=AXIS2_PLACEMENT_3D('',#4159,#2549,#2550);
#2025=AXIS2_PLACEMENT_3D('',#4160,#2551,#2552);
#2026=AXIS2_PLACEMENT_3D('',#4161,#2553,#2554);
#2027=AXIS2_PLACEMENT_3D('',#4166,#2556,#2557);
#2028=AXIS2_PLACEMENT_3D('',#4169,#2559,#2560);
#2029=AXIS2_PLACEMENT_3D('',#4170,#2561,#2562);
#2030=AXIS2_PLACEMENT_3D('',#4175,#2564,#2565);
#2031=AXIS2_PLACEMENT_3D('',#4179,#2567,#2568);
#2032=AXIS2_PLACEMENT_3D('',#4180,#2569,#2570);
#2033=AXIS2_PLACEMENT_3D('',#4181,#2571,#2572);
#2034=AXIS2_PLACEMENT_3D('',#4182,#2573,#2574);
#2035=AXIS2_PLACEMENT_3D('',#4184,#2575,#2576);
#2036=AXIS2_PLACEMENT_3D('',#4185,#2577,#2578);
#2037=AXIS2_PLACEMENT_3D('',#4186,#2579,#2580);
#2038=AXIS2_PLACEMENT_3D('',#4191,#2583,#2584);
#2039=AXIS2_PLACEMENT_3D('',#4192,#2585,#2586);
#2040=AXIS2_PLACEMENT_3D('',#4197,#2588,#2589);
#2041=AXIS2_PLACEMENT_3D('',#4200,#2591,#2592);
#2042=AXIS2_PLACEMENT_3D('',#4201,#2593,#2594);
#2043=AXIS2_PLACEMENT_3D('',#4202,#2595,#2596);
#2044=AXIS2_PLACEMENT_3D('',#4203,#2597,#2598);
#2045=AXIS2_PLACEMENT_3D('',#4204,#2599,#2600);
#2046=AXIS2_PLACEMENT_3D('',#4205,#2601,#2602);
#2047=AXIS2_PLACEMENT_3D('',#4206,#2603,#2604);
#2048=AXIS2_PLACEMENT_3D('',#4207,#2605,#2606);
#2049=AXIS2_PLACEMENT_3D('',#4208,#2607,#2608);
#2050=AXIS2_PLACEMENT_3D('',#4209,#2609,#2610);
#2051=AXIS2_PLACEMENT_3D('',#4210,#2611,#2612);
#2052=AXIS2_PLACEMENT_3D('',#4211,#2613,#2614);
#2053=AXIS2_PLACEMENT_3D('',#4212,#2615,#2616);
#2054=AXIS2_PLACEMENT_3D('',#4213,#2617,#2618);
#2055=AXIS2_PLACEMENT_3D('',#4214,#2619,#2620);
#2056=AXIS2_PLACEMENT_3D('',#4215,#2621,#2622);
#2057=AXIS2_PLACEMENT_3D('',#4216,#2623,#2624);
#2058=AXIS2_PLACEMENT_3D('',#4217,#2625,#2626);
#2059=AXIS2_PLACEMENT_3D('',#4218,#2627,#2628);
#2060=AXIS2_PLACEMENT_3D('',#4219,#2629,#2630);
#2061=AXIS2_PLACEMENT_3D('',#4220,#2631,#2632);
#2062=AXIS2_PLACEMENT_3D('',#4221,#2633,#2634);
#2063=AXIS2_PLACEMENT_3D('',#4222,#2635,#2636);
#2064=AXIS2_PLACEMENT_3D('',#4223,#2637,#2638);
#2065=AXIS2_PLACEMENT_3D('',#4224,#2639,#2640);
#2066=AXIS2_PLACEMENT_3D('',#4229,#2642,#2643);
#2067=AXIS2_PLACEMENT_3D('',#4232,#2645,#2646);
#2068=AXIS2_PLACEMENT_3D('',#4233,#2647,#2648);
#2069=AXIS2_PLACEMENT_3D('',#4238,#2650,#2651);
#2070=AXIS2_PLACEMENT_3D('',#4241,#2653,#2654);
#2071=AXIS2_PLACEMENT_3D('',#4242,#2655,#2656);
#2072=AXIS2_PLACEMENT_3D('',#4243,#2657,#2658);
#2073=AXIS2_PLACEMENT_3D('',#4244,#2659,#2660);
#2074=AXIS2_PLACEMENT_3D('',#4245,#2661,#2662);
#2075=AXIS2_PLACEMENT_3D('',#4246,#2663,#2664);
#2076=AXIS2_PLACEMENT_3D('',#4247,#2665,#2666);
#2077=AXIS2_PLACEMENT_3D('',#4248,#2667,#2668);
#2078=AXIS2_PLACEMENT_3D('',#4249,#2669,#2670);
#2079=AXIS2_PLACEMENT_3D('',#4250,#2671,#2672);
#2080=AXIS2_PLACEMENT_3D('',#4255,#2674,#2675);
#2081=AXIS2_PLACEMENT_3D('',#4258,#2677,#2678);
#2082=AXIS2_PLACEMENT_3D('',#4259,#2679,#2680);
#2083=AXIS2_PLACEMENT_3D('',#4264,#2682,#2683);
#2084=AXIS2_PLACEMENT_3D('',#4267,#2685,#2686);
#2085=AXIS2_PLACEMENT_3D('',#4268,#2687,#2688);
#2086=AXIS2_PLACEMENT_3D('',#4269,#2689,#2690);
#2087=AXIS2_PLACEMENT_3D('',#4270,#2691,#2692);
#2088=AXIS2_PLACEMENT_3D('',#4271,#2693,#2694);
#2089=AXIS2_PLACEMENT_3D('',#4272,#2695,#2696);
#2090=AXIS2_PLACEMENT_3D('',#4273,#2697,#2698);
#2091=AXIS2_PLACEMENT_3D('',#4274,#2699,#2700);
#2092=AXIS2_PLACEMENT_3D('',#4275,#2701,#2702);
#2093=DIRECTION('axis',(0.,0.,1.));
#2094=DIRECTION('refdir',(1.,0.,0.));
#2095=DIRECTION('center_axis',(-1.,0.,0.));
#2096=DIRECTION('ref_axis',(0.,-1.,6.12303176911189E-17));
#2097=DIRECTION('center_axis',(1.,0.,0.));
#2098=DIRECTION('ref_axis',(0.,0.,-1.));
#2099=DIRECTION('center_axis',(0.,6.12303176911189E-17,-1.));
#2100=DIRECTION('ref_axis',(0.,1.,6.12303176911189E-17));
#2101=DIRECTION('center_axis',(-1.,0.,0.));
#2102=DIRECTION('ref_axis',(0.,6.12303176911189E-17,1.));
#2103=DIRECTION('center_axis',(-1.,0.,0.));
#2104=DIRECTION('ref_axis',(0.,6.12303176911189E-17,1.));
#2105=DIRECTION('center_axis',(0.,6.12303176911189E-17,-1.));
#2106=DIRECTION('ref_axis',(0.,-1.,-6.12303176911189E-17));
#2107=DIRECTION('center_axis',(-1.,0.,0.));
#2108=DIRECTION('ref_axis',(0.,-1.,6.12303176911189E-17));
#2109=DIRECTION('center_axis',(1.,0.,0.));
#2110=DIRECTION('ref_axis',(0.,0.,-1.));
#2111=DIRECTION('center_axis',(-1.,0.,0.));
#2112=DIRECTION('ref_axis',(0.,6.12303176911189E-17,1.));
#2113=DIRECTION('center_axis',(-1.,0.,0.));
#2114=DIRECTION('ref_axis',(0.,6.12303176911189E-17,1.));
#2115=DIRECTION('center_axis',(1.,0.,0.));
#2116=DIRECTION('ref_axis',(0.,6.12303176911189E-17,1.));
#2117=DIRECTION('',(-1.,0.,0.));
#2118=DIRECTION('center_axis',(-1.,0.,0.));
#2119=DIRECTION('ref_axis',(0.,6.12303176911189E-17,1.));
#2120=DIRECTION('',(1.,0.,0.));
#2121=DIRECTION('center_axis',(-1.,0.,0.));
#2122=DIRECTION('ref_axis',(0.,6.12303176911189E-17,1.));
#2123=DIRECTION('center_axis',(1.,0.,0.));
#2124=DIRECTION('ref_axis',(0.,6.12303176911189E-17,1.));
#2125=DIRECTION('',(-1.,0.,0.));
#2126=DIRECTION('',(1.,0.,0.));
#2127=DIRECTION('center_axis',(-1.,0.,0.));
#2128=DIRECTION('ref_axis',(0.,6.12303176911189E-17,1.));
#2129=DIRECTION('center_axis',(-1.,0.,0.));
#2130=DIRECTION('ref_axis',(0.,-1.,6.12303176911189E-17));
#2131=DIRECTION('center_axis',(0.,6.12303176911189E-17,-1.));
#2132=DIRECTION('ref_axis',(0.,1.,6.12303176911189E-17));
#2133=DIRECTION('center_axis',(-1.,0.,0.));
#2134=DIRECTION('ref_axis',(0.,6.12303176911189E-17,1.));
#2135=DIRECTION('center_axis',(-1.,0.,0.));
#2136=DIRECTION('ref_axis',(0.,6.12303176911189E-17,1.));
#2137=DIRECTION('center_axis',(0.,6.12303176911189E-17,-1.));
#2138=DIRECTION('ref_axis',(0.,-1.,-6.12303176911189E-17));
#2139=DIRECTION('center_axis',(1.,0.,0.));
#2140=DIRECTION('ref_axis',(0.,6.12303176911189E-17,1.));
#2141=DIRECTION('',(-1.,0.,0.));
#2142=DIRECTION('center_axis',(-1.,0.,0.));
#2143=DIRECTION('ref_axis',(0.,6.12303176911189E-17,1.));
#2144=DIRECTION('',(1.,0.,0.));
#2145=DIRECTION('center_axis',(-1.,0.,0.));
#2146=DIRECTION('ref_axis',(0.,6.12303176911189E-17,1.));
#2147=DIRECTION('center_axis',(1.,0.,0.));
#2148=DIRECTION('ref_axis',(0.,6.12303176911189E-17,1.));
#2149=DIRECTION('',(-1.,0.,0.));
#2150=DIRECTION('center_axis',(-1.,0.,0.));
#2151=DIRECTION('ref_axis',(0.,6.12303176911189E-17,1.));
#2152=DIRECTION('',(1.,0.,0.));
#2153=DIRECTION('center_axis',(-1.,0.,0.));
#2154=DIRECTION('ref_axis',(0.,6.12303176911189E-17,1.));
#2155=DIRECTION('center_axis',(-1.,0.,0.));
#2156=DIRECTION('ref_axis',(0.,-1.,6.12303176911189E-17));
#2157=DIRECTION('center_axis',(0.,6.12303176911189E-17,-1.));
#2158=DIRECTION('ref_axis',(0.,-1.,-6.12303176911189E-17));
#2159=DIRECTION('center_axis',(-1.,0.,0.));
#2160=DIRECTION('ref_axis',(0.,6.12303176911189E-17,1.));
#2161=DIRECTION('center_axis',(-1.,0.,0.));
#2162=DIRECTION('ref_axis',(0.,6.12303176911189E-17,1.));
#2163=DIRECTION('center_axis',(0.,6.12303176911189E-17,-1.));
#2164=DIRECTION('ref_axis',(0.,1.,6.12303176911189E-17));
#2165=DIRECTION('center_axis',(-1.,0.,0.));
#2166=DIRECTION('ref_axis',(0.,6.12303176911189E-17,1.));
#2167=DIRECTION('center_axis',(1.,0.,0.));
#2168=DIRECTION('ref_axis',(0.,6.12303176911189E-17,1.));
#2169=DIRECTION('',(-1.,0.,0.));
#2170=DIRECTION('center_axis',(-1.,0.,0.));
#2171=DIRECTION('ref_axis',(0.,6.12303176911189E-17,1.));
#2172=DIRECTION('',(1.,0.,0.));
#2173=DIRECTION('center_axis',(-1.,0.,0.));
#2174=DIRECTION('ref_axis',(0.,6.12303176911189E-17,1.));
#2175=DIRECTION('center_axis',(-1.,0.,0.));
#2176=DIRECTION('ref_axis',(0.,6.12303176911189E-17,1.));
#2177=DIRECTION('center_axis',(-1.,0.,0.));
#2178=DIRECTION('ref_axis',(0.,-1.,6.12303176911189E-17));
#2179=DIRECTION('center_axis',(0.,6.12303176911189E-17,-1.));
#2180=DIRECTION('ref_axis',(0.,-1.,-6.12303176911189E-17));
#2181=DIRECTION('center_axis',(-1.,0.,0.));
#2182=DIRECTION('ref_axis',(0.,6.12303176911189E-17,1.));
#2183=DIRECTION('center_axis',(0.,6.12303176911189E-17,-1.));
#2184=DIRECTION('ref_axis',(0.,1.,6.12303176911189E-17));
#2185=DIRECTION('center_axis',(-1.,0.,0.));
#2186=DIRECTION('ref_axis',(0.,6.12303176911189E-17,1.));
#2187=DIRECTION('center_axis',(-1.,0.,0.));
#2188=DIRECTION('ref_axis',(0.,-1.,6.12303176911189E-17));
#2189=DIRECTION('center_axis',(-1.,0.,0.));
#2190=DIRECTION('ref_axis',(0.,6.12303176911189E-17,1.));
#2191=DIRECTION('center_axis',(-1.,0.,0.));
#2192=DIRECTION('ref_axis',(0.,6.12303176911189E-17,1.));
#2193=DIRECTION('center_axis',(1.,0.,0.));
#2194=DIRECTION('ref_axis',(0.,6.12303176911189E-17,1.));
#2195=DIRECTION('center_axis',(-1.,0.,0.));
#2196=DIRECTION('ref_axis',(0.,6.12303176911189E-17,1.));
#2197=DIRECTION('center_axis',(-1.,0.,0.));
#2198=DIRECTION('ref_axis',(0.,-1.,6.12303176911189E-17));
#2199=DIRECTION('center_axis',(-1.,0.,0.));
#2200=DIRECTION('ref_axis',(0.,6.12303176911189E-17,1.));
#2201=DIRECTION('center_axis',(1.,0.,0.));
#2202=DIRECTION('ref_axis',(0.,1.,0.));
#2203=DIRECTION('center_axis',(-1.,0.,0.));
#2204=DIRECTION('ref_axis',(0.,6.12303176911189E-17,1.));
#2205=DIRECTION('center_axis',(1.,0.,0.));
#2206=DIRECTION('ref_axis',(0.,6.12303176911189E-17,1.));
#2207=DIRECTION('center_axis',(-1.,0.,0.));
#2208=DIRECTION('ref_axis',(0.,6.12303176911189E-17,1.));
#2209=DIRECTION('center_axis',(1.,0.,0.));
#2210=DIRECTION('ref_axis',(0.,1.,0.));
#2211=DIRECTION('center_axis',(-1.,0.,0.));
#2212=DIRECTION('ref_axis',(0.,6.12303176911189E-17,1.));
#2213=DIRECTION('center_axis',(1.,0.,0.));
#2214=DIRECTION('ref_axis',(0.,6.12303176911189E-17,1.));
#2215=DIRECTION('center_axis',(-1.,0.,0.));
#2216=DIRECTION('ref_axis',(0.,6.12303176911189E-17,1.));
#2217=DIRECTION('center_axis',(-1.,0.,0.));
#2218=DIRECTION('ref_axis',(0.,-1.,6.12303176911189E-17));
#2219=DIRECTION('center_axis',(1.,0.,0.));
#2220=DIRECTION('ref_axis',(0.,6.12303176911189E-17,1.));
#2221=DIRECTION('center_axis',(-1.,0.,0.));
#2222=DIRECTION('ref_axis',(0.,6.12303176911189E-17,1.));
#2223=DIRECTION('center_axis',(-1.,0.,0.));
#2224=DIRECTION('ref_axis',(0.,0.,1.));
#2225=DIRECTION('center_axis',(-1.,0.,0.));
#2226=DIRECTION('ref_axis',(0.,6.12303176911189E-17,1.));
#2227=DIRECTION('center_axis',(1.,0.,0.));
#2228=DIRECTION('ref_axis',(0.,6.12303176911189E-17,1.));
#2229=DIRECTION('center_axis',(-1.,0.,0.));
#2230=DIRECTION('ref_axis',(0.,6.12303176911189E-17,1.));
#2231=DIRECTION('center_axis',(-1.,0.,0.));
#2232=DIRECTION('ref_axis',(0.,0.,1.));
#2233=DIRECTION('center_axis',(1.,-6.12323399573677E-17,0.));
#2234=DIRECTION('ref_axis',(0.,-1.,0.));
#2235=DIRECTION('center_axis',(-1.,1.83690953073357E-16,-2.96059473233375E-16));
#2236=DIRECTION('ref_axis',(2.96059473233375E-16,0.,-1.));
#2237=DIRECTION('center_axis',(0.,0.,1.));
#2238=DIRECTION('ref_axis',(0.,1.,0.));
#2239=DIRECTION('center_axis',(1.,-6.12323399573677E-17,0.));
#2240=DIRECTION('ref_axis',(0.,-1.,0.));
#2241=DIRECTION('center_axis',(0.,0.,1.));
#2242=DIRECTION('ref_axis',(0.,1.,0.));
#2243=DIRECTION('center_axis',(1.,-6.12323399573677E-17,0.));
#2244=DIRECTION('ref_axis',(0.,-1.,0.));
#2245=DIRECTION('center_axis',(-1.,-6.12303176911189E-17,4.59123512130311E-49));
#2246=DIRECTION('ref_axis',(-4.59123512130311E-49,0.,-1.));
#2247=DIRECTION('center_axis',(0.,0.,1.));
#2248=DIRECTION('ref_axis',(0.,1.,0.));
#2249=DIRECTION('center_axis',(1.,-6.12323399573677E-17,0.));
#2250=DIRECTION('ref_axis',(0.,-1.,0.));
#2251=DIRECTION('center_axis',(0.,0.,1.));
#2252=DIRECTION('ref_axis',(0.,1.,0.));
#2253=DIRECTION('center_axis',(1.,0.,0.));
#2254=DIRECTION('ref_axis',(0.,-1.,0.));
#2255=DIRECTION('center_axis',(-1.,-1.83649404852124E-48,-1.22460635382238E-16));
#2256=DIRECTION('ref_axis',(1.22460635382238E-16,0.,-1.));
#2257=DIRECTION('center_axis',(-1.,-1.83649404852124E-48,-1.22460635382238E-16));
#2258=DIRECTION('ref_axis',(1.22460635382238E-16,0.,-1.));
#2259=DIRECTION('center_axis',(0.,1.22464679914735E-16,1.));
#2260=DIRECTION('ref_axis',(0.,1.,-1.22464679914735E-16));
#2261=DIRECTION('center_axis',(1.,0.,0.));
#2262=DIRECTION('ref_axis',(0.,-1.,0.));
#2263=DIRECTION('center_axis',(0.,1.22464679914735E-16,1.));
#2264=DIRECTION('ref_axis',(0.,1.,-1.22464679914735E-16));
#2265=DIRECTION('center_axis',(1.,0.,0.));
#2266=DIRECTION('ref_axis',(0.,-1.,0.));
#2267=DIRECTION('center_axis',(-1.,2.96059473233375E-16,2.44921270764475E-16));
#2268=DIRECTION('ref_axis',(-2.44921270764475E-16,0.,-1.));
#2269=DIRECTION('center_axis',(-1.,2.96059473233375E-16,2.44921270764475E-16));
#2270=DIRECTION('ref_axis',(-2.44921270764475E-16,0.,-1.));
#2271=DIRECTION('center_axis',(0.,1.22464679914735E-16,1.));
#2272=DIRECTION('ref_axis',(0.,1.,-1.22464679914735E-16));
#2273=DIRECTION('center_axis',(1.,0.,0.));
#2274=DIRECTION('ref_axis',(0.,-1.,0.));
#2275=DIRECTION('center_axis',(0.,1.22464679914735E-16,1.));
#2276=DIRECTION('ref_axis',(0.,1.,-1.22464679914735E-16));
#2277=DIRECTION('center_axis',(-1.,0.,-6.12303176911189E-17));
#2278=DIRECTION('ref_axis',(6.12303176911189E-17,0.,-1.));
#2279=DIRECTION('',(1.,0.,6.12303176911189E-17));
#2280=DIRECTION('center_axis',(-1.,0.,-6.12303176911189E-17));
#2281=DIRECTION('ref_axis',(6.12303176911189E-17,0.,-1.));
#2282=DIRECTION('center_axis',(-1.,0.,-6.12303176911189E-17));
#2283=DIRECTION('ref_axis',(6.12303176911189E-17,0.,-1.));
#2284=DIRECTION('',(-1.,0.,-6.12303176911189E-17));
#2285=DIRECTION('center_axis',(-1.,0.,-6.12303176911189E-17));
#2286=DIRECTION('ref_axis',(6.12303176911189E-17,0.,-1.));
#2287=DIRECTION('center_axis',(-1.,0.,-6.12303176911189E-17));
#2288=DIRECTION('ref_axis',(6.12303176911189E-17,0.,-1.));
#2289=DIRECTION('center_axis',(-1.,0.,-6.12303176911189E-17));
#2290=DIRECTION('ref_axis',(6.12303176911189E-17,0.,-1.));
#2291=DIRECTION('',(-1.,0.,-6.12303176911189E-17));
#2292=DIRECTION('center_axis',(-1.,0.,-6.12303176911189E-17));
#2293=DIRECTION('ref_axis',(6.12303176911189E-17,0.,-1.));
#2294=DIRECTION('center_axis',(-1.,0.,-6.12303176911189E-17));
#2295=DIRECTION('ref_axis',(6.12303176911189E-17,0.,-1.));
#2296=DIRECTION('',(1.,0.,6.12303176911189E-17));
#2297=DIRECTION('center_axis',(1.,0.,6.12303176911189E-17));
#2298=DIRECTION('ref_axis',(6.12303176911189E-17,0.,-1.));
#2299=DIRECTION('center_axis',(1.,0.,6.12303176911189E-17));
#2300=DIRECTION('ref_axis',(6.12303176911189E-17,0.,-1.));
#2301=DIRECTION('center_axis',(1.,0.,0.));
#2302=DIRECTION('ref_axis',(0.,-1.,0.));
#2303=DIRECTION('center_axis',(1.,0.,6.12303176911189E-17));
#2304=DIRECTION('ref_axis',(6.12303176911189E-17,0.,-1.));
#2305=DIRECTION('center_axis',(0.,-1.22464679914735E-16,-1.));
#2306=DIRECTION('ref_axis',(0.,1.,-1.22464679914735E-16));
#2307=DIRECTION('center_axis',(1.,0.,6.12303176911189E-17));
#2308=DIRECTION('ref_axis',(6.12303176911189E-17,0.,-1.));
#2309=DIRECTION('center_axis',(-1.,0.,-6.12303176911189E-17));
#2310=DIRECTION('ref_axis',(6.12303176911189E-17,0.,-1.));
#2311=DIRECTION('center_axis',(1.,0.,6.12303176911189E-17));
#2312=DIRECTION('ref_axis',(6.12303176911189E-17,0.,-1.));
#2313=DIRECTION('center_axis',(1.,0.,6.12303176911189E-17));
#2314=DIRECTION('ref_axis',(6.12303176911189E-17,0.,-1.));
#2315=DIRECTION('center_axis',(-1.,0.,-6.12303176911189E-17));
#2316=DIRECTION('ref_axis',(6.12303176911189E-17,0.,-1.));
#2317=DIRECTION('center_axis',(-1.,0.,-6.12303176911189E-17));
#2318=DIRECTION('ref_axis',(6.12303176911189E-17,0.,-1.));
#2319=DIRECTION('center_axis',(-1.,0.,-6.12303176911189E-17));
#2320=DIRECTION('ref_axis',(-6.12303176911189E-17,0.,1.));
#2321=DIRECTION('center_axis',(-1.,0.,-6.12303176911189E-17));
#2322=DIRECTION('ref_axis',(6.12303176911189E-17,0.,-1.));
#2323=DIRECTION('center_axis',(1.,0.,6.12303176911189E-17));
#2324=DIRECTION('ref_axis',(6.12303176911189E-17,0.,-1.));
#2325=DIRECTION('center_axis',(0.,0.,1.));
#2326=DIRECTION('ref_axis',(1.,0.,0.));
#2327=DIRECTION('center_axis',(1.,0.,6.12303176911189E-17));
#2328=DIRECTION('ref_axis',(6.12303176911189E-17,0.,-1.));
#2329=DIRECTION('center_axis',(-1.,0.,-6.12303176911189E-17));
#2330=DIRECTION('ref_axis',(-6.12303176911189E-17,0.,1.));
#2331=DIRECTION('center_axis',(1.,0.,6.12303176911189E-17));
#2332=DIRECTION('ref_axis',(6.12303176911189E-17,0.,-1.));
#2333=DIRECTION('center_axis',(1.,0.,0.));
#2334=DIRECTION('ref_axis',(0.,-1.,0.));
#2335=DIRECTION('center_axis',(1.,0.,6.12303176911189E-17));
#2336=DIRECTION('ref_axis',(6.12303176911189E-17,0.,-1.));
#2337=DIRECTION('center_axis',(0.,-1.22464679914735E-16,-1.));
#2338=DIRECTION('ref_axis',(0.,1.,-1.22464679914735E-16));
#2339=DIRECTION('center_axis',(-1.,0.,-6.12303176911189E-17));
#2340=DIRECTION('ref_axis',(-6.12303176911189E-17,0.,1.));
#2341=DIRECTION('center_axis',(1.,0.,6.12303176911189E-17));
#2342=DIRECTION('ref_axis',(6.12303176911189E-17,0.,-1.));
#2343=DIRECTION('center_axis',(0.,0.,1.));
#2344=DIRECTION('ref_axis',(1.,0.,0.));
#2345=DIRECTION('center_axis',(1.,0.,6.12303176911189E-17));
#2346=DIRECTION('ref_axis',(6.12303176911189E-17,0.,-1.));
#2347=DIRECTION('center_axis',(0.,0.,-1.));
#2348=DIRECTION('ref_axis',(0.,1.,0.));
#2349=DIRECTION('center_axis',(1.,0.,6.12303176911189E-17));
#2350=DIRECTION('ref_axis',(-6.12303176911189E-17,0.,1.));
#2351=DIRECTION('center_axis',(1.,0.,6.12303176911189E-17));
#2352=DIRECTION('ref_axis',(-6.12303176911189E-17,0.,1.));
#2353=DIRECTION('center_axis',(0.,-1.,0.));
#2354=DIRECTION('ref_axis',(0.,0.,-1.));
#2355=DIRECTION('center_axis',(1.,0.,6.12303176911189E-17));
#2356=DIRECTION('ref_axis',(-6.12303176911189E-17,0.,1.));
#2357=DIRECTION('center_axis',(1.,0.,6.12303176911189E-17));
#2358=DIRECTION('ref_axis',(-6.12303176911189E-17,0.,1.));
#2359=DIRECTION('center_axis',(1.,0.,6.12303176911189E-17));
#2360=DIRECTION('ref_axis',(-6.12303176911189E-17,0.,1.));
#2361=DIRECTION('center_axis',(1.,0.,6.12303176911189E-17));
#2362=DIRECTION('ref_axis',(-6.12303176911189E-17,0.,1.));
#2363=DIRECTION('center_axis',(1.,0.,6.12303176911189E-17));
#2364=DIRECTION('ref_axis',(-6.12303176911189E-17,0.,1.));
#2365=DIRECTION('center_axis',(-1.,0.,-6.12303176911189E-17));
#2366=DIRECTION('ref_axis',(6.12303176911189E-17,0.,-1.));
#2367=DIRECTION('center_axis',(1.,0.,6.12303176911189E-17));
#2368=DIRECTION('ref_axis',(-6.12303176911189E-17,0.,1.));
#2369=DIRECTION('center_axis',(1.,0.,6.12303176911189E-17));
#2370=DIRECTION('ref_axis',(-6.12303176911189E-17,0.,1.));
#2371=DIRECTION('center_axis',(-1.,0.,-6.12303176911189E-17));
#2372=DIRECTION('ref_axis',(6.12303176911189E-17,0.,-1.));
#2373=DIRECTION('center_axis',(1.,0.,6.12303176911189E-17));
#2374=DIRECTION('ref_axis',(-6.12303176911189E-17,0.,1.));
#2375=DIRECTION('center_axis',(1.,0.,6.12303176911189E-17));
#2376=DIRECTION('ref_axis',(-6.12303176911189E-17,0.,1.));
#2377=DIRECTION('center_axis',(1.,0.,6.12303176911189E-17));
#2378=DIRECTION('ref_axis',(-6.12303176911189E-17,0.,1.));
#2379=DIRECTION('center_axis',(-1.,0.,-6.12303176911189E-17));
#2380=DIRECTION('ref_axis',(6.12303176911189E-17,0.,-1.));
#2381=DIRECTION('center_axis',(-1.,0.,-6.12303176911189E-17));
#2382=DIRECTION('ref_axis',(6.12303176911189E-17,0.,-1.));
#2383=DIRECTION('center_axis',(2.46716227694479E-16,1.,0.));
#2384=DIRECTION('ref_axis',(-2.46716227694479E-16,0.,1.));
#2385=DIRECTION('center_axis',(-1.,0.,-6.12303176911189E-17));
#2386=DIRECTION('ref_axis',(-6.12303176911189E-17,0.,1.));
#2387=DIRECTION('center_axis',(2.46716227694479E-16,0.,1.));
#2388=DIRECTION('ref_axis',(-2.46716227694479E-16,-1.,0.));
#2389=DIRECTION('center_axis',(1.,0.,1.83690953073357E-16));
#2390=DIRECTION('ref_axis',(-1.83690953073357E-16,0.,1.));
#2391=DIRECTION('',(-1.,0.,-1.83690953073357E-16));
#2392=DIRECTION('center_axis',(1.,0.,1.83690953073357E-16));
#2393=DIRECTION('ref_axis',(-1.83690953073357E-16,0.,1.));
#2394=DIRECTION('center_axis',(1.,0.,1.83690953073357E-16));
#2395=DIRECTION('ref_axis',(-1.83690953073357E-16,0.,1.));
#2396=DIRECTION('',(1.,0.,1.83690953073357E-16));
#2397=DIRECTION('center_axis',(1.,0.,1.83690953073357E-16));
#2398=DIRECTION('ref_axis',(-1.83690953073357E-16,0.,1.));
#2399=DIRECTION('center_axis',(1.,0.,1.83690953073357E-16));
#2400=DIRECTION('ref_axis',(-1.83690953073357E-16,0.,1.));
#2401=DIRECTION('center_axis',(1.,0.,1.83690953073357E-16));
#2402=DIRECTION('ref_axis',(-1.83690953073357E-16,0.,1.));
#2403=DIRECTION('',(1.,0.,1.83690953073357E-16));
#2404=DIRECTION('center_axis',(1.,0.,1.83690953073357E-16));
#2405=DIRECTION('ref_axis',(-1.83690953073357E-16,0.,1.));
#2406=DIRECTION('center_axis',(1.,0.,1.83690953073357E-16));
#2407=DIRECTION('ref_axis',(-1.83690953073357E-16,0.,1.));
#2408=DIRECTION('',(-1.,0.,-1.83690953073357E-16));
#2409=DIRECTION('center_axis',(-1.,0.,-1.83690953073357E-16));
#2410=DIRECTION('ref_axis',(-1.83690953073357E-16,0.,1.));
#2411=DIRECTION('center_axis',(-1.,0.,-1.83690953073357E-16));
#2412=DIRECTION('ref_axis',(-1.83690953073357E-16,0.,1.));
#2413=DIRECTION('center_axis',(1.,0.,0.));
#2414=DIRECTION('ref_axis',(0.,-1.,0.));
#2415=DIRECTION('center_axis',(-1.,0.,-1.83690953073357E-16));
#2416=DIRECTION('ref_axis',(-1.83690953073357E-16,0.,1.));
#2417=DIRECTION('center_axis',(0.,-1.22464679914735E-16,-1.));
#2418=DIRECTION('ref_axis',(0.,1.,-1.22464679914735E-16));
#2419=DIRECTION('center_axis',(-1.,0.,-1.83690953073357E-16));
#2420=DIRECTION('ref_axis',(-1.83690953073357E-16,0.,1.));
#2421=DIRECTION('center_axis',(1.,0.,1.83690953073357E-16));
#2422=DIRECTION('ref_axis',(-1.83690953073357E-16,0.,1.));
#2423=DIRECTION('center_axis',(-1.,0.,-1.83690953073357E-16));
#2424=DIRECTION('ref_axis',(-1.83690953073357E-16,0.,1.));
#2425=DIRECTION('center_axis',(-1.,0.,-1.83690953073357E-16));
#2426=DIRECTION('ref_axis',(-1.83690953073357E-16,0.,1.));
#2427=DIRECTION('center_axis',(1.,0.,1.83690953073357E-16));
#2428=DIRECTION('ref_axis',(-1.83690953073357E-16,0.,1.));
#2429=DIRECTION('center_axis',(1.,0.,1.83690953073357E-16));
#2430=DIRECTION('ref_axis',(-1.83690953073357E-16,0.,1.));
#2431=DIRECTION('center_axis',(1.,0.,1.83690953073357E-16));
#2432=DIRECTION('ref_axis',(-1.83690953073357E-16,0.,1.));
#2433=DIRECTION('center_axis',(1.,0.,1.83690953073357E-16));
#2434=DIRECTION('ref_axis',(-1.83690953073357E-16,0.,1.));
#2435=DIRECTION('center_axis',(-1.,0.,-1.83690953073357E-16));
#2436=DIRECTION('ref_axis',(-1.83690953073357E-16,0.,1.));
#2437=DIRECTION('center_axis',(0.,-7.49879891330929E-33,1.));
#2438=DIRECTION('ref_axis',(-1.,-1.22464679914735E-16,0.));
#2439=DIRECTION('center_axis',(-1.,0.,-1.83690953073357E-16));
#2440=DIRECTION('ref_axis',(-1.83690953073357E-16,0.,1.));
#2441=DIRECTION('center_axis',(1.,0.,1.83690953073357E-16));
#2442=DIRECTION('ref_axis',(-1.83690953073357E-16,0.,1.));
#2443=DIRECTION('center_axis',(-1.,0.,-1.83690953073357E-16));
#2444=DIRECTION('ref_axis',(-1.83690953073357E-16,0.,1.));
#2445=DIRECTION('center_axis',(1.,0.,0.));
#2446=DIRECTION('ref_axis',(0.,-1.,0.));
#2447=DIRECTION('center_axis',(-1.,0.,-1.83690953073357E-16));
#2448=DIRECTION('ref_axis',(-1.83690953073357E-16,0.,1.));
#2449=DIRECTION('center_axis',(0.,-1.22464679914735E-16,-1.));
#2450=DIRECTION('ref_axis',(0.,1.,-1.22464679914735E-16));
#2451=DIRECTION('center_axis',(1.,0.,1.83690953073357E-16));
#2452=DIRECTION('ref_axis',(-1.83690953073357E-16,0.,1.));
#2453=DIRECTION('center_axis',(-1.,0.,-1.83690953073357E-16));
#2454=DIRECTION('ref_axis',(-1.83690953073357E-16,0.,1.));
#2455=DIRECTION('center_axis',(0.,7.49879891330929E-33,1.));
#2456=DIRECTION('ref_axis',(-1.,1.22464679914735E-16,0.));
#2457=DIRECTION('center_axis',(-1.,0.,-1.83690953073357E-16));
#2458=DIRECTION('ref_axis',(-1.83690953073357E-16,0.,1.));
#2459=DIRECTION('center_axis',(-2.46716227694479E-16,0.,1.));
#2460=DIRECTION('ref_axis',(0.,1.,0.));
#2461=DIRECTION('center_axis',(-1.,0.,-1.83690953073357E-16));
#2462=DIRECTION('ref_axis',(1.83690953073357E-16,0.,-1.));
#2463=DIRECTION('center_axis',(-1.,0.,-1.83690953073357E-16));
#2464=DIRECTION('ref_axis',(1.83690953073357E-16,0.,-1.));
#2465=DIRECTION('center_axis',(0.,-1.,0.));
#2466=DIRECTION('ref_axis',(-2.46716227694479E-16,0.,1.));
#2467=DIRECTION('center_axis',(-1.,0.,-1.83690953073357E-16));
#2468=DIRECTION('ref_axis',(1.83690953073357E-16,0.,-1.));
#2469=DIRECTION('center_axis',(-1.,0.,-1.83690953073357E-16));
#2470=DIRECTION('ref_axis',(1.83690953073357E-16,0.,-1.));
#2471=DIRECTION('center_axis',(-1.,0.,-1.83690953073357E-16));
#2472=DIRECTION('ref_axis',(-1.83690953073357E-16,0.,1.));
#2473=DIRECTION('center_axis',(-1.,0.,-1.83690953073357E-16));
#2474=DIRECTION('ref_axis',(-1.83690953073357E-16,0.,1.));
#2475=DIRECTION('center_axis',(-1.,0.,-1.83690953073357E-16));
#2476=DIRECTION('ref_axis',(1.83690953073357E-16,0.,-1.));
#2477=DIRECTION('center_axis',(1.,0.,1.83690953073357E-16));
#2478=DIRECTION('ref_axis',(-1.83690953073357E-16,0.,1.));
#2479=DIRECTION('center_axis',(-1.,0.,-1.83690953073357E-16));
#2480=DIRECTION('ref_axis',(-1.83690953073357E-16,0.,1.));
#2481=DIRECTION('center_axis',(-1.,0.,-1.83690953073357E-16));
#2482=DIRECTION('ref_axis',(1.83690953073357E-16,0.,-1.));
#2483=DIRECTION('center_axis',(1.,0.,1.83690953073357E-16));
#2484=DIRECTION('ref_axis',(-1.83690953073357E-16,0.,1.));
#2485=DIRECTION('center_axis',(-1.,0.,-1.83690953073357E-16));
#2486=DIRECTION('ref_axis',(1.83690953073357E-16,0.,-1.));
#2487=DIRECTION('center_axis',(-1.,0.,-1.83690953073357E-16));
#2488=DIRECTION('ref_axis',(-1.83690953073357E-16,0.,1.));
#2489=DIRECTION('center_axis',(-1.,0.,-1.83690953073357E-16));
#2490=DIRECTION('ref_axis',(1.83690953073357E-16,0.,-1.));
#2491=DIRECTION('center_axis',(1.,0.,1.83690953073357E-16));
#2492=DIRECTION('ref_axis',(-1.83690953073357E-16,0.,1.));
#2493=DIRECTION('center_axis',(1.,0.,1.83690953073357E-16));
#2494=DIRECTION('ref_axis',(-1.83690953073357E-16,0.,1.));
#2495=DIRECTION('center_axis',(-2.46716227694479E-16,1.,0.));
#2496=DIRECTION('ref_axis',(0.,0.,-1.));
#2497=DIRECTION('center_axis',(1.,0.,1.83690953073357E-16));
#2498=DIRECTION('ref_axis',(-1.83690953073357E-16,0.,1.));
#2499=DIRECTION('center_axis',(0.,0.,-1.));
#2500=DIRECTION('ref_axis',(-2.46716227694479E-16,-1.,0.));
#2501=DIRECTION('center_axis',(-1.,0.,0.));
#2502=DIRECTION('ref_axis',(0.,-1.,6.12303176911189E-17));
#2503=DIRECTION('center_axis',(-1.,0.,0.));
#2504=DIRECTION('ref_axis',(0.,0.,-1.));
#2505=DIRECTION('center_axis',(0.,6.12303176911189E-17,-1.));
#2506=DIRECTION('ref_axis',(0.,-1.,-6.12303176911189E-17));
#2507=DIRECTION('center_axis',(-1.,0.,0.));
#2508=DIRECTION('ref_axis',(0.,6.12303176911189E-17,1.));
#2509=DIRECTION('center_axis',(-1.,0.,0.));
#2510=DIRECTION('ref_axis',(0.,6.12303176911189E-17,1.));
#2511=DIRECTION('center_axis',(0.,6.12303176911189E-17,-1.));
#2512=DIRECTION('ref_axis',(0.,1.,6.12303176911189E-17));
#2513=DIRECTION('center_axis',(-1.,0.,0.));
#2514=DIRECTION('ref_axis',(0.,-1.,6.12303176911189E-17));
#2515=DIRECTION('center_axis',(-1.,0.,0.));
#2516=DIRECTION('ref_axis',(0.,0.,-1.));
#2517=DIRECTION('center_axis',(-1.,0.,0.));
#2518=DIRECTION('ref_axis',(0.,6.12303176911189E-17,1.));
#2519=DIRECTION('center_axis',(-1.,0.,0.));
#2520=DIRECTION('ref_axis',(0.,6.12303176911189E-17,1.));
#2521=DIRECTION('center_axis',(-1.,0.,0.));
#2522=DIRECTION('ref_axis',(0.,-1.,6.12303176911189E-17));
#2523=DIRECTION('center_axis',(0.,6.12303176911189E-17,-1.));
#2524=DIRECTION('ref_axis',(0.,-1.,-6.12303176911189E-17));
#2525=DIRECTION('center_axis',(-1.,0.,0.));
#2526=DIRECTION('ref_axis',(0.,6.12303176911189E-17,1.));
#2527=DIRECTION('center_axis',(-1.,0.,0.));
#2528=DIRECTION('ref_axis',(0.,6.12303176911189E-17,1.));
#2529=DIRECTION('center_axis',(0.,6.12303176911189E-17,-1.));
#2530=DIRECTION('ref_axis',(0.,1.,6.12303176911189E-17));
#2531=DIRECTION('center_axis',(-1.,0.,0.));
#2532=DIRECTION('ref_axis',(0.,6.12303176911189E-17,1.));
#2533=DIRECTION('center_axis',(1.,0.,0.));
#2534=DIRECTION('ref_axis',(0.,6.12303176911189E-17,1.));
#2535=DIRECTION('',(-1.,0.,0.));
#2536=DIRECTION('center_axis',(-1.,0.,0.));
#2537=DIRECTION('ref_axis',(0.,6.12303176911189E-17,1.));
#2538=DIRECTION('center_axis',(-1.,0.,0.));
#2539=DIRECTION('ref_axis',(0.,6.12303176911189E-17,1.));
#2540=DIRECTION('',(1.,0.,0.));
#2541=DIRECTION('center_axis',(-1.,0.,0.));
#2542=DIRECTION('ref_axis',(0.,6.12303176911189E-17,1.));
#2543=DIRECTION('center_axis',(-1.,0.,0.));
#2544=DIRECTION('ref_axis',(0.,-1.,6.12303176911189E-17));
#2545=DIRECTION('center_axis',(0.,6.12303176911189E-17,-1.));
#2546=DIRECTION('ref_axis',(0.,-1.,-6.12303176911189E-17));
#2547=DIRECTION('center_axis',(-1.,0.,0.));
#2548=DIRECTION('ref_axis',(0.,6.12303176911189E-17,1.));
#2549=DIRECTION('center_axis',(0.,6.12303176911189E-17,-1.));
#2550=DIRECTION('ref_axis',(0.,1.,6.12303176911189E-17));
#2551=DIRECTION('center_axis',(-1.,0.,0.));
#2552=DIRECTION('ref_axis',(0.,6.12303176911189E-17,1.));
#2553=DIRECTION('center_axis',(1.,0.,0.));
#2554=DIRECTION('ref_axis',(0.,6.12303176911189E-17,1.));
#2555=DIRECTION('',(-1.,0.,0.));
#2556=DIRECTION('center_axis',(-1.,0.,0.));
#2557=DIRECTION('ref_axis',(0.,6.12303176911189E-17,1.));
#2558=DIRECTION('',(1.,0.,0.));
#2559=DIRECTION('center_axis',(-1.,0.,0.));
#2560=DIRECTION('ref_axis',(0.,6.12303176911189E-17,1.));
#2561=DIRECTION('center_axis',(1.,0.,0.));
#2562=DIRECTION('ref_axis',(0.,6.12303176911189E-17,1.));
#2563=DIRECTION('',(-1.,0.,0.));
#2564=DIRECTION('center_axis',(-1.,0.,0.));
#2565=DIRECTION('ref_axis',(0.,6.12303176911189E-17,1.));
#2566=DIRECTION('',(1.,0.,0.));
#2567=DIRECTION('center_axis',(-1.,0.,0.));
#2568=DIRECTION('ref_axis',(0.,6.12303176911189E-17,1.));
#2569=DIRECTION('center_axis',(-1.,0.,0.));
#2570=DIRECTION('ref_axis',(0.,6.12303176911189E-17,1.));
#2571=DIRECTION('center_axis',(-1.,0.,0.));
#2572=DIRECTION('ref_axis',(0.,-1.,6.12303176911189E-17));
#2573=DIRECTION('center_axis',(0.,6.12303176911189E-17,-1.));
#2574=DIRECTION('ref_axis',(0.,-1.,-6.12303176911189E-17));
#2575=DIRECTION('center_axis',(-1.,0.,0.));
#2576=DIRECTION('ref_axis',(0.,6.12303176911189E-17,1.));
#2577=DIRECTION('center_axis',(0.,6.12303176911189E-17,-1.));
#2578=DIRECTION('ref_axis',(0.,1.,6.12303176911189E-17));
#2579=DIRECTION('center_axis',(1.,0.,0.));
#2580=DIRECTION('ref_axis',(0.,6.12303176911189E-17,1.));
#2581=DIRECTION('',(-1.,0.,0.));
#2582=DIRECTION('',(1.,0.,0.));
#2583=DIRECTION('center_axis',(-1.,0.,0.));
#2584=DIRECTION('ref_axis',(0.,6.12303176911189E-17,1.));
#2585=DIRECTION('center_axis',(1.,0.,0.));
#2586=DIRECTION('ref_axis',(0.,6.12303176911189E-17,1.));
#2587=DIRECTION('',(-1.,0.,0.));
#2588=DIRECTION('center_axis',(-1.,0.,0.));
#2589=DIRECTION('ref_axis',(0.,6.12303176911189E-17,1.));
#2590=DIRECTION('',(1.,0.,0.));
#2591=DIRECTION('center_axis',(-1.,0.,0.));
#2592=DIRECTION('ref_axis',(0.,6.12303176911189E-17,1.));
#2593=DIRECTION('center_axis',(1.,0.,0.));
#2594=DIRECTION('ref_axis',(0.,6.12303176911189E-17,1.));
#2595=DIRECTION('center_axis',(-1.,0.,0.));
#2596=DIRECTION('ref_axis',(0.,6.12303176911189E-17,1.));
#2597=DIRECTION('center_axis',(-1.,0.,0.));
#2598=DIRECTION('ref_axis',(0.,6.12303176911189E-17,1.));
#2599=DIRECTION('center_axis',(-1.,0.,0.));
#2600=DIRECTION('ref_axis',(0.,0.,1.));
#2601=DIRECTION('center_axis',(-1.,0.,0.));
#2602=DIRECTION('ref_axis',(0.,6.12303176911189E-17,1.));
#2603=DIRECTION('center_axis',(1.,0.,0.));
#2604=DIRECTION('ref_axis',(0.,6.12303176911189E-17,1.));
#2605=DIRECTION('center_axis',(-1.,0.,0.));
#2606=DIRECTION('ref_axis',(0.,-1.,6.12303176911189E-17));
#2607=DIRECTION('center_axis',(-1.,0.,0.));
#2608=DIRECTION('ref_axis',(0.,6.12303176911189E-17,1.));
#2609=DIRECTION('center_axis',(1.,0.,0.));
#2610=DIRECTION('ref_axis',(0.,6.12303176911189E-17,1.));
#2611=DIRECTION('center_axis',(-1.,0.,0.));
#2612=DIRECTION('ref_axis',(0.,6.12303176911189E-17,1.));
#2613=DIRECTION('center_axis',(1.,0.,0.));
#2614=DIRECTION('ref_axis',(0.,1.,0.));
#2615=DIRECTION('center_axis',(-1.,0.,0.));
#2616=DIRECTION('ref_axis',(0.,6.12303176911189E-17,1.));
#2617=DIRECTION('center_axis',(1.,0.,0.));
#2618=DIRECTION('ref_axis',(0.,6.12303176911189E-17,1.));
#2619=DIRECTION('center_axis',(-1.,0.,0.));
#2620=DIRECTION('ref_axis',(0.,6.12303176911189E-17,1.));
#2621=DIRECTION('center_axis',(1.,0.,0.));
#2622=DIRECTION('ref_axis',(0.,1.,0.));
#2623=DIRECTION('center_axis',(-1.,0.,0.));
#2624=DIRECTION('ref_axis',(0.,6.12303176911189E-17,1.));
#2625=DIRECTION('center_axis',(-1.,0.,0.));
#2626=DIRECTION('ref_axis',(0.,-1.,6.12303176911189E-17));
#2627=DIRECTION('center_axis',(-1.,0.,0.));
#2628=DIRECTION('ref_axis',(0.,6.12303176911189E-17,1.));
#2629=DIRECTION('center_axis',(1.,0.,0.));
#2630=DIRECTION('ref_axis',(0.,6.12303176911189E-17,1.));
#2631=DIRECTION('center_axis',(-1.,0.,0.));
#2632=DIRECTION('ref_axis',(0.,6.12303176911189E-17,1.));
#2633=DIRECTION('center_axis',(-1.,0.,0.));
#2634=DIRECTION('ref_axis',(0.,-1.,6.12303176911189E-17));
#2635=DIRECTION('center_axis',(-1.,0.,0.));
#2636=DIRECTION('ref_axis',(0.,6.12303176911189E-17,1.));
#2637=DIRECTION('center_axis',(-1.,0.,0.));
#2638=DIRECTION('ref_axis',(0.,0.,1.));
#2639=DIRECTION('center_axis',(-1.,0.,0.));
#2640=DIRECTION('ref_axis',(0.,6.12303176911189E-17,1.));
#2641=DIRECTION('',(1.,0.,0.));
#2642=DIRECTION('center_axis',(1.,0.,0.));
#2643=DIRECTION('ref_axis',(0.,6.12303176911189E-17,1.));
#2644=DIRECTION('',(-1.,0.,0.));
#2645=DIRECTION('center_axis',(1.,0.,0.));
#2646=DIRECTION('ref_axis',(0.,6.12303176911189E-17,1.));
#2647=DIRECTION('center_axis',(-1.,0.,0.));
#2648=DIRECTION('ref_axis',(0.,6.12303176911189E-17,1.));
#2649=DIRECTION('',(1.,0.,0.));
#2650=DIRECTION('center_axis',(1.,0.,0.));
#2651=DIRECTION('ref_axis',(0.,6.12303176911189E-17,1.));
#2652=DIRECTION('',(-1.,0.,0.));
#2653=DIRECTION('center_axis',(1.,0.,0.));
#2654=DIRECTION('ref_axis',(0.,6.12303176911189E-17,1.));
#2655=DIRECTION('center_axis',(-1.,0.,0.));
#2656=DIRECTION('ref_axis',(0.,0.,1.));
#2657=DIRECTION('center_axis',(1.,0.,0.));
#2658=DIRECTION('ref_axis',(0.,6.12303176911189E-17,1.));
#2659=DIRECTION('center_axis',(1.,0.,0.));
#2660=DIRECTION('ref_axis',(0.,6.12303176911189E-17,1.));
#2661=DIRECTION('center_axis',(-1.,0.,0.));
#2662=DIRECTION('ref_axis',(0.,6.12303176911189E-17,1.));
#2663=DIRECTION('center_axis',(1.,0.,0.));
#2664=DIRECTION('ref_axis',(0.,6.12303176911189E-17,1.));
#2665=DIRECTION('center_axis',(1.,0.,0.));
#2666=DIRECTION('ref_axis',(0.,1.,0.));
#2667=DIRECTION('center_axis',(1.,0.,0.));
#2668=DIRECTION('ref_axis',(0.,6.12303176911189E-17,1.));
#2669=DIRECTION('center_axis',(-1.,0.,0.));
#2670=DIRECTION('ref_axis',(0.,6.12303176911189E-17,1.));
#2671=DIRECTION('center_axis',(1.,-1.22460635382238E-16,-1.93951344543227E-47));
#2672=DIRECTION('ref_axis',(-7.49830360911069E-33,-6.12303176911189E-17,
1.));
#2673=DIRECTION('',(-1.,1.22460635382238E-16,0.));
#2674=DIRECTION('center_axis',(-1.,1.22460635382238E-16,1.93951344543227E-47));
#2675=DIRECTION('ref_axis',(-7.49830360911069E-33,-6.12303176911189E-17,
1.));
#2676=DIRECTION('',(1.,-1.22460635382238E-16,0.));
#2677=DIRECTION('center_axis',(-1.,1.22460635382238E-16,1.93951344543227E-47));
#2678=DIRECTION('ref_axis',(-7.49830360911069E-33,-6.12303176911189E-17,
1.));
#2679=DIRECTION('center_axis',(1.,-1.22460635382238E-16,-1.93831838282443E-47));
#2680=DIRECTION('ref_axis',(-7.49830360911069E-33,-6.12303176911189E-17,
1.));
#2681=DIRECTION('',(-1.,1.22460635382238E-16,0.));
#2682=DIRECTION('center_axis',(-1.,1.22460635382238E-16,1.93831838282443E-47));
#2683=DIRECTION('ref_axis',(-7.49830360911069E-33,-6.12303176911189E-17,
1.));
#2684=DIRECTION('',(1.,-1.22460635382238E-16,0.));
#2685=DIRECTION('center_axis',(-1.,1.22460635382238E-16,1.93831838282443E-47));
#2686=DIRECTION('ref_axis',(-7.49830360911069E-33,-6.12303176911189E-17,
1.));
#2687=DIRECTION('center_axis',(1.,-1.22460635382238E-16,0.));
#2688=DIRECTION('ref_axis',(-1.22460635382238E-16,-1.,0.));
#2689=DIRECTION('center_axis',(-1.,1.22460635382238E-16,1.93831838282443E-47));
#2690=DIRECTION('ref_axis',(-7.49830360911069E-33,-6.12303176911189E-17,
1.));
#2691=DIRECTION('center_axis',(-1.,1.22460635382238E-16,1.93951344543227E-47));
#2692=DIRECTION('ref_axis',(-7.49830360911069E-33,-6.12303176911189E-17,
1.));
#2693=DIRECTION('center_axis',(1.,-1.22460635382238E-16,-1.93831838282443E-47));
#2694=DIRECTION('ref_axis',(-7.49830360911069E-33,-6.12303176911189E-17,
1.));
#2695=DIRECTION('center_axis',(-1.,1.22460635382238E-16,1.93831838282443E-47));
#2696=DIRECTION('ref_axis',(-7.49830360911069E-33,-6.12303176911189E-17,
1.));
#2697=DIRECTION('center_axis',(-1.,1.22460635382238E-16,0.));
#2698=DIRECTION('ref_axis',(0.,0.,1.));
#2699=DIRECTION('center_axis',(-1.,1.22460635382238E-16,1.93951344543227E-47));
#2700=DIRECTION('ref_axis',(-7.49830360911069E-33,-6.12303176911189E-17,
1.));
#2701=DIRECTION('center_axis',(1.,-1.22460635382238E-16,-1.93951344543227E-47));
#2702=DIRECTION('ref_axis',(-7.49830360911069E-33,-6.12303176911189E-17,
1.));
#2703=CARTESIAN_POINT('',(0.,0.,0.));
#2704=CARTESIAN_POINT('Origin',(5.,0.,0.));
#2705=CARTESIAN_POINT('',(5.,8.,5.9716500407786E-16));
#2706=CARTESIAN_POINT('',(5.,-8.,-5.9716500407786E-16));
#2707=CARTESIAN_POINT('Origin',(5.,0.,0.));
#2708=CARTESIAN_POINT('',(2.6,9.2,5.63318922758294E-16));
#2709=CARTESIAN_POINT('Origin',(5.,11.,6.73533494602307E-16));
#2710=CARTESIAN_POINT('',(2.6,5.63318922758294E-16,9.2));
#2711=CARTESIAN_POINT('Origin',(2.6,0.,0.));
#2712=CARTESIAN_POINT('',(2.6,-9.2,-5.63318922758294E-16));
#2713=CARTESIAN_POINT('Origin',(2.6,0.,0.));
#2714=CARTESIAN_POINT('Origin',(5.,-11.,-6.73533494602307E-16));
#2715=CARTESIAN_POINT('Origin',(5.,0.,0.));
#2716=CARTESIAN_POINT('Origin',(5.,0.,0.));
#2717=CARTESIAN_POINT('',(2.6,5.63318922758294E-16,-9.2));
#2718=CARTESIAN_POINT('Origin',(2.6,0.,0.));
#2719=CARTESIAN_POINT('Origin',(2.6,0.,0.));
#2720=CARTESIAN_POINT('Origin',(0.25,0.,0.));
#2721=CARTESIAN_POINT('',(0.5,5.2045770037451E-16,8.5));
#2722=CARTESIAN_POINT('',(0.,5.2045770037451E-16,8.5));
#2723=CARTESIAN_POINT('',(0.25,-5.2045770037451E-16,8.5));
#2724=CARTESIAN_POINT('',(0.5,5.2045770037451E-16,-8.5));
#2725=CARTESIAN_POINT('Origin',(0.5,0.,0.));
#2726=CARTESIAN_POINT('',(0.,5.2045770037451E-16,-8.5));
#2727=CARTESIAN_POINT('',(0.25,5.2045770037451E-16,-8.5));
#2728=CARTESIAN_POINT('Origin',(0.,0.,0.));
#2729=CARTESIAN_POINT('Origin',(1.55,0.,0.));
#2730=CARTESIAN_POINT('',(0.5,5.63318922758294E-16,9.2));
#2731=CARTESIAN_POINT('',(1.55,-5.63318922758294E-16,9.2));
#2732=CARTESIAN_POINT('',(0.5,5.63318922758294E-16,-9.2));
#2733=CARTESIAN_POINT('',(1.55,5.63318922758294E-16,-9.2));
#2734=CARTESIAN_POINT('Origin',(0.5,0.,0.));
#2735=CARTESIAN_POINT('Origin',(5.,0.,0.));
#2736=CARTESIAN_POINT('',(7.4,9.2,5.63318922758294E-16));
#2737=CARTESIAN_POINT('Origin',(5.,11.,6.73533494602307E-16));
#2738=CARTESIAN_POINT('',(7.4,5.63318922758294E-16,-9.2));
#2739=CARTESIAN_POINT('Origin',(7.4,0.,0.));
#2740=CARTESIAN_POINT('',(7.4,-9.2,-5.63318922758294E-16));
#2741=CARTESIAN_POINT('Origin',(7.4,0.,0.));
#2742=CARTESIAN_POINT('Origin',(5.,-11.,-6.73533494602307E-16));
#2743=CARTESIAN_POINT('Origin',(8.45,0.,0.));
#2744=CARTESIAN_POINT('',(9.5,5.63318922758294E-16,9.2));
#2745=CARTESIAN_POINT('',(7.4,5.63318922758294E-16,9.2));
#2746=CARTESIAN_POINT('',(8.45,-5.63318922758294E-16,9.2));
#2747=CARTESIAN_POINT('',(9.5,5.63318922758294E-16,-9.2));
#2748=CARTESIAN_POINT('Origin',(9.5,0.,0.));
#2749=CARTESIAN_POINT('',(8.45,5.63318922758294E-16,-9.2));
#2750=CARTESIAN_POINT('Origin',(7.4,0.,0.));
#2751=CARTESIAN_POINT('Origin',(9.75,0.,0.));
#2752=CARTESIAN_POINT('',(10.,5.2045770037451E-16,8.5));
#2753=CARTESIAN_POINT('',(9.5,5.2045770037451E-16,8.5));
#2754=CARTESIAN_POINT('',(9.75,-5.2045770037451E-16,8.5));
#2755=CARTESIAN_POINT('',(10.,5.2045770037451E-16,-8.5));
#2756=CARTESIAN_POINT('Origin',(10.,0.,0.));
#2757=CARTESIAN_POINT('',(9.5,5.2045770037451E-16,-8.5));
#2758=CARTESIAN_POINT('',(9.75,5.2045770037451E-16,-8.5));
#2759=CARTESIAN_POINT('Origin',(9.5,0.,0.));
#2760=CARTESIAN_POINT('Origin',(9.4,0.,0.));
#2761=CARTESIAN_POINT('',(9.4,-6.,-3.67381906146713E-16));
#2762=CARTESIAN_POINT('',(10.,-6.6,-4.04120096761384E-16));
#2763=CARTESIAN_POINT('Origin',(9.4,-6.6,-4.04120096761385E-16));
#2764=CARTESIAN_POINT('',(9.4,3.67381906146713E-16,6.));
#2765=CARTESIAN_POINT('Origin',(9.4,0.,0.));
#2766=CARTESIAN_POINT('',(9.4,6.,3.67381906146713E-16));
#2767=CARTESIAN_POINT('Origin',(9.4,0.,0.));
#2768=CARTESIAN_POINT('',(10.,6.6,4.04120096761384E-16));
#2769=CARTESIAN_POINT('Origin',(9.4,6.6,4.04120096761385E-16));
#2770=CARTESIAN_POINT('Origin',(10.,0.,0.));
#2771=CARTESIAN_POINT('Origin',(5.,0.,0.));
#2772=CARTESIAN_POINT('',(0.6,3.67381906146713E-16,6.));
#2773=CARTESIAN_POINT('',(5.,-3.67381906146713E-16,6.));
#2774=CARTESIAN_POINT('',(9.4,3.67381906146713E-16,-6.));
#2775=CARTESIAN_POINT('Origin',(9.4,0.,0.));
#2776=CARTESIAN_POINT('',(0.6,3.67381906146713E-16,-6.));
#2777=CARTESIAN_POINT('',(5.,3.67381906146713E-16,-6.));
#2778=CARTESIAN_POINT('',(0.6,-6.,-3.67381906146713E-16));
#2779=CARTESIAN_POINT('Origin',(0.6,0.,0.));
#2780=CARTESIAN_POINT('Origin',(0.6,0.,0.));
#2781=CARTESIAN_POINT('Origin',(0.599999999999999,0.,0.));
#2782=CARTESIAN_POINT('',(0.,-6.6,-4.04120096761384E-16));
#2783=CARTESIAN_POINT('Origin',(0.599999999999999,-6.6,-4.04120096761384E-16));
#2784=CARTESIAN_POINT('',(0.,6.6,4.04120096761384E-16));
#2785=CARTESIAN_POINT('Origin',(0.,0.,0.));
#2786=CARTESIAN_POINT('',(0.6,6.,3.67381906146713E-16));
#2787=CARTESIAN_POINT('Origin',(0.599999999999999,6.6,4.04120096761384E-16));
#2788=CARTESIAN_POINT('Origin',(0.6,0.,0.));
#2789=CARTESIAN_POINT('Origin',(0.599999999999999,0.,0.));
#2790=CARTESIAN_POINT('Origin',(0.6,0.,0.));
#2791=CARTESIAN_POINT('Origin',(0.,0.,0.));
#2792=CARTESIAN_POINT('Origin',(5.,0.,0.));
#2793=CARTESIAN_POINT('Origin',(9.4,0.,0.));
#2794=CARTESIAN_POINT('Origin',(9.4,0.,0.));
#2795=CARTESIAN_POINT('Origin',(10.,0.,0.));
#2796=CARTESIAN_POINT('Origin',(10.,4.62288898567947E-16,7.55));
#2797=CARTESIAN_POINT('Origin',(10.,0.,0.));
#2798=CARTESIAN_POINT('Origin',(9.75,0.,0.));
#2799=CARTESIAN_POINT('Origin',(9.5,0.,0.));
#2800=CARTESIAN_POINT('Origin',(9.5,5.41888311566402E-16,8.85));
#2801=CARTESIAN_POINT('Origin',(9.5,0.,0.));
#2802=CARTESIAN_POINT('Origin',(8.45,0.,0.));
#2803=CARTESIAN_POINT('Origin',(7.4,0.,0.));
#2804=CARTESIAN_POINT('Origin',(5.,0.,0.));
#2805=CARTESIAN_POINT('Origin',(1.55,0.,0.));
#2806=CARTESIAN_POINT('Origin',(0.5,0.,0.));
#2807=CARTESIAN_POINT('Origin',(0.5,5.41888311566402E-16,8.85));
#2808=CARTESIAN_POINT('Origin',(0.5,0.,0.));
#2809=CARTESIAN_POINT('Origin',(0.25,0.,0.));
#2810=CARTESIAN_POINT('Origin',(0.,0.,0.));
#2811=CARTESIAN_POINT('Origin',(0.,4.62288898567947E-16,7.55));
#2812=CARTESIAN_POINT('Origin',(5.,0.,11.));
#2813=CARTESIAN_POINT('',(5.,3.,11.));
#2814=CARTESIAN_POINT('Origin',(5.,0.,11.));
#2815=CARTESIAN_POINT('',(8.,1.83697019872103E-16,11.));
#2816=CARTESIAN_POINT('Origin',(5.,0.,11.));
#2817=CARTESIAN_POINT('Origin',(5.,0.,11.));
#2818=CARTESIAN_POINT('',(2.,1.83697019872103E-16,11.));
#2819=CARTESIAN_POINT('Origin',(5.,0.,11.));
#2820=CARTESIAN_POINT('Origin',(5.,0.,-11.));
#2821=CARTESIAN_POINT('',(5.,3.,-11.));
#2822=CARTESIAN_POINT('Origin',(5.,2.03891797725535E-64,-11.));
#2823=CARTESIAN_POINT('',(8.,1.83697019872103E-16,-11.));
#2824=CARTESIAN_POINT('Origin',(5.,0.,-11.));
#2825=CARTESIAN_POINT('Origin',(5.,0.,-11.));
#2826=CARTESIAN_POINT('',(2.,1.83697019872103E-16,-11.));
#2827=CARTESIAN_POINT('Origin',(5.,0.,-11.));
#2828=CARTESIAN_POINT('Origin',(5.,11.,0.));
#2829=CARTESIAN_POINT('',(5.,11.,-3.));
#2830=CARTESIAN_POINT('',(5.,14.,-3.67394039744206E-16));
#2831=CARTESIAN_POINT('Origin',(5.,11.,0.));
#2832=CARTESIAN_POINT('Origin',(5.,11.,0.));
#2833=CARTESIAN_POINT('',(8.,11.,-2.24963967399279E-32));
#2834=CARTESIAN_POINT('Origin',(5.,11.,0.));
#2835=CARTESIAN_POINT('Origin',(5.,11.,0.));
#2836=CARTESIAN_POINT('',(2.,11.,-2.24963967399279E-32));
#2837=CARTESIAN_POINT('Origin',(5.,11.,0.));
#2838=CARTESIAN_POINT('Origin',(5.,-11.,0.));
#2839=CARTESIAN_POINT('',(5.,-11.,-3.));
#2840=CARTESIAN_POINT('',(5.,-8.,-3.67394039744206E-16));
#2841=CARTESIAN_POINT('Origin',(5.,-11.,0.));
#2842=CARTESIAN_POINT('Origin',(5.,-11.,0.));
#2843=CARTESIAN_POINT('',(8.,-11.,-2.24963967399279E-32));
#2844=CARTESIAN_POINT('Origin',(5.,-11.,0.));
#2845=CARTESIAN_POINT('Origin',(5.,-11.,0.));
#2846=CARTESIAN_POINT('',(2.,-11.,-2.24963967399279E-32));
#2847=CARTESIAN_POINT('Origin',(5.,-11.,0.));
#2848=CARTESIAN_POINT('Origin',(10.,0.,6.12303176911189E-16));
#2849=CARTESIAN_POINT('',(7.5721710674059,-7.68073105117395E-16,-12.544));
#2850=CARTESIAN_POINT('',(8.25208609972122,-7.61134211213488E-16,-12.544));
#2851=CARTESIAN_POINT('',(6.625953000255,-1.53614621023479E-15,-12.544));
#2852=CARTESIAN_POINT('',(5.,2.73025276470846,-12.2432698181818));
#2853=CARTESIAN_POINT('Ctrl Pts',(7.5721710674059,-6.24500451351651E-16,
-12.544));
#2854=CARTESIAN_POINT('Ctrl Pts',(7.5721710674059,0.229865004219655,-12.544));
#2855=CARTESIAN_POINT('Ctrl Pts',(7.54345230182207,0.479632308276685,-12.5371504521702));
#2856=CARTESIAN_POINT('Ctrl Pts',(7.42055869046695,0.961546559928347,-12.5094211190018));
#2857=CARTESIAN_POINT('Ctrl Pts',(7.32631366200742,1.19368457224972,-12.4886973527536));
#2858=CARTESIAN_POINT('Ctrl Pts',(7.14900137484864,1.51308954112533,-12.4529886664272));
#2859=CARTESIAN_POINT('Ctrl Pts',(7.06705202406728,1.63846076662373,-12.4370969489431));
#2860=CARTESIAN_POINT('Ctrl Pts',(6.88258293411055,1.87275964144168,-12.4039794215765));
#2861=CARTESIAN_POINT('Ctrl Pts',(6.78002879451151,1.98167112471511,-12.3868309116509));
#2862=CARTESIAN_POINT('Ctrl Pts',(6.57082621859409,2.17222108894871,-12.3548944335606));
#2863=CARTESIAN_POINT('Ctrl Pts',(6.44980016714232,2.26535845087344,-12.3380348275437));
#2864=CARTESIAN_POINT('Ctrl Pts',(6.18834026170487,2.42992528506894,-12.3066817388727));
#2865=CARTESIAN_POINT('Ctrl Pts',(6.04790575744841,2.50135904899285,-12.2922162114737));
#2866=CARTESIAN_POINT('Ctrl Pts',(5.75610847015838,2.61619386428826,-12.2682885915606));
#2867=CARTESIAN_POINT('Ctrl Pts',(5.60451888922855,2.65968111033941,-12.258828849597));
#2868=CARTESIAN_POINT('Ctrl Pts',(5.30025322827457,2.71671532320967,-12.2463156182351));
#2869=CARTESIAN_POINT('Ctrl Pts',(5.14757504663591,2.73025276470845,-12.2432698181818));
#2870=CARTESIAN_POINT('Ctrl Pts',(5.,2.73025276470845,-12.2432698181818));
#2871=CARTESIAN_POINT('',(5.,12.2432698181818,-2.73025276470846));
#2872=CARTESIAN_POINT('Origin',(5.,0.,3.06151588455594E-16));
#2873=CARTESIAN_POINT('',(7.5721710674059,12.544,2.25514051876985E-16));
#2874=CARTESIAN_POINT('Ctrl Pts',(5.,12.2432698181818,-2.73025276470845));
#2875=CARTESIAN_POINT('Ctrl Pts',(5.14757504663591,12.2432698181818,-2.73025276470845));
#2876=CARTESIAN_POINT('Ctrl Pts',(5.30025322827457,12.2463156182351,-2.71671532320967));
#2877=CARTESIAN_POINT('Ctrl Pts',(5.60451888922855,12.258828849597,-2.65968111033941));
#2878=CARTESIAN_POINT('Ctrl Pts',(5.75610847015838,12.2682885915606,-2.61619386428826));
#2879=CARTESIAN_POINT('Ctrl Pts',(6.04790575744841,12.2922162114737,-2.50135904899285));
#2880=CARTESIAN_POINT('Ctrl Pts',(6.18834026170487,12.3066817388727,-2.42992528506894));
#2881=CARTESIAN_POINT('Ctrl Pts',(6.44980016714232,12.3380348275437,-2.26535845087344));
#2882=CARTESIAN_POINT('Ctrl Pts',(6.57082621859409,12.3548944335606,-2.17222108894871));
#2883=CARTESIAN_POINT('Ctrl Pts',(6.78002879451151,12.3868309116509,-1.98167112471511));
#2884=CARTESIAN_POINT('Ctrl Pts',(6.88258293411055,12.4039794215765,-1.87275964144168));
#2885=CARTESIAN_POINT('Ctrl Pts',(7.06705202406728,12.4370969489431,-1.63846076662373));
#2886=CARTESIAN_POINT('Ctrl Pts',(7.14900137484863,12.4529886664272,-1.51308954112533));
#2887=CARTESIAN_POINT('Ctrl Pts',(7.32631366200742,12.4886973527536,-1.19368457224972));
#2888=CARTESIAN_POINT('Ctrl Pts',(7.42055869046695,12.5094211190018,-0.961546559928349));
#2889=CARTESIAN_POINT('Ctrl Pts',(7.54345230182207,12.5371504521702,-0.479632308276686));
#2890=CARTESIAN_POINT('Ctrl Pts',(7.5721710674059,12.544,-0.229865004219656));
#2891=CARTESIAN_POINT('Ctrl Pts',(7.5721710674059,12.544,2.25514051876985E-16));
#2892=CARTESIAN_POINT('',(5.,12.2432698181818,2.73025276470846));
#2893=CARTESIAN_POINT('Ctrl Pts',(7.5721710674059,12.544,2.25514051876985E-16));
#2894=CARTESIAN_POINT('Ctrl Pts',(7.5721710674059,12.544,0.229865004219655));
#2895=CARTESIAN_POINT('Ctrl Pts',(7.54345230182207,12.5371504521702,0.479632308276685));
#2896=CARTESIAN_POINT('Ctrl Pts',(7.42055869046695,12.5094211190018,0.961546559928348));
#2897=CARTESIAN_POINT('Ctrl Pts',(7.32631366200742,12.4886973527536,1.19368457224972));
#2898=CARTESIAN_POINT('Ctrl Pts',(7.14900137484863,12.4529886664272,1.51308954112533));
#2899=CARTESIAN_POINT('Ctrl Pts',(7.06705202406728,12.4370969489431,1.63846076662373));
#2900=CARTESIAN_POINT('Ctrl Pts',(6.88258293411055,12.4039794215765,1.87275964144168));
#2901=CARTESIAN_POINT('Ctrl Pts',(6.78002879451151,12.3868309116509,1.98167112471511));
#2902=CARTESIAN_POINT('Ctrl Pts',(6.5708262185941,12.3548944335606,2.17222108894871));
#2903=CARTESIAN_POINT('Ctrl Pts',(6.44980016714232,12.3380348275437,2.26535845087344));
#2904=CARTESIAN_POINT('Ctrl Pts',(6.18834026170487,12.3066817388727,2.42992528506894));
#2905=CARTESIAN_POINT('Ctrl Pts',(6.04790575744841,12.2922162114737,2.50135904899285));
#2906=CARTESIAN_POINT('Ctrl Pts',(5.75610847015838,12.2682885915606,2.61619386428826));
#2907=CARTESIAN_POINT('Ctrl Pts',(5.60451888922855,12.258828849597,2.65968111033941));
#2908=CARTESIAN_POINT('Ctrl Pts',(5.30025322827457,12.2463156182351,2.71671532320967));
#2909=CARTESIAN_POINT('Ctrl Pts',(5.14757504663591,12.2432698181818,2.73025276470845));
#2910=CARTESIAN_POINT('Ctrl Pts',(5.,12.2432698181818,2.73025276470845));
#2911=CARTESIAN_POINT('',(5.,2.73025276470846,12.2432698181818));
#2912=CARTESIAN_POINT('Origin',(5.,0.,3.06151588455594E-16));
#2913=CARTESIAN_POINT('',(7.5721710674059,4.79477568759991E-18,12.544));
#2914=CARTESIAN_POINT('Ctrl Pts',(5.,2.73025276470845,12.2432698181818));
#2915=CARTESIAN_POINT('Ctrl Pts',(5.14757504663591,2.73025276470845,12.2432698181818));
#2916=CARTESIAN_POINT('Ctrl Pts',(5.30025322827457,2.71671532320967,12.2463156182351));
#2917=CARTESIAN_POINT('Ctrl Pts',(5.60451888922854,2.65968111033941,12.258828849597));
#2918=CARTESIAN_POINT('Ctrl Pts',(5.75610847015838,2.61619386428826,12.2682885915606));
#2919=CARTESIAN_POINT('Ctrl Pts',(6.04790575744841,2.50135904899285,12.2922162114737));
#2920=CARTESIAN_POINT('Ctrl Pts',(6.18834026170487,2.42992528506894,12.3066817388727));
#2921=CARTESIAN_POINT('Ctrl Pts',(6.44980016714232,2.26535845087344,12.3380348275437));
#2922=CARTESIAN_POINT('Ctrl Pts',(6.5708262185941,2.17222108894871,12.3548944335606));
#2923=CARTESIAN_POINT('Ctrl Pts',(6.78002879451151,1.98167112471511,12.3868309116509));
#2924=CARTESIAN_POINT('Ctrl Pts',(6.88258293411055,1.87275964144168,12.4039794215765));
#2925=CARTESIAN_POINT('Ctrl Pts',(7.06705202406728,1.63846076662373,12.4370969489431));
#2926=CARTESIAN_POINT('Ctrl Pts',(7.14900137484864,1.51308954112533,12.4529886664272));
#2927=CARTESIAN_POINT('Ctrl Pts',(7.32631366200742,1.19368457224972,12.4886973527536));
#2928=CARTESIAN_POINT('Ctrl Pts',(7.42055869046694,0.961546559928347,12.5094211190018));
#2929=CARTESIAN_POINT('Ctrl Pts',(7.54345230182207,0.479632308276684,12.5371504521702));
#2930=CARTESIAN_POINT('Ctrl Pts',(7.5721710674059,0.229865004219654,12.544));
#2931=CARTESIAN_POINT('Ctrl Pts',(7.5721710674059,-3.46944695195361E-16,
12.544));
#2932=CARTESIAN_POINT('',(8.25208609972122,1.545229222355E-15,12.544));
#2933=CARTESIAN_POINT('',(6.625953000255,1.53614621023479E-15,12.544));
#2934=CARTESIAN_POINT('',(5.6,3.38147772487506,12.0796334545455));
#2935=CARTESIAN_POINT('Ctrl Pts',(8.25208609972122,-2.56739074444567E-15,
12.544));
#2936=CARTESIAN_POINT('Ctrl Pts',(8.25208609972122,0.145384006062851,12.544));
#2937=CARTESIAN_POINT('Ctrl Pts',(8.24340311707203,0.297083401043303,12.5414202952774));
#2938=CARTESIAN_POINT('Ctrl Pts',(8.2058114300247,0.60377680269967,12.5304004382336));
#2939=CARTESIAN_POINT('Ctrl Pts',(8.17690079832792,0.758770572206635,12.5219602598866));
#2940=CARTESIAN_POINT('Ctrl Pts',(8.09920990623992,1.06315666028469,12.4997967759314));
#2941=CARTESIAN_POINT('Ctrl Pts',(8.05039794991545,1.21266073913496,12.486073189026));
#2942=CARTESIAN_POINT('Ctrl Pts',(7.93631912875807,1.49826763474429,12.4550296605213));
#2943=CARTESIAN_POINT('Ctrl Pts',(7.87104842427315,1.63437048072882,12.4377240995475));
#2944=CARTESIAN_POINT('Ctrl Pts',(7.71697844753406,1.91113786017202,12.3984940871069));
#2945=CARTESIAN_POINT('Ctrl Pts',(7.61324823081356,2.06923761065879,12.3730623561507));
#2946=CARTESIAN_POINT('Ctrl Pts',(7.37974884495751,2.36438682571691,12.3200686392733));
#2947=CARTESIAN_POINT('Ctrl Pts',(7.24993365894473,2.50142199770907,12.2926298914791));
#2948=CARTESIAN_POINT('Ctrl Pts',(6.98535028936679,2.74074436367453,12.2415811493187));
#2949=CARTESIAN_POINT('Ctrl Pts',(6.83243244336623,2.85750571463996,12.2146571916354));
#2950=CARTESIAN_POINT('Ctrl Pts',(6.50206025969188,3.06367429178738,12.1645833898816));
#2951=CARTESIAN_POINT('Ctrl Pts',(6.32460429879352,3.15308971709454,12.141478023805));
#2952=CARTESIAN_POINT('Ctrl Pts',(5.96481162935491,3.29327937365677,12.1041830869955));
#2953=CARTESIAN_POINT('Ctrl Pts',(5.78287617402856,3.34584386090568,12.0896085185834));
#2954=CARTESIAN_POINT('Ctrl Pts',(5.6,3.38147772487507,12.0796334545455));
#2955=CARTESIAN_POINT('',(5.6,12.0796334545455,3.38147772487506));
#2956=CARTESIAN_POINT('Origin',(5.6,0.,3.42889779070266E-16));
#2957=CARTESIAN_POINT('',(5.6,12.0796334545455,-3.38147772487506));
#2958=CARTESIAN_POINT('Ctrl Pts',(5.6,12.0796334545455,3.38147772487507));
#2959=CARTESIAN_POINT('Ctrl Pts',(5.78287617402856,12.0896085185834,3.34584386090568));
#2960=CARTESIAN_POINT('Ctrl Pts',(5.96481162935492,12.1041830869955,3.29327937365677));
#2961=CARTESIAN_POINT('Ctrl Pts',(6.32460429879353,12.141478023805,3.15308971709453));
#2962=CARTESIAN_POINT('Ctrl Pts',(6.50206025969189,12.1645833898816,3.06367429178738));
#2963=CARTESIAN_POINT('Ctrl Pts',(6.83243244336624,12.2146571916354,2.85750571463995));
#2964=CARTESIAN_POINT('Ctrl Pts',(6.9853502893668,12.2415811493187,2.74074436367452));
#2965=CARTESIAN_POINT('Ctrl Pts',(7.24993365894474,12.2926298914791,2.50142199770906));
#2966=CARTESIAN_POINT('Ctrl Pts',(7.37974884495752,12.3200686392733,2.3643868257169));
#2967=CARTESIAN_POINT('Ctrl Pts',(7.61324823081357,12.3730623561507,2.06923761065878));
#2968=CARTESIAN_POINT('Ctrl Pts',(7.71697844753406,12.3984940871069,1.91113786017202));
#2969=CARTESIAN_POINT('Ctrl Pts',(7.87104842427316,12.4377240995475,1.63437048072882));
#2970=CARTESIAN_POINT('Ctrl Pts',(7.93631912875807,12.4550296605213,1.49826763474429));
#2971=CARTESIAN_POINT('Ctrl Pts',(8.05039794991545,12.486073189026,1.21266073913495));
#2972=CARTESIAN_POINT('Ctrl Pts',(8.09920990623992,12.4997967759314,1.06315666028468));
#2973=CARTESIAN_POINT('Ctrl Pts',(8.17690079832793,12.5219602598866,0.758770572206632));
#2974=CARTESIAN_POINT('Ctrl Pts',(8.2058114300247,12.5304004382336,0.603776802699667));
#2975=CARTESIAN_POINT('Ctrl Pts',(8.24340311707203,12.5414202952774,0.297083401043301));
#2976=CARTESIAN_POINT('Ctrl Pts',(8.25208609972122,12.544,0.145384006062849));
#2977=CARTESIAN_POINT('Ctrl Pts',(8.25208609972122,12.544,-0.145384006062849));
#2978=CARTESIAN_POINT('Ctrl Pts',(8.24340311707203,12.5414202952774,-0.2970834010433));
#2979=CARTESIAN_POINT('Ctrl Pts',(8.2058114300247,12.5304004382336,-0.603776802699667));
#2980=CARTESIAN_POINT('Ctrl Pts',(8.17690079832792,12.5219602598866,-0.758770572206632));
#2981=CARTESIAN_POINT('Ctrl Pts',(8.09920990623992,12.4997967759314,-1.06315666028468));
#2982=CARTESIAN_POINT('Ctrl Pts',(8.05039794991545,12.486073189026,-1.21266073913495));
#2983=CARTESIAN_POINT('Ctrl Pts',(7.93631912875807,12.4550296605213,-1.49826763474428));
#2984=CARTESIAN_POINT('Ctrl Pts',(7.87104842427316,12.4377240995475,-1.63437048072881));
#2985=CARTESIAN_POINT('Ctrl Pts',(7.71697844753406,12.3984940871069,-1.91113786017201));
#2986=CARTESIAN_POINT('Ctrl Pts',(7.61324823081357,12.3730623561507,-2.06923761065878));
#2987=CARTESIAN_POINT('Ctrl Pts',(7.37974884495752,12.3200686392733,-2.3643868257169));
#2988=CARTESIAN_POINT('Ctrl Pts',(7.24993365894474,12.2926298914791,-2.50142199770906));
#2989=CARTESIAN_POINT('Ctrl Pts',(6.9853502893668,12.2415811493187,-2.74074436367453));
#2990=CARTESIAN_POINT('Ctrl Pts',(6.83243244336624,12.2146571916354,-2.85750571463995));
#2991=CARTESIAN_POINT('Ctrl Pts',(6.50206025969189,12.1645833898816,-3.06367429178738));
#2992=CARTESIAN_POINT('Ctrl Pts',(6.32460429879353,12.141478023805,-3.15308971709453));
#2993=CARTESIAN_POINT('Ctrl Pts',(5.96481162935492,12.1041830869955,-3.29327937365677));
#2994=CARTESIAN_POINT('Ctrl Pts',(5.78287617402855,12.0896085185834,-3.34584386090568));
#2995=CARTESIAN_POINT('Ctrl Pts',(5.6,12.0796334545455,-3.38147772487507));
#2996=CARTESIAN_POINT('',(5.6,3.38147772487506,-12.0796334545455));
#2997=CARTESIAN_POINT('Origin',(5.6,0.,3.42889779070266E-16));
#2998=CARTESIAN_POINT('Ctrl Pts',(5.6,3.38147772487507,-12.0796334545455));
#2999=CARTESIAN_POINT('Ctrl Pts',(5.78287617402856,3.34584386090568,-12.0896085185834));
#3000=CARTESIAN_POINT('Ctrl Pts',(5.96481162935492,3.29327937365677,-12.1041830869955));
#3001=CARTESIAN_POINT('Ctrl Pts',(6.32460429879353,3.15308971709453,-12.141478023805));
#3002=CARTESIAN_POINT('Ctrl Pts',(6.50206025969189,3.06367429178738,-12.1645833898816));
#3003=CARTESIAN_POINT('Ctrl Pts',(6.83243244336624,2.85750571463995,-12.2146571916354));
#3004=CARTESIAN_POINT('Ctrl Pts',(6.9853502893668,2.74074436367452,-12.2415811493187));
#3005=CARTESIAN_POINT('Ctrl Pts',(7.24993365894474,2.50142199770906,-12.2926298914791));
#3006=CARTESIAN_POINT('Ctrl Pts',(7.37974884495752,2.3643868257169,-12.3200686392733));
#3007=CARTESIAN_POINT('Ctrl Pts',(7.61324823081357,2.06923761065878,-12.3730623561507));
#3008=CARTESIAN_POINT('Ctrl Pts',(7.71697844753406,1.91113786017201,-12.3984940871069));
#3009=CARTESIAN_POINT('Ctrl Pts',(7.87104842427316,1.63437048072881,-12.4377240995475));
#3010=CARTESIAN_POINT('Ctrl Pts',(7.93631912875807,1.49826763474428,-12.4550296605213));
#3011=CARTESIAN_POINT('Ctrl Pts',(8.05039794991545,1.21266073913495,-12.486073189026));
#3012=CARTESIAN_POINT('Ctrl Pts',(8.09920990623992,1.06315666028468,-12.4997967759314));
#3013=CARTESIAN_POINT('Ctrl Pts',(8.17690079832792,0.758770572206631,-12.5219602598866));
#3014=CARTESIAN_POINT('Ctrl Pts',(8.2058114300247,0.603776802699666,-12.5304004382336));
#3015=CARTESIAN_POINT('Ctrl Pts',(8.24340311707203,0.2970834010433,-12.5414202952774));
#3016=CARTESIAN_POINT('Ctrl Pts',(8.25208609972122,0.145384006062849,-12.544));
#3017=CARTESIAN_POINT('Ctrl Pts',(8.25208609972122,5.06539254985228E-15,
-12.544));
#3018=CARTESIAN_POINT('Origin',(5.,0.,3.06151588455594E-16));
#3019=CARTESIAN_POINT('',(8.21691529263672,-5.67646407309552E-16,-9.384));
#3020=CARTESIAN_POINT('',(7.52755692319679,-5.74585301213459E-16,-9.384));
#3021=CARTESIAN_POINT('',(5.,-1.14917060242692E-15,-9.384));
#3022=CARTESIAN_POINT('',(5.6,2.88357375984722,-8.92997527272727));
#3023=CARTESIAN_POINT('Ctrl Pts',(5.59999999999999,2.88357375984723,-8.92997527272727));
#3024=CARTESIAN_POINT('Ctrl Pts',(5.67408119078395,2.87106006064862,-8.93401606495185));
#3025=CARTESIAN_POINT('Ctrl Pts',(5.74795441511364,2.85617203183892,-8.93879553888797));
#3026=CARTESIAN_POINT('Ctrl Pts',(6.09315140308329,2.77496219613441,-8.9645714200891));
#3027=CARTESIAN_POINT('Ctrl Pts',(6.35860770155796,2.67804664800165,-8.99473082214362));
#3028=CARTESIAN_POINT('Ctrl Pts',(6.85334657203862,2.4222557491268,-9.06696177456287));
#3029=CARTESIAN_POINT('Ctrl Pts',(7.08315323197051,2.26311084838595,-9.10899981987073));
#3030=CARTESIAN_POINT('Ctrl Pts',(7.48805981375978,1.89258215479769,-9.19313228716233));
#3031=CARTESIAN_POINT('Ctrl Pts',(7.66316618604641,1.68117530396431,-9.23509406108253));
#3032=CARTESIAN_POINT('Ctrl Pts',(7.92986431849343,1.24706606768464,-9.30307841000647));
#3033=CARTESIAN_POINT('Ctrl Pts',(8.03906131373085,1.00721425885783,-9.33319076674035));
#3034=CARTESIAN_POINT('Ctrl Pts',(8.1467309842232,0.630529520721831,-9.36364018339016));
#3035=CARTESIAN_POINT('Ctrl Pts',(8.17365084825401,0.502200989728169,-9.37141853831911));
#3036=CARTESIAN_POINT('Ctrl Pts',(8.20874290167991,0.247569143571398,-9.38159905211715));
#3037=CARTESIAN_POINT('Ctrl Pts',(8.21691529263672,0.12126580777116,-9.384));
#3038=CARTESIAN_POINT('Ctrl Pts',(8.21691529263672,-6.24500451351651E-16,
-9.384));
#3039=CARTESIAN_POINT('',(5.6,8.92997527272727,-2.88357375984723));
#3040=CARTESIAN_POINT('Origin',(5.6,0.,3.42889779070266E-16));
#3041=CARTESIAN_POINT('',(5.6,8.92997527272727,2.88357375984723));
#3042=CARTESIAN_POINT('Ctrl Pts',(5.59999999999999,8.92997527272727,2.88357375984723));
#3043=CARTESIAN_POINT('Ctrl Pts',(5.67408119078395,8.93401606495185,2.87106006064862));
#3044=CARTESIAN_POINT('Ctrl Pts',(5.74795441511364,8.93879553888797,2.85617203183892));
#3045=CARTESIAN_POINT('Ctrl Pts',(6.09315140308329,8.9645714200891,2.77496219613442));
#3046=CARTESIAN_POINT('Ctrl Pts',(6.35860770155796,8.99473082214362,2.67804664800165));
#3047=CARTESIAN_POINT('Ctrl Pts',(6.85334657203862,9.06696177456287,2.4222557491268));
#3048=CARTESIAN_POINT('Ctrl Pts',(7.0831532319705,9.10899981987073,2.26311084838595));
#3049=CARTESIAN_POINT('Ctrl Pts',(7.48805981375978,9.19313228716233,1.89258215479769));
#3050=CARTESIAN_POINT('Ctrl Pts',(7.66316618604641,9.23509406108253,1.68117530396431));
#3051=CARTESIAN_POINT('Ctrl Pts',(7.92986431849343,9.30307841000647,1.24706606768464));
#3052=CARTESIAN_POINT('Ctrl Pts',(8.03906131373085,9.33319076674035,1.00721425885783));
#3053=CARTESIAN_POINT('Ctrl Pts',(8.1467309842232,9.36364018339016,0.630529520721831));
#3054=CARTESIAN_POINT('Ctrl Pts',(8.17365084825401,9.37141853831911,0.502200989728169));
#3055=CARTESIAN_POINT('Ctrl Pts',(8.20874290167991,9.38159905211715,0.247569143571398));
#3056=CARTESIAN_POINT('Ctrl Pts',(8.21691529263672,9.384,0.12126580777116));
#3057=CARTESIAN_POINT('Ctrl Pts',(8.21691529263672,9.384,-0.12126580777116));
#3058=CARTESIAN_POINT('Ctrl Pts',(8.20874290167991,9.38159905211715,-0.247569143571399));
#3059=CARTESIAN_POINT('Ctrl Pts',(8.17365084825401,9.37141853831911,-0.502200989728169));
#3060=CARTESIAN_POINT('Ctrl Pts',(8.1467309842232,9.36364018339016,-0.630529520721831));
#3061=CARTESIAN_POINT('Ctrl Pts',(8.03906131373085,9.33319076674035,-1.00721425885783));
#3062=CARTESIAN_POINT('Ctrl Pts',(7.92986431849343,9.30307841000647,-1.24706606768464));
#3063=CARTESIAN_POINT('Ctrl Pts',(7.66316618604641,9.23509406108253,-1.68117530396431));
#3064=CARTESIAN_POINT('Ctrl Pts',(7.48805981375978,9.19313228716233,-1.89258215479769));
#3065=CARTESIAN_POINT('Ctrl Pts',(7.0831532319705,9.10899981987073,-2.26311084838595));
#3066=CARTESIAN_POINT('Ctrl Pts',(6.85334657203862,9.06696177456287,-2.4222557491268));
#3067=CARTESIAN_POINT('Ctrl Pts',(6.35860770155796,8.99473082214362,-2.67804664800165));
#3068=CARTESIAN_POINT('Ctrl Pts',(6.09315140308329,8.9645714200891,-2.77496219613441));
#3069=CARTESIAN_POINT('Ctrl Pts',(5.74795441511364,8.93879553888797,-2.85617203183892));
#3070=CARTESIAN_POINT('Ctrl Pts',(5.67408116864423,8.93401606374423,-2.87106006438843));
#3071=CARTESIAN_POINT('Ctrl Pts',(5.6,8.92997527272727,-2.88357375984723));
#3072=CARTESIAN_POINT('',(5.6,2.88357375984722,8.92997527272727));
#3073=CARTESIAN_POINT('Origin',(5.6,0.,3.42889779070266E-16));
#3074=CARTESIAN_POINT('',(8.21691529263672,1.12622736657408E-15,9.384));
#3075=CARTESIAN_POINT('Ctrl Pts',(8.21691529263672,1.11022302462516E-15,
9.384));
#3076=CARTESIAN_POINT('Ctrl Pts',(8.21691529263672,0.121265807771162,9.384));
#3077=CARTESIAN_POINT('Ctrl Pts',(8.20874290167991,0.247569143571401,9.38159905211715));
#3078=CARTESIAN_POINT('Ctrl Pts',(8.17365084825401,0.502200989728171,9.37141853831911));
#3079=CARTESIAN_POINT('Ctrl Pts',(8.14673098422319,0.630529520721832,9.36364018339016));
#3080=CARTESIAN_POINT('Ctrl Pts',(8.03906131373085,1.00721425885783,9.33319076674035));
#3081=CARTESIAN_POINT('Ctrl Pts',(7.92986431849343,1.24706606768464,9.30307841000647));
#3082=CARTESIAN_POINT('Ctrl Pts',(7.66316618604641,1.68117530396431,9.23509406108253));
#3083=CARTESIAN_POINT('Ctrl Pts',(7.48805981375978,1.89258215479769,9.19313228716233));
#3084=CARTESIAN_POINT('Ctrl Pts',(7.0831532319705,2.26311084838595,9.10899981987073));
#3085=CARTESIAN_POINT('Ctrl Pts',(6.85334657203861,2.4222557491268,9.06696177456287));
#3086=CARTESIAN_POINT('Ctrl Pts',(6.35860770155795,2.67804664800165,8.99473082214362));
#3087=CARTESIAN_POINT('Ctrl Pts',(6.09315140308328,2.77496219613441,8.9645714200891));
#3088=CARTESIAN_POINT('Ctrl Pts',(5.74795441511364,2.85617203183892,8.93879553888797));
#3089=CARTESIAN_POINT('Ctrl Pts',(5.67408116864423,2.87106006438843,8.93401606374423));
#3090=CARTESIAN_POINT('Ctrl Pts',(5.6,2.88357375984723,8.92997527272727));
#3091=CARTESIAN_POINT('',(7.52755692319678,1.14357460133384E-15,9.384));
#3092=CARTESIAN_POINT('',(5.,1.14917060242692E-15,9.384));
#3093=CARTESIAN_POINT('',(5.,2.31639448432081,9.09361163636363));
#3094=CARTESIAN_POINT('Ctrl Pts',(7.52755692319679,-2.42861286636753E-16,
9.384));
#3095=CARTESIAN_POINT('Ctrl Pts',(7.52755692319679,0.190430620855706,9.384));
#3096=CARTESIAN_POINT('Ctrl Pts',(7.50064151938283,0.396604026271471,9.3777038447634));
#3097=CARTESIAN_POINT('Ctrl Pts',(7.38786346242927,0.791627346398934,9.35264399517284));
#3098=CARTESIAN_POINT('Ctrl Pts',(7.30206282991022,0.980505915281254,9.33405321255339));
#3099=CARTESIAN_POINT('Ctrl Pts',(7.0925275755021,1.32278505607,9.29208566231536));
#3100=CARTESIAN_POINT('Ctrl Pts',(6.95488667013763,1.48989019304772,9.26616847367295));
#3101=CARTESIAN_POINT('Ctrl Pts',(6.636569315566,1.78328327924554,9.21420380126447));
#3102=CARTESIAN_POINT('Ctrl Pts',(6.45589421161673,1.90958751902502,9.18824008863682));
#3103=CARTESIAN_POINT('Ctrl Pts',(6.06703323068885,2.11282186892018,9.14364597679315));
#3104=CARTESIAN_POINT('Ctrl Pts',(5.8584385622793,2.1899583990416,9.12503620937846));
#3105=CARTESIAN_POINT('Ctrl Pts',(5.43146708038803,2.29176078019898,9.10000198532575));
#3106=CARTESIAN_POINT('Ctrl Pts',(5.21308060368698,2.31639448432081,9.09361163636364));
#3107=CARTESIAN_POINT('Ctrl Pts',(5.,2.31639448432081,9.09361163636364));
#3108=CARTESIAN_POINT('',(5.,9.09361163636363,2.31639448432081));
#3109=CARTESIAN_POINT('Origin',(5.,0.,3.06151588455594E-16));
#3110=CARTESIAN_POINT('',(5.,9.09361163636363,-2.31639448432081));
#3111=CARTESIAN_POINT('Ctrl Pts',(5.,9.09361163636364,2.31639448432081));
#3112=CARTESIAN_POINT('Ctrl Pts',(5.21308060368698,9.09361163636364,2.31639448432081));
#3113=CARTESIAN_POINT('Ctrl Pts',(5.43146708038803,9.10000198532575,2.29176078019898));
#3114=CARTESIAN_POINT('Ctrl Pts',(5.8584385622793,9.12503620937846,2.1899583990416));
#3115=CARTESIAN_POINT('Ctrl Pts',(6.06703323068886,9.14364597679315,2.11282186892018));
#3116=CARTESIAN_POINT('Ctrl Pts',(6.45589421161673,9.18824008863682,1.90958751902502));
#3117=CARTESIAN_POINT('Ctrl Pts',(6.63656931556601,9.21420380126447,1.78328327924554));
#3118=CARTESIAN_POINT('Ctrl Pts',(6.95488667013763,9.26616847367295,1.48989019304772));
#3119=CARTESIAN_POINT('Ctrl Pts',(7.09252757550211,9.29208566231536,1.32278505607));
#3120=CARTESIAN_POINT('Ctrl Pts',(7.30206282991023,9.33405321255339,0.980505915281249));
#3121=CARTESIAN_POINT('Ctrl Pts',(7.38786346242927,9.35264399517284,0.79162734639893));
#3122=CARTESIAN_POINT('Ctrl Pts',(7.50064151938283,9.3777038447634,0.396604026271468));
#3123=CARTESIAN_POINT('Ctrl Pts',(7.52755692319678,9.384,0.190430620855704));
#3124=CARTESIAN_POINT('Ctrl Pts',(7.52755692319678,9.384,-0.190430620855704));
#3125=CARTESIAN_POINT('Ctrl Pts',(7.50064151938283,9.3777038447634,-0.396604026271468));
#3126=CARTESIAN_POINT('Ctrl Pts',(7.38786346242927,9.35264399517284,-0.79162734639893));
#3127=CARTESIAN_POINT('Ctrl Pts',(7.30206282991023,9.33405321255339,-0.980505915281249));
#3128=CARTESIAN_POINT('Ctrl Pts',(7.09252757550211,9.29208566231536,-1.32278505607));
#3129=CARTESIAN_POINT('Ctrl Pts',(6.95488667013763,9.26616847367295,-1.48989019304772));
#3130=CARTESIAN_POINT('Ctrl Pts',(6.63656931556601,9.21420380126447,-1.78328327924554));
#3131=CARTESIAN_POINT('Ctrl Pts',(6.45589421161673,9.18824008863682,-1.90958751902502));
#3132=CARTESIAN_POINT('Ctrl Pts',(6.06703323068886,9.14364597679315,-2.11282186892018));
#3133=CARTESIAN_POINT('Ctrl Pts',(5.8584385622793,9.12503620937846,-2.1899583990416));
#3134=CARTESIAN_POINT('Ctrl Pts',(5.43146708038803,9.10000198532575,-2.29176078019898));
#3135=CARTESIAN_POINT('Ctrl Pts',(5.21308060368698,9.09361163636364,-2.31639448432081));
#3136=CARTESIAN_POINT('Ctrl Pts',(5.,9.09361163636364,-2.31639448432081));
#3137=CARTESIAN_POINT('',(5.,2.31639448432081,-9.09361163636363));
#3138=CARTESIAN_POINT('Origin',(5.,0.,3.06151588455594E-16));
#3139=CARTESIAN_POINT('Ctrl Pts',(5.,2.31639448432081,-9.09361163636364));
#3140=CARTESIAN_POINT('Ctrl Pts',(5.21308060368698,2.31639448432081,-9.09361163636364));
#3141=CARTESIAN_POINT('Ctrl Pts',(5.43146708038803,2.29176078019898,-9.10000198532575));
#3142=CARTESIAN_POINT('Ctrl Pts',(5.8584385622793,2.1899583990416,-9.12503620937846));
#3143=CARTESIAN_POINT('Ctrl Pts',(6.06703323068886,2.11282186892018,-9.14364597679315));
#3144=CARTESIAN_POINT('Ctrl Pts',(6.45589421161673,1.90958751902502,-9.18824008863682));
#3145=CARTESIAN_POINT('Ctrl Pts',(6.63656931556601,1.78328327924554,-9.21420380126447));
#3146=CARTESIAN_POINT('Ctrl Pts',(6.95488667013764,1.48989019304772,-9.26616847367295));
#3147=CARTESIAN_POINT('Ctrl Pts',(7.09252757550211,1.32278505607,-9.29208566231536));
#3148=CARTESIAN_POINT('Ctrl Pts',(7.30206282991023,0.980505915281249,-9.33405321255339));
#3149=CARTESIAN_POINT('Ctrl Pts',(7.38786346242927,0.791627346398929,-9.35264399517283));
#3150=CARTESIAN_POINT('Ctrl Pts',(7.50064151938283,0.396604026271468,-9.3777038447634));
#3151=CARTESIAN_POINT('Ctrl Pts',(7.52755692319679,0.190430620855704,-9.384));
#3152=CARTESIAN_POINT('Ctrl Pts',(7.52755692319679,-4.85722573273506E-16,
-9.384));
#3153=CARTESIAN_POINT('Origin',(5.,-11.,0.));
#3154=CARTESIAN_POINT('',(5.,-12.2432698181818,2.73025276470846));
#3155=CARTESIAN_POINT('',(5.,-12.2432698181818,-2.73025276470846));
#3156=CARTESIAN_POINT('Ctrl Pts',(5.,-12.2432698181818,2.73025276470845));
#3157=CARTESIAN_POINT('Ctrl Pts',(5.14757504663591,-12.2432698181818,2.73025276470845));
#3158=CARTESIAN_POINT('Ctrl Pts',(5.30025322827457,-12.2463156182351,2.71671532320967));
#3159=CARTESIAN_POINT('Ctrl Pts',(5.60451888922854,-12.258828849597,2.65968111033941));
#3160=CARTESIAN_POINT('Ctrl Pts',(5.75610847015838,-12.2682885915606,2.61619386428826));
#3161=CARTESIAN_POINT('Ctrl Pts',(6.04790575744841,-12.2922162114737,2.50135904899285));
#3162=CARTESIAN_POINT('Ctrl Pts',(6.18834026170487,-12.3066817388727,2.42992528506894));
#3163=CARTESIAN_POINT('Ctrl Pts',(6.44980016714232,-12.3380348275437,2.26535845087344));
#3164=CARTESIAN_POINT('Ctrl Pts',(6.57082621859409,-12.3548944335606,2.17222108894871));
#3165=CARTESIAN_POINT('Ctrl Pts',(6.78002879451151,-12.3868309116509,1.98167112471511));
#3166=CARTESIAN_POINT('Ctrl Pts',(6.88258293411055,-12.4039794215765,1.87275964144168));
#3167=CARTESIAN_POINT('Ctrl Pts',(7.06705202406728,-12.4370969489431,1.63846076662373));
#3168=CARTESIAN_POINT('Ctrl Pts',(7.14900137484863,-12.4529886664272,1.51308954112533));
#3169=CARTESIAN_POINT('Ctrl Pts',(7.32631366200742,-12.4886973527536,1.19368457224972));
#3170=CARTESIAN_POINT('Ctrl Pts',(7.42055869046695,-12.5094211190018,0.961546559928348));
#3171=CARTESIAN_POINT('Ctrl Pts',(7.54345230182207,-12.5371504521702,0.479632308276685));
#3172=CARTESIAN_POINT('Ctrl Pts',(7.5721710674059,-12.544,0.229865004219655));
#3173=CARTESIAN_POINT('Ctrl Pts',(7.5721710674059,-12.544,-0.229865004219656));
#3174=CARTESIAN_POINT('Ctrl Pts',(7.54345230182207,-12.5371504521702,-0.479632308276685));
#3175=CARTESIAN_POINT('Ctrl Pts',(7.42055869046695,-12.5094211190018,-0.961546559928348));
#3176=CARTESIAN_POINT('Ctrl Pts',(7.32631366200742,-12.4886973527536,-1.19368457224972));
#3177=CARTESIAN_POINT('Ctrl Pts',(7.14900137484863,-12.4529886664272,-1.51308954112533));
#3178=CARTESIAN_POINT('Ctrl Pts',(7.06705202406728,-12.4370969489431,-1.63846076662373));
#3179=CARTESIAN_POINT('Ctrl Pts',(6.88258293411055,-12.4039794215765,-1.87275964144168));
#3180=CARTESIAN_POINT('Ctrl Pts',(6.78002879451151,-12.3868309116509,-1.98167112471511));
#3181=CARTESIAN_POINT('Ctrl Pts',(6.57082621859409,-12.3548944335606,-2.17222108894871));
#3182=CARTESIAN_POINT('Ctrl Pts',(6.44980016714232,-12.3380348275437,-2.26535845087344));
#3183=CARTESIAN_POINT('Ctrl Pts',(6.18834026170487,-12.3066817388727,-2.42992528506894));
#3184=CARTESIAN_POINT('Ctrl Pts',(6.04790575744841,-12.2922162114737,-2.50135904899285));
#3185=CARTESIAN_POINT('Ctrl Pts',(5.75610847015838,-12.2682885915606,-2.61619386428826));
#3186=CARTESIAN_POINT('Ctrl Pts',(5.60451888922854,-12.258828849597,-2.65968111033941));
#3187=CARTESIAN_POINT('Ctrl Pts',(5.30025322827457,-12.2463156182351,-2.71671532320967));
#3188=CARTESIAN_POINT('Ctrl Pts',(5.14757504663591,-12.2432698181818,-2.73025276470845));
#3189=CARTESIAN_POINT('Ctrl Pts',(5.,-12.2432698181818,-2.73025276470845));
#3190=CARTESIAN_POINT('',(5.,-9.09361163636363,2.31639448432081));
#3191=CARTESIAN_POINT('Origin',(5.,-11.,1.14780878032578E-48));
#3192=CARTESIAN_POINT('',(7.52755692319678,-9.384,3.12250225675825E-16));
#3193=CARTESIAN_POINT('Ctrl Pts',(7.52755692319678,-9.384,3.12250225675825E-16));
#3194=CARTESIAN_POINT('Ctrl Pts',(7.52755692319678,-9.384,0.190430620855704));
#3195=CARTESIAN_POINT('Ctrl Pts',(7.50064151938283,-9.3777038447634,0.396604026271468));
#3196=CARTESIAN_POINT('Ctrl Pts',(7.38786346242927,-9.35264399517284,0.79162734639893));
#3197=CARTESIAN_POINT('Ctrl Pts',(7.30206282991023,-9.33405321255339,0.980505915281249));
#3198=CARTESIAN_POINT('Ctrl Pts',(7.09252757550211,-9.29208566231536,1.32278505607));
#3199=CARTESIAN_POINT('Ctrl Pts',(6.95488667013763,-9.26616847367295,1.48989019304772));
#3200=CARTESIAN_POINT('Ctrl Pts',(6.63656931556601,-9.21420380126447,1.78328327924554));
#3201=CARTESIAN_POINT('Ctrl Pts',(6.45589421161673,-9.18824008863682,1.90958751902502));
#3202=CARTESIAN_POINT('Ctrl Pts',(6.06703323068886,-9.14364597679315,2.11282186892018));
#3203=CARTESIAN_POINT('Ctrl Pts',(5.8584385622793,-9.12503620937846,2.1899583990416));
#3204=CARTESIAN_POINT('Ctrl Pts',(5.43146708038803,-9.10000198532575,2.29176078019898));
#3205=CARTESIAN_POINT('Ctrl Pts',(5.21308060368698,-9.09361163636364,2.31639448432081));
#3206=CARTESIAN_POINT('Ctrl Pts',(5.,-9.09361163636364,2.31639448432081));
#3207=CARTESIAN_POINT('',(8.,-11.,-2.24963967399279E-32));
#3208=CARTESIAN_POINT('Origin',(5.,-11.,0.));
#3209=CARTESIAN_POINT('',(5.,-9.09361163636363,-2.31639448432081));
#3210=CARTESIAN_POINT('Ctrl Pts',(5.,-9.09361163636364,-2.31639448432081));
#3211=CARTESIAN_POINT('Ctrl Pts',(5.21308060368698,-9.09361163636364,-2.31639448432081));
#3212=CARTESIAN_POINT('Ctrl Pts',(5.43146708038803,-9.10000198532575,-2.29176078019898));
#3213=CARTESIAN_POINT('Ctrl Pts',(5.8584385622793,-9.12503620937846,-2.1899583990416));
#3214=CARTESIAN_POINT('Ctrl Pts',(6.06703323068886,-9.14364597679315,-2.11282186892018));
#3215=CARTESIAN_POINT('Ctrl Pts',(6.45589421161673,-9.18824008863682,-1.90958751902502));
#3216=CARTESIAN_POINT('Ctrl Pts',(6.63656931556601,-9.21420380126447,-1.78328327924554));
#3217=CARTESIAN_POINT('Ctrl Pts',(6.95488667013763,-9.26616847367295,-1.48989019304772));
#3218=CARTESIAN_POINT('Ctrl Pts',(7.09252757550211,-9.29208566231536,-1.32278505607));
#3219=CARTESIAN_POINT('Ctrl Pts',(7.30206282991023,-9.33405321255339,-0.980505915281249));
#3220=CARTESIAN_POINT('Ctrl Pts',(7.38786346242927,-9.35264399517284,-0.79162734639893));
#3221=CARTESIAN_POINT('Ctrl Pts',(7.50064151938283,-9.3777038447634,-0.396604026271468));
#3222=CARTESIAN_POINT('Ctrl Pts',(7.52755692319678,-9.384,-0.190430620855704));
#3223=CARTESIAN_POINT('Ctrl Pts',(7.52755692319678,-9.384,3.12250225675825E-16));
#3224=CARTESIAN_POINT('Origin',(5.,-11.,1.14780878032578E-48));
#3225=CARTESIAN_POINT('Origin',(5.,0.,3.06151588455594E-16));
#3226=CARTESIAN_POINT('',(5.,-2.31639448432081,-9.09361163636363));
#3227=CARTESIAN_POINT('Ctrl Pts',(7.52755692319679,-6.59194920871187E-16,
-9.384));
#3228=CARTESIAN_POINT('Ctrl Pts',(7.52755692319679,-0.190430620855704,-9.384));
#3229=CARTESIAN_POINT('Ctrl Pts',(7.50064151938283,-0.396604026271468,-9.3777038447634));
#3230=CARTESIAN_POINT('Ctrl Pts',(7.38786346242927,-0.791627346398929,-9.35264399517283));
#3231=CARTESIAN_POINT('Ctrl Pts',(7.30206282991023,-0.980505915281249,-9.33405321255339));
#3232=CARTESIAN_POINT('Ctrl Pts',(7.09252757550211,-1.32278505607,-9.29208566231536));
#3233=CARTESIAN_POINT('Ctrl Pts',(6.95488667013764,-1.48989019304772,-9.26616847367295));
#3234=CARTESIAN_POINT('Ctrl Pts',(6.63656931556601,-1.78328327924554,-9.21420380126447));
#3235=CARTESIAN_POINT('Ctrl Pts',(6.45589421161673,-1.90958751902502,-9.18824008863682));
#3236=CARTESIAN_POINT('Ctrl Pts',(6.06703323068886,-2.11282186892018,-9.14364597679315));
#3237=CARTESIAN_POINT('Ctrl Pts',(5.8584385622793,-2.1899583990416,-9.12503620937846));
#3238=CARTESIAN_POINT('Ctrl Pts',(5.43146708038803,-2.29176078019898,-9.10000198532575));
#3239=CARTESIAN_POINT('Ctrl Pts',(5.21308060368698,-2.31639448432081,-9.09361163636364));
#3240=CARTESIAN_POINT('Ctrl Pts',(5.,-2.31639448432081,-9.09361163636364));
#3241=CARTESIAN_POINT('Origin',(5.,0.,3.06151588455594E-16));
#3242=CARTESIAN_POINT('',(5.,-2.31639448432081,9.09361163636363));
#3243=CARTESIAN_POINT('Origin',(5.,0.,3.06151588455594E-16));
#3244=CARTESIAN_POINT('Ctrl Pts',(5.,-2.31639448432081,9.09361163636364));
#3245=CARTESIAN_POINT('Ctrl Pts',(5.21308060368698,-2.31639448432081,9.09361163636364));
#3246=CARTESIAN_POINT('Ctrl Pts',(5.43146708038803,-2.29176078019898,9.10000198532575));
#3247=CARTESIAN_POINT('Ctrl Pts',(5.8584385622793,-2.1899583990416,9.12503620937846));
#3248=CARTESIAN_POINT('Ctrl Pts',(6.06703323068885,-2.11282186892018,9.14364597679315));
#3249=CARTESIAN_POINT('Ctrl Pts',(6.45589421161673,-1.90958751902502,9.18824008863682));
#3250=CARTESIAN_POINT('Ctrl Pts',(6.63656931556601,-1.78328327924554,9.21420380126447));
#3251=CARTESIAN_POINT('Ctrl Pts',(6.95488667013763,-1.48989019304772,9.26616847367295));
#3252=CARTESIAN_POINT('Ctrl Pts',(7.09252757550211,-1.32278505607,9.29208566231536));
#3253=CARTESIAN_POINT('Ctrl Pts',(7.30206282991022,-0.980505915281251,9.33405321255339));
#3254=CARTESIAN_POINT('Ctrl Pts',(7.38786346242927,-0.791627346398932,9.35264399517284));
#3255=CARTESIAN_POINT('Ctrl Pts',(7.50064151938283,-0.396604026271468,9.3777038447634));
#3256=CARTESIAN_POINT('Ctrl Pts',(7.52755692319679,-0.190430620855704,9.384));
#3257=CARTESIAN_POINT('Ctrl Pts',(7.52755692319679,-1.73472347597681E-16,
9.384));
#3258=CARTESIAN_POINT('',(5.6,-2.88357375984722,8.92997527272727));
#3259=CARTESIAN_POINT('Ctrl Pts',(5.59999999999999,-2.88357375984723,8.92997527272727));
#3260=CARTESIAN_POINT('Ctrl Pts',(5.67408119078396,-2.87106006064862,8.93401606495185));
#3261=CARTESIAN_POINT('Ctrl Pts',(5.74795441511364,-2.85617203183892,8.93879553888797));
#3262=CARTESIAN_POINT('Ctrl Pts',(6.09315140308328,-2.77496219613442,8.9645714200891));
#3263=CARTESIAN_POINT('Ctrl Pts',(6.35860770155796,-2.67804664800165,8.99473082214362));
#3264=CARTESIAN_POINT('Ctrl Pts',(6.85334657203861,-2.4222557491268,9.06696177456287));
#3265=CARTESIAN_POINT('Ctrl Pts',(7.0831532319705,-2.26311084838595,9.10899981987073));
#3266=CARTESIAN_POINT('Ctrl Pts',(7.48805981375978,-1.89258215479769,9.19313228716233));
#3267=CARTESIAN_POINT('Ctrl Pts',(7.66316618604641,-1.68117530396431,9.23509406108253));
#3268=CARTESIAN_POINT('Ctrl Pts',(7.92986431849343,-1.24706606768464,9.30307841000647));
#3269=CARTESIAN_POINT('Ctrl Pts',(8.03906131373085,-1.00721425885783,9.33319076674035));
#3270=CARTESIAN_POINT('Ctrl Pts',(8.14673098422319,-0.630529520721829,9.36364018339016));
#3271=CARTESIAN_POINT('Ctrl Pts',(8.17365084825401,-0.502200989728167,9.37141853831911));
#3272=CARTESIAN_POINT('Ctrl Pts',(8.20874290167991,-0.247569143571397,9.38159905211715));
#3273=CARTESIAN_POINT('Ctrl Pts',(8.21691529263672,-0.121265807771159,9.384));
#3274=CARTESIAN_POINT('Ctrl Pts',(8.21691529263672,1.11022302462516E-15,
9.384));
#3275=CARTESIAN_POINT('',(5.6,-8.92997527272727,2.88357375984723));
#3276=CARTESIAN_POINT('Origin',(5.6,0.,3.42889779070266E-16));
#3277=CARTESIAN_POINT('',(5.6,-8.92997527272727,-2.88357375984723));
#3278=CARTESIAN_POINT('Ctrl Pts',(5.59999999999999,-8.92997527272727,-2.88357375984723));
#3279=CARTESIAN_POINT('Ctrl Pts',(5.67408119078395,-8.93401606495185,-2.87106006064862));
#3280=CARTESIAN_POINT('Ctrl Pts',(5.74795441511364,-8.93879553888797,-2.85617203183892));
#3281=CARTESIAN_POINT('Ctrl Pts',(6.09315140308329,-8.9645714200891,-2.77496219613442));
#3282=CARTESIAN_POINT('Ctrl Pts',(6.35860770155796,-8.99473082214362,-2.67804664800165));
#3283=CARTESIAN_POINT('Ctrl Pts',(6.85334657203862,-9.06696177456287,-2.4222557491268));
#3284=CARTESIAN_POINT('Ctrl Pts',(7.0831532319705,-9.10899981987073,-2.26311084838595));
#3285=CARTESIAN_POINT('Ctrl Pts',(7.48805981375978,-9.19313228716233,-1.89258215479769));
#3286=CARTESIAN_POINT('Ctrl Pts',(7.66316618604641,-9.23509406108253,-1.68117530396431));
#3287=CARTESIAN_POINT('Ctrl Pts',(7.92986431849343,-9.30307841000647,-1.24706606768464));
#3288=CARTESIAN_POINT('Ctrl Pts',(8.03906131373085,-9.33319076674035,-1.00721425885783));
#3289=CARTESIAN_POINT('Ctrl Pts',(8.1467309842232,-9.36364018339016,-0.630529520721831));
#3290=CARTESIAN_POINT('Ctrl Pts',(8.17365084825401,-9.37141853831911,-0.502200989728169));
#3291=CARTESIAN_POINT('Ctrl Pts',(8.20874290167991,-9.38159905211715,-0.247569143571399));
#3292=CARTESIAN_POINT('Ctrl Pts',(8.21691529263672,-9.384,-0.12126580777116));
#3293=CARTESIAN_POINT('Ctrl Pts',(8.21691529263672,-9.384,0.12126580777116));
#3294=CARTESIAN_POINT('Ctrl Pts',(8.20874290167991,-9.38159905211715,0.247569143571398));
#3295=CARTESIAN_POINT('Ctrl Pts',(8.17365084825401,-9.37141853831911,0.502200989728169));
#3296=CARTESIAN_POINT('Ctrl Pts',(8.1467309842232,-9.36364018339016,0.630529520721831));
#3297=CARTESIAN_POINT('Ctrl Pts',(8.03906131373085,-9.33319076674035,1.00721425885783));
#3298=CARTESIAN_POINT('Ctrl Pts',(7.92986431849343,-9.30307841000647,1.24706606768464));
#3299=CARTESIAN_POINT('Ctrl Pts',(7.66316618604641,-9.23509406108253,1.68117530396431));
#3300=CARTESIAN_POINT('Ctrl Pts',(7.48805981375978,-9.19313228716233,1.89258215479769));
#3301=CARTESIAN_POINT('Ctrl Pts',(7.08315323197051,-9.10899981987073,2.26311084838595));
#3302=CARTESIAN_POINT('Ctrl Pts',(6.85334657203862,-9.06696177456287,2.4222557491268));
#3303=CARTESIAN_POINT('Ctrl Pts',(6.35860770155796,-8.99473082214362,2.67804664800165));
#3304=CARTESIAN_POINT('Ctrl Pts',(6.09315140308329,-8.9645714200891,2.77496219613441));
#3305=CARTESIAN_POINT('Ctrl Pts',(5.74795441511364,-8.93879553888797,2.85617203183892));
#3306=CARTESIAN_POINT('Ctrl Pts',(5.67408116864423,-8.93401606374423,2.87106006438843));
#3307=CARTESIAN_POINT('Ctrl Pts',(5.6,-8.92997527272727,2.88357375984723));
#3308=CARTESIAN_POINT('',(5.6,-2.88357375984722,-8.92997527272727));
#3309=CARTESIAN_POINT('Origin',(5.6,0.,3.42889779070266E-16));
#3310=CARTESIAN_POINT('Ctrl Pts',(8.21691529263672,6.93889390390723E-17,
-9.384));
#3311=CARTESIAN_POINT('Ctrl Pts',(8.21691529263672,-0.12126580777116,-9.384));
#3312=CARTESIAN_POINT('Ctrl Pts',(8.20874290167991,-0.247569143571398,-9.38159905211715));
#3313=CARTESIAN_POINT('Ctrl Pts',(8.17365084825401,-0.502200989728169,-9.37141853831911));
#3314=CARTESIAN_POINT('Ctrl Pts',(8.1467309842232,-0.630529520721831,-9.36364018339016));
#3315=CARTESIAN_POINT('Ctrl Pts',(8.03906131373085,-1.00721425885783,-9.33319076674035));
#3316=CARTESIAN_POINT('Ctrl Pts',(7.92986431849343,-1.24706606768464,-9.30307841000647));
#3317=CARTESIAN_POINT('Ctrl Pts',(7.66316618604641,-1.68117530396431,-9.23509406108253));
#3318=CARTESIAN_POINT('Ctrl Pts',(7.48805981375978,-1.89258215479769,-9.19313228716233));
#3319=CARTESIAN_POINT('Ctrl Pts',(7.08315323197051,-2.26311084838595,-9.10899981987073));
#3320=CARTESIAN_POINT('Ctrl Pts',(6.85334657203862,-2.4222557491268,-9.06696177456287));
#3321=CARTESIAN_POINT('Ctrl Pts',(6.35860770155796,-2.67804664800165,-8.99473082214362));
#3322=CARTESIAN_POINT('Ctrl Pts',(6.09315140308329,-2.77496219613441,-8.9645714200891));
#3323=CARTESIAN_POINT('Ctrl Pts',(5.74795441511364,-2.85617203183892,-8.93879553888797));
#3324=CARTESIAN_POINT('Ctrl Pts',(5.67408116864423,-2.87106006438843,-8.93401606374423));
#3325=CARTESIAN_POINT('Ctrl Pts',(5.6,-2.88357375984723,-8.92997527272727));
#3326=CARTESIAN_POINT('Origin',(5.,0.,3.06151588455594E-16));
#3327=CARTESIAN_POINT('',(5.,-2.73025276470846,12.2432698181818));
#3328=CARTESIAN_POINT('Origin',(5.,0.,3.06151588455594E-16));
#3329=CARTESIAN_POINT('Origin',(5.,0.,11.));
#3330=CARTESIAN_POINT('Origin',(5.,0.,11.));
#3331=CARTESIAN_POINT('Origin',(5.,0.,11.));
#3332=CARTESIAN_POINT('Ctrl Pts',(7.5721710674059,-2.08166817117217E-16,
12.544));
#3333=CARTESIAN_POINT('Ctrl Pts',(7.5721710674059,-0.229865004219656,12.544));
#3334=CARTESIAN_POINT('Ctrl Pts',(7.54345230182207,-0.479632308276685,12.5371504521702));
#3335=CARTESIAN_POINT('Ctrl Pts',(7.42055869046694,-0.961546559928346,12.5094211190018));
#3336=CARTESIAN_POINT('Ctrl Pts',(7.32631366200742,-1.19368457224972,12.4886973527536));
#3337=CARTESIAN_POINT('Ctrl Pts',(7.14900137484864,-1.51308954112533,12.4529886664272));
#3338=CARTESIAN_POINT('Ctrl Pts',(7.06705202406728,-1.63846076662373,12.4370969489431));
#3339=CARTESIAN_POINT('Ctrl Pts',(6.88258293411055,-1.87275964144168,12.4039794215765));
#3340=CARTESIAN_POINT('Ctrl Pts',(6.78002879451151,-1.98167112471511,12.3868309116509));
#3341=CARTESIAN_POINT('Ctrl Pts',(6.57082621859409,-2.17222108894871,12.3548944335606));
#3342=CARTESIAN_POINT('Ctrl Pts',(6.44980016714232,-2.26535845087344,12.3380348275437));
#3343=CARTESIAN_POINT('Ctrl Pts',(6.18834026170487,-2.42992528506894,12.3066817388727));
#3344=CARTESIAN_POINT('Ctrl Pts',(6.04790575744841,-2.50135904899285,12.2922162114737));
#3345=CARTESIAN_POINT('Ctrl Pts',(5.75610847015838,-2.61619386428826,12.2682885915606));
#3346=CARTESIAN_POINT('Ctrl Pts',(5.60451888922854,-2.65968111033941,12.258828849597));
#3347=CARTESIAN_POINT('Ctrl Pts',(5.30025322827457,-2.71671532320967,12.2463156182351));
#3348=CARTESIAN_POINT('Ctrl Pts',(5.14757504663591,-2.73025276470845,12.2432698181818));
#3349=CARTESIAN_POINT('Ctrl Pts',(5.,-2.73025276470845,12.2432698181818));
#3350=CARTESIAN_POINT('Origin',(5.,0.,3.06151588455594E-16));
#3351=CARTESIAN_POINT('Origin',(5.,11.,1.14780878032578E-48));
#3352=CARTESIAN_POINT('Origin',(5.,11.,0.));
#3353=CARTESIAN_POINT('Origin',(5.,11.,1.14780878032578E-48));
#3354=CARTESIAN_POINT('',(8.,11.,-2.24963967399279E-32));
#3355=CARTESIAN_POINT('Origin',(5.,11.,0.));
#3356=CARTESIAN_POINT('Origin',(5.,0.,3.06151588455594E-16));
#3357=CARTESIAN_POINT('Origin',(5.,0.,-11.));
#3358=CARTESIAN_POINT('Origin',(5.,0.,-11.));
#3359=CARTESIAN_POINT('',(5.,-2.73025276470846,-12.2432698181818));
#3360=CARTESIAN_POINT('Ctrl Pts',(5.,-2.73025276470845,-12.2432698181818));
#3361=CARTESIAN_POINT('Ctrl Pts',(5.14757504663591,-2.73025276470845,-12.2432698181818));
#3362=CARTESIAN_POINT('Ctrl Pts',(5.30025322827457,-2.71671532320967,-12.2463156182351));
#3363=CARTESIAN_POINT('Ctrl Pts',(5.60451888922854,-2.65968111033941,-12.258828849597));
#3364=CARTESIAN_POINT('Ctrl Pts',(5.75610847015838,-2.61619386428826,-12.2682885915606));
#3365=CARTESIAN_POINT('Ctrl Pts',(6.04790575744841,-2.50135904899285,-12.2922162114737));
#3366=CARTESIAN_POINT('Ctrl Pts',(6.18834026170487,-2.42992528506894,-12.3066817388727));
#3367=CARTESIAN_POINT('Ctrl Pts',(6.44980016714232,-2.26535845087344,-12.3380348275437));
#3368=CARTESIAN_POINT('Ctrl Pts',(6.5708262185941,-2.17222108894871,-12.3548944335606));
#3369=CARTESIAN_POINT('Ctrl Pts',(6.78002879451151,-1.98167112471511,-12.3868309116509));
#3370=CARTESIAN_POINT('Ctrl Pts',(6.88258293411055,-1.87275964144168,-12.4039794215765));
#3371=CARTESIAN_POINT('Ctrl Pts',(7.06705202406728,-1.63846076662373,-12.4370969489431));
#3372=CARTESIAN_POINT('Ctrl Pts',(7.14900137484864,-1.51308954112533,-12.4529886664272));
#3373=CARTESIAN_POINT('Ctrl Pts',(7.32631366200742,-1.19368457224972,-12.4886973527536));
#3374=CARTESIAN_POINT('Ctrl Pts',(7.42055869046695,-0.961546559928347,-12.5094211190018));
#3375=CARTESIAN_POINT('Ctrl Pts',(7.54345230182207,-0.479632308276685,-12.5371504521702));
#3376=CARTESIAN_POINT('Ctrl Pts',(7.5721710674059,-0.229865004219655,-12.544));
#3377=CARTESIAN_POINT('Ctrl Pts',(7.5721710674059,-6.93889390390723E-16,
-12.544));
#3378=CARTESIAN_POINT('Origin',(5.,0.,-11.));
#3379=CARTESIAN_POINT('Origin',(5.,11.,-5.43834468046346E-32));
#3380=CARTESIAN_POINT('Origin',(5.6,11.,3.67381906146712E-17));
#3381=CARTESIAN_POINT('Origin',(5.6,11.,3.67381906146712E-17));
#3382=CARTESIAN_POINT('Origin',(5.,-2.71917234023173E-32,-11.));
#3383=CARTESIAN_POINT('',(5.6,-3.38147772487506,-12.0796334545455));
#3384=CARTESIAN_POINT('Origin',(5.6,-2.71917234023173E-32,-11.));
#3385=CARTESIAN_POINT('Ctrl Pts',(8.25208609972122,4.9960036108132E-15,
-12.544));
#3386=CARTESIAN_POINT('Ctrl Pts',(8.25208609972122,-0.145384006062849,-12.544));
#3387=CARTESIAN_POINT('Ctrl Pts',(8.24340311707203,-0.2970834010433,-12.5414202952774));
#3388=CARTESIAN_POINT('Ctrl Pts',(8.2058114300247,-0.603776802699667,-12.5304004382336));
#3389=CARTESIAN_POINT('Ctrl Pts',(8.17690079832792,-0.758770572206631,-12.5219602598866));
#3390=CARTESIAN_POINT('Ctrl Pts',(8.09920990623992,-1.06315666028468,-12.4997967759314));
#3391=CARTESIAN_POINT('Ctrl Pts',(8.05039794991545,-1.21266073913495,-12.486073189026));
#3392=CARTESIAN_POINT('Ctrl Pts',(7.93631912875807,-1.49826763474428,-12.4550296605213));
#3393=CARTESIAN_POINT('Ctrl Pts',(7.87104842427316,-1.63437048072881,-12.4377240995475));
#3394=CARTESIAN_POINT('Ctrl Pts',(7.71697844753406,-1.91113786017201,-12.3984940871069));
#3395=CARTESIAN_POINT('Ctrl Pts',(7.61324823081357,-2.06923761065878,-12.3730623561507));
#3396=CARTESIAN_POINT('Ctrl Pts',(7.37974884495752,-2.3643868257169,-12.3200686392733));
#3397=CARTESIAN_POINT('Ctrl Pts',(7.24993365894474,-2.50142199770906,-12.2926298914791));
#3398=CARTESIAN_POINT('Ctrl Pts',(6.9853502893668,-2.74074436367452,-12.2415811493187));
#3399=CARTESIAN_POINT('Ctrl Pts',(6.83243244336624,-2.85750571463995,-12.2146571916354));
#3400=CARTESIAN_POINT('Ctrl Pts',(6.50206025969189,-3.06367429178738,-12.1645833898816));
#3401=CARTESIAN_POINT('Ctrl Pts',(6.32460429879353,-3.15308971709453,-12.141478023805));
#3402=CARTESIAN_POINT('Ctrl Pts',(5.96481162935492,-3.29327937365677,-12.1041830869955));
#3403=CARTESIAN_POINT('Ctrl Pts',(5.78287617402855,-3.34584386090568,-12.0896085185834));
#3404=CARTESIAN_POINT('Ctrl Pts',(5.6,-3.38147772487507,-12.0796334545455));
#3405=CARTESIAN_POINT('Origin',(5.6,-2.71917234023173E-32,-11.));
#3406=CARTESIAN_POINT('Origin',(5.6,0.,3.42889779070266E-16));
#3407=CARTESIAN_POINT('Origin',(5.6,0.,3.42889779070266E-16));
#3408=CARTESIAN_POINT('',(5.6,-12.0796334545455,-3.38147772487506));
#3409=CARTESIAN_POINT('Origin',(5.6,-11.,3.67381906146714E-17));
#3410=CARTESIAN_POINT('Origin',(5.6,0.,3.42889779070266E-16));
#3411=CARTESIAN_POINT('Origin',(5.6,0.,3.42889779070266E-16));
#3412=CARTESIAN_POINT('',(5.6,-3.38147772487506,12.0796334545455));
#3413=CARTESIAN_POINT('Origin',(5.6,8.15751702069519E-32,11.));
#3414=CARTESIAN_POINT('',(5.6,-12.0796334545455,3.38147772487506));
#3415=CARTESIAN_POINT('Origin',(5.6,0.,3.42889779070266E-16));
#3416=CARTESIAN_POINT('Origin',(5.6,-11.,3.67381906146714E-17));
#3417=CARTESIAN_POINT('Origin',(5.6,0.,3.42889779070266E-16));
#3418=CARTESIAN_POINT('Origin',(5.6,8.15751702069519E-32,11.));
#3419=CARTESIAN_POINT('Origin',(10.,0.,6.12303176911189E-16));
#3420=CARTESIAN_POINT('Ctrl Pts',(5.6,-12.0796334545455,-3.38147772487507));
#3421=CARTESIAN_POINT('Ctrl Pts',(5.78287617402856,-12.0896085185834,-3.34584386090568));
#3422=CARTESIAN_POINT('Ctrl Pts',(5.96481162935492,-12.1041830869955,-3.29327937365677));
#3423=CARTESIAN_POINT('Ctrl Pts',(6.32460429879353,-12.141478023805,-3.15308971709453));
#3424=CARTESIAN_POINT('Ctrl Pts',(6.50206025969189,-12.1645833898816,-3.06367429178738));
#3425=CARTESIAN_POINT('Ctrl Pts',(6.83243244336624,-12.2146571916354,-2.85750571463995));
#3426=CARTESIAN_POINT('Ctrl Pts',(6.9853502893668,-12.2415811493187,-2.74074436367453));
#3427=CARTESIAN_POINT('Ctrl Pts',(7.24993365894474,-12.2926298914791,-2.50142199770906));
#3428=CARTESIAN_POINT('Ctrl Pts',(7.37974884495752,-12.3200686392733,-2.3643868257169));
#3429=CARTESIAN_POINT('Ctrl Pts',(7.61324823081357,-12.3730623561507,-2.06923761065878));
#3430=CARTESIAN_POINT('Ctrl Pts',(7.71697844753406,-12.3984940871069,-1.91113786017201));
#3431=CARTESIAN_POINT('Ctrl Pts',(7.87104842427316,-12.4377240995475,-1.63437048072881));
#3432=CARTESIAN_POINT('Ctrl Pts',(7.93631912875807,-12.4550296605213,-1.49826763474428));
#3433=CARTESIAN_POINT('Ctrl Pts',(8.05039794991545,-12.486073189026,-1.21266073913495));
#3434=CARTESIAN_POINT('Ctrl Pts',(8.09920990623992,-12.4997967759314,-1.06315666028468));
#3435=CARTESIAN_POINT('Ctrl Pts',(8.17690079832792,-12.5219602598866,-0.758770572206632));
#3436=CARTESIAN_POINT('Ctrl Pts',(8.2058114300247,-12.5304004382336,-0.603776802699667));
#3437=CARTESIAN_POINT('Ctrl Pts',(8.24340311707203,-12.5414202952774,-0.297083401043301));
#3438=CARTESIAN_POINT('Ctrl Pts',(8.25208609972122,-12.544,-0.145384006062849));
#3439=CARTESIAN_POINT('Ctrl Pts',(8.25208609972122,-12.544,0.145384006062849));
#3440=CARTESIAN_POINT('Ctrl Pts',(8.24340311707203,-12.5414202952774,0.2970834010433));
#3441=CARTESIAN_POINT('Ctrl Pts',(8.2058114300247,-12.5304004382336,0.603776802699666));
#3442=CARTESIAN_POINT('Ctrl Pts',(8.17690079832792,-12.5219602598866,0.75877057220663));
#3443=CARTESIAN_POINT('Ctrl Pts',(8.09920990623992,-12.4997967759314,1.06315666028468));
#3444=CARTESIAN_POINT('Ctrl Pts',(8.05039794991545,-12.486073189026,1.21266073913495));
#3445=CARTESIAN_POINT('Ctrl Pts',(7.93631912875807,-12.4550296605213,1.49826763474428));
#3446=CARTESIAN_POINT('Ctrl Pts',(7.87104842427316,-12.4377240995475,1.63437048072881));
#3447=CARTESIAN_POINT('Ctrl Pts',(7.71697844753406,-12.3984940871069,1.91113786017201));
#3448=CARTESIAN_POINT('Ctrl Pts',(7.61324823081357,-12.3730623561507,2.06923761065878));
#3449=CARTESIAN_POINT('Ctrl Pts',(7.37974884495752,-12.3200686392733,2.3643868257169));
#3450=CARTESIAN_POINT('Ctrl Pts',(7.24993365894474,-12.2926298914791,2.50142199770906));
#3451=CARTESIAN_POINT('Ctrl Pts',(6.9853502893668,-12.2415811493187,2.74074436367452));
#3452=CARTESIAN_POINT('Ctrl Pts',(6.83243244336624,-12.2146571916354,2.85750571463995));
#3453=CARTESIAN_POINT('Ctrl Pts',(6.50206025969189,-12.1645833898816,3.06367429178738));
#3454=CARTESIAN_POINT('Ctrl Pts',(6.32460429879353,-12.141478023805,3.15308971709453));
#3455=CARTESIAN_POINT('Ctrl Pts',(5.96481162935492,-12.1041830869955,3.29327937365677));
#3456=CARTESIAN_POINT('Ctrl Pts',(5.78287617402855,-12.0896085185834,3.34584386090568));
#3457=CARTESIAN_POINT('Ctrl Pts',(5.6,-12.0796334545455,3.38147772487507));
#3458=CARTESIAN_POINT('Ctrl Pts',(5.6,-3.38147772487507,12.0796334545455));
#3459=CARTESIAN_POINT('Ctrl Pts',(5.78287617402856,-3.34584386090568,12.0896085185834));
#3460=CARTESIAN_POINT('Ctrl Pts',(5.96481162935492,-3.29327937365676,12.1041830869955));
#3461=CARTESIAN_POINT('Ctrl Pts',(6.32460429879353,-3.15308971709454,12.141478023805));
#3462=CARTESIAN_POINT('Ctrl Pts',(6.50206025969188,-3.06367429178738,12.1645833898816));
#3463=CARTESIAN_POINT('Ctrl Pts',(6.83243244336623,-2.85750571463995,12.2146571916354));
#3464=CARTESIAN_POINT('Ctrl Pts',(6.98535028936679,-2.74074436367453,12.2415811493187));
#3465=CARTESIAN_POINT('Ctrl Pts',(7.24993365894473,-2.50142199770907,12.2926298914791));
#3466=CARTESIAN_POINT('Ctrl Pts',(7.37974884495751,-2.36438682571691,12.3200686392733));
#3467=CARTESIAN_POINT('Ctrl Pts',(7.61324823081357,-2.06923761065878,12.3730623561507));
#3468=CARTESIAN_POINT('Ctrl Pts',(7.71697844753406,-1.91113786017201,12.3984940871069));
#3469=CARTESIAN_POINT('Ctrl Pts',(7.87104842427316,-1.63437048072881,12.4377240995475));
#3470=CARTESIAN_POINT('Ctrl Pts',(7.93631912875807,-1.49826763474428,12.4550296605213));
#3471=CARTESIAN_POINT('Ctrl Pts',(8.05039794991545,-1.21266073913495,12.486073189026));
#3472=CARTESIAN_POINT('Ctrl Pts',(8.09920990623992,-1.06315666028468,12.4997967759314));
#3473=CARTESIAN_POINT('Ctrl Pts',(8.17690079832792,-0.758770572206629,12.5219602598866));
#3474=CARTESIAN_POINT('Ctrl Pts',(8.2058114300247,-0.603776802699665,12.5304004382336));
#3475=CARTESIAN_POINT('Ctrl Pts',(8.24340311707203,-0.297083401043298,12.5414202952774));
#3476=CARTESIAN_POINT('Ctrl Pts',(8.25208609972122,-0.145384006062848,12.544));
#3477=CARTESIAN_POINT('Ctrl Pts',(8.25208609972122,-2.63677968348475E-15,
12.544));
#3478=CARTESIAN_POINT('Origin',(5.,0.,3.06151588455594E-16));
#3479=CARTESIAN_POINT('Origin',(5.,8.15751702069519E-32,11.));
#3480=CARTESIAN_POINT('Origin',(5.,0.,3.06151588455594E-16));
#3481=CARTESIAN_POINT('Origin',(5.,-11.,1.08766893609269E-31));
#3482=CARTESIAN_POINT('Origin',(0.,0.,-1.83690953073357E-15));
#3483=CARTESIAN_POINT('',(2.4278289325941,-7.5419531730958E-16,12.544));
#3484=CARTESIAN_POINT('',(1.74791390027878,-7.68073105117395E-16,12.544));
#3485=CARTESIAN_POINT('',(3.374046999745,-1.53614621023479E-15,12.544));
#3486=CARTESIAN_POINT('',(5.,2.73025276470846,12.2432698181818));
#3487=CARTESIAN_POINT('Ctrl Pts',(2.4278289325941,6.93889390390723E-16,
12.544));
#3488=CARTESIAN_POINT('Ctrl Pts',(2.4278289325941,0.229865004219655,12.544));
#3489=CARTESIAN_POINT('Ctrl Pts',(2.45654769817793,0.479632308276685,12.5371504521702));
#3490=CARTESIAN_POINT('Ctrl Pts',(2.57944130953305,0.961546559928348,12.5094211190018));
#3491=CARTESIAN_POINT('Ctrl Pts',(2.67368633799258,1.19368457224972,12.4886973527536));
#3492=CARTESIAN_POINT('Ctrl Pts',(2.85099862515136,1.51308954112533,12.4529886664272));
#3493=CARTESIAN_POINT('Ctrl Pts',(2.93294797593272,1.63846076662373,12.4370969489431));
#3494=CARTESIAN_POINT('Ctrl Pts',(3.11741706588945,1.87275964144168,12.4039794215765));
#3495=CARTESIAN_POINT('Ctrl Pts',(3.21997120548849,1.98167112471511,12.3868309116509));
#3496=CARTESIAN_POINT('Ctrl Pts',(3.42917378140591,2.17222108894871,12.3548944335606));
#3497=CARTESIAN_POINT('Ctrl Pts',(3.55019983285768,2.26535845087344,12.3380348275437));
#3498=CARTESIAN_POINT('Ctrl Pts',(3.81165973829513,2.42992528506894,12.3066817388727));
#3499=CARTESIAN_POINT('Ctrl Pts',(3.95209424255159,2.50135904899285,12.2922162114737));
#3500=CARTESIAN_POINT('Ctrl Pts',(4.24389152984162,2.61619386428826,12.2682885915606));
#3501=CARTESIAN_POINT('Ctrl Pts',(4.39548111077145,2.65968111033941,12.258828849597));
#3502=CARTESIAN_POINT('Ctrl Pts',(4.69974677172543,2.71671532320967,12.2463156182351));
#3503=CARTESIAN_POINT('Ctrl Pts',(4.85242495336409,2.73025276470845,12.2432698181818));
#3504=CARTESIAN_POINT('Ctrl Pts',(5.,2.73025276470845,12.2432698181818));
#3505=CARTESIAN_POINT('',(5.,12.2432698181818,2.73025276470846));
#3506=CARTESIAN_POINT('Origin',(5.,0.,-9.18454765366783E-16));
#3507=CARTESIAN_POINT('',(2.4278289325941,12.544,-1.11022302462516E-15));
#3508=CARTESIAN_POINT('Ctrl Pts',(5.,12.2432698181818,2.73025276470845));
#3509=CARTESIAN_POINT('Ctrl Pts',(4.85242495336409,12.2432698181818,2.73025276470845));
#3510=CARTESIAN_POINT('Ctrl Pts',(4.69974677172542,12.2463156182351,2.71671532320967));
#3511=CARTESIAN_POINT('Ctrl Pts',(4.39548111077145,12.258828849597,2.65968111033941));
#3512=CARTESIAN_POINT('Ctrl Pts',(4.24389152984162,12.2682885915606,2.61619386428826));
#3513=CARTESIAN_POINT('Ctrl Pts',(3.95209424255159,12.2922162114737,2.50135904899285));
#3514=CARTESIAN_POINT('Ctrl Pts',(3.81165973829513,12.3066817388727,2.42992528506894));
#3515=CARTESIAN_POINT('Ctrl Pts',(3.55019983285768,12.3380348275437,2.26535845087344));
#3516=CARTESIAN_POINT('Ctrl Pts',(3.42917378140591,12.3548944335606,2.17222108894871));
#3517=CARTESIAN_POINT('Ctrl Pts',(3.21997120548849,12.3868309116509,1.98167112471511));
#3518=CARTESIAN_POINT('Ctrl Pts',(3.11741706588945,12.4039794215765,1.87275964144168));
#3519=CARTESIAN_POINT('Ctrl Pts',(2.93294797593272,12.4370969489431,1.63846076662373));
#3520=CARTESIAN_POINT('Ctrl Pts',(2.85099862515136,12.4529886664272,1.51308954112533));
#3521=CARTESIAN_POINT('Ctrl Pts',(2.67368633799258,12.4886973527536,1.19368457224972));
#3522=CARTESIAN_POINT('Ctrl Pts',(2.57944130953305,12.5094211190018,0.961546559928346));
#3523=CARTESIAN_POINT('Ctrl Pts',(2.45654769817793,12.5371504521702,0.479632308276684));
#3524=CARTESIAN_POINT('Ctrl Pts',(2.4278289325941,12.544,0.229865004219655));
#3525=CARTESIAN_POINT('Ctrl Pts',(2.4278289325941,12.544,-1.11022302462516E-15));
#3526=CARTESIAN_POINT('',(5.,12.2432698181818,-2.73025276470846));
#3527=CARTESIAN_POINT('Ctrl Pts',(2.4278289325941,12.544,-1.11022302462516E-15));
#3528=CARTESIAN_POINT('Ctrl Pts',(2.4278289325941,12.544,-0.229865004219656));
#3529=CARTESIAN_POINT('Ctrl Pts',(2.45654769817793,12.5371504521702,-0.479632308276685));
#3530=CARTESIAN_POINT('Ctrl Pts',(2.57944130953305,12.5094211190018,-0.961546559928348));
#3531=CARTESIAN_POINT('Ctrl Pts',(2.67368633799258,12.4886973527536,-1.19368457224972));
#3532=CARTESIAN_POINT('Ctrl Pts',(2.85099862515137,12.4529886664272,-1.51308954112533));
#3533=CARTESIAN_POINT('Ctrl Pts',(2.93294797593272,12.4370969489431,-1.63846076662373));
#3534=CARTESIAN_POINT('Ctrl Pts',(3.11741706588945,12.4039794215765,-1.87275964144168));
#3535=CARTESIAN_POINT('Ctrl Pts',(3.21997120548849,12.3868309116509,-1.98167112471511));
#3536=CARTESIAN_POINT('Ctrl Pts',(3.42917378140591,12.3548944335606,-2.17222108894871));
#3537=CARTESIAN_POINT('Ctrl Pts',(3.55019983285768,12.3380348275437,-2.26535845087344));
#3538=CARTESIAN_POINT('Ctrl Pts',(3.81165973829513,12.3066817388727,-2.42992528506894));
#3539=CARTESIAN_POINT('Ctrl Pts',(3.95209424255159,12.2922162114737,-2.50135904899285));
#3540=CARTESIAN_POINT('Ctrl Pts',(4.24389152984162,12.2682885915606,-2.61619386428826));
#3541=CARTESIAN_POINT('Ctrl Pts',(4.39548111077146,12.258828849597,-2.65968111033941));
#3542=CARTESIAN_POINT('Ctrl Pts',(4.69974677172543,12.2463156182351,-2.71671532320967));
#3543=CARTESIAN_POINT('Ctrl Pts',(4.85242495336409,12.2432698181818,-2.73025276470845));
#3544=CARTESIAN_POINT('Ctrl Pts',(5.,12.2432698181818,-2.73025276470845));
#3545=CARTESIAN_POINT('',(5.,2.73025276470846,-12.2432698181818));
#3546=CARTESIAN_POINT('Origin',(5.,0.,-9.18454765366783E-16));
#3547=CARTESIAN_POINT('',(2.4278289325941,-2.29607999280276E-17,-12.544));
#3548=CARTESIAN_POINT('Ctrl Pts',(5.,2.73025276470845,-12.2432698181818));
#3549=CARTESIAN_POINT('Ctrl Pts',(4.85242495336409,2.73025276470845,-12.2432698181818));
#3550=CARTESIAN_POINT('Ctrl Pts',(4.69974677172543,2.71671532320967,-12.2463156182351));
#3551=CARTESIAN_POINT('Ctrl Pts',(4.39548111077145,2.65968111033941,-12.258828849597));
#3552=CARTESIAN_POINT('Ctrl Pts',(4.24389152984162,2.61619386428826,-12.2682885915606));
#3553=CARTESIAN_POINT('Ctrl Pts',(3.95209424255158,2.50135904899285,-12.2922162114737));
#3554=CARTESIAN_POINT('Ctrl Pts',(3.81165973829513,2.42992528506894,-12.3066817388727));
#3555=CARTESIAN_POINT('Ctrl Pts',(3.55019983285768,2.26535845087344,-12.3380348275437));
#3556=CARTESIAN_POINT('Ctrl Pts',(3.4291737814059,2.17222108894871,-12.3548944335606));
#3557=CARTESIAN_POINT('Ctrl Pts',(3.21997120548849,1.98167112471511,-12.3868309116509));
#3558=CARTESIAN_POINT('Ctrl Pts',(3.11741706588945,1.87275964144168,-12.4039794215765));
#3559=CARTESIAN_POINT('Ctrl Pts',(2.93294797593272,1.63846076662373,-12.4370969489431));
#3560=CARTESIAN_POINT('Ctrl Pts',(2.85099862515137,1.51308954112533,-12.4529886664272));
#3561=CARTESIAN_POINT('Ctrl Pts',(2.67368633799258,1.19368457224972,-12.4886973527536));
#3562=CARTESIAN_POINT('Ctrl Pts',(2.57944130953306,0.961546559928346,-12.5094211190018));
#3563=CARTESIAN_POINT('Ctrl Pts',(2.45654769817793,0.479632308276683,-12.5371504521702));
#3564=CARTESIAN_POINT('Ctrl Pts',(2.4278289325941,0.229865004219654,-12.544));
#3565=CARTESIAN_POINT('Ctrl Pts',(2.4278289325941,-2.08166817117217E-16,
-12.544));
#3566=CARTESIAN_POINT('',(1.74791390027878,1.55910701016282E-15,-12.544));
#3567=CARTESIAN_POINT('',(3.374046999745,1.53614621023479E-15,-12.544));
#3568=CARTESIAN_POINT('',(4.4,3.38147772487506,-12.0796334545455));
#3569=CARTESIAN_POINT('Ctrl Pts',(1.74791390027878,-3.50414142147315E-15,
-12.544));
#3570=CARTESIAN_POINT('Ctrl Pts',(1.74791390027878,0.145384006062851,-12.544));
#3571=CARTESIAN_POINT('Ctrl Pts',(1.75659688292797,0.297083401043303,-12.5414202952774));
#3572=CARTESIAN_POINT('Ctrl Pts',(1.7941885699753,0.60377680269967,-12.5304004382336));
#3573=CARTESIAN_POINT('Ctrl Pts',(1.82309920167208,0.758770572206635,-12.5219602598866));
#3574=CARTESIAN_POINT('Ctrl Pts',(1.90079009376009,1.06315666028469,-12.4997967759314));
#3575=CARTESIAN_POINT('Ctrl Pts',(1.94960205008455,1.21266073913496,-12.486073189026));
#3576=CARTESIAN_POINT('Ctrl Pts',(2.06368087124193,1.49826763474429,-12.4550296605213));
#3577=CARTESIAN_POINT('Ctrl Pts',(2.12895157572685,1.63437048072882,-12.4377240995475));
#3578=CARTESIAN_POINT('Ctrl Pts',(2.28302155246594,1.91113786017202,-12.3984940871069));
#3579=CARTESIAN_POINT('Ctrl Pts',(2.38675176918644,2.06923761065879,-12.3730623561507));
#3580=CARTESIAN_POINT('Ctrl Pts',(2.62025115504249,2.36438682571691,-12.3200686392733));
#3581=CARTESIAN_POINT('Ctrl Pts',(2.75006634105527,2.50142199770907,-12.2926298914791));
#3582=CARTESIAN_POINT('Ctrl Pts',(3.01464971063321,2.74074436367453,-12.2415811493187));
#3583=CARTESIAN_POINT('Ctrl Pts',(3.16756755663377,2.85750571463995,-12.2146571916354));
#3584=CARTESIAN_POINT('Ctrl Pts',(3.49793974030812,3.06367429178738,-12.1645833898816));
#3585=CARTESIAN_POINT('Ctrl Pts',(3.67539570120647,3.15308971709454,-12.141478023805));
#3586=CARTESIAN_POINT('Ctrl Pts',(4.03518837064509,3.29327937365677,-12.1041830869955));
#3587=CARTESIAN_POINT('Ctrl Pts',(4.21712382597145,3.34584386090568,-12.0896085185834));
#3588=CARTESIAN_POINT('Ctrl Pts',(4.4,3.38147772487507,-12.0796334545455));
#3589=CARTESIAN_POINT('',(4.4,12.0796334545455,-3.38147772487506));
#3590=CARTESIAN_POINT('Origin',(4.4,0.,-1.0286693372108E-15));
#3591=CARTESIAN_POINT('',(4.4,12.0796334545455,3.38147772487506));
#3592=CARTESIAN_POINT('Ctrl Pts',(4.4,12.0796334545455,-3.38147772487507));
#3593=CARTESIAN_POINT('Ctrl Pts',(4.21712382597144,12.0896085185834,-3.34584386090568));
#3594=CARTESIAN_POINT('Ctrl Pts',(4.03518837064508,12.1041830869955,-3.29327937365677));
#3595=CARTESIAN_POINT('Ctrl Pts',(3.67539570120647,12.141478023805,-3.15308971709453));
#3596=CARTESIAN_POINT('Ctrl Pts',(3.49793974030811,12.1645833898816,-3.06367429178738));
#3597=CARTESIAN_POINT('Ctrl Pts',(3.16756755663376,12.2146571916354,-2.85750571463995));
#3598=CARTESIAN_POINT('Ctrl Pts',(3.0146497106332,12.2415811493187,-2.74074436367453));
#3599=CARTESIAN_POINT('Ctrl Pts',(2.75006634105526,12.2926298914791,-2.50142199770906));
#3600=CARTESIAN_POINT('Ctrl Pts',(2.62025115504248,12.3200686392733,-2.3643868257169));
#3601=CARTESIAN_POINT('Ctrl Pts',(2.38675176918643,12.3730623561507,-2.06923761065878));
#3602=CARTESIAN_POINT('Ctrl Pts',(2.28302155246594,12.3984940871069,-1.91113786017201));
#3603=CARTESIAN_POINT('Ctrl Pts',(2.12895157572684,12.4377240995475,-1.63437048072882));
#3604=CARTESIAN_POINT('Ctrl Pts',(2.06368087124193,12.4550296605213,-1.49826763474428));
#3605=CARTESIAN_POINT('Ctrl Pts',(1.94960205008455,12.486073189026,-1.21266073913495));
#3606=CARTESIAN_POINT('Ctrl Pts',(1.90079009376008,12.4997967759314,-1.06315666028468));
#3607=CARTESIAN_POINT('Ctrl Pts',(1.82309920167207,12.5219602598866,-0.758770572206631));
#3608=CARTESIAN_POINT('Ctrl Pts',(1.7941885699753,12.5304004382336,-0.603776802699667));
#3609=CARTESIAN_POINT('Ctrl Pts',(1.75659688292797,12.5414202952774,-0.297083401043301));
#3610=CARTESIAN_POINT('Ctrl Pts',(1.74791390027878,12.544,-0.14538400606285));
#3611=CARTESIAN_POINT('Ctrl Pts',(1.74791390027878,12.544,0.145384006062848));
#3612=CARTESIAN_POINT('Ctrl Pts',(1.75659688292797,12.5414202952774,0.297083401043299));
#3613=CARTESIAN_POINT('Ctrl Pts',(1.7941885699753,12.5304004382336,0.603776802699665));
#3614=CARTESIAN_POINT('Ctrl Pts',(1.82309920167207,12.5219602598866,0.75877057220663));
#3615=CARTESIAN_POINT('Ctrl Pts',(1.90079009376008,12.4997967759314,1.06315666028468));
#3616=CARTESIAN_POINT('Ctrl Pts',(1.94960205008455,12.486073189026,1.21266073913495));
#3617=CARTESIAN_POINT('Ctrl Pts',(2.06368087124193,12.4550296605213,1.49826763474428));
#3618=CARTESIAN_POINT('Ctrl Pts',(2.12895157572684,12.4377240995475,1.63437048072881));
#3619=CARTESIAN_POINT('Ctrl Pts',(2.28302155246594,12.3984940871069,1.91113786017201));
#3620=CARTESIAN_POINT('Ctrl Pts',(2.38675176918643,12.3730623561507,2.06923761065878));
#3621=CARTESIAN_POINT('Ctrl Pts',(2.62025115504248,12.3200686392733,2.3643868257169));
#3622=CARTESIAN_POINT('Ctrl Pts',(2.75006634105526,12.2926298914791,2.50142199770906));
#3623=CARTESIAN_POINT('Ctrl Pts',(3.0146497106332,12.2415811493187,2.74074436367452));
#3624=CARTESIAN_POINT('Ctrl Pts',(3.16756755663376,12.2146571916354,2.85750571463995));
#3625=CARTESIAN_POINT('Ctrl Pts',(3.49793974030811,12.1645833898816,3.06367429178738));
#3626=CARTESIAN_POINT('Ctrl Pts',(3.67539570120647,12.141478023805,3.15308971709453));
#3627=CARTESIAN_POINT('Ctrl Pts',(4.03518837064508,12.1041830869955,3.29327937365677));
#3628=CARTESIAN_POINT('Ctrl Pts',(4.21712382597145,12.0896085185834,3.34584386090568));
#3629=CARTESIAN_POINT('Ctrl Pts',(4.4,12.0796334545455,3.38147772487507));
#3630=CARTESIAN_POINT('',(4.4,3.38147772487506,12.0796334545455));
#3631=CARTESIAN_POINT('Origin',(4.4,0.,-1.0286693372108E-15));
#3632=CARTESIAN_POINT('Ctrl Pts',(4.4,3.38147772487507,12.0796334545455));
#3633=CARTESIAN_POINT('Ctrl Pts',(4.21712382597144,3.34584386090568,12.0896085185834));
#3634=CARTESIAN_POINT('Ctrl Pts',(4.03518837064508,3.29327937365677,12.1041830869955));
#3635=CARTESIAN_POINT('Ctrl Pts',(3.67539570120647,3.15308971709453,12.141478023805));
#3636=CARTESIAN_POINT('Ctrl Pts',(3.49793974030811,3.06367429178738,12.1645833898816));
#3637=CARTESIAN_POINT('Ctrl Pts',(3.16756755663376,2.85750571463995,12.2146571916354));
#3638=CARTESIAN_POINT('Ctrl Pts',(3.0146497106332,2.74074436367452,12.2415811493187));
#3639=CARTESIAN_POINT('Ctrl Pts',(2.75006634105526,2.50142199770906,12.2926298914791));
#3640=CARTESIAN_POINT('Ctrl Pts',(2.62025115504248,2.3643868257169,12.3200686392733));
#3641=CARTESIAN_POINT('Ctrl Pts',(2.38675176918643,2.06923761065878,12.3730623561507));
#3642=CARTESIAN_POINT('Ctrl Pts',(2.28302155246594,1.91113786017201,12.3984940871069));
#3643=CARTESIAN_POINT('Ctrl Pts',(2.12895157572684,1.63437048072881,12.4377240995475));
#3644=CARTESIAN_POINT('Ctrl Pts',(2.06368087124193,1.49826763474428,12.4550296605213));
#3645=CARTESIAN_POINT('Ctrl Pts',(1.94960205008455,1.21266073913495,12.486073189026));
#3646=CARTESIAN_POINT('Ctrl Pts',(1.90079009376008,1.06315666028468,12.4997967759314));
#3647=CARTESIAN_POINT('Ctrl Pts',(1.82309920167207,0.75877057220663,12.5219602598866));
#3648=CARTESIAN_POINT('Ctrl Pts',(1.7941885699753,0.603776802699666,12.5304004382336));
#3649=CARTESIAN_POINT('Ctrl Pts',(1.75659688292797,0.2970834010433,12.5414202952774));
#3650=CARTESIAN_POINT('Ctrl Pts',(1.74791390027878,0.145384006062849,12.544));
#3651=CARTESIAN_POINT('Ctrl Pts',(1.74791390027877,4.19803081186387E-15,
12.544));
#3652=CARTESIAN_POINT('Origin',(5.,0.,-9.18454765366783E-16));
#3653=CARTESIAN_POINT('',(1.78308470736328,-5.71115854261506E-16,9.384));
#3654=CARTESIAN_POINT('',(2.47244307680321,-5.67646407309552E-16,9.384));
#3655=CARTESIAN_POINT('',(5.,-1.14917060242692E-15,9.384));
#3656=CARTESIAN_POINT('',(4.4,2.88357375984723,8.92997527272727));
#3657=CARTESIAN_POINT('Ctrl Pts',(4.40000000000001,2.88357375984723,8.92997527272727));
#3658=CARTESIAN_POINT('Ctrl Pts',(4.32591880921605,2.87106006064862,8.93401606495185));
#3659=CARTESIAN_POINT('Ctrl Pts',(4.25204558488636,2.85617203183892,8.93879553888797));
#3660=CARTESIAN_POINT('Ctrl Pts',(3.90684859691671,2.77496219613441,8.9645714200891));
#3661=CARTESIAN_POINT('Ctrl Pts',(3.64139229844204,2.67804664800165,8.99473082214362));
#3662=CARTESIAN_POINT('Ctrl Pts',(3.14665342796138,2.4222557491268,9.06696177456287));
#3663=CARTESIAN_POINT('Ctrl Pts',(2.91684676802949,2.26311084838595,9.10899981987073));
#3664=CARTESIAN_POINT('Ctrl Pts',(2.51194018624021,1.89258215479769,9.19313228716233));
#3665=CARTESIAN_POINT('Ctrl Pts',(2.33683381395359,1.68117530396431,9.23509406108253));
#3666=CARTESIAN_POINT('Ctrl Pts',(2.07013568150657,1.24706606768464,9.30307841000647));
#3667=CARTESIAN_POINT('Ctrl Pts',(1.96093868626915,1.00721425885783,9.33319076674035));
#3668=CARTESIAN_POINT('Ctrl Pts',(1.8532690157768,0.63052952072183,9.36364018339016));
#3669=CARTESIAN_POINT('Ctrl Pts',(1.82634915174599,0.502200989728169,9.37141853831911));
#3670=CARTESIAN_POINT('Ctrl Pts',(1.79125709832009,0.247569143571399,9.38159905211715));
#3671=CARTESIAN_POINT('Ctrl Pts',(1.78308470736328,0.121265807771159,9.384));
#3672=CARTESIAN_POINT('Ctrl Pts',(1.78308470736328,-5.89805981832114E-16,
9.384));
#3673=CARTESIAN_POINT('',(4.4,8.92997527272727,2.88357375984722));
#3674=CARTESIAN_POINT('Origin',(4.4,0.,-1.0286693372108E-15));
#3675=CARTESIAN_POINT('',(4.4,8.92997527272727,-2.88357375984723));
#3676=CARTESIAN_POINT('Ctrl Pts',(4.40000000000001,8.92997527272727,-2.88357375984723));
#3677=CARTESIAN_POINT('Ctrl Pts',(4.32591880921605,8.93401606495185,-2.87106006064862));
#3678=CARTESIAN_POINT('Ctrl Pts',(4.25204558488636,8.93879553888797,-2.85617203183892));
#3679=CARTESIAN_POINT('Ctrl Pts',(3.90684859691671,8.9645714200891,-2.77496219613442));
#3680=CARTESIAN_POINT('Ctrl Pts',(3.64139229844204,8.99473082214362,-2.67804664800165));
#3681=CARTESIAN_POINT('Ctrl Pts',(3.14665342796138,9.06696177456287,-2.4222557491268));
#3682=CARTESIAN_POINT('Ctrl Pts',(2.9168467680295,9.10899981987073,-2.26311084838595));
#3683=CARTESIAN_POINT('Ctrl Pts',(2.51194018624022,9.19313228716233,-1.89258215479769));
#3684=CARTESIAN_POINT('Ctrl Pts',(2.33683381395359,9.23509406108253,-1.68117530396431));
#3685=CARTESIAN_POINT('Ctrl Pts',(2.07013568150657,9.30307841000647,-1.24706606768464));
#3686=CARTESIAN_POINT('Ctrl Pts',(1.96093868626915,9.33319076674035,-1.00721425885783));
#3687=CARTESIAN_POINT('Ctrl Pts',(1.85326901577681,9.36364018339016,-0.630529520721832));
#3688=CARTESIAN_POINT('Ctrl Pts',(1.82634915174599,9.37141853831911,-0.50220098972817));
#3689=CARTESIAN_POINT('Ctrl Pts',(1.79125709832009,9.38159905211715,-0.2475691435714));
#3690=CARTESIAN_POINT('Ctrl Pts',(1.78308470736328,9.384,-0.121265807771161));
#3691=CARTESIAN_POINT('Ctrl Pts',(1.78308470736328,9.384,0.121265807771159));
#3692=CARTESIAN_POINT('Ctrl Pts',(1.79125709832009,9.38159905211715,0.247569143571398));
#3693=CARTESIAN_POINT('Ctrl Pts',(1.82634915174599,9.37141853831911,0.502200989728168));
#3694=CARTESIAN_POINT('Ctrl Pts',(1.85326901577681,9.36364018339016,0.63052952072183));
#3695=CARTESIAN_POINT('Ctrl Pts',(1.96093868626915,9.33319076674035,1.00721425885783));
#3696=CARTESIAN_POINT('Ctrl Pts',(2.07013568150657,9.30307841000647,1.24706606768464));
#3697=CARTESIAN_POINT('Ctrl Pts',(2.33683381395359,9.23509406108253,1.68117530396431));
#3698=CARTESIAN_POINT('Ctrl Pts',(2.51194018624022,9.19313228716233,1.89258215479769));
#3699=CARTESIAN_POINT('Ctrl Pts',(2.9168467680295,9.10899981987073,2.26311084838595));
#3700=CARTESIAN_POINT('Ctrl Pts',(3.14665342796138,9.06696177456287,2.4222557491268));
#3701=CARTESIAN_POINT('Ctrl Pts',(3.64139229844204,8.99473082214362,2.67804664800165));
#3702=CARTESIAN_POINT('Ctrl Pts',(3.90684859691671,8.9645714200891,2.77496219613441));
#3703=CARTESIAN_POINT('Ctrl Pts',(4.25204558488636,8.93879553888797,2.85617203183892));
#3704=CARTESIAN_POINT('Ctrl Pts',(4.32591883135577,8.93401606374423,2.87106006438843));
#3705=CARTESIAN_POINT('Ctrl Pts',(4.4,8.92997527272727,2.88357375984723));
#3706=CARTESIAN_POINT('',(4.4,2.88357375984723,-8.92997527272727));
#3707=CARTESIAN_POINT('Origin',(4.4,0.,-1.0286693372108E-15));
#3708=CARTESIAN_POINT('',(1.78308470736328,1.14357460133385E-15,-9.384));
#3709=CARTESIAN_POINT('Ctrl Pts',(1.78308470736328,1.14491749414469E-15,
-9.384));
#3710=CARTESIAN_POINT('Ctrl Pts',(1.78308470736328,0.121265807771161,-9.384));
#3711=CARTESIAN_POINT('Ctrl Pts',(1.79125709832009,0.2475691435714,-9.38159905211715));
#3712=CARTESIAN_POINT('Ctrl Pts',(1.82634915174599,0.50220098972817,-9.37141853831912));
#3713=CARTESIAN_POINT('Ctrl Pts',(1.85326901577681,0.630529520721831,-9.36364018339016));
#3714=CARTESIAN_POINT('Ctrl Pts',(1.96093868626915,1.00721425885783,-9.33319076674035));
#3715=CARTESIAN_POINT('Ctrl Pts',(2.07013568150657,1.24706606768464,-9.30307841000647));
#3716=CARTESIAN_POINT('Ctrl Pts',(2.33683381395359,1.68117530396431,-9.23509406108253));
#3717=CARTESIAN_POINT('Ctrl Pts',(2.51194018624022,1.89258215479769,-9.19313228716233));
#3718=CARTESIAN_POINT('Ctrl Pts',(2.9168467680295,2.26311084838595,-9.10899981987073));
#3719=CARTESIAN_POINT('Ctrl Pts',(3.14665342796139,2.4222557491268,-9.06696177456287));
#3720=CARTESIAN_POINT('Ctrl Pts',(3.64139229844204,2.67804664800165,-8.99473082214362));
#3721=CARTESIAN_POINT('Ctrl Pts',(3.90684859691672,2.77496219613441,-8.9645714200891));
#3722=CARTESIAN_POINT('Ctrl Pts',(4.25204558488636,2.85617203183892,-8.93879553888798));
#3723=CARTESIAN_POINT('Ctrl Pts',(4.32591883135578,2.87106006438844,-8.93401606374423));
#3724=CARTESIAN_POINT('Ctrl Pts',(4.4,2.88357375984723,-8.92997527272727));
#3725=CARTESIAN_POINT('',(2.47244307680322,1.13663570742994E-15,-9.384));
#3726=CARTESIAN_POINT('',(5.,1.14917060242692E-15,-9.384));
#3727=CARTESIAN_POINT('',(5.,2.31639448432081,-9.09361163636364));
#3728=CARTESIAN_POINT('Ctrl Pts',(2.47244307680321,-6.93889390390723E-17,
-9.384));
#3729=CARTESIAN_POINT('Ctrl Pts',(2.47244307680321,0.190430620855706,-9.384));
#3730=CARTESIAN_POINT('Ctrl Pts',(2.49935848061717,0.396604026271471,-9.3777038447634));
#3731=CARTESIAN_POINT('Ctrl Pts',(2.61213653757073,0.791627346398934,-9.35264399517284));
#3732=CARTESIAN_POINT('Ctrl Pts',(2.69793717008978,0.980505915281254,-9.33405321255339));
#3733=CARTESIAN_POINT('Ctrl Pts',(2.9074724244979,1.32278505607,-9.29208566231536));
#3734=CARTESIAN_POINT('Ctrl Pts',(3.04511332986237,1.48989019304772,-9.26616847367295));
#3735=CARTESIAN_POINT('Ctrl Pts',(3.363430684434,1.78328327924554,-9.21420380126447));
#3736=CARTESIAN_POINT('Ctrl Pts',(3.54410578838328,1.90958751902502,-9.18824008863683));
#3737=CARTESIAN_POINT('Ctrl Pts',(3.93296676931115,2.11282186892018,-9.14364597679315));
#3738=CARTESIAN_POINT('Ctrl Pts',(4.1415614377207,2.1899583990416,-9.12503620937846));
#3739=CARTESIAN_POINT('Ctrl Pts',(4.56853291961198,2.29176078019898,-9.10000198532575));
#3740=CARTESIAN_POINT('Ctrl Pts',(4.78691939631302,2.31639448432081,-9.09361163636364));
#3741=CARTESIAN_POINT('Ctrl Pts',(5.,2.31639448432081,-9.09361163636364));
#3742=CARTESIAN_POINT('',(5.,9.09361163636363,-2.31639448432081));
#3743=CARTESIAN_POINT('Origin',(5.,0.,-9.18454765366783E-16));
#3744=CARTESIAN_POINT('',(5.,9.09361163636363,2.31639448432081));
#3745=CARTESIAN_POINT('Ctrl Pts',(5.,9.09361163636364,-2.31639448432081));
#3746=CARTESIAN_POINT('Ctrl Pts',(4.78691939631302,9.09361163636364,-2.31639448432081));
#3747=CARTESIAN_POINT('Ctrl Pts',(4.56853291961197,9.10000198532575,-2.29176078019898));
#3748=CARTESIAN_POINT('Ctrl Pts',(4.14156143772069,9.12503620937846,-2.1899583990416));
#3749=CARTESIAN_POINT('Ctrl Pts',(3.93296676931114,9.14364597679315,-2.11282186892018));
#3750=CARTESIAN_POINT('Ctrl Pts',(3.54410578838327,9.18824008863682,-1.90958751902502));
#3751=CARTESIAN_POINT('Ctrl Pts',(3.36343068443399,9.21420380126447,-1.78328327924553));
#3752=CARTESIAN_POINT('Ctrl Pts',(3.04511332986236,9.26616847367295,-1.48989019304772));
#3753=CARTESIAN_POINT('Ctrl Pts',(2.90747242449789,9.29208566231536,-1.32278505606999));
#3754=CARTESIAN_POINT('Ctrl Pts',(2.69793717008977,9.33405321255339,-0.980505915281246));
#3755=CARTESIAN_POINT('Ctrl Pts',(2.61213653757073,9.35264399517284,-0.791627346398927));
#3756=CARTESIAN_POINT('Ctrl Pts',(2.49935848061717,9.3777038447634,-0.396604026271466));
#3757=CARTESIAN_POINT('Ctrl Pts',(2.47244307680322,9.384,-0.190430620855703));
#3758=CARTESIAN_POINT('Ctrl Pts',(2.47244307680322,9.384,0.190430620855705));
#3759=CARTESIAN_POINT('Ctrl Pts',(2.49935848061717,9.3777038447634,0.396604026271469));
#3760=CARTESIAN_POINT('Ctrl Pts',(2.61213653757073,9.35264399517284,0.79162734639893));
#3761=CARTESIAN_POINT('Ctrl Pts',(2.69793717008978,9.33405321255339,0.980505915281249));
#3762=CARTESIAN_POINT('Ctrl Pts',(2.90747242449789,9.29208566231536,1.32278505607));
#3763=CARTESIAN_POINT('Ctrl Pts',(3.04511332986236,9.26616847367295,1.48989019304772));
#3764=CARTESIAN_POINT('Ctrl Pts',(3.36343068443399,9.21420380126447,1.78328327924554));
#3765=CARTESIAN_POINT('Ctrl Pts',(3.54410578838327,9.18824008863682,1.90958751902502));
#3766=CARTESIAN_POINT('Ctrl Pts',(3.93296676931114,9.14364597679315,2.11282186892018));
#3767=CARTESIAN_POINT('Ctrl Pts',(4.1415614377207,9.12503620937846,2.1899583990416));
#3768=CARTESIAN_POINT('Ctrl Pts',(4.56853291961197,9.10000198532575,2.29176078019898));
#3769=CARTESIAN_POINT('Ctrl Pts',(4.78691939631302,9.09361163636364,2.31639448432081));
#3770=CARTESIAN_POINT('Ctrl Pts',(5.,9.09361163636364,2.31639448432081));
#3771=CARTESIAN_POINT('',(5.,2.31639448432081,9.09361163636363));
#3772=CARTESIAN_POINT('Origin',(5.,0.,-9.18454765366783E-16));
#3773=CARTESIAN_POINT('Ctrl Pts',(5.,2.31639448432081,9.09361163636364));
#3774=CARTESIAN_POINT('Ctrl Pts',(4.78691939631302,2.31639448432081,9.09361163636364));
#3775=CARTESIAN_POINT('Ctrl Pts',(4.56853291961197,2.29176078019898,9.10000198532575));
#3776=CARTESIAN_POINT('Ctrl Pts',(4.14156143772069,2.1899583990416,9.12503620937845));
#3777=CARTESIAN_POINT('Ctrl Pts',(3.93296676931114,2.11282186892018,9.14364597679315));
#3778=CARTESIAN_POINT('Ctrl Pts',(3.54410578838327,1.90958751902502,9.18824008863682));
#3779=CARTESIAN_POINT('Ctrl Pts',(3.36343068443399,1.78328327924554,9.21420380126447));
#3780=CARTESIAN_POINT('Ctrl Pts',(3.04511332986236,1.48989019304772,9.26616847367295));
#3781=CARTESIAN_POINT('Ctrl Pts',(2.90747242449789,1.32278505607,9.29208566231535));
#3782=CARTESIAN_POINT('Ctrl Pts',(2.69793717008977,0.980505915281248,9.33405321255338));
#3783=CARTESIAN_POINT('Ctrl Pts',(2.61213653757072,0.79162734639893,9.35264399517283));
#3784=CARTESIAN_POINT('Ctrl Pts',(2.49935848061717,0.396604026271468,9.3777038447634));
#3785=CARTESIAN_POINT('Ctrl Pts',(2.47244307680322,0.190430620855704,9.384));
#3786=CARTESIAN_POINT('Ctrl Pts',(2.47244307680322,4.85722573273506E-16,
9.384));
#3787=CARTESIAN_POINT('Origin',(5.,-11.,0.));
#3788=CARTESIAN_POINT('',(5.,-12.2432698181818,-2.73025276470846));
#3789=CARTESIAN_POINT('',(5.,-12.2432698181818,2.73025276470846));
#3790=CARTESIAN_POINT('Ctrl Pts',(5.,-12.2432698181818,-2.73025276470845));
#3791=CARTESIAN_POINT('Ctrl Pts',(4.85242495336409,-12.2432698181818,-2.73025276470845));
#3792=CARTESIAN_POINT('Ctrl Pts',(4.69974677172543,-12.2463156182351,-2.71671532320967));
#3793=CARTESIAN_POINT('Ctrl Pts',(4.39548111077145,-12.258828849597,-2.65968111033941));
#3794=CARTESIAN_POINT('Ctrl Pts',(4.24389152984162,-12.2682885915606,-2.61619386428826));
#3795=CARTESIAN_POINT('Ctrl Pts',(3.95209424255159,-12.2922162114737,-2.50135904899285));
#3796=CARTESIAN_POINT('Ctrl Pts',(3.81165973829513,-12.3066817388727,-2.42992528506894));
#3797=CARTESIAN_POINT('Ctrl Pts',(3.55019983285768,-12.3380348275437,-2.26535845087344));
#3798=CARTESIAN_POINT('Ctrl Pts',(3.42917378140591,-12.3548944335606,-2.17222108894871));
#3799=CARTESIAN_POINT('Ctrl Pts',(3.21997120548849,-12.3868309116509,-1.98167112471511));
#3800=CARTESIAN_POINT('Ctrl Pts',(3.11741706588945,-12.4039794215765,-1.87275964144168));
#3801=CARTESIAN_POINT('Ctrl Pts',(2.93294797593272,-12.4370969489431,-1.63846076662373));
#3802=CARTESIAN_POINT('Ctrl Pts',(2.85099862515137,-12.4529886664272,-1.51308954112533));
#3803=CARTESIAN_POINT('Ctrl Pts',(2.67368633799258,-12.4886973527536,-1.19368457224972));
#3804=CARTESIAN_POINT('Ctrl Pts',(2.57944130953305,-12.5094211190018,-0.961546559928349));
#3805=CARTESIAN_POINT('Ctrl Pts',(2.45654769817793,-12.5371504521702,-0.479632308276686));
#3806=CARTESIAN_POINT('Ctrl Pts',(2.4278289325941,-12.544,-0.229865004219656));
#3807=CARTESIAN_POINT('Ctrl Pts',(2.4278289325941,-12.544,0.229865004219655));
#3808=CARTESIAN_POINT('Ctrl Pts',(2.45654769817793,-12.5371504521702,0.479632308276685));
#3809=CARTESIAN_POINT('Ctrl Pts',(2.57944130953305,-12.5094211190018,0.961546559928348));
#3810=CARTESIAN_POINT('Ctrl Pts',(2.67368633799258,-12.4886973527536,1.19368457224972));
#3811=CARTESIAN_POINT('Ctrl Pts',(2.85099862515137,-12.4529886664272,1.51308954112533));
#3812=CARTESIAN_POINT('Ctrl Pts',(2.93294797593272,-12.4370969489431,1.63846076662373));
#3813=CARTESIAN_POINT('Ctrl Pts',(3.11741706588945,-12.4039794215765,1.87275964144168));
#3814=CARTESIAN_POINT('Ctrl Pts',(3.21997120548849,-12.3868309116509,1.98167112471511));
#3815=CARTESIAN_POINT('Ctrl Pts',(3.42917378140591,-12.3548944335606,2.17222108894871));
#3816=CARTESIAN_POINT('Ctrl Pts',(3.55019983285768,-12.3380348275437,2.26535845087344));
#3817=CARTESIAN_POINT('Ctrl Pts',(3.81165973829513,-12.3066817388727,2.42992528506894));
#3818=CARTESIAN_POINT('Ctrl Pts',(3.95209424255158,-12.2922162114737,2.50135904899285));
#3819=CARTESIAN_POINT('Ctrl Pts',(4.24389152984162,-12.2682885915606,2.61619386428826));
#3820=CARTESIAN_POINT('Ctrl Pts',(4.39548111077145,-12.258828849597,2.65968111033941));
#3821=CARTESIAN_POINT('Ctrl Pts',(4.69974677172543,-12.2463156182351,2.71671532320967));
#3822=CARTESIAN_POINT('Ctrl Pts',(4.85242495336409,-12.2432698181818,2.73025276470845));
#3823=CARTESIAN_POINT('Ctrl Pts',(5.,-12.2432698181818,2.73025276470845));
#3824=CARTESIAN_POINT('',(5.,-9.09361163636363,-2.31639448432081));
#3825=CARTESIAN_POINT('Origin',(5.,-11.,-3.0990837068796E-47));
#3826=CARTESIAN_POINT('',(2.47244307680322,-9.384,4.16333634234434E-16));
#3827=CARTESIAN_POINT('Ctrl Pts',(2.47244307680322,-9.384,4.16333634234434E-16));
#3828=CARTESIAN_POINT('Ctrl Pts',(2.47244307680322,-9.384,-0.190430620855703));
#3829=CARTESIAN_POINT('Ctrl Pts',(2.49935848061717,-9.3777038447634,-0.396604026271466));
#3830=CARTESIAN_POINT('Ctrl Pts',(2.61213653757073,-9.35264399517284,-0.791627346398927));
#3831=CARTESIAN_POINT('Ctrl Pts',(2.69793717008977,-9.33405321255339,-0.980505915281246));
#3832=CARTESIAN_POINT('Ctrl Pts',(2.90747242449789,-9.29208566231536,-1.32278505606999));
#3833=CARTESIAN_POINT('Ctrl Pts',(3.04511332986236,-9.26616847367295,-1.48989019304772));
#3834=CARTESIAN_POINT('Ctrl Pts',(3.36343068443399,-9.21420380126447,-1.78328327924553));
#3835=CARTESIAN_POINT('Ctrl Pts',(3.54410578838327,-9.18824008863682,-1.90958751902502));
#3836=CARTESIAN_POINT('Ctrl Pts',(3.93296676931114,-9.14364597679315,-2.11282186892018));
#3837=CARTESIAN_POINT('Ctrl Pts',(4.14156143772069,-9.12503620937846,-2.1899583990416));
#3838=CARTESIAN_POINT('Ctrl Pts',(4.56853291961197,-9.10000198532575,-2.29176078019898));
#3839=CARTESIAN_POINT('Ctrl Pts',(4.78691939631302,-9.09361163636364,-2.31639448432081));
#3840=CARTESIAN_POINT('Ctrl Pts',(5.,-9.09361163636364,-2.31639448432081));
#3841=CARTESIAN_POINT('',(2.,-11.,-2.24963967399279E-32));
#3842=CARTESIAN_POINT('Origin',(5.,-11.,0.));
#3843=CARTESIAN_POINT('',(5.,-9.09361163636363,2.31639448432081));
#3844=CARTESIAN_POINT('Ctrl Pts',(5.,-9.09361163636364,2.31639448432081));
#3845=CARTESIAN_POINT('Ctrl Pts',(4.78691939631302,-9.09361163636364,2.31639448432081));
#3846=CARTESIAN_POINT('Ctrl Pts',(4.56853291961197,-9.10000198532575,2.29176078019898));
#3847=CARTESIAN_POINT('Ctrl Pts',(4.1415614377207,-9.12503620937846,2.1899583990416));
#3848=CARTESIAN_POINT('Ctrl Pts',(3.93296676931114,-9.14364597679315,2.11282186892018));
#3849=CARTESIAN_POINT('Ctrl Pts',(3.54410578838327,-9.18824008863682,1.90958751902502));
#3850=CARTESIAN_POINT('Ctrl Pts',(3.36343068443399,-9.21420380126447,1.78328327924554));
#3851=CARTESIAN_POINT('Ctrl Pts',(3.04511332986236,-9.26616847367295,1.48989019304772));
#3852=CARTESIAN_POINT('Ctrl Pts',(2.90747242449789,-9.29208566231536,1.32278505607));
#3853=CARTESIAN_POINT('Ctrl Pts',(2.69793717008978,-9.33405321255339,0.980505915281249));
#3854=CARTESIAN_POINT('Ctrl Pts',(2.61213653757073,-9.35264399517284,0.79162734639893));
#3855=CARTESIAN_POINT('Ctrl Pts',(2.49935848061717,-9.3777038447634,0.396604026271469));
#3856=CARTESIAN_POINT('Ctrl Pts',(2.47244307680322,-9.384,0.190430620855705));
#3857=CARTESIAN_POINT('Ctrl Pts',(2.47244307680322,-9.384,4.16333634234434E-16));
#3858=CARTESIAN_POINT('Origin',(5.,-11.,-3.0990837068796E-47));
#3859=CARTESIAN_POINT('Origin',(5.,0.,-9.18454765366783E-16));
#3860=CARTESIAN_POINT('',(5.,-2.31639448432081,9.09361163636363));
#3861=CARTESIAN_POINT('Ctrl Pts',(2.47244307680322,4.5102810375397E-16,
9.384));
#3862=CARTESIAN_POINT('Ctrl Pts',(2.47244307680322,-0.190430620855704,9.384));
#3863=CARTESIAN_POINT('Ctrl Pts',(2.49935848061717,-0.396604026271468,9.3777038447634));
#3864=CARTESIAN_POINT('Ctrl Pts',(2.61213653757072,-0.79162734639893,9.35264399517283));
#3865=CARTESIAN_POINT('Ctrl Pts',(2.69793717008977,-0.980505915281249,9.33405321255338));
#3866=CARTESIAN_POINT('Ctrl Pts',(2.90747242449789,-1.32278505607,9.29208566231535));
#3867=CARTESIAN_POINT('Ctrl Pts',(3.04511332986236,-1.48989019304772,9.26616847367295));
#3868=CARTESIAN_POINT('Ctrl Pts',(3.36343068443399,-1.78328327924554,9.21420380126447));
#3869=CARTESIAN_POINT('Ctrl Pts',(3.54410578838327,-1.90958751902502,9.18824008863682));
#3870=CARTESIAN_POINT('Ctrl Pts',(3.93296676931114,-2.11282186892018,9.14364597679315));
#3871=CARTESIAN_POINT('Ctrl Pts',(4.14156143772069,-2.1899583990416,9.12503620937845));
#3872=CARTESIAN_POINT('Ctrl Pts',(4.56853291961197,-2.29176078019898,9.10000198532575));
#3873=CARTESIAN_POINT('Ctrl Pts',(4.78691939631302,-2.31639448432081,9.09361163636364));
#3874=CARTESIAN_POINT('Ctrl Pts',(5.,-2.31639448432081,9.09361163636364));
#3875=CARTESIAN_POINT('Origin',(5.,0.,-9.18454765366783E-16));
#3876=CARTESIAN_POINT('',(5.,-2.31639448432081,-9.09361163636364));
#3877=CARTESIAN_POINT('Origin',(5.,0.,-9.18454765366783E-16));
#3878=CARTESIAN_POINT('Ctrl Pts',(5.,-2.31639448432081,-9.09361163636364));
#3879=CARTESIAN_POINT('Ctrl Pts',(4.78691939631302,-2.31639448432081,-9.09361163636364));
#3880=CARTESIAN_POINT('Ctrl Pts',(4.56853291961197,-2.29176078019898,-9.10000198532575));
#3881=CARTESIAN_POINT('Ctrl Pts',(4.1415614377207,-2.1899583990416,-9.12503620937846));
#3882=CARTESIAN_POINT('Ctrl Pts',(3.93296676931115,-2.11282186892018,-9.14364597679315));
#3883=CARTESIAN_POINT('Ctrl Pts',(3.54410578838327,-1.90958751902502,-9.18824008863683));
#3884=CARTESIAN_POINT('Ctrl Pts',(3.363430684434,-1.78328327924554,-9.21420380126447));
#3885=CARTESIAN_POINT('Ctrl Pts',(3.04511332986237,-1.48989019304772,-9.26616847367295));
#3886=CARTESIAN_POINT('Ctrl Pts',(2.9074724244979,-1.32278505607,-9.29208566231536));
#3887=CARTESIAN_POINT('Ctrl Pts',(2.69793717008978,-0.980505915281252,-9.33405321255339));
#3888=CARTESIAN_POINT('Ctrl Pts',(2.61213653757073,-0.791627346398933,-9.35264399517284));
#3889=CARTESIAN_POINT('Ctrl Pts',(2.49935848061717,-0.396604026271469,-9.3777038447634));
#3890=CARTESIAN_POINT('Ctrl Pts',(2.47244307680321,-0.190430620855704,-9.384));
#3891=CARTESIAN_POINT('Ctrl Pts',(2.47244307680321,-2.42861286636753E-16,
-9.384));
#3892=CARTESIAN_POINT('',(4.4,-2.88357375984723,-8.92997527272727));
#3893=CARTESIAN_POINT('Ctrl Pts',(4.40000000000001,-2.88357375984723,-8.92997527272727));
#3894=CARTESIAN_POINT('Ctrl Pts',(4.32591880921604,-2.87106006064862,-8.93401606495185));
#3895=CARTESIAN_POINT('Ctrl Pts',(4.25204558488636,-2.85617203183892,-8.93879553888798));
#3896=CARTESIAN_POINT('Ctrl Pts',(3.90684859691671,-2.77496219613442,-8.9645714200891));
#3897=CARTESIAN_POINT('Ctrl Pts',(3.64139229844204,-2.67804664800165,-8.99473082214362));
#3898=CARTESIAN_POINT('Ctrl Pts',(3.14665342796138,-2.4222557491268,-9.06696177456287));
#3899=CARTESIAN_POINT('Ctrl Pts',(2.91684676802949,-2.26311084838595,-9.10899981987074));
#3900=CARTESIAN_POINT('Ctrl Pts',(2.51194018624022,-1.89258215479768,-9.19313228716233));
#3901=CARTESIAN_POINT('Ctrl Pts',(2.33683381395359,-1.68117530396431,-9.23509406108253));
#3902=CARTESIAN_POINT('Ctrl Pts',(2.07013568150657,-1.24706606768463,-9.30307841000647));
#3903=CARTESIAN_POINT('Ctrl Pts',(1.96093868626915,-1.00721425885782,-9.33319076674035));
#3904=CARTESIAN_POINT('Ctrl Pts',(1.85326901577681,-0.630529520721827,-9.36364018339016));
#3905=CARTESIAN_POINT('Ctrl Pts',(1.82634915174599,-0.502200989728166,-9.37141853831912));
#3906=CARTESIAN_POINT('Ctrl Pts',(1.79125709832009,-0.247569143571396,-9.38159905211715));
#3907=CARTESIAN_POINT('Ctrl Pts',(1.78308470736328,-0.121265807771158,-9.384));
#3908=CARTESIAN_POINT('Ctrl Pts',(1.78308470736328,1.17961196366423E-15,
-9.384));
#3909=CARTESIAN_POINT('',(4.4,-8.92997527272727,-2.88357375984723));
#3910=CARTESIAN_POINT('Origin',(4.4,0.,-1.0286693372108E-15));
#3911=CARTESIAN_POINT('',(4.4,-8.92997527272727,2.88357375984722));
#3912=CARTESIAN_POINT('Ctrl Pts',(4.40000000000001,-8.92997527272727,2.88357375984723));
#3913=CARTESIAN_POINT('Ctrl Pts',(4.32591880921605,-8.93401606495185,2.87106006064862));
#3914=CARTESIAN_POINT('Ctrl Pts',(4.25204558488636,-8.93879553888797,2.85617203183892));
#3915=CARTESIAN_POINT('Ctrl Pts',(3.90684859691671,-8.9645714200891,2.77496219613441));
#3916=CARTESIAN_POINT('Ctrl Pts',(3.64139229844204,-8.99473082214362,2.67804664800165));
#3917=CARTESIAN_POINT('Ctrl Pts',(3.14665342796138,-9.06696177456287,2.4222557491268));
#3918=CARTESIAN_POINT('Ctrl Pts',(2.91684676802949,-9.10899981987073,2.26311084838595));
#3919=CARTESIAN_POINT('Ctrl Pts',(2.51194018624022,-9.19313228716233,1.89258215479769));
#3920=CARTESIAN_POINT('Ctrl Pts',(2.33683381395359,-9.23509406108253,1.68117530396431));
#3921=CARTESIAN_POINT('Ctrl Pts',(2.07013568150657,-9.30307841000647,1.24706606768464));
#3922=CARTESIAN_POINT('Ctrl Pts',(1.96093868626915,-9.33319076674035,1.00721425885783));
#3923=CARTESIAN_POINT('Ctrl Pts',(1.85326901577681,-9.36364018339016,0.63052952072183));
#3924=CARTESIAN_POINT('Ctrl Pts',(1.82634915174599,-9.37141853831911,0.502200989728169));
#3925=CARTESIAN_POINT('Ctrl Pts',(1.79125709832009,-9.38159905211715,0.247569143571398));
#3926=CARTESIAN_POINT('Ctrl Pts',(1.78308470736328,-9.384,0.121265807771159));
#3927=CARTESIAN_POINT('Ctrl Pts',(1.78308470736328,-9.384,-0.121265807771161));
#3928=CARTESIAN_POINT('Ctrl Pts',(1.79125709832009,-9.38159905211715,-0.2475691435714));
#3929=CARTESIAN_POINT('Ctrl Pts',(1.82634915174599,-9.37141853831911,-0.50220098972817));
#3930=CARTESIAN_POINT('Ctrl Pts',(1.85326901577681,-9.36364018339016,-0.630529520721832));
#3931=CARTESIAN_POINT('Ctrl Pts',(1.96093868626915,-9.33319076674035,-1.00721425885783));
#3932=CARTESIAN_POINT('Ctrl Pts',(2.07013568150657,-9.30307841000647,-1.24706606768464));
#3933=CARTESIAN_POINT('Ctrl Pts',(2.33683381395359,-9.23509406108253,-1.68117530396431));
#3934=CARTESIAN_POINT('Ctrl Pts',(2.51194018624022,-9.19313228716233,-1.89258215479769));
#3935=CARTESIAN_POINT('Ctrl Pts',(2.9168467680295,-9.10899981987073,-2.26311084838595));
#3936=CARTESIAN_POINT('Ctrl Pts',(3.14665342796139,-9.06696177456287,-2.4222557491268));
#3937=CARTESIAN_POINT('Ctrl Pts',(3.64139229844204,-8.99473082214362,-2.67804664800165));
#3938=CARTESIAN_POINT('Ctrl Pts',(3.90684859691671,-8.9645714200891,-2.77496219613441));
#3939=CARTESIAN_POINT('Ctrl Pts',(4.25204558488636,-8.93879553888797,-2.85617203183892));
#3940=CARTESIAN_POINT('Ctrl Pts',(4.32591883135577,-8.93401606374423,-2.87106006438843));
#3941=CARTESIAN_POINT('Ctrl Pts',(4.4,-8.92997527272727,-2.88357375984723));
#3942=CARTESIAN_POINT('',(4.4,-2.88357375984723,8.92997527272727));
#3943=CARTESIAN_POINT('Origin',(4.4,0.,-1.0286693372108E-15));
#3944=CARTESIAN_POINT('Ctrl Pts',(1.78308470736328,6.93889390390723E-17,
9.384));
#3945=CARTESIAN_POINT('Ctrl Pts',(1.78308470736328,-0.12126580777116,9.384));
#3946=CARTESIAN_POINT('Ctrl Pts',(1.79125709832009,-0.247569143571399,9.38159905211715));
#3947=CARTESIAN_POINT('Ctrl Pts',(1.82634915174599,-0.502200989728169,9.37141853831911));
#3948=CARTESIAN_POINT('Ctrl Pts',(1.8532690157768,-0.63052952072183,9.36364018339016));
#3949=CARTESIAN_POINT('Ctrl Pts',(1.96093868626915,-1.00721425885783,9.33319076674035));
#3950=CARTESIAN_POINT('Ctrl Pts',(2.07013568150657,-1.24706606768464,9.30307841000647));
#3951=CARTESIAN_POINT('Ctrl Pts',(2.33683381395359,-1.68117530396431,9.23509406108253));
#3952=CARTESIAN_POINT('Ctrl Pts',(2.51194018624022,-1.89258215479769,9.19313228716232));
#3953=CARTESIAN_POINT('Ctrl Pts',(2.91684676802949,-2.26311084838595,9.10899981987073));
#3954=CARTESIAN_POINT('Ctrl Pts',(3.14665342796138,-2.4222557491268,9.06696177456287));
#3955=CARTESIAN_POINT('Ctrl Pts',(3.64139229844204,-2.67804664800165,8.99473082214362));
#3956=CARTESIAN_POINT('Ctrl Pts',(3.90684859691671,-2.77496219613441,8.9645714200891));
#3957=CARTESIAN_POINT('Ctrl Pts',(4.25204558488636,-2.85617203183892,8.93879553888797));
#3958=CARTESIAN_POINT('Ctrl Pts',(4.32591883135577,-2.87106006438843,8.93401606374423));
#3959=CARTESIAN_POINT('Ctrl Pts',(4.4,-2.88357375984723,8.92997527272727));
#3960=CARTESIAN_POINT('Origin',(5.,0.,-9.18454765366783E-16));
#3961=CARTESIAN_POINT('',(5.,-2.73025276470846,-12.2432698181818));
#3962=CARTESIAN_POINT('Origin',(5.,0.,-9.18454765366783E-16));
#3963=CARTESIAN_POINT('Origin',(5.,0.,-11.));
#3964=CARTESIAN_POINT('Origin',(5.,0.,-11.));
#3965=CARTESIAN_POINT('Origin',(5.,0.,-11.));
#3966=CARTESIAN_POINT('Ctrl Pts',(2.4278289325941,-2.08166817117217E-16,
-12.544));
#3967=CARTESIAN_POINT('Ctrl Pts',(2.4278289325941,-0.229865004219656,-12.544));
#3968=CARTESIAN_POINT('Ctrl Pts',(2.45654769817793,-0.479632308276684,-12.5371504521702));
#3969=CARTESIAN_POINT('Ctrl Pts',(2.57944130953306,-0.961546559928345,-12.5094211190018));
#3970=CARTESIAN_POINT('Ctrl Pts',(2.67368633799258,-1.19368457224972,-12.4886973527536));
#3971=CARTESIAN_POINT('Ctrl Pts',(2.85099862515137,-1.51308954112533,-12.4529886664272));
#3972=CARTESIAN_POINT('Ctrl Pts',(2.93294797593272,-1.63846076662373,-12.4370969489431));
#3973=CARTESIAN_POINT('Ctrl Pts',(3.11741706588945,-1.87275964144168,-12.4039794215765));
#3974=CARTESIAN_POINT('Ctrl Pts',(3.21997120548849,-1.98167112471511,-12.3868309116509));
#3975=CARTESIAN_POINT('Ctrl Pts',(3.42917378140591,-2.17222108894871,-12.3548944335606));
#3976=CARTESIAN_POINT('Ctrl Pts',(3.55019983285768,-2.26535845087344,-12.3380348275437));
#3977=CARTESIAN_POINT('Ctrl Pts',(3.81165973829513,-2.42992528506894,-12.3066817388727));
#3978=CARTESIAN_POINT('Ctrl Pts',(3.95209424255159,-2.50135904899285,-12.2922162114737));
#3979=CARTESIAN_POINT('Ctrl Pts',(4.24389152984162,-2.61619386428826,-12.2682885915606));
#3980=CARTESIAN_POINT('Ctrl Pts',(4.39548111077146,-2.65968111033941,-12.258828849597));
#3981=CARTESIAN_POINT('Ctrl Pts',(4.69974677172543,-2.71671532320967,-12.2463156182351));
#3982=CARTESIAN_POINT('Ctrl Pts',(4.85242495336409,-2.73025276470845,-12.2432698181818));
#3983=CARTESIAN_POINT('Ctrl Pts',(5.,-2.73025276470845,-12.2432698181818));
#3984=CARTESIAN_POINT('Origin',(5.,0.,-9.18454765366783E-16));
#3985=CARTESIAN_POINT('Origin',(5.,11.,-3.0990837068796E-47));
#3986=CARTESIAN_POINT('Origin',(5.,11.,0.));
#3987=CARTESIAN_POINT('Origin',(5.,11.,-3.0990837068796E-47));
#3988=CARTESIAN_POINT('',(2.,11.,-2.24963967399279E-32));
#3989=CARTESIAN_POINT('Origin',(5.,11.,0.));
#3990=CARTESIAN_POINT('Origin',(5.,0.,-9.18454765366783E-16));
#3991=CARTESIAN_POINT('Origin',(5.,0.,11.));
#3992=CARTESIAN_POINT('Origin',(5.,0.,11.));
#3993=CARTESIAN_POINT('',(5.,-2.73025276470846,12.2432698181818));
#3994=CARTESIAN_POINT('Ctrl Pts',(5.,-2.73025276470845,12.2432698181818));
#3995=CARTESIAN_POINT('Ctrl Pts',(4.85242495336409,-2.73025276470845,12.2432698181818));
#3996=CARTESIAN_POINT('Ctrl Pts',(4.69974677172543,-2.71671532320967,12.2463156182351));
#3997=CARTESIAN_POINT('Ctrl Pts',(4.39548111077145,-2.65968111033941,12.258828849597));
#3998=CARTESIAN_POINT('Ctrl Pts',(4.24389152984162,-2.61619386428826,12.2682885915606));
#3999=CARTESIAN_POINT('Ctrl Pts',(3.95209424255158,-2.50135904899285,12.2922162114737));
#4000=CARTESIAN_POINT('Ctrl Pts',(3.81165973829513,-2.42992528506894,12.3066817388727));
#4001=CARTESIAN_POINT('Ctrl Pts',(3.55019983285768,-2.26535845087344,12.3380348275437));
#4002=CARTESIAN_POINT('Ctrl Pts',(3.42917378140591,-2.17222108894871,12.3548944335606));
#4003=CARTESIAN_POINT('Ctrl Pts',(3.21997120548849,-1.98167112471511,12.3868309116509));
#4004=CARTESIAN_POINT('Ctrl Pts',(3.11741706588945,-1.87275964144168,12.4039794215765));
#4005=CARTESIAN_POINT('Ctrl Pts',(2.93294797593272,-1.63846076662373,12.4370969489431));
#4006=CARTESIAN_POINT('Ctrl Pts',(2.85099862515136,-1.51308954112533,12.4529886664272));
#4007=CARTESIAN_POINT('Ctrl Pts',(2.67368633799258,-1.19368457224972,12.4886973527536));
#4008=CARTESIAN_POINT('Ctrl Pts',(2.57944130953305,-0.961546559928347,12.5094211190018));
#4009=CARTESIAN_POINT('Ctrl Pts',(2.45654769817793,-0.479632308276684,12.5371504521702));
#4010=CARTESIAN_POINT('Ctrl Pts',(2.4278289325941,-0.229865004219655,12.544));
#4011=CARTESIAN_POINT('Ctrl Pts',(2.4278289325941,4.85722573273506E-16,
12.544));
#4012=CARTESIAN_POINT('Origin',(5.,0.,11.));
#4013=CARTESIAN_POINT('Origin',(5.,11.,1.08766893609269E-31));
#4014=CARTESIAN_POINT('Origin',(4.4,11.,-1.10214571844014E-16));
#4015=CARTESIAN_POINT('Origin',(4.4,11.,-1.10214571844014E-16));
#4016=CARTESIAN_POINT('Origin',(5.,-2.71917234023173E-32,11.));
#4017=CARTESIAN_POINT('',(4.4,-3.38147772487506,12.0796334545455));
#4018=CARTESIAN_POINT('Origin',(4.4,-2.71917234023173E-32,11.));
#4019=CARTESIAN_POINT('Ctrl Pts',(1.74791390027878,4.1286418728248E-15,
12.544));
#4020=CARTESIAN_POINT('Ctrl Pts',(1.74791390027877,-0.145384006062849,12.544));
#4021=CARTESIAN_POINT('Ctrl Pts',(1.75659688292797,-0.2970834010433,12.5414202952774));
#4022=CARTESIAN_POINT('Ctrl Pts',(1.7941885699753,-0.603776802699666,12.5304004382336));
#4023=CARTESIAN_POINT('Ctrl Pts',(1.82309920167207,-0.75877057220663,12.5219602598866));
#4024=CARTESIAN_POINT('Ctrl Pts',(1.90079009376008,-1.06315666028468,12.4997967759314));
#4025=CARTESIAN_POINT('Ctrl Pts',(1.94960205008455,-1.21266073913495,12.486073189026));
#4026=CARTESIAN_POINT('Ctrl Pts',(2.06368087124193,-1.49826763474428,12.4550296605213));
#4027=CARTESIAN_POINT('Ctrl Pts',(2.12895157572684,-1.63437048072881,12.4377240995475));
#4028=CARTESIAN_POINT('Ctrl Pts',(2.28302155246594,-1.91113786017201,12.3984940871069));
#4029=CARTESIAN_POINT('Ctrl Pts',(2.38675176918643,-2.06923761065878,12.3730623561507));
#4030=CARTESIAN_POINT('Ctrl Pts',(2.62025115504248,-2.3643868257169,12.3200686392733));
#4031=CARTESIAN_POINT('Ctrl Pts',(2.75006634105526,-2.50142199770906,12.2926298914791));
#4032=CARTESIAN_POINT('Ctrl Pts',(3.0146497106332,-2.74074436367452,12.2415811493187));
#4033=CARTESIAN_POINT('Ctrl Pts',(3.16756755663376,-2.85750571463995,12.2146571916354));
#4034=CARTESIAN_POINT('Ctrl Pts',(3.49793974030811,-3.06367429178738,12.1645833898816));
#4035=CARTESIAN_POINT('Ctrl Pts',(3.67539570120647,-3.15308971709453,12.141478023805));
#4036=CARTESIAN_POINT('Ctrl Pts',(4.03518837064508,-3.29327937365677,12.1041830869955));
#4037=CARTESIAN_POINT('Ctrl Pts',(4.21712382597145,-3.34584386090568,12.0896085185834));
#4038=CARTESIAN_POINT('Ctrl Pts',(4.4,-3.38147772487507,12.0796334545455));
#4039=CARTESIAN_POINT('Origin',(4.4,-2.71917234023173E-32,11.));
#4040=CARTESIAN_POINT('Origin',(4.4,0.,-1.0286693372108E-15));
#4041=CARTESIAN_POINT('Origin',(4.4,0.,-1.0286693372108E-15));
#4042=CARTESIAN_POINT('',(4.4,-12.0796334545455,3.38147772487506));
#4043=CARTESIAN_POINT('Origin',(4.4,-11.,-1.10214571844014E-16));
#4044=CARTESIAN_POINT('Origin',(4.4,0.,-1.0286693372108E-15));
#4045=CARTESIAN_POINT('Origin',(4.4,0.,-1.0286693372108E-15));
#4046=CARTESIAN_POINT('',(4.4,-3.38147772487506,-12.0796334545455));
#4047=CARTESIAN_POINT('Origin',(4.4,8.15751702069519E-32,-11.));
#4048=CARTESIAN_POINT('',(4.4,-12.0796334545455,-3.38147772487506));
#4049=CARTESIAN_POINT('Origin',(4.4,0.,-1.0286693372108E-15));
#4050=CARTESIAN_POINT('Origin',(4.4,-11.,-1.10214571844014E-16));
#4051=CARTESIAN_POINT('Origin',(4.4,0.,-1.0286693372108E-15));
#4052=CARTESIAN_POINT('Origin',(4.4,8.15751702069519E-32,-11.));
#4053=CARTESIAN_POINT('Origin',(0.,0.,-1.83690953073357E-15));
#4054=CARTESIAN_POINT('Ctrl Pts',(4.4,-12.0796334545455,3.38147772487507));
#4055=CARTESIAN_POINT('Ctrl Pts',(4.21712382597144,-12.0896085185834,3.34584386090568));
#4056=CARTESIAN_POINT('Ctrl Pts',(4.03518837064508,-12.1041830869955,3.29327937365677));
#4057=CARTESIAN_POINT('Ctrl Pts',(3.67539570120647,-12.141478023805,3.15308971709453));
#4058=CARTESIAN_POINT('Ctrl Pts',(3.49793974030811,-12.1645833898816,3.06367429178738));
#4059=CARTESIAN_POINT('Ctrl Pts',(3.16756755663376,-12.2146571916354,2.85750571463995));
#4060=CARTESIAN_POINT('Ctrl Pts',(3.0146497106332,-12.2415811493187,2.74074436367452));
#4061=CARTESIAN_POINT('Ctrl Pts',(2.75006634105526,-12.2926298914791,2.50142199770906));
#4062=CARTESIAN_POINT('Ctrl Pts',(2.62025115504248,-12.3200686392733,2.3643868257169));
#4063=CARTESIAN_POINT('Ctrl Pts',(2.38675176918643,-12.3730623561507,2.06923761065878));
#4064=CARTESIAN_POINT('Ctrl Pts',(2.28302155246594,-12.3984940871069,1.91113786017201));
#4065=CARTESIAN_POINT('Ctrl Pts',(2.12895157572684,-12.4377240995475,1.63437048072881));
#4066=CARTESIAN_POINT('Ctrl Pts',(2.06368087124193,-12.4550296605213,1.49826763474428));
#4067=CARTESIAN_POINT('Ctrl Pts',(1.94960205008455,-12.486073189026,1.21266073913495));
#4068=CARTESIAN_POINT('Ctrl Pts',(1.90079009376008,-12.4997967759314,1.06315666028468));
#4069=CARTESIAN_POINT('Ctrl Pts',(1.82309920167207,-12.5219602598866,0.75877057220663));
#4070=CARTESIAN_POINT('Ctrl Pts',(1.7941885699753,-12.5304004382336,0.603776802699665));
#4071=CARTESIAN_POINT('Ctrl Pts',(1.75659688292797,-12.5414202952774,0.297083401043299));
#4072=CARTESIAN_POINT('Ctrl Pts',(1.74791390027878,-12.544,0.145384006062848));
#4073=CARTESIAN_POINT('Ctrl Pts',(1.74791390027878,-12.544,-0.14538400606285));
#4074=CARTESIAN_POINT('Ctrl Pts',(1.75659688292797,-12.5414202952774,-0.297083401043301));
#4075=CARTESIAN_POINT('Ctrl Pts',(1.7941885699753,-12.5304004382336,-0.603776802699667));
#4076=CARTESIAN_POINT('Ctrl Pts',(1.82309920167207,-12.5219602598866,-0.758770572206631));
#4077=CARTESIAN_POINT('Ctrl Pts',(1.90079009376008,-12.4997967759314,-1.06315666028468));
#4078=CARTESIAN_POINT('Ctrl Pts',(1.94960205008455,-12.486073189026,-1.21266073913495));
#4079=CARTESIAN_POINT('Ctrl Pts',(2.06368087124193,-12.4550296605213,-1.49826763474428));
#4080=CARTESIAN_POINT('Ctrl Pts',(2.12895157572684,-12.4377240995475,-1.63437048072882));
#4081=CARTESIAN_POINT('Ctrl Pts',(2.28302155246594,-12.3984940871069,-1.91113786017201));
#4082=CARTESIAN_POINT('Ctrl Pts',(2.38675176918643,-12.3730623561507,-2.06923761065878));
#4083=CARTESIAN_POINT('Ctrl Pts',(2.62025115504248,-12.3200686392733,-2.3643868257169));
#4084=CARTESIAN_POINT('Ctrl Pts',(2.75006634105526,-12.2926298914791,-2.50142199770906));
#4085=CARTESIAN_POINT('Ctrl Pts',(3.0146497106332,-12.2415811493187,-2.74074436367453));
#4086=CARTESIAN_POINT('Ctrl Pts',(3.16756755663376,-12.2146571916354,-2.85750571463995));
#4087=CARTESIAN_POINT('Ctrl Pts',(3.49793974030811,-12.1645833898816,-3.06367429178738));
#4088=CARTESIAN_POINT('Ctrl Pts',(3.67539570120647,-12.141478023805,-3.15308971709453));
#4089=CARTESIAN_POINT('Ctrl Pts',(4.03518837064508,-12.1041830869955,-3.29327937365677));
#4090=CARTESIAN_POINT('Ctrl Pts',(4.21712382597144,-12.0896085185834,-3.34584386090568));
#4091=CARTESIAN_POINT('Ctrl Pts',(4.4,-12.0796334545455,-3.38147772487507));
#4092=CARTESIAN_POINT('Ctrl Pts',(4.4,-3.38147772487507,-12.0796334545455));
#4093=CARTESIAN_POINT('Ctrl Pts',(4.21712382597144,-3.34584386090568,-12.0896085185834));
#4094=CARTESIAN_POINT('Ctrl Pts',(4.03518837064508,-3.29327937365676,-12.1041830869955));
#4095=CARTESIAN_POINT('Ctrl Pts',(3.67539570120647,-3.15308971709454,-12.141478023805));
#4096=CARTESIAN_POINT('Ctrl Pts',(3.49793974030812,-3.06367429178738,-12.1645833898816));
#4097=CARTESIAN_POINT('Ctrl Pts',(3.16756755663377,-2.85750571463995,-12.2146571916354));
#4098=CARTESIAN_POINT('Ctrl Pts',(3.01464971063321,-2.74074436367453,-12.2415811493187));
#4099=CARTESIAN_POINT('Ctrl Pts',(2.75006634105527,-2.50142199770907,-12.2926298914791));
#4100=CARTESIAN_POINT('Ctrl Pts',(2.62025115504249,-2.36438682571691,-12.3200686392733));
#4101=CARTESIAN_POINT('Ctrl Pts',(2.38675176918643,-2.06923761065878,-12.3730623561507));
#4102=CARTESIAN_POINT('Ctrl Pts',(2.28302155246594,-1.91113786017201,-12.3984940871069));
#4103=CARTESIAN_POINT('Ctrl Pts',(2.12895157572684,-1.63437048072881,-12.4377240995475));
#4104=CARTESIAN_POINT('Ctrl Pts',(2.06368087124193,-1.49826763474428,-12.4550296605213));
#4105=CARTESIAN_POINT('Ctrl Pts',(1.94960205008455,-1.21266073913495,-12.486073189026));
#4106=CARTESIAN_POINT('Ctrl Pts',(1.90079009376008,-1.06315666028468,-12.4997967759314));
#4107=CARTESIAN_POINT('Ctrl Pts',(1.82309920167208,-0.758770572206629,-12.5219602598866));
#4108=CARTESIAN_POINT('Ctrl Pts',(1.7941885699753,-0.603776802699664,-12.5304004382336));
#4109=CARTESIAN_POINT('Ctrl Pts',(1.75659688292797,-0.297083401043298,-12.5414202952774));
#4110=CARTESIAN_POINT('Ctrl Pts',(1.74791390027878,-0.145384006062848,-12.544));
#4111=CARTESIAN_POINT('Ctrl Pts',(1.74791390027878,-3.57353036051222E-15,
-12.544));
#4112=CARTESIAN_POINT('Origin',(5.,0.,-9.18454765366783E-16));
#4113=CARTESIAN_POINT('Origin',(5.,8.15751702069519E-32,-11.));
#4114=CARTESIAN_POINT('Origin',(5.,0.,-9.18454765366783E-16));
#4115=CARTESIAN_POINT('Origin',(5.,-11.,-5.43834468046346E-32));
#4116=CARTESIAN_POINT('Origin',(5.,0.,0.));
#4117=CARTESIAN_POINT('',(5.,-14.,-9.64546910224573E-16));
#4118=CARTESIAN_POINT('',(5.,14.,9.64546910224573E-16));
#4119=CARTESIAN_POINT('Origin',(5.,0.,0.));
#4120=CARTESIAN_POINT('',(2.6,-12.8,-7.83748066446321E-16));
#4121=CARTESIAN_POINT('Origin',(5.,-11.,-6.73533494602307E-16));
#4122=CARTESIAN_POINT('',(2.6,7.83748066446321E-16,12.8));
#4123=CARTESIAN_POINT('Origin',(2.6,0.,0.));
#4124=CARTESIAN_POINT('',(2.6,12.8,7.83748066446321E-16));
#4125=CARTESIAN_POINT('Origin',(2.6,0.,0.));
#4126=CARTESIAN_POINT('Origin',(5.,11.,6.73533494602307E-16));
#4127=CARTESIAN_POINT('Origin',(5.,0.,0.));
#4128=CARTESIAN_POINT('Origin',(5.,0.,0.));
#4129=CARTESIAN_POINT('',(2.6,7.83748066446321E-16,-12.8));
#4130=CARTESIAN_POINT('Origin',(2.6,0.,0.));
#4131=CARTESIAN_POINT('Origin',(2.6,0.,0.));
#4132=CARTESIAN_POINT('Origin',(0.600000000000001,0.,0.));
#4133=CARTESIAN_POINT('',(0.6,-16.,-9.79685083057902E-16));
#4134=CARTESIAN_POINT('',(0.,-15.4,-9.4294689244323E-16));
#4135=CARTESIAN_POINT('Origin',(0.600000000000001,-15.4,-9.4294689244323E-16));
#4136=CARTESIAN_POINT('',(0.6,9.79685083057902E-16,16.));
#4137=CARTESIAN_POINT('Origin',(0.6,0.,0.));
#4138=CARTESIAN_POINT('',(0.6,16.,9.79685083057902E-16));
#4139=CARTESIAN_POINT('Origin',(0.6,0.,0.));
#4140=CARTESIAN_POINT('',(0.,15.4,9.4294689244323E-16));
#4141=CARTESIAN_POINT('Origin',(0.600000000000001,15.4,9.4294689244323E-16));
#4142=CARTESIAN_POINT('Origin',(0.,0.,0.));
#4143=CARTESIAN_POINT('Origin',(5.,0.,0.));
#4144=CARTESIAN_POINT('',(9.4,9.79685083057902E-16,16.));
#4145=CARTESIAN_POINT('',(5.,-9.79685083057902E-16,16.));
#4146=CARTESIAN_POINT('',(9.4,16.,9.79685083057902E-16));
#4147=CARTESIAN_POINT('Origin',(9.4,0.,0.));
#4148=CARTESIAN_POINT('',(9.4,9.79685083057902E-16,-16.));
#4149=CARTESIAN_POINT('Origin',(9.4,0.,0.));
#4150=CARTESIAN_POINT('',(0.6,9.79685083057902E-16,-16.));
#4151=CARTESIAN_POINT('',(5.,9.79685083057902E-16,-16.));
#4152=CARTESIAN_POINT('Origin',(0.6,0.,0.));
#4153=CARTESIAN_POINT('Origin',(9.4,0.,0.));
#4154=CARTESIAN_POINT('',(10.,-15.4,-9.4294689244323E-16));
#4155=CARTESIAN_POINT('',(9.4,-16.,-9.79685083057902E-16));
#4156=CARTESIAN_POINT('Origin',(9.4,-15.4,-9.4294689244323E-16));
#4157=CARTESIAN_POINT('',(10.,15.4,9.4294689244323E-16));
#4158=CARTESIAN_POINT('Origin',(10.,0.,0.));
#4159=CARTESIAN_POINT('Origin',(9.4,15.4,9.4294689244323E-16));
#4160=CARTESIAN_POINT('Origin',(9.4,0.,0.));
#4161=CARTESIAN_POINT('Origin',(9.75,0.,0.));
#4162=CARTESIAN_POINT('',(10.,8.63347479444776E-16,14.1));
#4163=CARTESIAN_POINT('',(9.5,8.63347479444776E-16,14.1));
#4164=CARTESIAN_POINT('',(9.75,-8.63347479444776E-16,14.1));
#4165=CARTESIAN_POINT('',(10.,8.63347479444776E-16,-14.1));
#4166=CARTESIAN_POINT('Origin',(10.,0.,0.));
#4167=CARTESIAN_POINT('',(9.5,8.63347479444776E-16,-14.1));
#4168=CARTESIAN_POINT('',(9.75,8.63347479444776E-16,-14.1));
#4169=CARTESIAN_POINT('Origin',(9.5,0.,0.));
#4170=CARTESIAN_POINT('Origin',(8.45,0.,0.));
#4171=CARTESIAN_POINT('',(9.5,7.83748066446321E-16,12.8));
#4172=CARTESIAN_POINT('',(7.4,7.83748066446321E-16,12.8));
#4173=CARTESIAN_POINT('',(8.45,-7.83748066446321E-16,12.8));
#4174=CARTESIAN_POINT('',(9.5,7.83748066446321E-16,-12.8));
#4175=CARTESIAN_POINT('Origin',(9.5,0.,0.));
#4176=CARTESIAN_POINT('',(7.4,7.83748066446321E-16,-12.8));
#4177=CARTESIAN_POINT('',(8.45,7.83748066446321E-16,-12.8));
#4178=CARTESIAN_POINT('',(7.4,-12.8,-7.83748066446321E-16));
#4179=CARTESIAN_POINT('Origin',(7.4,0.,0.));
#4180=CARTESIAN_POINT('Origin',(7.4,0.,0.));
#4181=CARTESIAN_POINT('Origin',(5.,0.,0.));
#4182=CARTESIAN_POINT('Origin',(5.,-11.,-6.73533494602307E-16));
#4183=CARTESIAN_POINT('',(7.4,12.8,7.83748066446321E-16));
#4184=CARTESIAN_POINT('Origin',(7.4,0.,0.));
#4185=CARTESIAN_POINT('Origin',(5.,11.,6.73533494602307E-16));
#4186=CARTESIAN_POINT('Origin',(1.55,0.,0.));
#4187=CARTESIAN_POINT('',(0.5,7.83748066446321E-16,12.8));
#4188=CARTESIAN_POINT('',(1.55,-7.83748066446321E-16,12.8));
#4189=CARTESIAN_POINT('',(0.5,7.83748066446321E-16,-12.8));
#4190=CARTESIAN_POINT('',(1.55,7.83748066446321E-16,-12.8));
#4191=CARTESIAN_POINT('Origin',(0.5,0.,0.));
#4192=CARTESIAN_POINT('Origin',(0.25,0.,0.));
#4193=CARTESIAN_POINT('',(0.5,8.63347479444776E-16,14.1));
#4194=CARTESIAN_POINT('',(0.,8.63347479444776E-16,14.1));
#4195=CARTESIAN_POINT('',(0.25,-8.63347479444776E-16,14.1));
#4196=CARTESIAN_POINT('',(0.5,8.63347479444776E-16,-14.1));
#4197=CARTESIAN_POINT('Origin',(0.5,0.,0.));
#4198=CARTESIAN_POINT('',(0.,8.63347479444776E-16,-14.1));
#4199=CARTESIAN_POINT('',(0.25,8.63347479444776E-16,-14.1));
#4200=CARTESIAN_POINT('Origin',(0.,0.,0.));
#4201=CARTESIAN_POINT('Origin',(0.25,0.,0.));
#4202=CARTESIAN_POINT('Origin',(0.,0.,0.));
#4203=CARTESIAN_POINT('Origin',(0.5,0.,0.));
#4204=CARTESIAN_POINT('Origin',(0.5,8.23547772945549E-16,13.45));
#4205=CARTESIAN_POINT('Origin',(0.5,0.,0.));
#4206=CARTESIAN_POINT('Origin',(1.55,0.,0.));
#4207=CARTESIAN_POINT('Origin',(5.,0.,0.));
#4208=CARTESIAN_POINT('Origin',(7.4,0.,0.));
#4209=CARTESIAN_POINT('Origin',(8.45,0.,0.));
#4210=CARTESIAN_POINT('Origin',(9.5,0.,0.));
#4211=CARTESIAN_POINT('Origin',(9.5,8.23547772945549E-16,13.45));
#4212=CARTESIAN_POINT('Origin',(9.5,0.,0.));
#4213=CARTESIAN_POINT('Origin',(9.75,0.,0.));
#4214=CARTESIAN_POINT('Origin',(10.,0.,0.));
#4215=CARTESIAN_POINT('Origin',(10.,9.03147185944003E-16,14.75));
#4216=CARTESIAN_POINT('Origin',(10.,0.,0.));
#4217=CARTESIAN_POINT('Origin',(9.4,0.,0.));
#4218=CARTESIAN_POINT('Origin',(9.4,0.,0.));
#4219=CARTESIAN_POINT('Origin',(5.,0.,0.));
#4220=CARTESIAN_POINT('Origin',(0.6,0.,0.));
#4221=CARTESIAN_POINT('Origin',(0.600000000000001,0.,0.));
#4222=CARTESIAN_POINT('Origin',(0.,0.,0.));
#4223=CARTESIAN_POINT('Origin',(0.,9.03147185944003E-16,14.75));
#4224=CARTESIAN_POINT('Origin',(0.25,0.,0.));
#4225=CARTESIAN_POINT('',(0.,5.2045770037451E-16,8.5));
#4226=CARTESIAN_POINT('',(0.5,5.2045770037451E-16,8.5));
#4227=CARTESIAN_POINT('',(0.25,1.56137310112353E-15,8.5));
#4228=CARTESIAN_POINT('',(0.,-1.56137310112353E-15,-8.5));
#4229=CARTESIAN_POINT('Origin',(0.,0.,0.));
#4230=CARTESIAN_POINT('',(0.5,-1.56137310112353E-15,-8.5));
#4231=CARTESIAN_POINT('',(0.25,-1.56137310112353E-15,-8.5));
#4232=CARTESIAN_POINT('Origin',(0.5,0.,0.));
#4233=CARTESIAN_POINT('Origin',(0.25,0.,0.));
#4234=CARTESIAN_POINT('',(0.,8.63347479444776E-16,14.1));
#4235=CARTESIAN_POINT('',(0.5,8.63347479444776E-16,14.1));
#4236=CARTESIAN_POINT('',(0.25,2.59004243833433E-15,14.1));
#4237=CARTESIAN_POINT('',(0.,-2.59004243833433E-15,-14.1));
#4238=CARTESIAN_POINT('Origin',(0.,0.,0.));
#4239=CARTESIAN_POINT('',(0.5,-2.59004243833433E-15,-14.1));
#4240=CARTESIAN_POINT('',(0.25,-2.59004243833433E-15,-14.1));
#4241=CARTESIAN_POINT('Origin',(0.5,0.,0.));
#4242=CARTESIAN_POINT('Origin',(0.,6.91902589909643E-16,11.3));
#4243=CARTESIAN_POINT('Origin',(0.,0.,0.));
#4244=CARTESIAN_POINT('Origin',(0.,0.,0.));
#4245=CARTESIAN_POINT('Origin',(0.25,0.,0.));
#4246=CARTESIAN_POINT('Origin',(0.5,0.,0.));
#4247=CARTESIAN_POINT('Origin',(0.5,6.91902589909643E-16,11.3));
#4248=CARTESIAN_POINT('Origin',(0.5,0.,0.));
#4249=CARTESIAN_POINT('Origin',(0.25,0.,0.));
#4250=CARTESIAN_POINT('Origin',(9.75,3.06151588455594E-17,0.));
#4251=CARTESIAN_POINT('',(10.,-5.2045770037451E-16,8.5));
#4252=CARTESIAN_POINT('',(9.5,-4.59227382683391E-16,8.5));
#4253=CARTESIAN_POINT('',(9.75,-1.53075794227797E-15,8.5));
#4254=CARTESIAN_POINT('',(10.,1.56137310112353E-15,-8.5));
#4255=CARTESIAN_POINT('Origin',(10.,0.,0.));
#4256=CARTESIAN_POINT('',(9.5,1.62260341881465E-15,-8.5));
#4257=CARTESIAN_POINT('',(9.75,1.59198825996909E-15,-8.5));
#4258=CARTESIAN_POINT('Origin',(9.5,6.12303176911189E-17,0.));
#4259=CARTESIAN_POINT('Origin',(9.75,3.06151588455594E-17,0.));
#4260=CARTESIAN_POINT('',(10.,-8.63347479444776E-16,14.1));
#4261=CARTESIAN_POINT('',(9.5,-8.02117161753657E-16,14.1));
#4262=CARTESIAN_POINT('',(9.75,-2.55942727948877E-15,14.1));
#4263=CARTESIAN_POINT('',(10.,2.59004243833433E-15,-14.1));
#4264=CARTESIAN_POINT('Origin',(10.,0.,0.));
#4265=CARTESIAN_POINT('',(9.5,2.65127275602545E-15,-14.1));
#4266=CARTESIAN_POINT('',(9.75,2.62065759717989E-15,-14.1));
#4267=CARTESIAN_POINT('Origin',(9.5,6.12303176911189E-17,0.));
#4268=CARTESIAN_POINT('Origin',(10.,-6.91902589909643E-16,11.3));
#4269=CARTESIAN_POINT('Origin',(10.,0.,0.));
#4270=CARTESIAN_POINT('Origin',(10.,0.,0.));
#4271=CARTESIAN_POINT('Origin',(9.75,3.06151588455594E-17,0.));
#4272=CARTESIAN_POINT('Origin',(9.5,6.12303176911189E-17,0.));
#4273=CARTESIAN_POINT('Origin',(9.5,-6.30672272218524E-16,11.3));
#4274=CARTESIAN_POINT('Origin',(9.5,6.12303176911189E-17,0.));
#4275=CARTESIAN_POINT('Origin',(9.75,3.06151588455594E-17,0.));
#4276=UNCERTAINTY_MEASURE_WITH_UNIT(LENGTH_MEASURE(0.01),#4280,
'DISTANCE_ACCURACY_VALUE',
'Maximum model space distance between geometric entities at asserted c
onnectivities');
#4277=UNCERTAINTY_MEASURE_WITH_UNIT(LENGTH_MEASURE(0.01),#4280,
'DISTANCE_ACCURACY_VALUE',
'Maximum model space distance between geometric entities at asserted c
onnectivities');
#4278=(
GEOMETRIC_REPRESENTATION_CONTEXT(3)
GLOBAL_UNCERTAINTY_ASSIGNED_CONTEXT((#4276))
GLOBAL_UNIT_ASSIGNED_CONTEXT((#4280,#4282,#4283))
REPRESENTATION_CONTEXT('','3D')
);
#4279=(
GEOMETRIC_REPRESENTATION_CONTEXT(3)
GLOBAL_UNCERTAINTY_ASSIGNED_CONTEXT((#4277))
GLOBAL_UNIT_ASSIGNED_CONTEXT((#4280,#4282,#4283))
REPRESENTATION_CONTEXT('','3D')
);
#4280=(
LENGTH_UNIT()
NAMED_UNIT(*)
SI_UNIT(.MILLI.,.METRE.)
);
#4281=(
LENGTH_UNIT()
NAMED_UNIT(*)
SI_UNIT(.CENTI.,.METRE.)
);
#4282=(
NAMED_UNIT(*)
PLANE_ANGLE_UNIT()
SI_UNIT($,.RADIAN.)
);
#4283=(
NAMED_UNIT(*)
SI_UNIT($,.STERADIAN.)
SOLID_ANGLE_UNIT()
);
#4284=SHAPE_DEFINITION_REPRESENTATION(#4285,#4286);
#4285=PRODUCT_DEFINITION_SHAPE('',$,#4288);
#4286=SHAPE_REPRESENTATION('',(#1806),#4278);
#4287=PRODUCT_DEFINITION_CONTEXT('part definition',#4292,'design');
#4288=PRODUCT_DEFINITION('6201-c-2z','6201-c-2z',#4289,#4287);
#4289=PRODUCT_DEFINITION_FORMATION('',$,#4294);
#4290=PRODUCT_RELATED_PRODUCT_CATEGORY('6201-c-2z','6201-c-2z',(#4294));
#4291=APPLICATION_PROTOCOL_DEFINITION('international standard',
'automotive_design',2009,#4292);
#4292=APPLICATION_CONTEXT(
'Core Data for Automotive Mechanical Design Process');
#4293=PRODUCT_CONTEXT('part definition',#4292,'mechanical');
#4294=PRODUCT('6201-c-2z','6201-c-2z',$,(#4293));
#4295=PRESENTATION_STYLE_ASSIGNMENT((#4299));
#4296=PRESENTATION_STYLE_ASSIGNMENT((#4300));
#4297=PRESENTATION_STYLE_ASSIGNMENT((#4301));
#4298=PRESENTATION_STYLE_ASSIGNMENT((#4302));
#4299=SURFACE_STYLE_USAGE(.BOTH.,#4311);
#4300=SURFACE_STYLE_USAGE(.BOTH.,#4312);
#4301=SURFACE_STYLE_USAGE(.BOTH.,#4313);
#4302=SURFACE_STYLE_USAGE(.BOTH.,#4314);
#4303=SURFACE_STYLE_RENDERING_WITH_PROPERTIES($,#4327,(#4307));
#4304=SURFACE_STYLE_RENDERING_WITH_PROPERTIES($,#4328,(#4308));
#4305=SURFACE_STYLE_RENDERING_WITH_PROPERTIES($,#4329,(#4309));
#4306=SURFACE_STYLE_RENDERING_WITH_PROPERTIES($,#4330,(#4310));
#4307=SURFACE_STYLE_TRANSPARENT(0.);
#4308=SURFACE_STYLE_TRANSPARENT(0.);
#4309=SURFACE_STYLE_TRANSPARENT(0.);
#4310=SURFACE_STYLE_TRANSPARENT(0.);
#4311=SURFACE_SIDE_STYLE('',(#4315,#4303));
#4312=SURFACE_SIDE_STYLE('',(#4316,#4304));
#4313=SURFACE_SIDE_STYLE('',(#4317,#4305));
#4314=SURFACE_SIDE_STYLE('',(#4318,#4306));
#4315=SURFACE_STYLE_FILL_AREA(#4319);
#4316=SURFACE_STYLE_FILL_AREA(#4320);
#4317=SURFACE_STYLE_FILL_AREA(#4321);
#4318=SURFACE_STYLE_FILL_AREA(#4322);
#4319=FILL_AREA_STYLE('',(#4323));
#4320=FILL_AREA_STYLE('',(#4324));
#4321=FILL_AREA_STYLE('',(#4325));
#4322=FILL_AREA_STYLE('',(#4326));
#4323=FILL_AREA_STYLE_COLOUR('',#4327);
#4324=FILL_AREA_STYLE_COLOUR('',#4328);
#4325=FILL_AREA_STYLE_COLOUR('',#4329);
#4326=FILL_AREA_STYLE_COLOUR('',#4330);
#4327=COLOUR_RGB('',0.749019607843137,0.749019607843137,0.749019607843137);
#4328=COLOUR_RGB('',0.501960784313725,0.501960784313725,0.501960784313725);
#4329=COLOUR_RGB('',0.752941176470588,0.752941176470588,0.752941176470588);
#4330=COLOUR_RGB('',0.509803921568627,0.509803921568627,0.588235294117647);
ENDSEC;
END-ISO-10303-21;
