ISO-10303-21;
HEADER;
/* Generated by software containing ST-Developer
 * from STEP Tools, Inc. (www.steptools.com) 
 */

FILE_DESCRIPTION(
/* description */ (''),
/* implementation_level */ '2;1');

FILE_NAME(
/* name */ 'alimentaciion tornillo .stp',
/* time_stamp */ '2025-12-28T22:25:25-03:00',
/* author */ ('TUF GAMING F15'),
/* organization */ (''),
/* preprocessor_version */ 'ST-DEVELOPER v20.1',
/* originating_system */ 'Autodesk Inventor 2026',
/* authorisation */ '');

FILE_SCHEMA (('AUTOMOTIVE_DESIGN { 1 0 10303 214 3 1 1 }'));
ENDSEC;

DATA;
#10=MECHANICAL_DESIGN_GEOMETRIC_PRESENTATION_REPRESENTATION('',(#16),#1905);
#11=GEOMETRICALLY_BOUNDED_WIREFRAME_SHAPE_REPRESENTATION('',(#12),#1904);
#12=GEOMETRIC_CURVE_SET('Boceto2',(#1901));
#13=SHAPE_REPRESENTATION_RELATIONSHIP('SRR','None',#1912,#15);
#14=SHAPE_REPRESENTATION_RELATIONSHIP('SRR','None',#1912,#11);
#15=ADVANCED_BREP_SHAPE_REPRESENTATION('',(#17),#1904);
#16=STYLED_ITEM('',(#1921),#17);
#17=MANIFOLD_SOLID_BREP('S\X\F3lido1',#387);
#18=B_SPLINE_SURFACE_WITH_KNOTS('',3,3,((#1289,#1290,#1291,#1292,#1293,
#1294,#1295,#1296,#1297,#1298,#1299,#1300,#1301,#1302,#1303,#1304,#1305,
#1306,#1307,#1308,#1309,#1310,#1311,#1312,#1313,#1314,#1315,#1316,#1317,
#1318,#1319,#1320,#1321,#1322,#1323,#1324,#1325,#1326,#1327,#1328,#1329,
#1330,#1331,#1332,#1333,#1334,#1335,#1336,#1337,#1338,#1339,#1340,#1341,
#1342,#1343,#1344,#1345,#1346,#1347,#1348,#1349,#1350,#1351,#1352,#1353,
#1354,#1355,#1356,#1357,#1358,#1359,#1360,#1361),(#1362,#1363,#1364,#1365,
#1366,#1367,#1368,#1369,#1370,#1371,#1372,#1373,#1374,#1375,#1376,#1377,
#1378,#1379,#1380,#1381,#1382,#1383,#1384,#1385,#1386,#1387,#1388,#1389,
#1390,#1391,#1392,#1393,#1394,#1395,#1396,#1397,#1398,#1399,#1400,#1401,
#1402,#1403,#1404,#1405,#1406,#1407,#1408,#1409,#1410,#1411,#1412,#1413,
#1414,#1415,#1416,#1417,#1418,#1419,#1420,#1421,#1422,#1423,#1424,#1425,
#1426,#1427,#1428,#1429,#1430,#1431,#1432,#1433,#1434),(#1435,#1436,#1437,
#1438,#1439,#1440,#1441,#1442,#1443,#1444,#1445,#1446,#1447,#1448,#1449,
#1450,#1451,#1452,#1453,#1454,#1455,#1456,#1457,#1458,#1459,#1460,#1461,
#1462,#1463,#1464,#1465,#1466,#1467,#1468,#1469,#1470,#1471,#1472,#1473,
#1474,#1475,#1476,#1477,#1478,#1479,#1480,#1481,#1482,#1483,#1484,#1485,
#1486,#1487,#1488,#1489,#1490,#1491,#1492,#1493,#1494,#1495,#1496,#1497,
#1498,#1499,#1500,#1501,#1502,#1503,#1504,#1505,#1506,#1507),(#1508,#1509,
#1510,#1511,#1512,#1513,#1514,#1515,#1516,#1517,#1518,#1519,#1520,#1521,
#1522,#1523,#1524,#1525,#1526,#1527,#1528,#1529,#1530,#1531,#1532,#1533,
#1534,#1535,#1536,#1537,#1538,#1539,#1540,#1541,#1542,#1543,#1544,#1545,
#1546,#1547,#1548,#1549,#1550,#1551,#1552,#1553,#1554,#1555,#1556,#1557,
#1558,#1559,#1560,#1561,#1562,#1563,#1564,#1565,#1566,#1567,#1568,#1569,
#1570,#1571,#1572,#1573,#1574,#1575,#1576,#1577,#1578,#1579,#1580)),
 .UNSPECIFIED.,.F.,.F.,.F.,(4,4),(4,1,1,1,1,1,1,1,1,1,1,1,1,1,1,1,1,1,1,
1,1,1,1,1,1,1,1,1,1,1,1,1,1,1,1,1,1,1,1,1,1,1,1,1,1,1,1,1,1,1,1,1,1,1,1,
1,1,1,1,1,1,1,1,1,1,1,1,1,1,1,4),(0.,0.445000000000003),(0.,0.486857101516315,
0.973714203032631,1.46057130454895,1.94742840606526,2.43428550758158,2.92114260909789,
3.40799971061421,3.89485681213052,4.38171391364684,4.86857101516315,5.35542811667947,
5.84228521819579,6.3291423197121,6.81599942122842,7.30285652274473,7.78971362426105,
8.27657072577736,8.76342782729368,9.25028492880999,9.73714203032631,10.2239991318426,
10.7108562333589,11.1977133348753,11.6845704363916,12.1714275379079,12.6582846394242,
13.1451417409405,13.6319988424568,14.1188559439731,14.6057130454895,15.0925701470058,
15.5794272485221,16.0662843500384,16.5531414515547,17.039998553071,17.5268556545874,
18.0137127561037,18.50056985762,18.9874269591363,19.4742840606526,19.9611411621689,
20.4479982636852,20.9348553652016,21.4217124667179,21.9085695682342,22.3954266697505,
22.8822837712668,23.3691408727831,23.8559979742995,24.3428550758158,24.8297121773321,
25.3165692788484,25.8034263803647,26.290283481881,26.7771405833973,27.2639976849137,
27.75085478643,28.2377118879463,28.7245689894626,29.2114260909789,29.6982831924952,
30.1851402940116,30.6719973955279,31.1588544970442,31.6457115985605,32.1325687000768,
32.6194258015931,33.1062829031095,33.5931400046258,34.0799971061421),
 .UNSPECIFIED.);
#19=B_SPLINE_SURFACE_WITH_KNOTS('',3,3,((#1603,#1604,#1605,#1606,#1607,
#1608,#1609,#1610,#1611,#1612,#1613,#1614,#1615,#1616,#1617,#1618,#1619,
#1620,#1621,#1622,#1623,#1624,#1625,#1626,#1627,#1628,#1629,#1630,#1631,
#1632,#1633,#1634,#1635,#1636,#1637,#1638,#1639,#1640,#1641,#1642,#1643,
#1644,#1645,#1646,#1647,#1648,#1649,#1650,#1651,#1652,#1653,#1654,#1655,
#1656,#1657,#1658,#1659,#1660,#1661,#1662,#1663,#1664,#1665,#1666,#1667,
#1668,#1669,#1670,#1671,#1672,#1673,#1674,#1675),(#1676,#1677,#1678,#1679,
#1680,#1681,#1682,#1683,#1684,#1685,#1686,#1687,#1688,#1689,#1690,#1691,
#1692,#1693,#1694,#1695,#1696,#1697,#1698,#1699,#1700,#1701,#1702,#1703,
#1704,#1705,#1706,#1707,#1708,#1709,#1710,#1711,#1712,#1713,#1714,#1715,
#1716,#1717,#1718,#1719,#1720,#1721,#1722,#1723,#1724,#1725,#1726,#1727,
#1728,#1729,#1730,#1731,#1732,#1733,#1734,#1735,#1736,#1737,#1738,#1739,
#1740,#1741,#1742,#1743,#1744,#1745,#1746,#1747,#1748),(#1749,#1750,#1751,
#1752,#1753,#1754,#1755,#1756,#1757,#1758,#1759,#1760,#1761,#1762,#1763,
#1764,#1765,#1766,#1767,#1768,#1769,#1770,#1771,#1772,#1773,#1774,#1775,
#1776,#1777,#1778,#1779,#1780,#1781,#1782,#1783,#1784,#1785,#1786,#1787,
#1788,#1789,#1790,#1791,#1792,#1793,#1794,#1795,#1796,#1797,#1798,#1799,
#1800,#1801,#1802,#1803,#1804,#1805,#1806,#1807,#1808,#1809,#1810,#1811,
#1812,#1813,#1814,#1815,#1816,#1817,#1818,#1819,#1820,#1821),(#1822,#1823,
#1824,#1825,#1826,#1827,#1828,#1829,#1830,#1831,#1832,#1833,#1834,#1835,
#1836,#1837,#1838,#1839,#1840,#1841,#1842,#1843,#1844,#1845,#1846,#1847,
#1848,#1849,#1850,#1851,#1852,#1853,#1854,#1855,#1856,#1857,#1858,#1859,
#1860,#1861,#1862,#1863,#1864,#1865,#1866,#1867,#1868,#1869,#1870,#1871,
#1872,#1873,#1874,#1875,#1876,#1877,#1878,#1879,#1880,#1881,#1882,#1883,
#1884,#1885,#1886,#1887,#1888,#1889,#1890,#1891,#1892,#1893,#1894)),
 .UNSPECIFIED.,.F.,.F.,.F.,(4,4),(4,1,1,1,1,1,1,1,1,1,1,1,1,1,1,1,1,1,1,
1,1,1,1,1,1,1,1,1,1,1,1,1,1,1,1,1,1,1,1,1,1,1,1,1,1,1,1,1,1,1,1,1,1,1,1,
1,1,1,1,1,1,1,1,1,1,1,1,1,1,1,4),(0.445,0.89),(0.,0.486857101516315,0.973714203032631,
1.46057130454895,1.94742840606526,2.43428550758158,2.92114260909789,3.40799971061421,
3.89485681213052,4.38171391364684,4.86857101516315,5.35542811667947,5.84228521819579,
6.3291423197121,6.81599942122842,7.30285652274473,7.78971362426105,8.27657072577736,
8.76342782729368,9.25028492880999,9.73714203032631,10.2239991318426,10.7108562333589,
11.1977133348753,11.6845704363916,12.1714275379079,12.6582846394242,13.1451417409405,
13.6319988424568,14.1188559439731,14.6057130454895,15.0925701470058,15.5794272485221,
16.0662843500384,16.5531414515547,17.039998553071,17.5268556545874,18.0137127561037,
18.50056985762,18.9874269591363,19.4742840606526,19.9611411621689,20.4479982636852,
20.9348553652016,21.4217124667179,21.9085695682342,22.3954266697505,22.8822837712668,
23.3691408727831,23.8559979742995,24.3428550758158,24.8297121773321,25.3165692788484,
25.8034263803647,26.290283481881,26.7771405833973,27.2639976849137,27.75085478643,
28.2377118879463,28.7245689894626,29.2114260909789,29.6982831924952,30.1851402940116,
30.6719973955279,31.1588544970442,31.6457115985605,32.1325687000768,32.6194258015931,
33.1062829031095,33.5931400046258,34.0799971061421),.UNSPECIFIED.);
#20=PLANE('',#427);
#21=PLANE('',#429);
#22=PLANE('',#432);
#23=PLANE('',#435);
#24=PLANE('',#436);
#25=FACE_BOUND('',#64,.T.);
#26=FACE_BOUND('',#65,.T.);
#27=FACE_BOUND('',#76,.T.);
#28=FACE_OUTER_BOUND('',#51,.T.);
#29=FACE_OUTER_BOUND('',#52,.T.);
#30=FACE_OUTER_BOUND('',#53,.T.);
#31=FACE_OUTER_BOUND('',#54,.T.);
#32=FACE_OUTER_BOUND('',#55,.T.);
#33=FACE_OUTER_BOUND('',#56,.T.);
#34=FACE_OUTER_BOUND('',#57,.T.);
#35=FACE_OUTER_BOUND('',#58,.T.);
#36=FACE_OUTER_BOUND('',#59,.T.);
#37=FACE_OUTER_BOUND('',#60,.T.);
#38=FACE_OUTER_BOUND('',#61,.T.);
#39=FACE_OUTER_BOUND('',#62,.T.);
#40=FACE_OUTER_BOUND('',#63,.T.);
#41=FACE_OUTER_BOUND('',#66,.T.);
#42=FACE_OUTER_BOUND('',#67,.T.);
#43=FACE_OUTER_BOUND('',#68,.T.);
#44=FACE_OUTER_BOUND('',#69,.T.);
#45=FACE_OUTER_BOUND('',#70,.T.);
#46=FACE_OUTER_BOUND('',#71,.T.);
#47=FACE_OUTER_BOUND('',#72,.T.);
#48=FACE_OUTER_BOUND('',#73,.T.);
#49=FACE_OUTER_BOUND('',#74,.T.);
#50=FACE_OUTER_BOUND('',#75,.T.);
#51=EDGE_LOOP('',(#240,#241,#242,#243));
#52=EDGE_LOOP('',(#244,#245,#246,#247));
#53=EDGE_LOOP('',(#248,#249,#250,#251));
#54=EDGE_LOOP('',(#252,#253,#254,#255));
#55=EDGE_LOOP('',(#256,#257,#258,#259));
#56=EDGE_LOOP('',(#260,#261,#262,#263,#264));
#57=EDGE_LOOP('',(#265,#266,#267,#268));
#58=EDGE_LOOP('',(#269,#270,#271,#272));
#59=EDGE_LOOP('',(#273,#274,#275,#276));
#60=EDGE_LOOP('',(#277,#278,#279,#280));
#61=EDGE_LOOP('',(#281,#282,#283,#284));
#62=EDGE_LOOP('',(#285,#286,#287,#288));
#63=EDGE_LOOP('',(#289,#290,#291,#292));
#64=EDGE_LOOP('',(#293));
#65=EDGE_LOOP('',(#294));
#66=EDGE_LOOP('',(#295));
#67=EDGE_LOOP('',(#296,#297,#298,#299));
#68=EDGE_LOOP('',(#300,#301,#302,#303,#304,#305,#306,#307,#308,#309,#310,
#311,#312,#313,#314));
#69=EDGE_LOOP('',(#315,#316,#317,#318));
#70=EDGE_LOOP('',(#319,#320,#321));
#71=EDGE_LOOP('',(#322,#323,#324,#325,#326,#327,#328,#329,#330,#331,#332,
#333,#334,#335));
#72=EDGE_LOOP('',(#336,#337,#338,#339));
#73=EDGE_LOOP('',(#340,#341,#342));
#74=EDGE_LOOP('',(#343,#344,#345));
#75=EDGE_LOOP('',(#346));
#76=EDGE_LOOP('',(#347));
#77=CIRCLE('',#411,12.5);
#78=CIRCLE('',#417,12.5);
#79=CIRCLE('',#425,6.);
#80=CIRCLE('',#426,6.);
#81=CIRCLE('',#431,12.5);
#82=CIRCLE('',#434,12.5);
#83=B_SPLINE_CURVE_WITH_KNOTS('',3,(#520,#521,#522,#523,#524,#525,#526,
#527,#528,#529,#530,#531,#532,#533,#534,#535,#536,#537,#538,#539,#540,#541,
#542,#543,#544,#545,#546,#547,#548,#549,#550,#551,#552,#553,#554,#555,#556,
#557,#558,#559),.UNSPECIFIED.,.F.,.F.,(4,3,3,3,3,3,3,3,3,3,3,3,3,4),(-6.28318530717959,
-5.84228521819579,-5.35542811667947,-4.86857101516315,-4.38171391364684,
-3.89485681213052,-3.40799971061421,-2.92114260909789,-2.43428550758158,
-1.94742840606526,-1.46057130454895,-0.973714203032631,-0.486857101516315,
0.),.UNSPECIFIED.);
#84=B_SPLINE_CURVE_WITH_KNOTS('',3,(#566,#567,#568,#569,#570,#571,#572,
#573,#574,#575,#576,#577,#578,#579,#580,#581,#582,#583,#584,#585,#586,#587,
#588,#589,#590,#591,#592,#593,#594,#595,#596,#597,#598,#599,#600,#601,#602,
#603,#604,#605,#606,#607,#608),.UNSPECIFIED.,.F.,.F.,(4,3,3,3,3,3,3,3,3,
3,3,3,3,3,4),(-12.5663706143592,-12.1714275379079,-11.6845704363916,-11.1977133348753,
-10.7108562333589,-10.2239991318426,-9.73714203032631,-9.25028492880999,
-8.76342782729368,-8.27657072577736,-7.78971362426105,-7.30285652274473,
-6.81599942122842,-6.3291423197121,-6.28318530717959),.UNSPECIFIED.);
#85=B_SPLINE_CURVE_WITH_KNOTS('',3,(#609,#610,#611,#612,#613,#614,#615,
#616,#617,#618,#619,#620,#621,#622,#623,#624),.UNSPECIFIED.,.F.,.F.,(4,
1,1,1,1,1,1,1,1,1,1,1,1,4),(0.,0.486857101516315,0.973714203032631,1.46057130454895,
1.94742840606526,2.43428550758158,2.92114260909789,3.40799971061421,3.89485681213052,
4.38171391364684,4.86857101516315,5.35542811667947,5.84228521819579,6.28318530717959),
 .UNSPECIFIED.);
#86=B_SPLINE_CURVE_WITH_KNOTS('',3,(#629,#630,#631,#632,#633,#634,#635,
#636,#637,#638,#639,#640,#641,#642,#643,#644,#645,#646,#647,#648,#649,#650,
#651,#652,#653,#654,#655,#656,#657,#658,#659,#660,#661,#662,#663,#664,#665,
#666,#667,#668,#669,#670,#671),.UNSPECIFIED.,.F.,.F.,(4,3,3,3,3,3,3,3,3,
3,3,3,3,3,4),(-18.8495559215388,-18.50056985762,-18.0137127561037,-17.5268556545874,
-17.039998553071,-16.5531414515547,-16.0662843500384,-15.5794272485221,
-15.0925701470058,-14.6057130454895,-14.1188559439731,-13.6319988424568,
-13.1451417409405,-12.6582846394242,-12.5663706143592),.UNSPECIFIED.);
#87=B_SPLINE_CURVE_WITH_KNOTS('',3,(#672,#673,#674,#675,#676,#677,#678,
#679,#680,#681,#682,#683,#684,#685,#686,#687,#688),.UNSPECIFIED.,.F.,.F.,
(4,1,1,1,1,1,1,1,1,1,1,1,1,1,4),(6.28318530717959,6.3291423197121,6.81599942122842,
7.30285652274473,7.78971362426105,8.27657072577736,8.76342782729368,9.25028492880999,
9.73714203032631,10.2239991318426,10.7108562333589,11.1977133348753,11.6845704363916,
12.1714275379079,12.5663706143592),.UNSPECIFIED.);
#88=B_SPLINE_CURVE_WITH_KNOTS('',3,(#693,#694,#695,#696,#697,#698,#699,
#700,#701,#702,#703,#704,#705,#706,#707,#708,#709,#710,#711,#712,#713,#714,
#715,#716,#717,#718,#719,#720,#721,#722,#723,#724,#725,#726,#727,#728,#729,
#730,#731,#732,#733,#734,#735),.UNSPECIFIED.,.F.,.F.,(4,3,3,3,3,3,3,3,3,
3,3,3,3,3,4),(-25.1327412287183,-24.8297121773321,-24.3428550758158,-23.8559979742995,
-23.3691408727831,-22.8822837712668,-22.3954266697505,-21.9085695682342,
-21.4217124667179,-20.9348553652016,-20.4479982636852,-19.9611411621689,
-19.4742840606526,-18.9874269591363,-18.8495559215388),.UNSPECIFIED.);
#89=B_SPLINE_CURVE_WITH_KNOTS('',3,(#736,#737,#738,#739,#740,#741,#742,
#743,#744,#745,#746,#747,#748,#749,#750,#751,#752),.UNSPECIFIED.,.F.,.F.,
(4,1,1,1,1,1,1,1,1,1,1,1,1,1,4),(12.5663706143592,12.6582846394242,13.1451417409405,
13.6319988424568,14.1188559439731,14.6057130454895,15.0925701470058,15.5794272485221,
16.0662843500384,16.5531414515547,17.039998553071,17.5268556545874,18.0137127561037,
18.50056985762,18.8495559215388),.UNSPECIFIED.);
#90=B_SPLINE_CURVE_WITH_KNOTS('',3,(#757,#758,#759,#760,#761,#762,#763,
#764,#765,#766,#767,#768,#769,#770,#771,#772,#773,#774,#775,#776,#777,#778,
#779,#780,#781,#782,#783,#784,#785,#786,#787,#788,#789,#790,#791,#792,#793,
#794,#795,#796,#797,#798,#799),.UNSPECIFIED.,.F.,.F.,(4,3,3,3,3,3,3,3,3,
3,3,3,3,3,4),(-31.4159265358979,-31.1588544970442,-30.6719973955279,-30.1851402940116,
-29.6982831924952,-29.2114260909789,-28.7245689894626,-28.2377118879463,
-27.75085478643,-27.2639976849137,-26.7771405833973,-26.290283481881,-25.8034263803647,
-25.3165692788484,-25.1327412287183),.UNSPECIFIED.);
#91=B_SPLINE_CURVE_WITH_KNOTS('',3,(#800,#801,#802,#803,#804,#805,#806,
#807,#808,#809,#810,#811,#812,#813,#814,#815,#816),.UNSPECIFIED.,.F.,.F.,
(4,1,1,1,1,1,1,1,1,1,1,1,1,1,4),(18.8495559215388,18.9874269591363,19.4742840606526,
19.9611411621689,20.4479982636852,20.9348553652016,21.4217124667179,21.9085695682342,
22.3954266697505,22.8822837712668,23.3691408727831,23.8559979742995,24.3428550758158,
24.8297121773321,25.1327412287183),.UNSPECIFIED.);
#92=B_SPLINE_CURVE_WITH_KNOTS('',3,(#823,#824,#825,#826,#827,#828,#829,
#830,#831,#832,#833,#834,#835,#836,#837,#838,#839,#840,#841),
 .UNSPECIFIED.,.F.,.F.,(4,3,3,3,3,3,4),(-34.0799971061421,-33.5931400046258,
-33.1062829031095,-32.6194258015931,-32.1325687000768,-31.6457115985605,
-31.4159265358979),.UNSPECIFIED.);
#93=B_SPLINE_CURVE_WITH_KNOTS('',3,(#842,#843,#844,#845,#846,#847,#848,
#849,#850,#851,#852,#853,#854,#855,#856,#857,#858),.UNSPECIFIED.,.F.,.F.,
(4,1,1,1,1,1,1,1,1,1,1,1,1,1,4),(25.1327412287183,25.3165692788484,25.8034263803647,
26.290283481881,26.7771405833973,27.2639976849137,27.75085478643,28.2377118879463,
28.7245689894626,29.2114260909789,29.6982831924952,30.1851402940116,30.6719973955279,
31.1588544970442,31.4159265358979),.UNSPECIFIED.);
#94=B_SPLINE_CURVE_WITH_KNOTS('',3,(#864,#865,#866,#867,#868,#869,#870,
#871,#872,#873,#874,#875,#876,#877,#878,#879,#880,#881,#882),
 .UNSPECIFIED.,.F.,.F.,(4,3,3,3,3,3,4),(-34.0799971061421,-33.5931400046258,
-33.1062829031095,-32.6194258015931,-32.1325687000768,-31.6457115985605,
-31.4159265358979),.UNSPECIFIED.);
#95=B_SPLINE_CURVE_WITH_KNOTS('',3,(#885,#886,#887,#888,#889,#890,#891,
#892,#893),.UNSPECIFIED.,.F.,.F.,(4,1,1,1,1,1,4),(31.4159265358979,31.6457115985605,
32.1325687000768,32.6194258015931,33.1062829031095,33.5931400046258,34.0799971061421),
 .UNSPECIFIED.);
#96=B_SPLINE_CURVE_WITH_KNOTS('',3,(#898,#899,#900,#901,#902,#903,#904,
#905,#906,#907,#908,#909,#910,#911,#912,#913,#914,#915,#916,#917,#918,#919,
#920,#921,#922,#923,#924,#925,#926,#927,#928,#929,#930,#931,#932,#933,#934,
#935,#936,#937,#938,#939,#940),.UNSPECIFIED.,.F.,.F.,(4,3,3,3,3,3,3,3,3,
3,3,3,3,3,4),(-31.4159265358979,-31.1588544970442,-30.6719973955279,-30.1851402940116,
-29.6982831924952,-29.2114260909789,-28.7245689894626,-28.2377118879463,
-27.75085478643,-27.2639976849137,-26.7771405833973,-26.290283481881,-25.8034263803647,
-25.3165692788484,-25.1327412287183),.UNSPECIFIED.);
#97=B_SPLINE_CURVE_WITH_KNOTS('',3,(#941,#942,#943,#944,#945,#946,#947,
#948,#949,#950,#951,#952,#953,#954,#955,#956,#957),.UNSPECIFIED.,.F.,.F.,
(4,1,1,1,1,1,1,1,1,1,1,1,1,1,4),(25.1327412287183,25.3165692788484,25.8034263803647,
26.290283481881,26.7771405833973,27.2639976849137,27.75085478643,28.2377118879463,
28.7245689894626,29.2114260909789,29.6982831924952,30.1851402940116,30.6719973955279,
31.1588544970442,31.4159265358979),.UNSPECIFIED.);
#98=B_SPLINE_CURVE_WITH_KNOTS('',3,(#962,#963,#964,#965,#966,#967,#968,
#969,#970,#971,#972,#973,#974,#975,#976,#977,#978,#979,#980,#981,#982,#983,
#984,#985,#986,#987,#988,#989,#990,#991,#992,#993,#994,#995,#996,#997,#998,
#999,#1000,#1001,#1002,#1003,#1004),.UNSPECIFIED.,.F.,.F.,(4,3,3,3,3,3,
3,3,3,3,3,3,3,3,4),(-25.1327412287183,-24.8297121773321,-24.3428550758158,
-23.8559979742995,-23.3691408727831,-22.8822837712668,-22.3954266697505,
-21.9085695682342,-21.4217124667179,-20.9348553652016,-20.4479982636852,
-19.9611411621689,-19.4742840606526,-18.9874269591363,-18.8495559215388),
 .UNSPECIFIED.);
#99=B_SPLINE_CURVE_WITH_KNOTS('',3,(#1005,#1006,#1007,#1008,#1009,#1010,
#1011,#1012,#1013,#1014,#1015,#1016,#1017,#1018,#1019,#1020,#1021),
 .UNSPECIFIED.,.F.,.F.,(4,1,1,1,1,1,1,1,1,1,1,1,1,1,4),(18.8495559215388,
18.9874269591363,19.4742840606526,19.9611411621689,20.4479982636852,20.9348553652016,
21.4217124667179,21.9085695682342,22.3954266697505,22.8822837712668,23.3691408727831,
23.8559979742995,24.3428550758158,24.8297121773321,25.1327412287183),
 .UNSPECIFIED.);
#100=B_SPLINE_CURVE_WITH_KNOTS('',3,(#1026,#1027,#1028,#1029,#1030,#1031,
#1032,#1033,#1034,#1035,#1036,#1037,#1038,#1039,#1040,#1041,#1042,#1043,
#1044,#1045,#1046,#1047,#1048,#1049,#1050,#1051,#1052,#1053,#1054,#1055,
#1056,#1057,#1058,#1059,#1060,#1061,#1062,#1063,#1064,#1065,#1066,#1067,
#1068),.UNSPECIFIED.,.F.,.F.,(4,3,3,3,3,3,3,3,3,3,3,3,3,3,4),(-18.8495559215388,
-18.50056985762,-18.0137127561037,-17.5268556545874,-17.039998553071,-16.5531414515547,
-16.0662843500384,-15.5794272485221,-15.0925701470058,-14.6057130454895,
-14.1188559439731,-13.6319988424568,-13.1451417409405,-12.6582846394242,
-12.5663706143592),.UNSPECIFIED.);
#101=B_SPLINE_CURVE_WITH_KNOTS('',3,(#1069,#1070,#1071,#1072,#1073,#1074,
#1075,#1076,#1077,#1078,#1079,#1080,#1081,#1082,#1083,#1084,#1085),
 .UNSPECIFIED.,.F.,.F.,(4,1,1,1,1,1,1,1,1,1,1,1,1,1,4),(12.5663706143592,
12.6582846394242,13.1451417409405,13.6319988424568,14.1188559439731,14.6057130454895,
15.0925701470058,15.5794272485221,16.0662843500384,16.5531414515547,17.039998553071,
17.5268556545874,18.0137127561037,18.50056985762,18.8495559215388),
 .UNSPECIFIED.);
#102=B_SPLINE_CURVE_WITH_KNOTS('',3,(#1090,#1091,#1092,#1093,#1094,#1095,
#1096,#1097,#1098,#1099,#1100,#1101,#1102,#1103,#1104,#1105,#1106,#1107,
#1108,#1109,#1110,#1111,#1112,#1113,#1114,#1115,#1116,#1117,#1118,#1119,
#1120,#1121,#1122,#1123,#1124,#1125,#1126,#1127,#1128,#1129,#1130,#1131,
#1132),.UNSPECIFIED.,.F.,.F.,(4,3,3,3,3,3,3,3,3,3,3,3,3,3,4),(-12.5663706143592,
-12.1714275379079,-11.6845704363916,-11.1977133348753,-10.7108562333589,
-10.2239991318426,-9.73714203032631,-9.25028492880999,-8.76342782729368,
-8.27657072577736,-7.78971362426105,-7.30285652274473,-6.81599942122842,
-6.3291423197121,-6.28318530717959),.UNSPECIFIED.);
#103=B_SPLINE_CURVE_WITH_KNOTS('',3,(#1133,#1134,#1135,#1136,#1137,#1138,
#1139,#1140,#1141,#1142,#1143,#1144,#1145,#1146,#1147,#1148,#1149),
 .UNSPECIFIED.,.F.,.F.,(4,1,1,1,1,1,1,1,1,1,1,1,1,1,4),(6.28318530717958,
6.3291423197121,6.81599942122842,7.30285652274473,7.78971362426105,8.27657072577736,
8.76342782729368,9.25028492880999,9.73714203032631,10.2239991318426,10.7108562333589,
11.1977133348753,11.6845704363916,12.1714275379079,12.5663706143592),
 .UNSPECIFIED.);
#104=B_SPLINE_CURVE_WITH_KNOTS('',3,(#1152,#1153,#1154,#1155,#1156,#1157,
#1158,#1159,#1160,#1161,#1162,#1163,#1164,#1165,#1166,#1167,#1168,#1169,
#1170,#1171,#1172,#1173,#1174,#1175,#1176,#1177,#1178,#1179,#1180,#1181,
#1182,#1183,#1184,#1185),.UNSPECIFIED.,.T.,.F.,(4,2,2,2,2,2,2,2,2,2,2,2,
2,2,2,2,4),(0.,0.0955080856649703,0.191016171329941,0.286408845249645,0.38180151916935,
0.477194193089055,0.572586867008759,0.66809495267373,0.7636030383387,0.85911112400367,
0.954619209668641,1.05001188358835,1.14540455750805,1.24079723142775,1.33618990534746,
1.43169799101243,1.5272060766774),.UNSPECIFIED.);
#105=B_SPLINE_CURVE_WITH_KNOTS('',3,(#1188,#1189,#1190,#1191,#1192,#1193,
#1194,#1195,#1196,#1197,#1198,#1199,#1200,#1201,#1202,#1203,#1204,#1205,
#1206,#1207,#1208,#1209,#1210,#1211,#1212,#1213,#1214,#1215,#1216,#1217,
#1218,#1219,#1220,#1221),.UNSPECIFIED.,.T.,.F.,(4,2,2,2,2,2,2,2,2,2,2,2,
2,2,2,2,4),(0.,0.0955080856649705,0.191016171329941,0.286408845249645,0.38180151916935,
0.477194193089054,0.572586867008759,0.668094952673729,0.7636030383387,0.85911112400367,
0.954619209668641,1.05001188358835,1.14540455750805,1.24079723142775,1.33618990534746,
1.43169799101243,1.5272060766774),.UNSPECIFIED.);
#106=B_SPLINE_CURVE_WITH_KNOTS('',3,(#1231,#1232,#1233,#1234,#1235,#1236,
#1237,#1238,#1239,#1240,#1241,#1242,#1243,#1244,#1245,#1246),
 .UNSPECIFIED.,.F.,.F.,(4,1,1,1,1,1,1,1,1,1,1,1,1,4),(0.,0.486857101516315,
0.973714203032631,1.46057130454895,1.94742840606526,2.43428550758158,2.92114260909789,
3.40799971061421,3.89485681213052,4.38171391364684,4.86857101516315,5.35542811667947,
5.84228521819579,6.28318530717958),.UNSPECIFIED.);
#107=B_SPLINE_CURVE_WITH_KNOTS('',3,(#1249,#1250,#1251,#1252,#1253,#1254,
#1255,#1256,#1257,#1258,#1259,#1260,#1261,#1262,#1263,#1264,#1265,#1266,
#1267,#1268,#1269,#1270,#1271,#1272,#1273,#1274,#1275,#1276,#1277,#1278,
#1279,#1280,#1281,#1282,#1283,#1284,#1285,#1286,#1287,#1288),
 .UNSPECIFIED.,.F.,.F.,(4,3,3,3,3,3,3,3,3,3,3,3,3,4),(-6.28318530717959,
-5.84228521819579,-5.35542811667947,-4.86857101516315,-4.38171391364684,
-3.89485681213052,-3.40799971061421,-2.92114260909789,-2.43428550758158,
-1.94742840606526,-1.46057130454895,-0.973714203032631,-0.486857101516315,
0.),.UNSPECIFIED.);
#108=B_SPLINE_CURVE_WITH_KNOTS('',3,(#1584,#1585,#1586,#1587),
 .UNSPECIFIED.,.F.,.F.,(4,4),(33.7030059877113,34.0799971061421),
 .UNSPECIFIED.);
#109=B_SPLINE_CURVE_WITH_KNOTS('',3,(#1588,#1589,#1590,#1591,#1592,#1593,
#1594,#1595,#1596),.UNSPECIFIED.,.F.,.F.,(4,1,1,1,1,1,4),(31.4159265358979,
31.6457115985605,32.1325687000768,32.6194258015931,33.1062829031095,33.5931400046258,
33.7030059877113),.UNSPECIFIED.);
#110=LINE('',#518,#131);
#111=LINE('',#561,#132);
#112=LINE('',#565,#133);
#113=LINE('',#628,#134);
#114=LINE('',#692,#135);
#115=LINE('',#756,#136);
#116=LINE('',#820,#137);
#117=LINE('',#862,#138);
#118=LINE('',#884,#139);
#119=LINE('',#897,#140);
#120=LINE('',#961,#141);
#121=LINE('',#1025,#142);
#122=LINE('',#1089,#143);
#123=LINE('',#1187,#144);
#124=LINE('',#1226,#145);
#125=LINE('',#1248,#146);
#126=LINE('',#1582,#147);
#127=LINE('',#1597,#148);
#128=LINE('',#1599,#149);
#129=LINE('',#1600,#150);
#130=LINE('',#1895,#151);
#131=VECTOR('',#441,12.5);
#132=VECTOR('',#444,10.);
#133=VECTOR('',#447,12.5);
#134=VECTOR('',#450,12.5);
#135=VECTOR('',#453,12.5);
#136=VECTOR('',#456,12.5);
#137=VECTOR('',#459,12.5);
#138=VECTOR('',#464,16.95);
#139=VECTOR('',#465,10.);
#140=VECTOR('',#468,16.95);
#141=VECTOR('',#471,16.95);
#142=VECTOR('',#474,16.95);
#143=VECTOR('',#477,16.95);
#144=VECTOR('',#480,2.5);
#145=VECTOR('',#485,6.);
#146=VECTOR('',#492,10.);
#147=VECTOR('',#493,10.);
#148=VECTOR('',#494,10.);
#149=VECTOR('',#497,10.);
#150=VECTOR('',#498,10.);
#151=VECTOR('',#503,10.);
#152=VERTEX_POINT('',#516);
#153=VERTEX_POINT('',#517);
#154=VERTEX_POINT('',#519);
#155=VERTEX_POINT('',#563);
#156=VERTEX_POINT('',#564);
#157=VERTEX_POINT('',#626);
#158=VERTEX_POINT('',#627);
#159=VERTEX_POINT('',#690);
#160=VERTEX_POINT('',#691);
#161=VERTEX_POINT('',#754);
#162=VERTEX_POINT('',#755);
#163=VERTEX_POINT('',#818);
#164=VERTEX_POINT('',#819);
#165=VERTEX_POINT('',#821);
#166=VERTEX_POINT('',#860);
#167=VERTEX_POINT('',#861);
#168=VERTEX_POINT('',#863);
#169=VERTEX_POINT('',#883);
#170=VERTEX_POINT('',#895);
#171=VERTEX_POINT('',#896);
#172=VERTEX_POINT('',#959);
#173=VERTEX_POINT('',#960);
#174=VERTEX_POINT('',#1023);
#175=VERTEX_POINT('',#1024);
#176=VERTEX_POINT('',#1087);
#177=VERTEX_POINT('',#1088);
#178=VERTEX_POINT('',#1151);
#179=VERTEX_POINT('',#1186);
#180=VERTEX_POINT('',#1223);
#181=VERTEX_POINT('',#1225);
#182=VERTEX_POINT('',#1230);
#183=VERTEX_POINT('',#1247);
#184=VERTEX_POINT('',#1581);
#185=VERTEX_POINT('',#1583);
#186=EDGE_CURVE('',#152,#153,#110,.T.);
#187=EDGE_CURVE('',#152,#154,#83,.T.);
#188=EDGE_CURVE('',#154,#154,#77,.T.);
#189=EDGE_CURVE('',#154,#153,#111,.T.);
#190=EDGE_CURVE('',#155,#156,#112,.T.);
#191=EDGE_CURVE('',#155,#152,#84,.T.);
#192=EDGE_CURVE('',#153,#156,#85,.T.);
#193=EDGE_CURVE('',#157,#158,#113,.T.);
#194=EDGE_CURVE('',#157,#155,#86,.T.);
#195=EDGE_CURVE('',#156,#158,#87,.T.);
#196=EDGE_CURVE('',#159,#160,#114,.T.);
#197=EDGE_CURVE('',#159,#157,#88,.T.);
#198=EDGE_CURVE('',#158,#160,#89,.T.);
#199=EDGE_CURVE('',#161,#162,#115,.T.);
#200=EDGE_CURVE('',#161,#159,#90,.T.);
#201=EDGE_CURVE('',#160,#162,#91,.T.);
#202=EDGE_CURVE('',#163,#164,#116,.T.);
#203=EDGE_CURVE('',#165,#163,#78,.T.);
#204=EDGE_CURVE('',#165,#161,#92,.T.);
#205=EDGE_CURVE('',#162,#164,#93,.T.);
#206=EDGE_CURVE('',#166,#167,#117,.T.);
#207=EDGE_CURVE('',#168,#166,#94,.T.);
#208=EDGE_CURVE('',#169,#168,#118,.T.);
#209=EDGE_CURVE('',#167,#169,#95,.T.);
#210=EDGE_CURVE('',#170,#171,#119,.T.);
#211=EDGE_CURVE('',#166,#170,#96,.T.);
#212=EDGE_CURVE('',#171,#167,#97,.T.);
#213=EDGE_CURVE('',#172,#173,#120,.T.);
#214=EDGE_CURVE('',#170,#172,#98,.T.);
#215=EDGE_CURVE('',#173,#171,#99,.T.);
#216=EDGE_CURVE('',#174,#175,#121,.T.);
#217=EDGE_CURVE('',#172,#174,#100,.T.);
#218=EDGE_CURVE('',#175,#173,#101,.T.);
#219=EDGE_CURVE('',#176,#177,#122,.T.);
#220=EDGE_CURVE('',#174,#176,#102,.T.);
#221=EDGE_CURVE('',#177,#175,#103,.T.);
#222=EDGE_CURVE('',#178,#178,#104,.T.);
#223=EDGE_CURVE('',#178,#179,#123,.T.);
#224=EDGE_CURVE('',#179,#179,#105,.T.);
#225=EDGE_CURVE('',#180,#180,#79,.T.);
#226=EDGE_CURVE('',#180,#181,#124,.T.);
#227=EDGE_CURVE('',#181,#181,#80,.T.);
#228=EDGE_CURVE('',#182,#177,#106,.T.);
#229=EDGE_CURVE('',#183,#182,#125,.T.);
#230=EDGE_CURVE('',#176,#183,#107,.T.);
#231=EDGE_CURVE('',#184,#169,#126,.T.);
#232=EDGE_CURVE('',#185,#184,#108,.T.);
#233=EDGE_CURVE('',#164,#185,#109,.T.);
#234=EDGE_CURVE('',#182,#153,#127,.T.);
#235=EDGE_CURVE('',#168,#165,#128,.T.);
#236=EDGE_CURVE('',#165,#184,#129,.T.);
#237=EDGE_CURVE('',#185,#165,#81,.T.);
#238=EDGE_CURVE('',#154,#183,#130,.T.);
#239=EDGE_CURVE('',#163,#185,#82,.T.);
#240=ORIENTED_EDGE('',*,*,#186,.F.);
#241=ORIENTED_EDGE('',*,*,#187,.T.);
#242=ORIENTED_EDGE('',*,*,#188,.T.);
#243=ORIENTED_EDGE('',*,*,#189,.T.);
#244=ORIENTED_EDGE('',*,*,#190,.F.);
#245=ORIENTED_EDGE('',*,*,#191,.T.);
#246=ORIENTED_EDGE('',*,*,#186,.T.);
#247=ORIENTED_EDGE('',*,*,#192,.T.);
#248=ORIENTED_EDGE('',*,*,#193,.F.);
#249=ORIENTED_EDGE('',*,*,#194,.T.);
#250=ORIENTED_EDGE('',*,*,#190,.T.);
#251=ORIENTED_EDGE('',*,*,#195,.T.);
#252=ORIENTED_EDGE('',*,*,#196,.F.);
#253=ORIENTED_EDGE('',*,*,#197,.T.);
#254=ORIENTED_EDGE('',*,*,#193,.T.);
#255=ORIENTED_EDGE('',*,*,#198,.T.);
#256=ORIENTED_EDGE('',*,*,#199,.F.);
#257=ORIENTED_EDGE('',*,*,#200,.T.);
#258=ORIENTED_EDGE('',*,*,#196,.T.);
#259=ORIENTED_EDGE('',*,*,#201,.T.);
#260=ORIENTED_EDGE('',*,*,#202,.F.);
#261=ORIENTED_EDGE('',*,*,#203,.F.);
#262=ORIENTED_EDGE('',*,*,#204,.T.);
#263=ORIENTED_EDGE('',*,*,#199,.T.);
#264=ORIENTED_EDGE('',*,*,#205,.T.);
#265=ORIENTED_EDGE('',*,*,#206,.F.);
#266=ORIENTED_EDGE('',*,*,#207,.F.);
#267=ORIENTED_EDGE('',*,*,#208,.F.);
#268=ORIENTED_EDGE('',*,*,#209,.F.);
#269=ORIENTED_EDGE('',*,*,#210,.F.);
#270=ORIENTED_EDGE('',*,*,#211,.F.);
#271=ORIENTED_EDGE('',*,*,#206,.T.);
#272=ORIENTED_EDGE('',*,*,#212,.F.);
#273=ORIENTED_EDGE('',*,*,#213,.F.);
#274=ORIENTED_EDGE('',*,*,#214,.F.);
#275=ORIENTED_EDGE('',*,*,#210,.T.);
#276=ORIENTED_EDGE('',*,*,#215,.F.);
#277=ORIENTED_EDGE('',*,*,#216,.F.);
#278=ORIENTED_EDGE('',*,*,#217,.F.);
#279=ORIENTED_EDGE('',*,*,#213,.T.);
#280=ORIENTED_EDGE('',*,*,#218,.F.);
#281=ORIENTED_EDGE('',*,*,#219,.F.);
#282=ORIENTED_EDGE('',*,*,#220,.F.);
#283=ORIENTED_EDGE('',*,*,#216,.T.);
#284=ORIENTED_EDGE('',*,*,#221,.F.);
#285=ORIENTED_EDGE('',*,*,#222,.F.);
#286=ORIENTED_EDGE('',*,*,#223,.T.);
#287=ORIENTED_EDGE('',*,*,#224,.F.);
#288=ORIENTED_EDGE('',*,*,#223,.F.);
#289=ORIENTED_EDGE('',*,*,#225,.F.);
#290=ORIENTED_EDGE('',*,*,#226,.T.);
#291=ORIENTED_EDGE('',*,*,#227,.F.);
#292=ORIENTED_EDGE('',*,*,#226,.F.);
#293=ORIENTED_EDGE('',*,*,#224,.T.);
#294=ORIENTED_EDGE('',*,*,#222,.T.);
#295=ORIENTED_EDGE('',*,*,#225,.T.);
#296=ORIENTED_EDGE('',*,*,#219,.T.);
#297=ORIENTED_EDGE('',*,*,#228,.F.);
#298=ORIENTED_EDGE('',*,*,#229,.F.);
#299=ORIENTED_EDGE('',*,*,#230,.F.);
#300=ORIENTED_EDGE('',*,*,#228,.T.);
#301=ORIENTED_EDGE('',*,*,#221,.T.);
#302=ORIENTED_EDGE('',*,*,#218,.T.);
#303=ORIENTED_EDGE('',*,*,#215,.T.);
#304=ORIENTED_EDGE('',*,*,#212,.T.);
#305=ORIENTED_EDGE('',*,*,#209,.T.);
#306=ORIENTED_EDGE('',*,*,#231,.F.);
#307=ORIENTED_EDGE('',*,*,#232,.F.);
#308=ORIENTED_EDGE('',*,*,#233,.F.);
#309=ORIENTED_EDGE('',*,*,#205,.F.);
#310=ORIENTED_EDGE('',*,*,#201,.F.);
#311=ORIENTED_EDGE('',*,*,#198,.F.);
#312=ORIENTED_EDGE('',*,*,#195,.F.);
#313=ORIENTED_EDGE('',*,*,#192,.F.);
#314=ORIENTED_EDGE('',*,*,#234,.F.);
#315=ORIENTED_EDGE('',*,*,#208,.T.);
#316=ORIENTED_EDGE('',*,*,#235,.T.);
#317=ORIENTED_EDGE('',*,*,#236,.T.);
#318=ORIENTED_EDGE('',*,*,#231,.T.);
#319=ORIENTED_EDGE('',*,*,#237,.F.);
#320=ORIENTED_EDGE('',*,*,#232,.T.);
#321=ORIENTED_EDGE('',*,*,#236,.F.);
#322=ORIENTED_EDGE('',*,*,#207,.T.);
#323=ORIENTED_EDGE('',*,*,#211,.T.);
#324=ORIENTED_EDGE('',*,*,#214,.T.);
#325=ORIENTED_EDGE('',*,*,#217,.T.);
#326=ORIENTED_EDGE('',*,*,#220,.T.);
#327=ORIENTED_EDGE('',*,*,#230,.T.);
#328=ORIENTED_EDGE('',*,*,#238,.F.);
#329=ORIENTED_EDGE('',*,*,#187,.F.);
#330=ORIENTED_EDGE('',*,*,#191,.F.);
#331=ORIENTED_EDGE('',*,*,#194,.F.);
#332=ORIENTED_EDGE('',*,*,#197,.F.);
#333=ORIENTED_EDGE('',*,*,#200,.F.);
#334=ORIENTED_EDGE('',*,*,#204,.F.);
#335=ORIENTED_EDGE('',*,*,#235,.F.);
#336=ORIENTED_EDGE('',*,*,#229,.T.);
#337=ORIENTED_EDGE('',*,*,#234,.T.);
#338=ORIENTED_EDGE('',*,*,#189,.F.);
#339=ORIENTED_EDGE('',*,*,#238,.T.);
#340=ORIENTED_EDGE('',*,*,#202,.T.);
#341=ORIENTED_EDGE('',*,*,#233,.T.);
#342=ORIENTED_EDGE('',*,*,#239,.F.);
#343=ORIENTED_EDGE('',*,*,#203,.T.);
#344=ORIENTED_EDGE('',*,*,#239,.T.);
#345=ORIENTED_EDGE('',*,*,#237,.T.);
#346=ORIENTED_EDGE('',*,*,#188,.F.);
#347=ORIENTED_EDGE('',*,*,#227,.T.);
#348=CYLINDRICAL_SURFACE('',#410,12.5);
#349=CYLINDRICAL_SURFACE('',#412,12.5);
#350=CYLINDRICAL_SURFACE('',#413,12.5);
#351=CYLINDRICAL_SURFACE('',#414,12.5);
#352=CYLINDRICAL_SURFACE('',#415,12.5);
#353=CYLINDRICAL_SURFACE('',#416,12.5);
#354=CYLINDRICAL_SURFACE('',#418,16.95);
#355=CYLINDRICAL_SURFACE('',#419,16.95);
#356=CYLINDRICAL_SURFACE('',#420,16.95);
#357=CYLINDRICAL_SURFACE('',#421,16.95);
#358=CYLINDRICAL_SURFACE('',#422,16.95);
#359=CYLINDRICAL_SURFACE('',#423,2.5);
#360=CYLINDRICAL_SURFACE('',#424,6.);
#361=CYLINDRICAL_SURFACE('',#428,16.95);
#362=CYLINDRICAL_SURFACE('',#430,12.5);
#363=CYLINDRICAL_SURFACE('',#433,12.5);
#364=ADVANCED_FACE('',(#28),#348,.T.);
#365=ADVANCED_FACE('',(#29),#349,.T.);
#366=ADVANCED_FACE('',(#30),#350,.T.);
#367=ADVANCED_FACE('',(#31),#351,.T.);
#368=ADVANCED_FACE('',(#32),#352,.T.);
#369=ADVANCED_FACE('',(#33),#353,.T.);
#370=ADVANCED_FACE('',(#34),#354,.T.);
#371=ADVANCED_FACE('',(#35),#355,.T.);
#372=ADVANCED_FACE('',(#36),#356,.T.);
#373=ADVANCED_FACE('',(#37),#357,.T.);
#374=ADVANCED_FACE('',(#38),#358,.T.);
#375=ADVANCED_FACE('',(#39),#359,.F.);
#376=ADVANCED_FACE('',(#40,#25,#26),#360,.T.);
#377=ADVANCED_FACE('',(#41),#20,.T.);
#378=ADVANCED_FACE('',(#42),#361,.T.);
#379=ADVANCED_FACE('',(#43),#18,.T.);
#380=ADVANCED_FACE('',(#44),#21,.F.);
#381=ADVANCED_FACE('',(#45),#362,.F.);
#382=ADVANCED_FACE('',(#46),#19,.T.);
#383=ADVANCED_FACE('',(#47),#22,.T.);
#384=ADVANCED_FACE('',(#48),#363,.T.);
#385=ADVANCED_FACE('',(#49),#23,.T.);
#386=ADVANCED_FACE('',(#50,#27),#24,.F.);
#387=CLOSED_SHELL('',(#364,#365,#366,#367,#368,#369,#370,#371,#372,#373,
#374,#375,#376,#377,#378,#379,#380,#381,#382,#383,#384,#385,#386));
#388=DERIVED_UNIT_ELEMENT(#391,1.);
#389=DERIVED_UNIT_ELEMENT(#1907,-3.);
#390=DIMENSIONAL_EXPONENTS(0.,1.,0.,0.,0.,0.,0.);
#391=(
CONVERSION_BASED_UNIT('gram',#393)
MASS_UNIT()
NAMED_UNIT(#390)
);
#392=(
MASS_UNIT()
NAMED_UNIT(*)
SI_UNIT(.KILO.,.GRAM.)
);
#393=MASS_MEASURE_WITH_UNIT(MASS_MEASURE(0.001),#392);
#394=DERIVED_UNIT((#388,#389));
#395=MEASURE_REPRESENTATION_ITEM('density measure',
POSITIVE_RATIO_MEASURE(1.),#394);
#396=PROPERTY_DEFINITION_REPRESENTATION(#401,#398);
#397=PROPERTY_DEFINITION_REPRESENTATION(#402,#399);
#398=REPRESENTATION('material name',(#400),#1904);
#399=REPRESENTATION('density',(#395),#1904);
#400=DESCRIPTIVE_REPRESENTATION_ITEM('Gen\X\E9rico','Gen\X\E9rico');
#401=PROPERTY_DEFINITION('material property','material name',#1914);
#402=PROPERTY_DEFINITION('material property','density of part',#1914);
#403=DATE_TIME_ROLE('creation_date');
#404=APPLIED_DATE_AND_TIME_ASSIGNMENT(#405,#403,(#1914));
#405=DATE_AND_TIME(#406,#407);
#406=CALENDAR_DATE(2025,2,12);
#407=LOCAL_TIME(0,0,0.,#408);
#408=COORDINATED_UNIVERSAL_TIME_OFFSET(0,0,.BEHIND.);
#409=AXIS2_PLACEMENT_3D('',#514,#437,#438);
#410=AXIS2_PLACEMENT_3D('',#515,#439,#440);
#411=AXIS2_PLACEMENT_3D('',#560,#442,#443);
#412=AXIS2_PLACEMENT_3D('',#562,#445,#446);
#413=AXIS2_PLACEMENT_3D('',#625,#448,#449);
#414=AXIS2_PLACEMENT_3D('',#689,#451,#452);
#415=AXIS2_PLACEMENT_3D('',#753,#454,#455);
#416=AXIS2_PLACEMENT_3D('',#817,#457,#458);
#417=AXIS2_PLACEMENT_3D('',#822,#460,#461);
#418=AXIS2_PLACEMENT_3D('',#859,#462,#463);
#419=AXIS2_PLACEMENT_3D('',#894,#466,#467);
#420=AXIS2_PLACEMENT_3D('',#958,#469,#470);
#421=AXIS2_PLACEMENT_3D('',#1022,#472,#473);
#422=AXIS2_PLACEMENT_3D('',#1086,#475,#476);
#423=AXIS2_PLACEMENT_3D('',#1150,#478,#479);
#424=AXIS2_PLACEMENT_3D('',#1222,#481,#482);
#425=AXIS2_PLACEMENT_3D('',#1224,#483,#484);
#426=AXIS2_PLACEMENT_3D('',#1227,#486,#487);
#427=AXIS2_PLACEMENT_3D('',#1228,#488,#489);
#428=AXIS2_PLACEMENT_3D('',#1229,#490,#491);
#429=AXIS2_PLACEMENT_3D('',#1598,#495,#496);
#430=AXIS2_PLACEMENT_3D('',#1601,#499,#500);
#431=AXIS2_PLACEMENT_3D('',#1602,#501,#502);
#432=AXIS2_PLACEMENT_3D('',#1896,#504,#505);
#433=AXIS2_PLACEMENT_3D('',#1897,#506,#507);
#434=AXIS2_PLACEMENT_3D('',#1898,#508,#509);
#435=AXIS2_PLACEMENT_3D('',#1899,#510,#511);
#436=AXIS2_PLACEMENT_3D('',#1900,#512,#513);
#437=DIRECTION('axis',(0.,0.,1.));
#438=DIRECTION('refdir',(1.,0.,0.));
#439=DIRECTION('center_axis',(0.,1.,0.));
#440=DIRECTION('ref_axis',(-1.,0.,0.));
#441=DIRECTION('',(0.,-1.,0.));
#442=DIRECTION('center_axis',(0.,1.,0.));
#443=DIRECTION('ref_axis',(-1.,0.,0.));
#444=DIRECTION('',(0.,1.,0.));
#445=DIRECTION('center_axis',(0.,1.,0.));
#446=DIRECTION('ref_axis',(-1.,0.,0.));
#447=DIRECTION('',(0.,-1.,0.));
#448=DIRECTION('center_axis',(0.,1.,0.));
#449=DIRECTION('ref_axis',(-1.,0.,0.));
#450=DIRECTION('',(0.,-1.,0.));
#451=DIRECTION('center_axis',(0.,1.,0.));
#452=DIRECTION('ref_axis',(-1.,0.,0.));
#453=DIRECTION('',(0.,-1.,0.));
#454=DIRECTION('center_axis',(0.,1.,0.));
#455=DIRECTION('ref_axis',(-1.,0.,0.));
#456=DIRECTION('',(0.,-1.,0.));
#457=DIRECTION('center_axis',(0.,1.,0.));
#458=DIRECTION('ref_axis',(-1.,0.,0.));
#459=DIRECTION('',(0.,-1.,0.));
#460=DIRECTION('center_axis',(0.,1.,0.));
#461=DIRECTION('ref_axis',(-1.,0.,0.));
#462=DIRECTION('center_axis',(0.,1.,0.));
#463=DIRECTION('ref_axis',(-1.,0.,0.));
#464=DIRECTION('',(0.,1.,0.));
#465=DIRECTION('',(0.,-1.,0.));
#466=DIRECTION('center_axis',(0.,1.,0.));
#467=DIRECTION('ref_axis',(-1.,0.,0.));
#468=DIRECTION('',(0.,1.,0.));
#469=DIRECTION('center_axis',(0.,1.,0.));
#470=DIRECTION('ref_axis',(-1.,0.,0.));
#471=DIRECTION('',(0.,1.,0.));
#472=DIRECTION('center_axis',(0.,1.,0.));
#473=DIRECTION('ref_axis',(-1.,0.,0.));
#474=DIRECTION('',(0.,1.,0.));
#475=DIRECTION('center_axis',(0.,1.,0.));
#476=DIRECTION('ref_axis',(-1.,0.,0.));
#477=DIRECTION('',(0.,1.,0.));
#478=DIRECTION('center_axis',(0.,0.,1.));
#479=DIRECTION('ref_axis',(1.,0.,0.));
#480=DIRECTION('',(0.,0.,1.));
#481=DIRECTION('center_axis',(0.,-1.,0.));
#482=DIRECTION('ref_axis',(1.,0.,0.));
#483=DIRECTION('center_axis',(0.,-1.,0.));
#484=DIRECTION('ref_axis',(1.,0.,0.));
#485=DIRECTION('',(0.,1.,0.));
#486=DIRECTION('center_axis',(0.,1.,0.));
#487=DIRECTION('ref_axis',(1.,0.,0.));
#488=DIRECTION('center_axis',(0.,-1.,0.));
#489=DIRECTION('ref_axis',(0.,0.,-1.));
#490=DIRECTION('center_axis',(0.,1.,0.));
#491=DIRECTION('ref_axis',(-1.,0.,0.));
#492=DIRECTION('',(0.,1.,0.));
#493=DIRECTION('',(-0.888136448813546,3.74232480210727E-16,-0.459579860621485));
#494=DIRECTION('',(-1.,-3.74232480210727E-16,0.));
#495=DIRECTION('center_axis',(0.459579860621485,0.,-0.888136448813546));
#496=DIRECTION('ref_axis',(-0.888136448813546,0.,-0.459579860621485));
#497=DIRECTION('',(0.888136448813546,-1.12832626438295E-16,0.459579860621485));
#498=DIRECTION('',(0.,1.,0.));
#499=DIRECTION('center_axis',(0.,1.,0.));
#500=DIRECTION('ref_axis',(1.,0.,0.));
#501=DIRECTION('center_axis',(0.,1.,0.));
#502=DIRECTION('ref_axis',(-1.,0.,0.));
#503=DIRECTION('',(1.,1.12832626438295E-16,0.));
#504=DIRECTION('center_axis',(0.,0.,1.));
#505=DIRECTION('ref_axis',(1.,0.,0.));
#506=DIRECTION('center_axis',(0.,1.,0.));
#507=DIRECTION('ref_axis',(-1.,0.,0.));
#508=DIRECTION('center_axis',(0.,1.,0.));
#509=DIRECTION('ref_axis',(-1.,0.,0.));
#510=DIRECTION('center_axis',(0.,1.,0.));
#511=DIRECTION('ref_axis',(0.,0.,1.));
#512=DIRECTION('center_axis',(0.,1.,0.));
#513=DIRECTION('ref_axis',(0.,0.,1.));
#514=CARTESIAN_POINT('',(0.,0.,0.));
#515=CARTESIAN_POINT('Origin',(0.,0.,0.));
#516=CARTESIAN_POINT('',(12.5007608005791,50.,-0.000170331099032112));
#517=CARTESIAN_POINT('',(12.5,3.,0.));
#518=CARTESIAN_POINT('',(12.5,0.,-1.53080849893419E-15));
#519=CARTESIAN_POINT('',(12.5,0.,0.));
#520=CARTESIAN_POINT('Ctrl Pts',(12.5007608005791,50.,-0.000170331099032112));
#521=CARTESIAN_POINT('Ctrl Pts',(12.4994986701144,48.8304761904762,1.83656397418923));
#522=CARTESIAN_POINT('Ctrl Pts',(12.0892816467474,47.6609523809524,3.67384381675987));
#523=CARTESIAN_POINT('Ctrl Pts',(11.3054894526531,46.4914285714286,5.33484083049463));
#524=CARTESIAN_POINT('Ctrl Pts',(10.4399990494024,45.2,7.16897108344605));
#525=CARTESIAN_POINT('Ctrl Pts',(9.11899577922316,43.9085714285714,8.78815370859614));
#526=CARTESIAN_POINT('Ctrl Pts',(7.49596998128547,42.6171428571429,10.0042518247865));
#527=CARTESIAN_POINT('Ctrl Pts',(5.87294418334778,41.3257142857143,11.2203499409768));
#528=CARTESIAN_POINT('Ctrl Pts',(3.94789585765162,40.0342857142857,12.0333635482074));
#529=CARTESIAN_POINT('Ctrl Pts',(1.94450128466181,38.7428571428571,12.3488271143528));
#530=CARTESIAN_POINT('Ctrl Pts',(-0.0588932883280044,37.4514285714286,12.6642906804983));
#531=CARTESIAN_POINT('Ctrl Pts',(-2.14063410861148,36.16,12.4822042055585));
#532=CARTESIAN_POINT('Ctrl Pts',(-4.05883951230105,34.8685714285714,11.82372379953));
#533=CARTESIAN_POINT('Ctrl Pts',(-5.97704491599063,33.5771428571429,11.1652433935015));
#534=CARTESIAN_POINT('Ctrl Pts',(-7.73171490308629,32.2857142857143,10.0303690563842));
#535=CARTESIAN_POINT('Ctrl Pts',(-9.11896863490104,30.9942857142857,8.55096654394789));
#536=CARTESIAN_POINT('Ctrl Pts',(-10.5062223667158,29.7028571428571,7.07156403151162));
#537=CARTESIAN_POINT('Ctrl Pts',(-11.5260598432496,28.4114285714286,5.24763334375639));
#538=CARTESIAN_POINT('Ctrl Pts',(-12.0599870619459,27.12,3.29109704013544));
#539=CARTESIAN_POINT('Ctrl Pts',(-12.5939142806422,25.8285714285714,1.33456073651448));
#540=CARTESIAN_POINT('Ctrl Pts',(-12.6419312415011,24.5371428571429,-0.754581182972199));
#541=CARTESIAN_POINT('Ctrl Pts',(-12.1984516760816,23.2457142857143,-2.73357729583285));
#542=CARTESIAN_POINT('Ctrl Pts',(-11.7549721106622,21.9542857142857,-4.71257340869349));
#543=CARTESIAN_POINT('Ctrl Pts',(-10.8199960189645,20.6628571428571,-6.58142371492811));
#544=CARTESIAN_POINT('Ctrl Pts',(-9.50217553006692,19.3714285714286,-8.12300130435709));
#545=CARTESIAN_POINT('Ctrl Pts',(-8.18435504116934,18.08,-9.66457889378608));
#546=CARTESIAN_POINT('Ctrl Pts',(-6.48369015507186,16.7885714285714,-10.8788837664094));
#547=CARTESIAN_POINT('Ctrl Pts',(-4.59775360054898,15.4971428571429,-11.6247821588574));
#548=CARTESIAN_POINT('Ctrl Pts',(-2.7118170460261,14.2057142857143,-12.3706805513053));
#549=CARTESIAN_POINT('Ctrl Pts',(-0.640608823077822,12.9142857142857,-12.6481724635779));
#550=CARTESIAN_POINT('Ctrl Pts',(1.37514305742439,11.6228571428571,-12.425102202793));
#551=CARTESIAN_POINT('Ctrl Pts',(3.3908949379266,10.3314285714286,-12.202031942008));
#552=CARTESIAN_POINT('Ctrl Pts',(5.35119047598274,9.04,-11.4783995081656));
#553=CARTESIAN_POINT('Ctrl Pts',(7.02839104990586,7.74857142857143,-10.3381016600244));
#554=CARTESIAN_POINT('Ctrl Pts',(8.70559162382899,6.45714285714286,-9.19780381188329));
#555=CARTESIAN_POINT('Ctrl Pts',(10.0996972336191,5.16571428571429,-7.64084054944346));
#556=CARTESIAN_POINT('Ctrl Pts',(11.0482993276618,3.87428571428572,-5.84853241055214));
#557=CARTESIAN_POINT('Ctrl Pts',(11.9969014217046,2.58285714285714,-4.05622427166081));
#558=CARTESIAN_POINT('Ctrl Pts',(12.5,1.29142857142857,-2.02857125631798));
#559=CARTESIAN_POINT('Ctrl Pts',(12.5,0.,0.));
#560=CARTESIAN_POINT('Origin',(0.,0.,0.));
#561=CARTESIAN_POINT('',(12.5,0.,0.));
#562=CARTESIAN_POINT('Origin',(0.,0.,0.));
#563=CARTESIAN_POINT('',(12.5002622522951,100.,-0.000272206456181311));
#564=CARTESIAN_POINT('',(12.5007609443194,53.,-0.000170331135302959));
#565=CARTESIAN_POINT('',(12.5,0.,-1.53080849893419E-15));
#566=CARTESIAN_POINT('Ctrl Pts',(12.5002622522951,100.,-0.000272206456181311));
#567=CARTESIAN_POINT('Ctrl Pts',(12.498700803674,98.9523809523809,1.64520098838422));
#568=CARTESIAN_POINT('Ctrl Pts',(12.171638759936,97.9047619047619,3.29127688012837));
#569=CARTESIAN_POINT('Ctrl Pts',(11.5386397623111,96.8571428571429,4.80982447740452));
#570=CARTESIAN_POINT('Ctrl Pts',(10.7583246343299,95.5657142857143,6.68177951550133));
#571=CARTESIAN_POINT('Ctrl Pts',(9.513102654413,94.2742857142858,8.35994044941887));
#572=CARTESIAN_POINT('Ctrl Pts',(7.94765911831895,92.9828571428572,9.64931777934128));
#573=CARTESIAN_POINT('Ctrl Pts',(6.3822155822249,91.6914285714286,10.9386951092637));
#574=CARTESIAN_POINT('Ctrl Pts',(4.4965504899537,90.4,11.839288835191));
#575=CARTESIAN_POINT('Ctrl Pts',(2.50976374171174,89.1085714285714,12.2464568357031));
#576=CARTESIAN_POINT('Ctrl Pts',(0.522976993469781,87.8171428571429,12.6536248362153));
#577=CARTESIAN_POINT('Ctrl Pts',(-1.56493141074294,86.5257142857143,12.5673671113124));
#578=CARTESIAN_POINT('Ctrl Pts',(-3.51136244048435,85.2342857142857,11.9977061507244));
#579=CARTESIAN_POINT('Ctrl Pts',(-5.45779347022575,83.9428571428571,11.4280451901364));
#580=CARTESIAN_POINT('Ctrl Pts',(-7.26274712549585,82.6514285714286,10.3749809938632));
#581=CARTESIAN_POINT('Ctrl Pts',(-8.71650155948547,81.36,8.96087158882375));
#582=CARTESIAN_POINT('Ctrl Pts',(-10.1702559934751,80.0685714285714,7.54676218378426));
#583=CARTESIAN_POINT('Ctrl Pts',(-11.2728112061843,78.7771428571428,5.77160756997841));
#584=CARTESIAN_POINT('Ctrl Pts',(-11.8960586917894,77.4857142857143,3.84166717322986));
#585=CARTESIAN_POINT('Ctrl Pts',(-12.5193061773945,76.1942857142857,1.91172677648132));
#586=CARTESIAN_POINT('Ctrl Pts',(-12.6632459358957,74.9028571428571,-0.172999403209923));
#587=CARTESIAN_POINT('Ctrl Pts',(-12.3111532657008,73.6114285714286,-2.17028208617356));
#588=CARTESIAN_POINT('Ctrl Pts',(-11.9590605955059,72.32,-4.16756476913719));
#589=CARTESIAN_POINT('Ctrl Pts',(-11.1109354966149,71.0285714285715,-6.07740395537321));
#590=CARTESIAN_POINT('Ctrl Pts',(-9.86532363533168,69.7371428571429,-7.67789089824204));
#591=CARTESIAN_POINT('Ctrl Pts',(-8.61971177404844,68.4457142857143,-9.27837784111088));
#592=CARTESIAN_POINT('Ctrl Pts',(-6.9766131503729,67.1542857142857,-10.5695125406125));
#593=CARTESIAN_POINT('Ctrl Pts',(-5.1269432929347,65.8628571428572,-11.4012749955084));
#594=CARTESIAN_POINT('Ctrl Pts',(-3.2772734354965,64.5714285714286,-12.2330374504042));
#595=CARTESIAN_POINT('Ctrl Pts',(-1.22103234429564,63.28,-12.6054276606942));
#596=CARTESIAN_POINT('Ctrl Pts',(0.802860454313332,61.9885714285715,-12.4751767195577));
#597=CARTESIAN_POINT('Ctrl Pts',(2.8267532529223,60.6971428571429,-12.3449257784212));
#598=CARTESIAN_POINT('Ctrl Pts',(4.81829775893939,59.4057142857143,-11.7120336858582));
#599=CARTESIAN_POINT('Ctrl Pts',(6.54609168377223,58.1142857142857,-10.6500376858543));
#600=CARTESIAN_POINT('Ctrl Pts',(8.27388560860507,56.8228571428572,-9.58804168585031));
#601=CARTESIAN_POINT('Ctrl Pts',(9.73792895225368,55.5314285714286,-8.09694177840543));
#602=CARTESIAN_POINT('Ctrl Pts',(10.7681110628523,54.24,-6.34999237684995));
#603=CARTESIAN_POINT('Ctrl Pts',(11.7982931734509,52.9485714285714,-4.60304297529446));
#604=CARTESIAN_POINT('Ctrl Pts',(12.3946140509995,51.6571428571429,-2.60024407962839));
#605=CARTESIAN_POINT('Ctrl Pts',(12.4877857216128,50.3657142857143,-0.57430569141897));
#606=CARTESIAN_POINT('Ctrl Pts',(12.4965806875703,50.2438095238095,-0.383066669523087));
#607=CARTESIAN_POINT('Ctrl Pts',(12.500892358152,50.1219047619048,-0.19162146389782));
#608=CARTESIAN_POINT('Ctrl Pts',(12.5007608005791,50.,-0.000170331099032112));
#609=CARTESIAN_POINT('Ctrl Pts',(12.5,3.,0.));
#610=CARTESIAN_POINT('Ctrl Pts',(12.5,4.29142857142857,-2.02857125631798));
#611=CARTESIAN_POINT('Ctrl Pts',(11.4937999445348,6.87428571428571,-6.08387745188101));
#612=CARTESIAN_POINT('Ctrl Pts',(7.31148639435412,10.7485714285714,-10.7547671554071));
#613=CARTESIAN_POINT('Ctrl Pts',(1.43059898246866,14.6228571428571,-12.9256645896909));
#614=CARTESIAN_POINT('Ctrl Pts',(-4.78302516412601,18.4971428571429,-12.0931887360755));
#615=CARTESIAN_POINT('Ctrl Pts',(-9.88502013220539,22.3714285714286,-8.4502741456671));
#616=CARTESIAN_POINT('Ctrl Pts',(-12.6899483047201,26.2457142857143,-2.84372311917691));
#617=CARTESIAN_POINT('Ctrl Pts',(-12.5458974861615,30.12,3.42370268630038));
#618=CARTESIAN_POINT('Ctrl Pts',(-9.48638498839643,33.9942857142857,8.89549482658229));
#619=CARTESIAN_POINT('Ctrl Pts',(-4.22237498287351,37.8685714285715,12.300117869407));
#620=CARTESIAN_POINT('Ctrl Pts',(2.02284755789565,41.7428571428571,12.8463773046318));
#621=CARTESIAN_POINT('Ctrl Pts',(7.7979925974219,45.6171428571429,10.4073364527077));
#622=CARTESIAN_POINT('Ctrl Pts',(11.6363059801334,49.3695238095238,5.70263172189704));
#623=CARTESIAN_POINT('Ctrl Pts',(12.4994988139498,51.8304761904762,1.83656399534498));
#624=CARTESIAN_POINT('Ctrl Pts',(12.5007609443194,53.,-0.00017033113530282));
#625=CARTESIAN_POINT('Origin',(0.,0.,0.));
#626=CARTESIAN_POINT('',(12.4997105952604,150.,-0.000277336444984007));
#627=CARTESIAN_POINT('',(12.5002623960789,103.,-0.000272206459311364));
#628=CARTESIAN_POINT('',(12.5,0.,-1.53080849893419E-15));
#629=CARTESIAN_POINT('Ctrl Pts',(12.4997105952604,150.,-0.000277336444984008));
#630=CARTESIAN_POINT('Ctrl Pts',(12.498432055615,149.074285714286,1.45390760543768));
#631=CARTESIAN_POINT('Ctrl Pts',(12.2445291227897,148.148571428571,2.90852761677489));
#632=CARTESIAN_POINT('Ctrl Pts',(11.7474241944022,147.222857142857,4.27465131496897));
#633=CARTESIAN_POINT('Ctrl Pts',(11.0539321338123,145.931428571429,6.18047820257307));
#634=CARTESIAN_POINT('Ctrl Pts',(9.88712102409364,144.64,7.91407381102391));
#635=CARTESIAN_POINT('Ctrl Pts',(8.38256541598168,143.348571428571,9.27400755415807));
#636=CARTESIAN_POINT('Ctrl Pts',(6.87800980786972,142.057142857143,10.6339412972922));
#637=CARTESIAN_POINT('Ctrl Pts',(5.03570970136446,140.765714285714,11.6202131751097));
#638=CARTESIAN_POINT('Ctrl Pts',(3.06972631612593,139.474285714286,12.118225918503));
#639=CARTESIAN_POINT('Ctrl Pts',(1.10374293088741,138.182857142857,12.6162386618962));
#640=CARTESIAN_POINT('Ctrl Pts',(-0.985923733084379,136.891428571429,12.6259922708653));
#641=CARTESIAN_POINT('Ctrl Pts',(-2.95647034901698,135.6,12.1463534504466));
#642=CARTESIAN_POINT('Ctrl Pts',(-4.9270169649496,134.308571428571,11.6667146300279));
#643=CARTESIAN_POINT('Ctrl Pts',(-6.77844353284303,133.017142857143,10.6976833802215));
#644=CARTESIAN_POINT('Ctrl Pts',(-8.29562840783883,131.725714285714,9.35185374066823));
#645=CARTESIAN_POINT('Ctrl Pts',(-9.81281328283461,130.434285714286,8.00602410111497));
#646=CARTESIAN_POINT('Ctrl Pts',(-10.9957564649328,129.142857142857,6.28339607181486));
#647=CARTESIAN_POINT('Ctrl Pts',(-11.7070089796398,127.851428571429,4.38412588989261));
#648=CARTESIAN_POINT('Ctrl Pts',(-12.4182614943468,126.56,2.48485570797036));
#649=CARTESIAN_POINT('Ctrl Pts',(-12.6578233416627,125.268571428571,0.40894337342596));
#650=CARTESIAN_POINT('Ctrl Pts',(-12.3978592622616,123.977142857143,-1.60240593513214));
#651=CARTESIAN_POINT('Ctrl Pts',(-12.1378951828606,122.685714285714,-3.61375524369025));
#652=CARTESIAN_POINT('Ctrl Pts',(-11.3784051767426,121.394285714286,-5.56054152626207));
#653=CARTESIAN_POINT('Ctrl Pts',(-10.2076361893729,120.102857142857,-7.21656306652942));
#654=CARTESIAN_POINT('Ctrl Pts',(-9.03686720200326,118.811428571429,-8.87258460679677));
#655=CARTESIAN_POINT('Ctrl Pts',(-7.45481923338186,117.52,-10.2378414047597));
#656=CARTESIAN_POINT('Ctrl Pts',(-5.64531418990053,116.228571428571,-11.1537010344146));
#657=CARTESIAN_POINT('Ctrl Pts',(-3.83580914641921,114.937142857143,-12.0695606640696));
#658=CARTESIAN_POINT('Ctrl Pts',(-1.79884702807797,113.645714285714,-12.5360231254166));
#659=CARTESIAN_POINT('Ctrl Pts',(0.228892704532515,112.354285714286,-12.4988890385347));
#660=CARTESIAN_POINT('Ctrl Pts',(2.256632437143,111.062857142857,-12.4617549516528));
#661=CARTESIAN_POINT('Ctrl Pts',(4.27514978402272,109.771428571429,-11.9210243165419));
#662=CARTESIAN_POINT('Ctrl Pts',(6.04990842633229,108.48,-10.9395259084107));
#663=CARTESIAN_POINT('Ctrl Pts',(7.82466706864187,107.188571428571,-9.95802750027938));
#664=CARTESIAN_POINT('Ctrl Pts',(9.35566700638129,105.897142857143,-8.53576131912767));
#665=CARTESIAN_POINT('Ctrl Pts',(10.4650177249615,104.605714285714,-6.83798384642988));
#666=CARTESIAN_POINT('Ctrl Pts',(11.5743684435416,103.314285714286,-5.14020637373211));
#667=CARTESIAN_POINT('Ctrl Pts',(12.2620699429626,102.022857142857,-3.16691760948827));
#668=CARTESIAN_POINT('Ctrl Pts',(12.4482165546503,100.731428571429,-1.14739865622831));
#669=CARTESIAN_POINT('Ctrl Pts',(12.4833592778007,100.487619047619,-0.766132541158568));
#670=CARTESIAN_POINT('Ctrl Pts',(12.5006256439742,100.24380952381,-0.383218695437244));
#671=CARTESIAN_POINT('Ctrl Pts',(12.5002622522951,100.,-0.000272206456181311));
#672=CARTESIAN_POINT('Ctrl Pts',(12.5007609443194,53.,-0.00017033113530282));
#673=CARTESIAN_POINT('Ctrl Pts',(12.5008925018824,53.1219047619048,-0.191621466143026));
#674=CARTESIAN_POINT('Ctrl Pts',(12.4509040703871,54.5352380952381,-2.41118934445888));
#675=CARTESIAN_POINT('Ctrl Pts',(11.2019724249089,57.24,-6.60584194684205));
#676=CARTESIAN_POINT('Ctrl Pts',(6.80984234320989,61.1142857142858,-11.0791417207844));
#677=CARTESIAN_POINT('Ctrl Pts',(0.835208756549611,64.9885714285714,-12.977818020235));
#678=CARTESIAN_POINT('Ctrl Pts',(-5.3335145880642,68.8628571428572,-11.860647376554));
#679=CARTESIAN_POINT('Ctrl Pts',(-10.2628105157627,72.7371428571429,-7.98724323347565));
#680=CARTESIAN_POINT('Ctrl Pts',(-12.8071858417154,76.6114285714286,-2.25772560887386));
#681=CARTESIAN_POINT('Ctrl Pts',(-12.3753665612385,80.4857142857143,3.99645300214329));
#682=CARTESIAN_POINT('Ctrl Pts',(-9.06770088506789,84.3600000000001,9.32191690481431));
#683=CARTESIAN_POINT('Ctrl Pts',(-3.65283985697182,88.2342857142856,12.4811095299735));
#684=CARTESIAN_POINT('Ctrl Pts',(2.61088542771388,92.1085714285715,12.7398827076581));
#685=CARTESIAN_POINT('Ctrl Pts',(8.26788076959721,95.9828571428571,10.0381014987994));
#686=CARTESIAN_POINT('Ctrl Pts',(11.7684605941125,99.6133333333333,5.3204395860584));
#687=CARTESIAN_POINT('Ctrl Pts',(12.4987009474399,101.952380952381,1.64520100730808));
#688=CARTESIAN_POINT('Ctrl Pts',(12.5002623960789,103.,-0.000272206459311641));
#689=CARTESIAN_POINT('Origin',(0.,0.,0.));
#690=CARTESIAN_POINT('',(12.4992727022462,200.,-0.000192227559029715));
#691=CARTESIAN_POINT('',(12.4997107390379,153.,-0.000277336448172849));
#692=CARTESIAN_POINT('',(12.5,0.,-1.53080849893419E-15));
#693=CARTESIAN_POINT('Ctrl Pts',(12.4992727022462,200.,-0.000192227559029715));
#694=CARTESIAN_POINT('Ctrl Pts',(12.4985453636586,199.196190476191,1.2626222297514));
#695=CARTESIAN_POINT('Ctrl Pts',(12.3080926267592,198.392380952381,2.52565128033768));
#696=CARTESIAN_POINT('Ctrl Pts',(11.9314018808717,197.588571428571,3.73045147700262));
#697=CARTESIAN_POINT('Ctrl Pts',(11.3261973175738,196.297142857143,5.66612572662076));
#698=CARTESIAN_POINT('Ctrl Pts',(10.240261004519,195.005714285714,7.45149521845057));
#699=CARTESIAN_POINT('Ctrl Pts',(8.79977045737625,193.714285714286,8.87911363627352));
#700=CARTESIAN_POINT('Ctrl Pts',(7.35927991023345,192.422857142857,10.3067320540965));
#701=CARTESIAN_POINT('Ctrl Pts',(5.56423512900262,191.131428571429,11.3765993979126));
#702=CARTESIAN_POINT('Ctrl Pts',(3.62320662528052,189.84,11.9644052429874));
#703=CARTESIAN_POINT('Ctrl Pts',(1.68217812155845,188.548571428571,12.5522110880622));
#704=CARTESIAN_POINT('Ctrl Pts',(-0.404834104654846,187.257142857143,12.6579554343957));
#705=CARTESIAN_POINT('Ctrl Pts',(-2.39533515213841,185.965714285714,12.2693515956021));
#706=CARTESIAN_POINT('Ctrl Pts',(-4.38583619962198,184.674285714286,11.8807477568086));
#707=CARTESIAN_POINT('Ctrl Pts',(-6.27982606837582,183.382857142857,10.9977957328881));
#708=CARTESIAN_POINT('Ctrl Pts',(-7.85723758258433,182.091428571429,9.72308781400104));
#709=CARTESIAN_POINT('Ctrl Pts',(-9.43464909679284,180.8,8.44837989511398));
#710=CARTESIAN_POINT('Ctrl Pts',(-10.695482256456,179.508571428572,6.78191608126038));
#711=CARTESIAN_POINT('Ctrl Pts',(-11.4932378658465,178.217142857143,4.91732675615348));
#712=CARTESIAN_POINT('Ctrl Pts',(-12.2909934752369,176.925714285714,3.05273743104659));
#713=CARTESIAN_POINT('Ctrl Pts',(-12.6256715343546,175.634285714286,0.990022594686409));
#714=CARTESIAN_POINT('Ctrl Pts',(-12.4583850055772,174.342857142857,-1.03114602294597));
#715=CARTESIAN_POINT('Ctrl Pts',(-12.2910984767997,173.051428571429,-3.05231464057834));
#716=CARTESIAN_POINT('Ctrl Pts',(-11.621847360127,171.76,-5.03193703948291));
#717=CARTESIAN_POINT('Ctrl Pts',(-10.5283935304024,170.468571428571,-6.73999619708827));
#718=CARTESIAN_POINT('Ctrl Pts',(-9.43493970067776,169.177142857143,-8.44805535469363));
#719=CARTESIAN_POINT('Ctrl Pts',(-7.91728315790117,167.885714285714,-9.88455127099977));
#720=CARTESIAN_POINT('Ctrl Pts',(-6.15176401594389,166.594285714286,-10.8825740778518));
#721=CARTESIAN_POINT('Ctrl Pts',(-4.3862448739866,165.302857142857,-11.8805968847038));
#722=CARTESIAN_POINT('Ctrl Pts',(-2.37286313284861,164.011428571429,-12.4401465821017));
#723=CARTESIAN_POINT('Ctrl Pts',(-0.345558393157461,162.72,-12.4962077633462));
#724=CARTESIAN_POINT('Ctrl Pts',(1.68174634653369,161.428571428571,-12.5522689445906));
#725=CARTESIAN_POINT('Ctrl Pts',(3.72297408477801,160.137142857143,-12.1048416096817));
#726=CARTESIAN_POINT('Ctrl Pts',(5.54094972849031,158.845714285714,-11.2059134020451));
#727=CARTESIAN_POINT('Ctrl Pts',(7.35892537220263,157.554285714286,-10.3069851944086));
#728=CARTESIAN_POINT('Ctrl Pts',(8.95364892138292,156.262857142857,-8.95655611404447));
#729=CARTESIAN_POINT('Ctrl Pts',(10.139825663865,154.971428571429,-7.311535719274));
#730=CARTESIAN_POINT('Ctrl Pts',(11.326002406347,153.68,-5.66651532450352));
#731=CARTESIAN_POINT('Ctrl Pts',(12.1036323421308,152.388571428571,-3.72690361532668));
#732=CARTESIAN_POINT('Ctrl Pts',(12.3823608042921,151.097142857143,-1.71806867735957));
#733=CARTESIAN_POINT('Ctrl Pts',(12.4612927581785,150.731428571429,-1.14919506660783));
#734=CARTESIAN_POINT('Ctrl Pts',(12.5002156973425,150.365714285714,-0.574770152991231));
#735=CARTESIAN_POINT('Ctrl Pts',(12.4997105952604,150.,-0.000277336444984008));
#736=CARTESIAN_POINT('Ctrl Pts',(12.5002623960789,103.,-0.000272206459311641));
#737=CARTESIAN_POINT('Ctrl Pts',(12.5006257877622,103.24380952381,-0.383218699845201));
#738=CARTESIAN_POINT('Ctrl Pts',(12.3919016370131,104.779047619048,-2.79437934985584));
#739=CARTESIAN_POINT('Ctrl Pts',(10.8866670693442,107.605714285714,-7.1134952197987));
#740=CARTESIAN_POINT('Ctrl Pts',(6.29366720329516,111.48,-11.3802938123325));
#741=CARTESIAN_POINT('Ctrl Pts',(0.238115093002191,115.354285714286,-13.0024857363243));
#742=CARTESIAN_POINT('Ctrl Pts',(-5.87277133231181,119.228571428571,-11.6030983361868));
#743=CARTESIAN_POINT('Ctrl Pts',(-10.6189152927684,123.102857142857,-7.50732789518667));
#744=CARTESIAN_POINT('Ctrl Pts',(-12.8973853373303,126.977142857143,-1.6669689802927));
#745=CARTESIAN_POINT('Ctrl Pts',(-12.178699787116,130.851428571429,4.56076809497485));
#746=CARTESIAN_POINT('Ctrl Pts',(-8.6298702000012,134.725714285714,9.72865224231859));
#747=CARTESIAN_POINT('Ctrl Pts',(-3.07559043243306,138.6,12.6357460251766));
#748=CARTESIAN_POINT('Ctrl Pts',(3.19340963159128,142.474285714286,12.6064851979328));
#749=CARTESIAN_POINT('Ctrl Pts',(8.72031001468004,146.348571428571,9.64766953044674));
#750=CARTESIAN_POINT('Ctrl Pts',(11.8903189952459,149.857142857143,4.93781238074603));
#751=CARTESIAN_POINT('Ctrl Pts',(12.4984321993778,152.074285714286,1.45390762216121));
#752=CARTESIAN_POINT('Ctrl Pts',(12.4997107390379,153.,-0.000277336448173057));
#753=CARTESIAN_POINT('Origin',(0.,0.,0.));
#754=CARTESIAN_POINT('',(12.499052705408,250.,-4.5625529957831E-5));
#755=CARTESIAN_POINT('',(12.4992728460156,203.,-0.000192227560772973));
#756=CARTESIAN_POINT('',(12.5,0.,-1.53080849893419E-15));
#757=CARTESIAN_POINT('Ctrl Pts',(12.499052705408,250.,-4.5625529957831E-5));
#758=CARTESIAN_POINT('Ctrl Pts',(12.4989049130691,249.318095238095,1.07130387190936));
#759=CARTESIAN_POINT('Ctrl Pts',(12.3624548082873,248.636190476191,2.1426902531451));
#760=CARTESIAN_POINT('Ctrl Pts',(12.0901866252357,247.954285714286,3.17837308901318));
#761=CARTESIAN_POINT('Ctrl Pts',(11.5745502338697,246.662857142857,5.13980594576898));
#762=CARTESIAN_POINT('Ctrl Pts',(10.5717770685936,245.371428571429,6.97318140303044));
#763=CARTESIAN_POINT('Ctrl Pts',(9.19839216293676,244.08,8.46547041095266));
#764=CARTESIAN_POINT('Ctrl Pts',(7.82500725727992,242.788571428571,9.9577594188749));
#765=CARTESIAN_POINT('Ctrl Pts',(6.0810106112424,241.497142857143,11.1089619774579));
#766=CARTESIAN_POINT('Ctrl Pts',(4.16903640779657,240.205714285714,11.7853193945048));
#767=CARTESIAN_POINT('Ctrl Pts',(2.25706220435073,238.914285714286,12.4616768115518));
#768=CARTESIAN_POINT('Ctrl Pts',(0.177110443496598,237.622857142857,12.6631890870626));
#769=CARTESIAN_POINT('Ctrl Pts',(-1.82914202505579,236.331428571429,12.3664409644151));
#770=CARTESIAN_POINT('Ctrl Pts',(-3.83539449360816,235.04,12.0696928417675));
#771=CARTESIAN_POINT('Ctrl Pts',(-5.76794766985879,233.748571428571,11.2746843209615));
#772=CARTESIAN_POINT('Ctrl Pts',(-7.40225470972601,232.457142857143,10.0737898309706));
#773=CARTESIAN_POINT('Ctrl Pts',(-9.03656174959324,231.165714285714,8.87289534097962));
#774=CARTESIAN_POINT('Ctrl Pts',(-10.3726226530771,229.874285714286,7.2661148818037));
#775=CARTESIAN_POINT('Ctrl Pts',(-11.2551968188494,228.582857142857,5.44014384948029));
#776=CARTESIAN_POINT('Ctrl Pts',(-12.1377709846218,227.291428571429,3.61417281715689));
#777=CARTESIAN_POINT('Ctrl Pts',(-12.5668584126826,226.,1.569011211686));
#778=CARTESIAN_POINT('Ctrl Pts',(-12.4926026598949,224.708571428572,-0.457708676726948));
#779=CARTESIAN_POINT('Ctrl Pts',(-12.4183469071071,223.417142857143,-2.4844285651399));
#780=CARTESIAN_POINT('Ctrl Pts',(-11.8407479734707,222.125714285714,-4.49270673649492));
#781=CARTESIAN_POINT('Ctrl Pts',(-10.8269183347212,220.834285714286,-6.24919663871997));
#782=CARTESIAN_POINT('Ctrl Pts',(-9.81308869597178,219.542857142857,-8.00568654094502));
#783=CARTESIAN_POINT('Ctrl Pts',(-8.36302835210929,218.251428571429,-9.51038817404011));
#784=CARTESIAN_POINT('Ctrl Pts',(-6.64522330829135,216.96,-10.5884666609909));
#785=CARTESIAN_POINT('Ctrl Pts',(-4.92741826447338,215.668571428572,-11.6665451479417));
#786=CARTESIAN_POINT('Ctrl Pts',(-2.94186852069995,214.377142857143,-12.3180004887482));
#787=CARTESIAN_POINT('Ctrl Pts',(-0.919279786354872,213.085714285714,-12.4671385536885));
#788=CARTESIAN_POINT('Ctrl Pts',(1.10330894799017,211.794285714286,-12.6162766186289));
#789=CARTESIAN_POINT('Ctrl Pts',(3.16293667290686,210.502857142857,-12.2630974077032));
#790=CARTESIAN_POINT('Ctrl Pts',(5.02029034521606,209.211428571429,-11.4486376457213));
#791=CARTESIAN_POINT('Ctrl Pts',(6.87764401752526,207.92,-10.6341778837393));
#792=CARTESIAN_POINT('Ctrl Pts',(8.53272363722698,206.628571428571,-9.35843757070113));
#793=CARTESIAN_POINT('Ctrl Pts',(9.79322158279838,205.337142857143,-7.76964800247631));
#794=CARTESIAN_POINT('Ctrl Pts',(11.0537195283698,204.045714285714,-6.18085843425148));
#795=CARTESIAN_POINT('Ctrl Pts',(11.9196357998109,202.754285714286,-4.27901961084));
#796=CARTESIAN_POINT('Ctrl Pts',(12.2903575287609,201.462857142857,-2.28511069543101));
#797=CARTESIAN_POINT('Ctrl Pts',(12.4303350547361,200.975238095238,-1.5322483320907));
#798=CARTESIAN_POINT('Ctrl Pts',(12.4997139313419,200.487619047619,-0.766259765643148));
#799=CARTESIAN_POINT('Ctrl Pts',(12.4992727022462,200.,-0.000192227559029715));
#800=CARTESIAN_POINT('Ctrl Pts',(12.4997107390379,153.,-0.000277336448173057));
#801=CARTESIAN_POINT('Ctrl Pts',(12.5002158411258,153.365714285714,-0.574770159602503));
#802=CARTESIAN_POINT('Ctrl Pts',(12.32384627101,155.022857142857,-3.17763307936703));
#803=CARTESIAN_POINT('Ctrl Pts',(10.5483725918955,157.971428571429,-7.60612712116958));
#804=CARTESIAN_POINT('Ctrl Pts',(5.76420188932488,161.845714285714,-11.6574144088617));
#805=CARTESIAN_POINT('Ctrl Pts',(-0.359481395845558,165.72,-12.9996964290282));
#806=CARTESIAN_POINT('Ctrl Pts',(-6.39962668873606,169.594285714286,-11.3210473175259));
#807=CARTESIAN_POINT('Ctrl Pts',(-10.9525963694362,173.468571428571,-7.0115595190377));
#808=CARTESIAN_POINT('Ctrl Pts',(-12.9603497425483,177.342857142857,-1.07269225401238));
#809=CARTESIAN_POINT('Ctrl Pts',(-11.9563155536464,181.217142857143,5.11545232624712));
#810=CARTESIAN_POINT('Ctrl Pts',(-8.1738160311484,185.091428571429,10.1148438253131));
#811=CARTESIAN_POINT('Ctrl Pts',(-2.49184635953115,188.965714285714,12.7636999275433));
#812=CARTESIAN_POINT('Ctrl Pts',(3.76919039112803,192.84,12.4464668848936));
#813=CARTESIAN_POINT('Ctrl Pts',(9.15432479675898,196.714285714286,9.23686481652754));
#814=CARTESIAN_POINT('Ctrl Pts',(12.0021047183297,200.100952380952,4.55487810120684));
#815=CARTESIAN_POINT('Ctrl Pts',(12.4985455074207,202.196190476191,1.26262224427495));
#816=CARTESIAN_POINT('Ctrl Pts',(12.4992728460156,203.,-0.000192227560773389));
#817=CARTESIAN_POINT('Origin',(0.,0.,0.));
#818=CARTESIAN_POINT('',(12.5,271.2,-1.53080849893419E-15));
#819=CARTESIAN_POINT('',(12.4990528708332,253.,-4.56202965648522E-5));
#820=CARTESIAN_POINT('',(12.5,0.,-1.53080849893419E-15));
#821=CARTESIAN_POINT('',(-11.1017056101693,271.2,-5.74474825776856));
#822=CARTESIAN_POINT('Origin',(0.,271.2,0.));
#823=CARTESIAN_POINT('Ctrl Pts',(-11.1017056101693,271.2,-5.74474825776856));
#824=CARTESIAN_POINT('Ctrl Pts',(-10.16941511493,269.908571428571,-7.54639632952004));
#825=CARTESIAN_POINT('Ctrl Pts',(-8.79072644001956,268.617142857143,-9.11601490350083));
#826=CARTESIAN_POINT('Ctrl Pts',(-7.12452962021691,267.325714285714,-10.27187067099));
#827=CARTESIAN_POINT('Ctrl Pts',(-5.45833280041426,266.034285714286,-11.4277264384791));
#828=CARTESIAN_POINT('Ctrl Pts',(-3.50462783571937,264.742857142857,-12.1698193994766));
#829=CARTESIAN_POINT('Ctrl Pts',(-1.49098694793157,263.451428571429,-12.4117518749165));
#830=CARTESIAN_POINT('Ctrl Pts',(0.52265393985623,262.16,-12.6536843503565));
#831=CARTESIAN_POINT('Ctrl Pts',(2.59623075073694,260.868571428571,-12.3954563402389));
#832=CARTESIAN_POINT('Ctrl Pts',(4.48901206693575,259.577142857143,-11.6671742011996));
#833=CARTESIAN_POINT('Ctrl Pts',(6.38179338313458,258.285714285714,-10.9388920621604));
#834=CARTESIAN_POINT('Ctrl Pts',(8.09377920465149,256.994285714286,-9.7405557941995));
#835=CARTESIAN_POINT('Ctrl Pts',(9.42594831963409,255.702857142857,-8.21135778588643));
#836=CARTESIAN_POINT('Ctrl Pts',(10.7581174346167,254.411428571429,-6.68215977757339));
#837=CARTESIAN_POINT('Ctrl Pts',(11.7104698430649,253.12,-4.82210002890814));
#838=CARTESIAN_POINT('Ctrl Pts',(12.1723962385612,251.828571428571,-2.84732502645047));
#839=CARTESIAN_POINT('Ctrl Pts',(12.3904145963175,251.219047619048,-1.91527782765033));
#840=CARTESIAN_POINT('Ctrl Pts',(12.4991848102919,250.609523809524,-0.957676461229981));
#841=CARTESIAN_POINT('Ctrl Pts',(12.499052705408,250.,-4.5625529957831E-5));
#842=CARTESIAN_POINT('Ctrl Pts',(12.4992728460156,203.,-0.000192227560773389));
#843=CARTESIAN_POINT('Ctrl Pts',(12.4997140751158,203.487619047619,-0.766259774456445));
#844=CARTESIAN_POINT('Ctrl Pts',(12.2465895770872,205.266666666667,-3.56092121700019));
#845=CARTESIAN_POINT('Ctrl Pts',(10.1878033741358,208.337142857143,-8.08269735063717));
#846=CARTESIAN_POINT('Ctrl Pts',(5.22256445785065,212.211428571429,-11.9099183337649));
#847=CARTESIAN_POINT('Ctrl Pts',(-0.956318787834775,216.085714285714,-12.9694559787461));
#848=CARTESIAN_POINT('Ctrl Pts',(-6.91296808794864,219.96,-11.0150899338172));
#849=CARTESIAN_POINT('Ctrl Pts',(-11.2631491690134,223.834285714286,-6.50098498265816));
#850=CARTESIAN_POINT('Ctrl Pts',(-12.9959459909835,227.708571428571,-0.476150399215122));
#851=CARTESIAN_POINT('Ctrl Pts',(-11.7086836897249,231.582857142857,5.65933448766502));
#852=CARTESIAN_POINT('Ctrl Pts',(-7.70050093771431,235.457142857143,10.4796759207385));
#853=CARTESIAN_POINT('Ctrl Pts',(-1.90284133320149,239.331428571429,12.8647015106439));
#854=CARTESIAN_POINT('Ctrl Pts',(4.33701400311272,243.205714285714,12.260164676489));
#855=CARTESIAN_POINT('Ctrl Pts',(9.56900403715894,247.08,8.80655696366574));
#856=CARTESIAN_POINT('Ctrl Pts',(12.1040382335376,250.344761904762,4.17174048223051));
#857=CARTESIAN_POINT('Ctrl Pts',(12.4989050676999,252.318095238095,1.0713038878399));
#858=CARTESIAN_POINT('Ctrl Pts',(12.4990528708332,253.,-4.5620296564991E-5));
#859=CARTESIAN_POINT('Origin',(0.,0.,0.));
#860=CARTESIAN_POINT('',(16.9487154685332,250.,-6.18682186226404E-5));
#861=CARTESIAN_POINT('',(16.9487156928498,253.,-6.18611221436644E-5));
#862=CARTESIAN_POINT('',(16.95,0.,-2.07577632455476E-15));
#863=CARTESIAN_POINT('',(-15.0539128073896,271.2,-7.78987863753417));
#864=CARTESIAN_POINT('Ctrl Pts',(-15.0539128073896,271.2,-7.78987863753417));
#865=CARTESIAN_POINT('Ctrl Pts',(-13.789726895845,269.908571428571,-10.2329134228292));
#866=CARTESIAN_POINT('Ctrl Pts',(-11.9202250526665,268.617142857143,-12.3613162091471));
#867=CARTESIAN_POINT('Ctrl Pts',(-9.66086216501413,267.325714285714,-13.9286566298624));
#868=CARTESIAN_POINT('Ctrl Pts',(-7.40149927736174,266.034285714286,-15.4959970505777));
#869=CARTESIAN_POINT('Ctrl Pts',(-4.75227534523547,264.742857142857,-16.5022751056903));
#870=CARTESIAN_POINT('Ctrl Pts',(-2.02177830139521,263.451428571429,-16.8303355423868));
#871=CARTESIAN_POINT('Ctrl Pts',(0.708718742445049,262.16,-17.1583959790834));
#872=CARTESIAN_POINT('Ctrl Pts',(3.5204888979993,260.868571428571,-16.8082387973639));
#873=CARTESIAN_POINT('Ctrl Pts',(6.08710036276487,259.577142857143,-15.8206882168267));
#874=CARTESIAN_POINT('Ctrl Pts',(8.65371182753049,258.285714285714,-14.8331376362895));
#875=CARTESIAN_POINT('Ctrl Pts',(10.9751646015074,256.994285714286,-13.2081936569345));
#876=CARTESIAN_POINT('Ctrl Pts',(12.7815859214238,255.702857142857,-11.134601157662));
#877=CARTESIAN_POINT('Ctrl Pts',(14.5880072413402,254.411428571429,-9.06100865838952));
#878=CARTESIAN_POINT('Ctrl Pts',(15.8793971071961,253.12,-6.53876763919944));
#879=CARTESIAN_POINT('Ctrl Pts',(16.505769299489,251.828571428571,-3.86097273586683));
#880=CARTESIAN_POINT('Ctrl Pts',(16.8014021926066,251.219047619048,-2.59711673429384));
#881=CARTESIAN_POINT('Ctrl Pts',(16.9488946027558,250.609523809524,-1.29860928142785));
#882=CARTESIAN_POINT('Ctrl Pts',(16.9487154685332,250.,-6.18682186226404E-5));
#883=CARTESIAN_POINT('',(-15.0539128073896,274.2,-7.78987863753417));
#884=CARTESIAN_POINT('',(-15.0539128073896,0.,-7.78987863753417));
#885=CARTESIAN_POINT('Ctrl Pts',(16.9487156928498,253.,-6.18611221436804E-5));
#886=CARTESIAN_POINT('Ctrl Pts',(16.948894840156,253.609523809524,-1.29860928729703));
#887=CARTESIAN_POINT('Ctrl Pts',(16.4889029043258,255.510476190476,-5.34832945043861));
#888=CARTESIAN_POINT('Ctrl Pts',(13.2966173096902,258.702857142857,-11.5832498597899));
#889=CARTESIAN_POINT('Ctrl Pts',(6.33225968949931,262.577142857143,-16.4580816130545));
#890=CARTESIAN_POINT('Ctrl Pts',(-2.10305182059708,266.451428571429,-17.5085534954621));
#891=CARTESIAN_POINT('Ctrl Pts',(-10.0507196155858,270.325714285714,-14.4897173874787));
#892=CARTESIAN_POINT('Ctrl Pts',(-13.789726895845,272.908571428571,-10.2329134228292));
#893=CARTESIAN_POINT('Ctrl Pts',(-15.0539128073896,274.2,-7.78987863753418));
#894=CARTESIAN_POINT('Origin',(0.,0.,0.));
#895=CARTESIAN_POINT('',(16.9490137842458,200.,-0.000260660570045035));
#896=CARTESIAN_POINT('',(16.9490139791972,203.,-0.000260660572346336));
#897=CARTESIAN_POINT('',(16.95,0.,-2.07577632455476E-15));
#898=CARTESIAN_POINT('Ctrl Pts',(16.9487154685332,250.,-6.18682186226404E-5));
#899=CARTESIAN_POINT('Ctrl Pts',(16.9485150621217,249.318095238095,1.45268805030909));
#900=CARTESIAN_POINT('Ctrl Pts',(16.7634887200376,248.636190476191,2.90548798326476));
#901=CARTESIAN_POINT('Ctrl Pts',(16.3942930638196,247.954285714286,4.30987390870187));
#902=CARTESIAN_POINT('Ctrl Pts',(15.6950901171274,246.662857142857,6.96957686246274));
#903=CARTESIAN_POINT('Ctrl Pts',(14.3353297050129,245.371428571429,9.45563398250927));
#904=CARTESIAN_POINT('Ctrl Pts',(12.4730197729422,244.08,11.4791778772518));
#905=CARTESIAN_POINT('Ctrl Pts',(10.6107098408716,242.788571428571,13.5027217719944));
#906=CARTESIAN_POINT('Ctrl Pts',(8.24585038884469,241.497142857143,15.0637524414329));
#907=CARTESIAN_POINT('Ctrl Pts',(5.65321336897214,240.205714285714,15.9808930989486));
#908=CARTESIAN_POINT('Ctrl Pts',(3.06057634909959,238.914285714286,16.8980337564642));
#909=CARTESIAN_POINT('Ctrl Pts',(0.240161761381385,237.622857142857,17.1712844020569));
#910=CARTESIAN_POINT('Ctrl Pts',(-2.48031658597565,236.331428571429,16.7688939477468));
#911=CARTESIAN_POINT('Ctrl Pts',(-5.20079493333266,235.04,16.3665034934367));
#912=CARTESIAN_POINT('Ctrl Pts',(-7.82133704032851,233.748571428571,15.2884719392238));
#913=CARTESIAN_POINT('Ctrl Pts',(-10.0374573863885,232.457142857143,13.6600590107961));
#914=CARTESIAN_POINT('Ctrl Pts',(-12.2535777324484,231.165714285714,12.0316460823684));
#915=CARTESIAN_POINT('Ctrl Pts',(-14.0652763175725,229.874285714286,9.85285177972581));
#916=CARTESIAN_POINT('Ctrl Pts',(-15.2620468863598,228.582857142857,7.37683505989528));
#917=CARTESIAN_POINT('Ctrl Pts',(-16.4588174551471,227.291428571429,4.90081834006474));
#918=CARTESIAN_POINT('Ctrl Pts',(-17.0406600075977,226.,2.12757920304622));
#919=CARTESIAN_POINT('Ctrl Pts',(-16.9399692068174,224.708571428572,-0.620652965641743));
#920=CARTESIAN_POINT('Ctrl Pts',(-16.8392784060372,223.417142857143,-3.36888513432971));
#921=CARTESIAN_POINT('Ctrl Pts',(-16.0560542520262,222.125714285714,-6.09211033468711));
#922=CARTESIAN_POINT('Ctrl Pts',(-14.681301261882,220.834285714286,-8.47391064210428));
#923=CARTESIAN_POINT('Ctrl Pts',(-13.3065482717377,219.542857142857,-10.8557109495215));
#924=CARTESIAN_POINT('Ctrl Pts',(-11.3402664454602,218.251428571429,-12.8960863639984));
#925=CARTESIAN_POINT('Ctrl Pts',(-9.01092280604307,216.96,-14.3579607923037));
#926=CARTESIAN_POINT('Ctrl Pts',(-6.6815791666259,215.668571428572,-15.8198352206089));
#927=CARTESIAN_POINT('Ctrl Pts',(-3.98917371406913,214.377142857143,-16.7032086627425));
#928=CARTESIAN_POINT('Ctrl Pts',(-1.24654339029721,213.085714285714,-16.9054398788017));
#929=CARTESIAN_POINT('Ctrl Pts',(1.49608693347467,211.794285714286,-17.1076710948608));
#930=CARTESIAN_POINT('Ctrl Pts',(4.2889421284617,210.502857142857,-16.6287600848455));
#931=CARTESIAN_POINT('Ctrl Pts',(6.80751370811298,209.211428571429,-15.524352647598));
#932=CARTESIAN_POINT('Ctrl Pts',(9.32608528776426,207.92,-14.4199452103505));
#933=CARTESIAN_POINT('Ctrl Pts',(11.5703732520798,206.628571428571,-12.6900413458707));
#934=CARTESIAN_POINT('Ctrl Pts',(13.2796084662746,205.337142857143,-10.5356426913579));
#935=CARTESIAN_POINT('Ctrl Pts',(14.9888436804694,204.045714285714,-8.381244036845));
#936=CARTESIAN_POINT('Ctrl Pts',(16.1630261445436,202.754285714286,-5.80235059229904));
#937=CARTESIAN_POINT('Ctrl Pts',(16.6657248089997,201.462857142857,-3.09861010300445));
#938=CARTESIAN_POINT('Ctrl Pts',(16.8555343342221,200.975238095238,-2.07772873831499));
#939=CARTESIAN_POINT('Ctrl Pts',(16.9496120908997,200.487619047619,-1.03904824221211));
#940=CARTESIAN_POINT('Ctrl Pts',(16.9490137842458,200.,-0.000260660570045035));
#941=CARTESIAN_POINT('Ctrl Pts',(16.9490139791972,203.,-0.000260660572346666));
#942=CARTESIAN_POINT('Ctrl Pts',(16.9496122858571,203.487619047619,-1.0390482541629));
#943=CARTESIAN_POINT('Ctrl Pts',(16.6063754665302,205.266666666667,-4.82860917025224));
#944=CARTESIAN_POINT('Ctrl Pts',(13.8146613753282,208.337142857143,-10.960137607464));
#945=CARTESIAN_POINT('Ctrl Pts',(7.08179740484549,212.211428571429,-16.1498492605852));
#946=CARTESIAN_POINT('Ctrl Pts',(-1.29676827630395,216.085714285714,-17.5865823071798));
#947=CARTESIAN_POINT('Ctrl Pts',(-9.37398472725837,219.96,-14.9364619502561));
#948=CARTESIAN_POINT('Ctrl Pts',(-15.2728302731822,223.834285714286,-8.81533563648448));
#949=CARTESIAN_POINT('Ctrl Pts',(-17.6225027637736,227.708571428571,-0.645659941335711));
#950=CARTESIAN_POINT('Ctrl Pts',(-15.876975083267,231.582857142857,7.67405756527379));
#951=CARTESIAN_POINT('Ctrl Pts',(-10.4418792715406,235.457142857143,14.2104405485214));
#952=CARTESIAN_POINT('Ctrl Pts',(-2.58025284782122,239.331428571429,17.4445352484331));
#953=CARTESIAN_POINT('Ctrl Pts',(5.88099098822084,243.205714285714,16.6247833013192));
#954=CARTESIAN_POINT('Ctrl Pts',(12.9755694743875,247.08,11.9416912427308));
#955=CARTESIAN_POINT('Ctrl Pts',(16.413075844677,250.344761904762,5.65688009390457));
#956=CARTESIAN_POINT('Ctrl Pts',(16.948515271801,252.318095238095,1.45268807191091));
#957=CARTESIAN_POINT('Ctrl Pts',(16.9487156928498,253.,-6.18611221436804E-5));
#958=CARTESIAN_POINT('Origin',(0.,0.,0.));
#959=CARTESIAN_POINT('',(16.9496075671731,150.,-0.000376068219397618));
#960=CARTESIAN_POINT('',(16.9496077621353,153.,-0.000376068223662397));
#961=CARTESIAN_POINT('',(16.95,0.,-2.07577632455476E-15));
#962=CARTESIAN_POINT('Ctrl Pts',(16.9490137842458,200.,-0.000260660570045035));
#963=CARTESIAN_POINT('Ctrl Pts',(16.9480275131211,199.196190476191,1.71211574354289));
#964=CARTESIAN_POINT('Ctrl Pts',(16.6897736018855,198.392380952381,3.4247831361379));
#965=CARTESIAN_POINT('Ctrl Pts',(16.1789809504621,197.588571428571,5.05849220281555));
#966=CARTESIAN_POINT('Ctrl Pts',(15.3583235626301,196.297142857143,7.68326648529774));
#967=CARTESIAN_POINT('Ctrl Pts',(13.8857939221278,195.005714285714,10.104227516219));
#968=CARTESIAN_POINT('Ctrl Pts',(11.9324887402022,193.714285714286,12.0400780907869));
#969=CARTESIAN_POINT('Ctrl Pts',(9.97918355827655,192.422857142857,13.9759286653548));
#970=CARTESIAN_POINT('Ctrl Pts',(7.54510283492755,191.131428571429,15.4266687835695));
#971=CARTESIAN_POINT('Ctrl Pts',(4.91306818388039,189.84,16.2237335094909));
#972=CARTESIAN_POINT('Ctrl Pts',(2.28103353283326,188.548571428571,17.0207982354124));
#973=CARTESIAN_POINT('Ctrl Pts',(-0.548955045911972,187.257142857143,17.1641875690405));
#974=CARTESIAN_POINT('Ctrl Pts',(-3.24807446629969,185.965714285714,16.6372407636365));
#975=CARTESIAN_POINT('Ctrl Pts',(-5.94719388668741,184.674285714286,16.1102939582325));
#976=CARTESIAN_POINT('Ctrl Pts',(-8.51544414871761,183.382857142857,14.9130110137962));
#977=CARTESIAN_POINT('Ctrl Pts',(-10.6544141619843,182.091428571429,13.1845070757854));
#978=CARTESIAN_POINT('Ctrl Pts',(-12.7933841752511,180.8,11.4560031377746));
#979=CARTESIAN_POINT('Ctrl Pts',(-14.5030739397544,179.508571428572,9.19627820618907));
#980=CARTESIAN_POINT('Ctrl Pts',(-15.5848305460878,178.217142857143,6.66789508134412));
#981=CARTESIAN_POINT('Ctrl Pts',(-16.6665871524213,176.925714285714,4.13951195649918));
#982=CARTESIAN_POINT('Ctrl Pts',(-17.1204106005849,175.634285714286,1.34247063839477));
#983=CARTESIAN_POINT('Ctrl Pts',(-16.8935700675626,174.342857142857,-1.39823400711474));
#984=CARTESIAN_POINT('Ctrl Pts',(-16.6667295345404,173.051428571429,-4.13893865262423));
#985=CARTESIAN_POINT('Ctrl Pts',(-15.7592250203322,171.76,-6.82330662553883));
#986=CARTESIAN_POINT('Ctrl Pts',(-14.2765016272256,170.468571428571,-9.13943484325169));
#987=CARTESIAN_POINT('Ctrl Pts',(-12.793778234119,169.177142857143,-11.4555630609646));
#988=CARTESIAN_POINT('Ctrl Pts',(-10.735835962114,167.885714285714,-13.4034515234757));
#989=CARTESIAN_POINT('Ctrl Pts',(-8.34179200561991,166.594285714286,-14.756770449567));
#990=CARTESIAN_POINT('Ctrl Pts',(-5.94774804912583,165.302857142857,-16.1100893756584));
#991=CARTESIAN_POINT('Ctrl Pts',(-3.21760240814272,164.011428571429,-16.8688387653299));
#992=CARTESIAN_POINT('Ctrl Pts',(-0.468577181121517,162.72,-16.9448577270974));
#993=CARTESIAN_POINT('Ctrl Pts',(2.28044804589968,161.428571428571,-17.0208766888649));
#994=CARTESIAN_POINT('Ctrl Pts',(5.04835285895898,160.137142857143,-16.4141652227283));
#995=CARTESIAN_POINT('Ctrl Pts',(7.51352783183286,158.845714285714,-15.1952185731732));
#996=CARTESIAN_POINT('Ctrl Pts',(9.97870280470676,157.554285714286,-13.976271923618));
#997=CARTESIAN_POINT('Ctrl Pts',(12.1411479373952,156.262857142857,-12.1450900906443));
#998=CARTESIAN_POINT('Ctrl Pts',(13.7496036002009,154.971428571429,-9.91444243533554));
#999=CARTESIAN_POINT('Ctrl Pts',(15.3580592630065,153.68,-7.68379478002678));
#1000=CARTESIAN_POINT('Ctrl Pts',(16.4125254559293,152.388571428571,-5.05368130238298));
#1001=CARTESIAN_POINT('Ctrl Pts',(16.7904812506201,151.097142857143,-2.32970112649958));
#1002=CARTESIAN_POINT('Ctrl Pts',(16.89751298009,150.731428571429,-1.55830851032021));
#1003=CARTESIAN_POINT('Ctrl Pts',(16.9502924855964,150.365714285714,-0.779388327456108));
#1004=CARTESIAN_POINT('Ctrl Pts',(16.9496075671731,150.,-0.000376068219397618));
#1005=CARTESIAN_POINT('Ctrl Pts',(16.9496077621354,153.,-0.000376068223663026));
#1006=CARTESIAN_POINT('Ctrl Pts',(16.9502926805666,153.365714285714,-0.779388336420956));
#1007=CARTESIAN_POINT('Ctrl Pts',(16.7111355434896,155.022857142857,-4.30887045562169));
#1008=CARTESIAN_POINT('Ctrl Pts',(14.3035932346103,157.971428571429,-10.313908376306));
#1009=CARTESIAN_POINT('Ctrl Pts',(7.81625776192455,161.845714285714,-15.8074539384165));
#1010=CARTESIAN_POINT('Ctrl Pts',(-0.487456772766575,165.72,-17.6275883577622));
#1011=CARTESIAN_POINT('Ctrl Pts',(-8.67789378992611,169.594285714286,-15.3513401625651));
#1012=CARTESIAN_POINT('Ctrl Pts',(-14.8517206769555,173.468571428571,-9.50767470781513));
#1013=CARTESIAN_POINT('Ctrl Pts',(-17.5742342508955,177.342857142857,-1.45457069644079));
#1014=CARTESIAN_POINT('Ctrl Pts',(-16.2127638907446,181.217142857143,6.9365533543911));
#1015=CARTESIAN_POINT('Ctrl Pts',(-11.0836945382372,185.091428571429,13.7157282271246));
#1016=CARTESIAN_POINT('Ctrl Pts',(-3.37894366352425,188.965714285714,17.3075771017487));
#1017=CARTESIAN_POINT('Ctrl Pts',(5.11102217036962,192.84,16.8774090959157));
#1018=CARTESIAN_POINT('Ctrl Pts',(12.4132644244052,196.714285714286,12.5251886912114));
#1019=CARTESIAN_POINT('Ctrl Pts',(16.2748539980551,200.100952380952,6.1764147052365));
#1020=CARTESIAN_POINT('Ctrl Pts',(16.9480277080626,202.19619047619,1.71211576323688));
#1021=CARTESIAN_POINT('Ctrl Pts',(16.9490139791972,203.,-0.000260660572346666));
#1022=CARTESIAN_POINT('Origin',(0.,0.,0.));
#1023=CARTESIAN_POINT('',(16.9503556141122,100.,-0.000369111954581225));
#1024=CARTESIAN_POINT('',(16.950355809083,103.,-0.000369111958796296));
#1025=CARTESIAN_POINT('',(16.95,0.,-2.07577632455476E-15));
#1026=CARTESIAN_POINT('Ctrl Pts',(16.9496075671731,150.,-0.000376068219397618));
#1027=CARTESIAN_POINT('Ctrl Pts',(16.9478738674139,149.074285714286,1.9714987129735));
#1028=CARTESIAN_POINT('Ctrl Pts',(16.6035814905029,148.148571428571,3.94396344834675));
#1029=CARTESIAN_POINT('Ctrl Pts',(15.9295072076094,147.222857142857,5.79642718309792));
#1030=CARTESIAN_POINT('Ctrl Pts',(14.9891319734495,145.931428571429,8.38072844268908));
#1031=CARTESIAN_POINT('Ctrl Pts',(13.406936108671,144.64,10.7314840877484));
#1032=CARTESIAN_POINT('Ctrl Pts',(11.3667587040712,143.348571428571,12.5755542434383));
#1033=CARTESIAN_POINT('Ctrl Pts',(9.32658129947133,142.057142857143,14.4196243991283));
#1034=CARTESIAN_POINT('Ctrl Pts',(6.8284223550502,140.765714285714,15.7570090654487));
#1035=CARTESIAN_POINT('Ctrl Pts',(4.16254888466677,139.474285714286,16.43231434549));
#1036=CARTESIAN_POINT('Ctrl Pts',(1.49667541428333,138.182857142857,17.1076196255313));
#1037=CARTESIAN_POINT('Ctrl Pts',(-1.33691258206242,136.891428571429,17.1208455192933));
#1038=CARTESIAN_POINT('Ctrl Pts',(-4.00897379326702,135.6,16.4704552788056));
#1039=CARTESIAN_POINT('Ctrl Pts',(-6.68103500447166,134.308571428571,15.8200650383179));
#1040=CARTESIAN_POINT('Ctrl Pts',(-9.19156943053516,133.017142857143,14.5060586635804));
#1041=CARTESIAN_POINT('Ctrl Pts',(-11.2488721210295,131.725714285714,12.6811136723461));
#1042=CARTESIAN_POINT('Ctrl Pts',(-13.3061748115237,130.434285714286,10.8561686811119));
#1043=CARTESIAN_POINT('Ctrl Pts',(-14.9102457664488,129.142857142857,8.52028507338095));
#1044=CARTESIAN_POINT('Ctrl Pts',(-15.8747041763915,127.851428571429,5.94487470669438));
#1045=CARTESIAN_POINT('Ctrl Pts',(-16.8391625863342,126.56,3.36946434000781));
#1046=CARTESIAN_POINT('Ctrl Pts',(-17.1640084512946,125.268571428571,0.554527214365601));
#1047=CARTESIAN_POINT('Ctrl Pts',(-16.8114971596268,123.977142857143,-2.17286244803919));
#1048=CARTESIAN_POINT('Ctrl Pts',(-16.458985867959,122.685714285714,-4.90025211044398));
#1049=CARTESIAN_POINT('Ctrl Pts',(-15.429117419663,121.394285714286,-7.54009430961137));
#1050=CARTESIAN_POINT('Ctrl Pts',(-13.8415546727897,120.102857142857,-9.78565951821389));
#1051=CARTESIAN_POINT('Ctrl Pts',(-12.2539919259164,118.811428571429,-12.0312247268164));
#1052=CARTESIAN_POINT('Ctrl Pts',(-10.1087348804658,117.52,-13.8825129448541));
#1053=CARTESIAN_POINT('Ctrl Pts',(-7.65504604150512,116.228571428571,-15.1244186026662));
#1054=CARTESIAN_POINT('Ctrl Pts',(-5.20135720254445,114.937142857143,-16.3663242604784));
#1055=CARTESIAN_POINT('Ctrl Pts',(-2.43923657007372,113.645714285714,-16.9988473580649));
#1056=CARTESIAN_POINT('Ctrl Pts',(0.310378507346092,112.354285714286,-16.9484935362531));
#1057=CARTESIAN_POINT('Ctrl Pts',(3.05999358476591,111.062857142857,-16.8981397144412));
#1058=CARTESIAN_POINT('Ctrl Pts',(5.79710310713481,109.771428571429,-16.1649089732309));
#1059=CARTESIAN_POINT('Ctrl Pts',(8.20367582610658,108.48,-14.8339971318049));
#1060=CARTESIAN_POINT('Ctrl Pts',(10.6102485450784,107.188571428571,-13.5030852903788));
#1061=CARTESIAN_POINT('Ctrl Pts',(12.686284460653,105.897142857143,-11.5744923487371));
#1062=CARTESIAN_POINT('Ctrl Pts',(14.1905640350478,104.605714285714,-9.27230609575892));
#1063=CARTESIAN_POINT('Ctrl Pts',(15.6948436094425,103.314285714286,-6.97011984278074));
#1064=CARTESIAN_POINT('Ctrl Pts',(16.6273668426572,102.022857142857,-4.29434027846609));
#1065=CARTESIAN_POINT('Ctrl Pts',(16.8797816481057,100.731428571429,-1.55587257784559));
#1066=CARTESIAN_POINT('Ctrl Pts',(16.9274351806978,100.487619047619,-1.03887572581102));
#1067=CARTESIAN_POINT('Ctrl Pts',(16.950848373229,100.24380952381,-0.519644551012903));
#1068=CARTESIAN_POINT('Ctrl Pts',(16.9503556141122,100.,-0.000369111954581225));
#1069=CARTESIAN_POINT('Ctrl Pts',(16.9503558090831,103.,-0.000369111958795701));
#1070=CARTESIAN_POINT('Ctrl Pts',(16.9508485682056,103.24380952381,-0.519644556990073));
#1071=CARTESIAN_POINT('Ctrl Pts',(16.8034186197898,104.779047619048,-3.78917839840451));
#1072=CARTESIAN_POINT('Ctrl Pts',(14.7623205460308,107.605714285714,-9.64589951804706));
#1073=CARTESIAN_POINT('Ctrl Pts',(8.53421272766825,111.48,-15.4316784095229));
#1074=CARTESIAN_POINT('Ctrl Pts',(0.322884066110969,115.354285714286,-17.6313706584558));
#1075=CARTESIAN_POINT('Ctrl Pts',(-7.96347792661482,119.228571428571,-15.7338013438693));
#1076=CARTESIAN_POINT('Ctrl Pts',(-14.3992491369939,123.102857142857,-10.1799366258731));
#1077=CARTESIAN_POINT('Ctrl Pts',(-17.4888545174199,126.977142857143,-2.2604099372769));
#1078=CARTESIAN_POINT('Ctrl Pts',(-16.5143169113293,130.851428571429,6.1844015367859));
#1079=CARTESIAN_POINT('Ctrl Pts',(-11.7021039912017,134.725714285714,13.192052440584));
#1080=CARTESIAN_POINT('Ctrl Pts',(-4.17050062637923,138.6,17.1340716101395));
#1081=CARTESIAN_POINT('Ctrl Pts',(4.33026346043779,142.474285714286,17.0943939283969));
#1082=CARTESIAN_POINT('Ctrl Pts',(11.8247403799061,146.348571428571,13.0822398832858));
#1083=CARTESIAN_POINT('Ctrl Pts',(16.1232725575534,149.857142857143,6.69567358829165));
#1084=CARTESIAN_POINT('Ctrl Pts',(16.9478740623563,152.074285714286,1.97149873565064));
#1085=CARTESIAN_POINT('Ctrl Pts',(16.9496077621354,153.,-0.000376068223663026));
#1086=CARTESIAN_POINT('Origin',(0.,0.,0.));
#1087=CARTESIAN_POINT('',(16.9510316455853,50.,-0.000230968970287293));
#1088=CARTESIAN_POINT('',(16.9510318404971,53.,-0.000230969019395833));
#1089=CARTESIAN_POINT('',(16.95,0.,-2.07577632455476E-15));
#1090=CARTESIAN_POINT('Ctrl Pts',(16.9503556141122,100.,-0.000369111954581225));
#1091=CARTESIAN_POINT('Ctrl Pts',(16.948238289782,98.9523809523809,2.230892540249));
#1092=CARTESIAN_POINT('Ctrl Pts',(16.5047421584732,97.9047619047619,4.46297144945406));
#1093=CARTESIAN_POINT('Ctrl Pts',(15.6463955176939,96.8571428571429,6.52212199136053));
#1094=CARTESIAN_POINT('Ctrl Pts',(14.5882882041513,95.5657142857143,9.0604930230198));
#1095=CARTESIAN_POINT('Ctrl Pts',(12.899767199384,94.2742857142858,11.336079249412));
#1096=CARTESIAN_POINT('Ctrl Pts',(10.7770257644405,92.9828571428572,13.0844749087868));
#1097=CARTESIAN_POINT('Ctrl Pts',(8.65428432949695,91.6914285714286,14.8328705681616));
#1098=CARTESIAN_POINT('Ctrl Pts',(6.09732246437722,90.4,16.0540756605189));
#1099=CARTESIAN_POINT('Ctrl Pts',(3.40323963376112,89.1085714285714,16.6061954692135));
#1100=CARTESIAN_POINT('Ctrl Pts',(0.709156803145026,87.8171428571429,17.158315277908));
#1101=CARTESIAN_POINT('Ctrl Pts',(-2.12204699296743,86.5257142857143,17.0413498029397));
#1102=CARTESIAN_POINT('Ctrl Pts',(-4.76140746929678,85.2342857142857,16.2688895403823));
#1103=CARTESIAN_POINT('Ctrl Pts',(-7.40076794562613,83.9428571428571,15.4964292778249));
#1104=CARTESIAN_POINT('Ctrl Pts',(-9.84828510217237,82.6514285714286,14.0684742276785));
#1105=CARTESIAN_POINT('Ctrl Pts',(-11.8195761146623,81.36,12.150941874445));
#1106=CARTESIAN_POINT('Ctrl Pts',(-13.7908671271522,80.0685714285714,10.2334095212114));
#1107=CARTESIAN_POINT('Ctrl Pts',(-15.2859319955859,78.7771428571428,7.82629986489072));
#1108=CARTESIAN_POINT('Ctrl Pts',(-16.1310555860664,77.4857142857143,5.20930068689969));
#1109=CARTESIAN_POINT('Ctrl Pts',(-16.976179176547,76.1942857142857,2.59230150890867));
#1110=CARTESIAN_POINT('Ctrl Pts',(-17.1713614890745,74.9028571428571,-0.234587190752655));
#1111=CARTESIAN_POINT('Ctrl Pts',(-16.6939238282902,73.6114285714286,-2.94290250885134));
#1112=CARTESIAN_POINT('Ctrl Pts',(-16.216486167506,72.32,-5.65121782695003));
#1113=CARTESIAN_POINT('Ctrl Pts',(-15.0664285334098,71.0285714285715,-8.24095976348608));
#1114=CARTESIAN_POINT('Ctrl Pts',(-13.3773788495098,69.7371428571429,-10.4112200580162));
#1115=CARTESIAN_POINT('Ctrl Pts',(-11.6883291656097,68.4457142857143,-12.5814803525464));
#1116=CARTESIAN_POINT('Ctrl Pts',(-9.46028743190565,67.1542857142857,-14.3322590050706));
#1117=CARTESIAN_POINT('Ctrl Pts',(-6.95213510521945,65.8628571428572,-15.4601288939093));
#1118=CARTESIAN_POINT('Ctrl Pts',(-4.44398277853325,64.5714285714286,-16.5879987827481));
#1119=CARTESIAN_POINT('Ctrl Pts',(-1.65571985886489,63.28,-17.0929599079014));
#1120=CARTESIAN_POINT('Ctrl Pts',(1.08867877604888,61.9885714285715,-16.9163396317203));
#1121=CARTESIAN_POINT('Ctrl Pts',(3.83307741096264,60.6971428571429,-16.7397193555392));
#1122=CARTESIAN_POINT('Ctrl Pts',(6.53361176112181,59.4057142857143,-15.8815176780237));
#1123=CARTESIAN_POINT('Ctrl Pts',(8.87650032319515,58.1142857142857,-14.4414511020184));
#1124=CARTESIAN_POINT('Ctrl Pts',(11.2193888852685,56.8228571428572,-13.001384526013));
#1125=CARTESIAN_POINT('Ctrl Pts',(13.204631659256,55.5314285714286,-10.9794530515178));
#1126=CARTESIAN_POINT('Ctrl Pts',(14.6015586012277,54.24,-8.61058966300853));
#1127=CARTESIAN_POINT('Ctrl Pts',(15.9984855431994,52.9485714285714,-6.2417262744993));
#1128=CARTESIAN_POINT('Ctrl Pts',(16.8070966531554,51.6571428571429,-3.52593097197609));
#1129=CARTESIAN_POINT('Ctrl Pts',(16.9334374385069,50.3657142857143,-0.778758517564123));
#1130=CARTESIAN_POINT('Ctrl Pts',(16.9453634123454,50.2438095238095,-0.519438403873305));
#1131=CARTESIAN_POINT('Ctrl Pts',(16.9512100376541,50.1219047619048,-0.259838705045443));
#1132=CARTESIAN_POINT('Ctrl Pts',(16.9510316455853,50.,-0.000230968970287293));
#1133=CARTESIAN_POINT('Ctrl Pts',(16.9510318404972,53.,-0.000230969019395927));
#1134=CARTESIAN_POINT('Ctrl Pts',(16.9512102325525,53.1219047619048,-0.259838708089894));
#1135=CARTESIAN_POINT('Ctrl Pts',(16.8834259194449,54.5352380952381,-3.26957275108623));
#1136=CARTESIAN_POINT('Ctrl Pts',(15.1898746081765,57.24,-8.95752167991784));
#1137=CARTESIAN_POINT('Ctrl Pts',(9.23414621739263,61.1142857142858,-15.0233161733837));
#1138=CARTESIAN_POINT('Ctrl Pts',(1.13254307388128,64.9885714285714,-17.5979212354387));
#1139=CARTESIAN_POINT('Ctrl Pts',(-7.23224578141506,68.8628571428572,-16.0830378426072));
#1140=CARTESIAN_POINT('Ctrl Pts',(-13.9163710593742,72.7371428571429,-10.830701824593));
#1141=CARTESIAN_POINT('Ctrl Pts',(-17.3665440013661,76.6114285714286,-3.06147592563295));
#1142=CARTESIAN_POINT('Ctrl Pts',(-16.7809970570395,80.4857142857143,5.4191902709063));
#1143=CARTESIAN_POINT('Ctrl Pts',(-12.2958024001521,84.3600000000001,12.6405193229282));
#1144=CARTESIAN_POINT('Ctrl Pts',(-4.95325084605379,88.2342857142856,16.924384522644));
#1145=CARTESIAN_POINT('Ctrl Pts',(3.54036063998003,92.1085714285715,17.2752809515844));
#1146=CARTESIAN_POINT('Ctrl Pts',(11.2112463235738,95.9828571428571,13.611665632372));
#1147=CARTESIAN_POINT('Ctrl Pts',(15.9580325656166,99.6133333333333,7.21451607869521));
#1148=CARTESIAN_POINT('Ctrl Pts',(16.9482384847285,101.952380952381,2.23089256590978));
#1149=CARTESIAN_POINT('Ctrl Pts',(16.9503558090831,103.,-0.000369111958795701));
#1150=CARTESIAN_POINT('Origin',(0.,-49.1047809382879,0.));
#1151=CARTESIAN_POINT('',(-2.5,-49.1047809382879,-5.45435605731786));
#1152=CARTESIAN_POINT('Ctrl Pts',(-2.5,-49.1047809382879,-5.45435605731786));
#1153=CARTESIAN_POINT('Ctrl Pts',(-2.5,-49.4231412238378,-5.45435605731786));
#1154=CARTESIAN_POINT('Ctrl Pts',(-2.43557727551164,-49.7595975560526,-5.48518231057014));
#1155=CARTESIAN_POINT('Ctrl Pts',(-2.17935681191677,-50.3741221541476,-5.59192847558339));
#1156=CARTESIAN_POINT('Ctrl Pts',(-1.98771543060865,-50.652599413612,-5.66585944985565));
#1157=CARTESIAN_POINT('Ctrl Pts',(-1.54808426054527,-51.0922305836754,-5.80140354622989));
#1158=CARTESIAN_POINT('Ctrl Pts',(-1.269507948667,-51.2840726203353,-5.87242494443449));
#1159=CARTESIAN_POINT('Ctrl Pts',(-0.654591023190895,-51.5404478851445,
-5.97231410488591));
#1160=CARTESIAN_POINT('Ctrl Pts',(-0.317975579732349,-51.6047809382879,
-6.));
#1161=CARTESIAN_POINT('Ctrl Pts',(0.317975579732348,-51.6047809382879,-6.));
#1162=CARTESIAN_POINT('Ctrl Pts',(0.654591023190897,-51.5404478851445,-5.97231410488591));
#1163=CARTESIAN_POINT('Ctrl Pts',(1.269507948667,-51.2840726203353,-5.87242494443449));
#1164=CARTESIAN_POINT('Ctrl Pts',(1.54808426054527,-51.0922305836754,-5.80140354622989));
#1165=CARTESIAN_POINT('Ctrl Pts',(1.98771543060865,-50.652599413612,-5.66585944985565));
#1166=CARTESIAN_POINT('Ctrl Pts',(2.17935681191677,-50.3741221541476,-5.59192847558339));
#1167=CARTESIAN_POINT('Ctrl Pts',(2.43557727551164,-49.7595975560526,-5.48518231057014));
#1168=CARTESIAN_POINT('Ctrl Pts',(2.5,-49.4231412238378,-5.45435605731786));
#1169=CARTESIAN_POINT('Ctrl Pts',(2.5,-48.786420652738,-5.45435605731786));
#1170=CARTESIAN_POINT('Ctrl Pts',(2.43557727551163,-48.4499643205231,-5.48518231057015));
#1171=CARTESIAN_POINT('Ctrl Pts',(2.17935681191676,-47.8354397224282,-5.59192847558339));
#1172=CARTESIAN_POINT('Ctrl Pts',(1.98771543060865,-47.5569624629638,-5.66585944985565));
#1173=CARTESIAN_POINT('Ctrl Pts',(1.54808426054527,-47.1173312929004,-5.80140354622989));
#1174=CARTESIAN_POINT('Ctrl Pts',(1.269507948667,-46.9254892562405,-5.87242494443449));
#1175=CARTESIAN_POINT('Ctrl Pts',(0.654591023190899,-46.6691139914313,-5.97231410488591));
#1176=CARTESIAN_POINT('Ctrl Pts',(0.317975579732349,-46.6047809382879,-6.));
#1177=CARTESIAN_POINT('Ctrl Pts',(-0.317975579732348,-46.6047809382879,
-6.));
#1178=CARTESIAN_POINT('Ctrl Pts',(-0.654591023190898,-46.6691139914313,
-5.97231410488591));
#1179=CARTESIAN_POINT('Ctrl Pts',(-1.269507948667,-46.9254892562405,-5.87242494443449));
#1180=CARTESIAN_POINT('Ctrl Pts',(-1.54808426054526,-47.1173312929004,-5.80140354622989));
#1181=CARTESIAN_POINT('Ctrl Pts',(-1.98771543060865,-47.5569624629638,-5.66585944985565));
#1182=CARTESIAN_POINT('Ctrl Pts',(-2.17935681191677,-47.8354397224282,-5.59192847558339));
#1183=CARTESIAN_POINT('Ctrl Pts',(-2.43557727551164,-48.4499643205232,-5.48518231057014));
#1184=CARTESIAN_POINT('Ctrl Pts',(-2.5,-48.786420652738,-5.45435605731786));
#1185=CARTESIAN_POINT('Ctrl Pts',(-2.5,-49.1047809382879,-5.45435605731786));
#1186=CARTESIAN_POINT('',(-2.5,-49.1047809382879,5.45435605731786));
#1187=CARTESIAN_POINT('',(-2.5,-49.1047809382879,0.));
#1188=CARTESIAN_POINT('Ctrl Pts',(-2.5,-49.1047809382879,5.45435605731786));
#1189=CARTESIAN_POINT('Ctrl Pts',(-2.5,-48.786420652738,5.45435605731786));
#1190=CARTESIAN_POINT('Ctrl Pts',(-2.43557727551164,-48.4499643205232,5.48518231057014));
#1191=CARTESIAN_POINT('Ctrl Pts',(-2.17935681191677,-47.8354397224282,5.59192847558339));
#1192=CARTESIAN_POINT('Ctrl Pts',(-1.98771543060865,-47.5569624629638,5.66585944985565));
#1193=CARTESIAN_POINT('Ctrl Pts',(-1.54808426054526,-47.1173312929004,5.80140354622989));
#1194=CARTESIAN_POINT('Ctrl Pts',(-1.269507948667,-46.9254892562405,5.87242494443449));
#1195=CARTESIAN_POINT('Ctrl Pts',(-0.654591023190897,-46.6691139914313,
5.97231410488591));
#1196=CARTESIAN_POINT('Ctrl Pts',(-0.317975579732348,-46.6047809382879,
6.));
#1197=CARTESIAN_POINT('Ctrl Pts',(0.317975579732349,-46.6047809382879,6.));
#1198=CARTESIAN_POINT('Ctrl Pts',(0.654591023190898,-46.6691139914313,5.97231410488591));
#1199=CARTESIAN_POINT('Ctrl Pts',(1.269507948667,-46.9254892562405,5.87242494443449));
#1200=CARTESIAN_POINT('Ctrl Pts',(1.54808426054527,-47.1173312929004,5.80140354622989));
#1201=CARTESIAN_POINT('Ctrl Pts',(1.98771543060865,-47.5569624629638,5.66585944985565));
#1202=CARTESIAN_POINT('Ctrl Pts',(2.17935681191676,-47.8354397224282,5.59192847558339));
#1203=CARTESIAN_POINT('Ctrl Pts',(2.43557727551163,-48.4499643205231,5.48518231057015));
#1204=CARTESIAN_POINT('Ctrl Pts',(2.5,-48.786420652738,5.45435605731786));
#1205=CARTESIAN_POINT('Ctrl Pts',(2.5,-49.4231412238378,5.45435605731786));
#1206=CARTESIAN_POINT('Ctrl Pts',(2.43557727551164,-49.7595975560526,5.48518231057014));
#1207=CARTESIAN_POINT('Ctrl Pts',(2.17935681191677,-50.3741221541476,5.59192847558339));
#1208=CARTESIAN_POINT('Ctrl Pts',(1.98771543060865,-50.652599413612,5.66585944985565));
#1209=CARTESIAN_POINT('Ctrl Pts',(1.54808426054527,-51.0922305836754,5.80140354622989));
#1210=CARTESIAN_POINT('Ctrl Pts',(1.269507948667,-51.2840726203353,5.87242494443449));
#1211=CARTESIAN_POINT('Ctrl Pts',(0.654591023190897,-51.5404478851445,5.97231410488591));
#1212=CARTESIAN_POINT('Ctrl Pts',(0.317975579732348,-51.6047809382879,6.));
#1213=CARTESIAN_POINT('Ctrl Pts',(-0.317975579732349,-51.6047809382879,
6.));
#1214=CARTESIAN_POINT('Ctrl Pts',(-0.654591023190898,-51.5404478851445,
5.97231410488591));
#1215=CARTESIAN_POINT('Ctrl Pts',(-1.269507948667,-51.2840726203353,5.87242494443449));
#1216=CARTESIAN_POINT('Ctrl Pts',(-1.54808426054527,-51.0922305836754,5.80140354622989));
#1217=CARTESIAN_POINT('Ctrl Pts',(-1.98771543060865,-50.652599413612,5.66585944985565));
#1218=CARTESIAN_POINT('Ctrl Pts',(-2.17935681191677,-50.3741221541476,5.59192847558339));
#1219=CARTESIAN_POINT('Ctrl Pts',(-2.43557727551164,-49.7595975560526,5.48518231057014));
#1220=CARTESIAN_POINT('Ctrl Pts',(-2.5,-49.4231412238378,5.45435605731786));
#1221=CARTESIAN_POINT('Ctrl Pts',(-2.5,-49.1047809382879,5.45435605731786));
#1222=CARTESIAN_POINT('Origin',(0.,0.,0.));
#1223=CARTESIAN_POINT('',(-6.,-60.,-7.34788079488412E-16));
#1224=CARTESIAN_POINT('Origin',(0.,-60.,0.));
#1225=CARTESIAN_POINT('',(-6.,0.,-7.34788079488412E-16));
#1226=CARTESIAN_POINT('',(-6.,0.,-7.34788079488412E-16));
#1227=CARTESIAN_POINT('Origin',(0.,0.,0.));
#1228=CARTESIAN_POINT('Origin',(0.,-60.,0.));
#1229=CARTESIAN_POINT('Origin',(0.,0.,0.));
#1230=CARTESIAN_POINT('',(16.95,3.,0.));
#1231=CARTESIAN_POINT('Ctrl Pts',(16.95,3.,0.));
#1232=CARTESIAN_POINT('Ctrl Pts',(16.95,4.29142857142857,-2.75074262356719));
#1233=CARTESIAN_POINT('Ctrl Pts',(15.5855927247892,6.87428571428572,-8.24973782475065));
#1234=CARTESIAN_POINT('Ctrl Pts',(9.9143755507442,10.7485714285714,-14.583464262732));
#1235=CARTESIAN_POINT('Ctrl Pts',(1.93989222022751,14.6228571428571,-17.5272011836209));
#1236=CARTESIAN_POINT('Ctrl Pts',(-6.48578212255488,18.4971428571429,-16.3983639261185));
#1237=CARTESIAN_POINT('Ctrl Pts',(-13.4040872992705,22.3714285714286,-11.4585717415246));
#1238=CARTESIAN_POINT('Ctrl Pts',(-17.2075699012004,26.2457142857143,-3.8560885496039));
#1239=CARTESIAN_POINT('Ctrl Pts',(-17.012236991235,30.12,4.64254084262332));
#1240=CARTESIAN_POINT('Ctrl Pts',(-12.8635380442656,33.9942857142857,12.0622909848456));
#1241=CARTESIAN_POINT('Ctrl Pts',(-5.72554047677649,37.8685714285715,16.678959830916));
#1242=CARTESIAN_POINT('Ctrl Pts',(2.74298128850651,41.7428571428571,17.4196876250808));
#1243=CARTESIAN_POINT('Ctrl Pts',(10.5740779621041,45.6171428571429,14.1123482298716));
#1244=CARTESIAN_POINT('Ctrl Pts',(15.778830909061,49.3695238095238,7.73276861489241));
#1245=CARTESIAN_POINT('Ctrl Pts',(16.9493203917159,51.8304761904762,2.49038077768784));
#1246=CARTESIAN_POINT('Ctrl Pts',(16.9510318404972,53.,-0.000230969019395927));
#1247=CARTESIAN_POINT('',(16.95,0.,2.07577632455476E-15));
#1248=CARTESIAN_POINT('',(16.95,0.,0.));
#1249=CARTESIAN_POINT('Ctrl Pts',(16.9510316455853,50.,-0.000230968970287293));
#1250=CARTESIAN_POINT('Ctrl Pts',(16.9493201966752,48.8304761904762,2.4903807490006));
#1251=CARTESIAN_POINT('Ctrl Pts',(16.3930659129895,47.6609523809524,4.98173221552638));
#1252=CARTESIAN_POINT('Ctrl Pts',(15.3302436977976,46.4914285714286,7.23404416615072));
#1253=CARTESIAN_POINT('Ctrl Pts',(14.1566387109897,45.2,9.72112478915285));
#1254=CARTESIAN_POINT('Ctrl Pts',(12.3653582766266,43.9085714285714,11.9167364288564));
#1255=CARTESIAN_POINT('Ctrl Pts',(10.1645352946231,42.6171428571429,13.5657654744105));
#1256=CARTESIAN_POINT('Ctrl Pts',(7.96371231261959,41.3257142857143,15.2147945199646));
#1257=CARTESIAN_POINT('Ctrl Pts',(5.3533467829756,40.0342857142857,16.3172409713692));
#1258=CARTESIAN_POINT('Ctrl Pts',(2.63674374200141,38.7428571428571,16.7450095670624));
#1259=CARTESIAN_POINT('Ctrl Pts',(-0.0798592989727753,37.4514285714286,
17.1727781627556));
#1260=CARTESIAN_POINT('Ctrl Pts',(-2.90269985127717,36.16,16.9258689027374));
#1261=CARTESIAN_POINT('Ctrl Pts',(-5.50378637868022,34.8685714285714,16.0329694721627));
#1262=CARTESIAN_POINT('Ctrl Pts',(-8.10487290608329,33.5771428571429,15.140070041588));
#1263=CARTESIAN_POINT('Ctrl Pts',(-10.484205408585,32.2857142857143,13.6011804404569));
#1264=CARTESIAN_POINT('Ctrl Pts',(-12.3653214689258,30.9942857142857,11.5951106335933));
#1265=CARTESIAN_POINT('Ctrl Pts',(-14.2464375292666,29.7028571428571,9.58904082672976));
#1266=CARTESIAN_POINT('Ctrl Pts',(-15.6293371474465,28.4114285714286,7.11579081413367));
#1267=CARTESIAN_POINT('Ctrl Pts',(-16.3533424559987,27.12,4.46272758642365));
#1268=CARTESIAN_POINT('Ctrl Pts',(-17.0773477645509,25.8285714285714,1.80966435871364));
#1269=CARTESIAN_POINT('Ctrl Pts',(-17.1424587634754,24.5371428571429,-1.0232120841103));
#1270=CARTESIAN_POINT('Ctrl Pts',(-16.5411004727667,23.2457142857143,-3.70673081314934));
#1271=CARTESIAN_POINT('Ctrl Pts',(-15.9397421820579,21.9542857142857,-6.39024954218838));
#1272=CARTESIAN_POINT('Ctrl Pts',(-14.6719146017159,20.6628571428571,-8.92441055744251));
#1273=CARTESIAN_POINT('Ctrl Pts',(-12.8849500187707,19.3714285714286,-11.0147897687082));
#1274=CARTESIAN_POINT('Ctrl Pts',(-11.0979854358256,18.08,-13.1051689799739));
#1275=CARTESIAN_POINT('Ctrl Pts',(-8.79188385027744,16.7885714285714,-14.7517663872512));
#1276=CARTESIAN_POINT('Ctrl Pts',(-6.23455388234442,15.4971428571429,-15.7632046074106));
#1277=CARTESIAN_POINT('Ctrl Pts',(-3.67722391441139,14.2057142857143,-16.7746428275701));
#1278=CARTESIAN_POINT('Ctrl Pts',(-0.868665564093526,12.9142857142857,-17.1509218606116));
#1279=CARTESIAN_POINT('Ctrl Pts',(1.86469398586747,11.6228571428571,-16.8484385869872));
#1280=CARTESIAN_POINT('Ctrl Pts',(4.59805353582846,10.3314285714286,-16.5459553133629));
#1281=CARTESIAN_POINT('Ctrl Pts',(7.25621428543259,9.04,-15.5647097330725));
#1282=CARTESIAN_POINT('Ctrl Pts',(9.53049826367235,7.74857142857143,-14.0184658509931));
#1283=CARTESIAN_POINT('Ctrl Pts',(11.8047822419121,6.45714285714286,-12.4722219689137));
#1284=CARTESIAN_POINT('Ctrl Pts',(13.6951894487875,5.16571428571429,-10.3609797850453));
#1285=CARTESIAN_POINT('Ctrl Pts',(14.9814938883095,3.87428571428572,-7.9306099487087));
#1286=CARTESIAN_POINT('Ctrl Pts',(16.2677983278314,2.58285714285714,-5.50024011237206));
#1287=CARTESIAN_POINT('Ctrl Pts',(16.95,1.29142857142857,-2.75074262356718));
#1288=CARTESIAN_POINT('Ctrl Pts',(16.95,5.02105187650414E-16,0.));
#1289=CARTESIAN_POINT('Ctrl Pts',(12.5,3.,0.));
#1290=CARTESIAN_POINT('Ctrl Pts',(12.5,4.29142857142857,-2.02857125631798));
#1291=CARTESIAN_POINT('Ctrl Pts',(11.4937999445348,6.87428571428571,-6.08387745188101));
#1292=CARTESIAN_POINT('Ctrl Pts',(7.31148639435412,10.7485714285714,-10.7547671554071));
#1293=CARTESIAN_POINT('Ctrl Pts',(1.43059898246866,14.6228571428571,-12.9256645896909));
#1294=CARTESIAN_POINT('Ctrl Pts',(-4.78302516412601,18.4971428571429,-12.0931887360755));
#1295=CARTESIAN_POINT('Ctrl Pts',(-9.88502013220539,22.3714285714286,-8.4502741456671));
#1296=CARTESIAN_POINT('Ctrl Pts',(-12.6899483047201,26.2457142857143,-2.84372311917691));
#1297=CARTESIAN_POINT('Ctrl Pts',(-12.5458974861615,30.12,3.42370268630038));
#1298=CARTESIAN_POINT('Ctrl Pts',(-9.48638498839643,33.9942857142857,8.89549482658229));
#1299=CARTESIAN_POINT('Ctrl Pts',(-4.22237498287351,37.8685714285715,12.300117869407));
#1300=CARTESIAN_POINT('Ctrl Pts',(2.02284755789565,41.7428571428571,12.8463773046318));
#1301=CARTESIAN_POINT('Ctrl Pts',(7.7979925974219,45.6171428571429,10.4073364527077));
#1302=CARTESIAN_POINT('Ctrl Pts',(11.7610024555109,49.4914285714286,5.54978852252044));
#1303=CARTESIAN_POINT('Ctrl Pts',(12.9909350776572,53.3657142857143,-0.597445191034057));
#1304=CARTESIAN_POINT('Ctrl Pts',(11.2019724249089,57.24,-6.60584194684205));
#1305=CARTESIAN_POINT('Ctrl Pts',(6.80984234320989,61.1142857142858,-11.0791417207844));
#1306=CARTESIAN_POINT('Ctrl Pts',(0.835208756549611,64.9885714285714,-12.977818020235));
#1307=CARTESIAN_POINT('Ctrl Pts',(-5.3335145880642,68.8628571428572,-11.860647376554));
#1308=CARTESIAN_POINT('Ctrl Pts',(-10.2628105157627,72.7371428571429,-7.98724323347565));
#1309=CARTESIAN_POINT('Ctrl Pts',(-12.8071858417154,76.6114285714286,-2.25772560887386));
#1310=CARTESIAN_POINT('Ctrl Pts',(-12.3753665612385,80.4857142857143,3.99645300214329));
#1311=CARTESIAN_POINT('Ctrl Pts',(-9.06770088506789,84.3600000000001,9.32191690481431));
#1312=CARTESIAN_POINT('Ctrl Pts',(-3.65283985697182,88.2342857142856,12.4811095299735));
#1313=CARTESIAN_POINT('Ctrl Pts',(2.61088542771388,92.1085714285715,12.7398827076581));
#1314=CARTESIAN_POINT('Ctrl Pts',(8.26788076959721,95.9828571428571,10.0381014987994));
#1315=CARTESIAN_POINT('Ctrl Pts',(12.0035467523171,99.8571428571428,5.00361863913769));
#1316=CARTESIAN_POINT('Ctrl Pts',(12.9497715913378,103.731428571429,-1.19362885897407));
#1317=CARTESIAN_POINT('Ctrl Pts',(10.8866670693442,107.605714285714,-7.1134952197987));
#1318=CARTESIAN_POINT('Ctrl Pts',(6.29366720329516,111.48,-11.3802938123325));
#1319=CARTESIAN_POINT('Ctrl Pts',(0.238115093002191,115.354285714286,-13.0024857363243));
#1320=CARTESIAN_POINT('Ctrl Pts',(-5.87277133231181,119.228571428571,-11.6030983361868));
#1321=CARTESIAN_POINT('Ctrl Pts',(-10.6189152927684,123.102857142857,-7.50732789518667));
#1322=CARTESIAN_POINT('Ctrl Pts',(-12.8973853373303,126.977142857143,-1.6669689802927));
#1323=CARTESIAN_POINT('Ctrl Pts',(-12.178699787116,130.851428571429,4.56076809497485));
#1324=CARTESIAN_POINT('Ctrl Pts',(-8.6298702000012,134.725714285714,9.72865224231859));
#1325=CARTESIAN_POINT('Ctrl Pts',(-3.07559043243306,138.6,12.6357460251766));
#1326=CARTESIAN_POINT('Ctrl Pts',(3.19340963159128,142.474285714286,12.6064851979328));
#1327=CARTESIAN_POINT('Ctrl Pts',(8.72031001468004,146.348571428571,9.64766953044674));
#1328=CARTESIAN_POINT('Ctrl Pts',(12.2207433840997,150.222857142857,4.44688264527234));
#1329=CARTESIAN_POINT('Ctrl Pts',(12.8812624260808,154.097142857143,-1.78729192670811));
#1330=CARTESIAN_POINT('Ctrl Pts',(10.5483725918955,157.971428571429,-7.60612712116958));
#1331=CARTESIAN_POINT('Ctrl Pts',(5.76420188932488,161.845714285714,-11.6574144088617));
#1332=CARTESIAN_POINT('Ctrl Pts',(-0.359481395845558,165.72,-12.9996964290282));
#1333=CARTESIAN_POINT('Ctrl Pts',(-6.39962668873606,169.594285714286,-11.3210473175259));
#1334=CARTESIAN_POINT('Ctrl Pts',(-10.9525963694362,173.468571428571,-7.0115595190377));
#1335=CARTESIAN_POINT('Ctrl Pts',(-12.9603497425483,177.342857142857,-1.07269225401238));
#1336=CARTESIAN_POINT('Ctrl Pts',(-11.9563155536464,181.217142857143,5.11545232624712));
#1337=CARTESIAN_POINT('Ctrl Pts',(-8.1738160311484,185.091428571429,10.1148438253131));
#1338=CARTESIAN_POINT('Ctrl Pts',(-2.49184635953115,188.965714285714,12.7636999275433));
#1339=CARTESIAN_POINT('Ctrl Pts',(3.76919039112803,192.84,12.4464668848936));
#1340=CARTESIAN_POINT('Ctrl Pts',(9.15432479675898,196.714285714286,9.23686481652754));
#1341=CARTESIAN_POINT('Ctrl Pts',(12.412133773404,200.588571428571,3.88075627942834));
#1342=CARTESIAN_POINT('Ctrl Pts',(12.7855522183064,204.462857142857,-2.37718081477021));
#1343=CARTESIAN_POINT('Ctrl Pts',(10.1878033741358,208.337142857143,-8.08269735063717));
#1344=CARTESIAN_POINT('Ctrl Pts',(5.22256445785065,212.211428571429,-11.9099183337649));
#1345=CARTESIAN_POINT('Ctrl Pts',(-0.956318787834775,216.085714285714,-12.9694559787461));
#1346=CARTESIAN_POINT('Ctrl Pts',(-6.91296808794864,219.96,-11.0150899338172));
#1347=CARTESIAN_POINT('Ctrl Pts',(-11.2631491690134,223.834285714286,-6.50098498265816));
#1348=CARTESIAN_POINT('Ctrl Pts',(-12.9959459909835,227.708571428571,-0.476150399215122));
#1349=CARTESIAN_POINT('Ctrl Pts',(-11.7086836897249,231.582857142857,5.65933448766502));
#1350=CARTESIAN_POINT('Ctrl Pts',(-7.70050093771431,235.457142857143,10.4796759207385));
#1351=CARTESIAN_POINT('Ctrl Pts',(-1.90284133320149,239.331428571429,12.8647015106439));
#1352=CARTESIAN_POINT('Ctrl Pts',(4.33701400311272,243.205714285714,12.260164676489));
#1353=CARTESIAN_POINT('Ctrl Pts',(9.56900403715894,247.08,8.80655696366574));
#1354=CARTESIAN_POINT('Ctrl Pts',(12.577323497739,250.954285714286,3.30643052070231));
#1355=CARTESIAN_POINT('Ctrl Pts',(12.6628224907463,254.828571428571,-2.96204029663416));
#1356=CARTESIAN_POINT('Ctrl Pts',(9.80576497764761,258.702857142857,-8.54221966061204));
#1357=CARTESIAN_POINT('Ctrl Pts',(4.66980803060421,262.577142857143,-12.1372283282113));
#1358=CARTESIAN_POINT('Ctrl Pts',(-1.55092317153177,266.451428571429,-12.9119126072729));
#1359=CARTESIAN_POINT('Ctrl Pts',(-7.41203511473881,270.325714285714,-10.6856322916509));
#1360=CARTESIAN_POINT('Ctrl Pts',(-10.16941511493,272.908571428571,-7.54639632952004));
#1361=CARTESIAN_POINT('Ctrl Pts',(-11.1017056101693,274.2,-5.74474825776856));
#1362=CARTESIAN_POINT('Ctrl Pts',(13.9833333333333,3.,0.));
#1363=CARTESIAN_POINT('Ctrl Pts',(13.9833333333333,4.29142857142857,-2.26929504540105));
#1364=CARTESIAN_POINT('Ctrl Pts',(12.8577308712863,6.87428571428572,-6.80583090950423));
#1365=CARTESIAN_POINT('Ctrl Pts',(8.17911611315082,10.7485714285714,-12.0309995245154));
#1366=CARTESIAN_POINT('Ctrl Pts',(1.60036339505495,14.6228571428571,-14.4595101210009));
#1367=CARTESIAN_POINT('Ctrl Pts',(-5.35061081693563,18.4971428571428,-13.5282471327565));
#1368=CARTESIAN_POINT('Ctrl Pts',(-11.0580425212271,22.3714285714286,-9.45304001095294));
#1369=CARTESIAN_POINT('Ctrl Pts',(-14.1958221702135,26.2457142857143,-3.18117826265257));
#1370=CARTESIAN_POINT('Ctrl Pts',(-14.034677321186,30.12,3.82998207174135));
#1371=CARTESIAN_POINT('Ctrl Pts',(-10.6121026736861,33.9942857142857,9.9510935460034));
#1372=CARTESIAN_POINT('Ctrl Pts',(-4.72343014750784,37.8685714285714,13.7597318565767));
#1373=CARTESIAN_POINT('Ctrl Pts',(2.26289213476594,41.7428571428571,14.3708140781148));
#1374=CARTESIAN_POINT('Ctrl Pts',(8.7233543856493,45.6171428571429,11.642340378429));
#1375=CARTESIAN_POINT('Ctrl Pts',(13.1566414135648,49.4914285714286,6.20836342719287));
#1376=CARTESIAN_POINT('Ctrl Pts',(14.5325260402059,53.3657142857143,-0.668342020370101));
#1377=CARTESIAN_POINT('Ctrl Pts',(12.5312731526647,57.24,-7.38973519120064));
#1378=CARTESIAN_POINT('Ctrl Pts',(7.61794363460414,61.1142857142857,-12.3938665383175));
#1379=CARTESIAN_POINT('Ctrl Pts',(0.934320195660163,64.9885714285714,-14.5178524253029));
#1380=CARTESIAN_POINT('Ctrl Pts',(-5.96642498584782,68.8628571428572,-13.2681108652384));
#1381=CARTESIAN_POINT('Ctrl Pts',(-11.4806640302999,72.7371428571429,-8.9350627638481));
#1382=CARTESIAN_POINT('Ctrl Pts',(-14.3269718949323,76.6114285714286,-2.52564238112688));
#1383=CARTESIAN_POINT('Ctrl Pts',(-13.8439100598388,80.4857142857143,4.47069875839762));
#1384=CARTESIAN_POINT('Ctrl Pts',(-10.1437347234293,84.3600000000001,10.4281177108523));
#1385=CARTESIAN_POINT('Ctrl Pts',(-4.08631018666581,88.2342857142856,13.962201194197));
#1386=CARTESIAN_POINT('Ctrl Pts',(2.92071049846927,92.1085714285715,14.2516821223002));
#1387=CARTESIAN_POINT('Ctrl Pts',(9.24900262092275,95.9828571428571,11.2292895433236));
#1388=CARTESIAN_POINT('Ctrl Pts',(13.4279676335921,99.8571428571428,5.59738138431536));
#1389=CARTESIAN_POINT('Ctrl Pts',(14.4864778201766,103.731428571429,-1.33527281690565));
#1390=CARTESIAN_POINT('Ctrl Pts',(12.178551561573,107.605714285714,-7.95762998588149));
#1391=CARTESIAN_POINT('Ctrl Pts',(7.04051571141953,111.48,-12.7307553447293));
#1392=CARTESIAN_POINT('Ctrl Pts',(0.266371417371782,115.354285714286,-14.5454473770348));
#1393=CARTESIAN_POINT('Ctrl Pts',(-6.56967353041281,119.228571428571,-12.9799993387476));
#1394=CARTESIAN_POINT('Ctrl Pts',(-11.8790265741769,123.102857142857,-8.39819747208216));
#1395=CARTESIAN_POINT('Ctrl Pts',(-14.4278750640268,126.977142857143,-1.86478263262076));
#1396=CARTESIAN_POINT('Ctrl Pts',(-13.6239054951871,130.851428571429,5.10197924224519));
#1397=CARTESIAN_POINT('Ctrl Pts',(-9.65394813040135,134.725714285714,10.8831189750737));
#1398=CARTESIAN_POINT('Ctrl Pts',(-3.44056049708179,138.6,14.1351878868309));
#1399=CARTESIAN_POINT('Ctrl Pts',(3.57236090787345,142.474285714286,14.1024547747542));
#1400=CARTESIAN_POINT('Ctrl Pts',(9.75512013642208,146.348571428571,10.7925263147264));
#1401=CARTESIAN_POINT('Ctrl Pts',(13.6709382656795,150.222857142857,4.97457938584466));
#1402=CARTESIAN_POINT('Ctrl Pts',(14.4098389006424,154.097142857143,-1.99938390201081));
#1403=CARTESIAN_POINT('Ctrl Pts',(11.8001128061338,157.971428571429,-8.5087208728817));
#1404=CARTESIAN_POINT('Ctrl Pts',(6.44822051352477,161.845714285714,-13.0407609187133));
#1405=CARTESIAN_POINT('Ctrl Pts',(-0.40213985481923,165.72,-14.5423270719395));
#1406=CARTESIAN_POINT('Ctrl Pts',(-7.1590490557994,169.594285714286,-12.6644782658723));
#1407=CARTESIAN_POINT('Ctrl Pts',(-12.2523044719427,173.468571428571,-7.84359791529685));
#1408=CARTESIAN_POINT('Ctrl Pts',(-14.4983112453307,177.342857142857,-1.19998506815518));
#1409=CARTESIAN_POINT('Ctrl Pts',(-13.3751316660125,181.217142857143,5.72248600229511));
#1410=CARTESIAN_POINT('Ctrl Pts',(-9.14377553351135,185.091428571429,11.315138625917));
#1411=CARTESIAN_POINT('Ctrl Pts',(-2.78754546086218,188.965714285714,14.2783256522784));
#1412=CARTESIAN_POINT('Ctrl Pts',(4.21646765087523,192.84,13.9234476219009));
#1413=CARTESIAN_POINT('Ctrl Pts',(10.2406380059744,196.714285714286,10.3329727747555));
#1414=CARTESIAN_POINT('Ctrl Pts',(13.8850403145146,200.588571428571,4.34127269125384));
#1415=CARTESIAN_POINT('Ctrl Pts',(14.3027710815454,204.462857142857,-2.65927293812295));
#1416=CARTESIAN_POINT('Ctrl Pts',(11.3967560411999,208.337142857143,-9.04184410291278));
#1417=CARTESIAN_POINT('Ctrl Pts',(5.8423087735156,212.211428571429,-13.323228642705));
#1418=CARTESIAN_POINT('Ctrl Pts',(-1.06980195065784,216.085714285714,-14.508498088224));
#1419=CARTESIAN_POINT('Ctrl Pts',(-7.73330696771855,219.96,-12.3222139392969));
#1420=CARTESIAN_POINT('Ctrl Pts',(-12.5997095370697,223.834285714286,-7.27243520060027));
#1421=CARTESIAN_POINT('Ctrl Pts',(-14.5381315819135,227.708571428571,-0.532653579921987));
#1422=CARTESIAN_POINT('Ctrl Pts',(-13.0981141542389,231.582857142857,6.33090884686794));
#1423=CARTESIAN_POINT('Ctrl Pts',(-8.61429371565642,235.457142857143,11.7232641299994));
#1424=CARTESIAN_POINT('Ctrl Pts',(-2.12864517140806,239.331428571429,14.3913127565736));
#1425=CARTESIAN_POINT('Ctrl Pts',(4.85167299814876,243.205714285714,13.7150375514324));
#1426=CARTESIAN_POINT('Ctrl Pts',(10.7045258495685,247.08,9.85160172335409));
#1427=CARTESIAN_POINT('Ctrl Pts',(14.069832552804,250.954285714286,3.69879360915898));
#1428=CARTESIAN_POINT('Ctrl Pts',(14.1654774263149,254.828571428571,-3.31353574516808));
#1429=CARTESIAN_POINT('Ctrl Pts',(10.9693824216618,258.702857142857,-9.55589639367135));
#1430=CARTESIAN_POINT('Ctrl Pts',(5.22395858356924,262.577142857143,-13.5775127564924));
#1431=CARTESIAN_POINT('Ctrl Pts',(-1.73496605455354,266.451428571429,-14.4441262366693));
#1432=CARTESIAN_POINT('Ctrl Pts',(-8.29159661502116,270.325714285714,-11.9536606569268));
#1433=CARTESIAN_POINT('Ctrl Pts',(-11.3761857085683,272.908571428571,-8.44190202728976));
#1434=CARTESIAN_POINT('Ctrl Pts',(-12.4191080092428,274.2,-6.4264583843571));
#1435=CARTESIAN_POINT('Ctrl Pts',(15.4666666666667,3.,0.));
#1436=CARTESIAN_POINT('Ctrl Pts',(15.4666666666667,4.29142857142857,-2.51001883448412));
#1437=CARTESIAN_POINT('Ctrl Pts',(14.2216617980377,6.87428571428572,-7.52778436712743));
#1438=CARTESIAN_POINT('Ctrl Pts',(9.04674583194752,10.7485714285714,-13.3072318936237));
#1439=CARTESIAN_POINT('Ctrl Pts',(1.77012780764122,14.6228571428571,-15.9933556523109));
#1440=CARTESIAN_POINT('Ctrl Pts',(-5.91819646974526,18.4971428571429,-14.9633055294375));
#1441=CARTESIAN_POINT('Ctrl Pts',(-12.2310649102488,22.3714285714286,-10.4558058762388));
#1442=CARTESIAN_POINT('Ctrl Pts',(-15.701696035707,26.2457142857143,-3.51863340612824));
#1443=CARTESIAN_POINT('Ctrl Pts',(-15.5234571562105,30.12,4.23626145718234));
#1444=CARTESIAN_POINT('Ctrl Pts',(-11.7378203589759,33.9942857142857,11.0066922654245));
#1445=CARTESIAN_POINT('Ctrl Pts',(-5.22448531214217,37.8685714285714,15.2193458437463));
#1446=CARTESIAN_POINT('Ctrl Pts',(2.50293671163622,41.7428571428571,15.8952508515978));
#1447=CARTESIAN_POINT('Ctrl Pts',(9.6487161738767,45.6171428571429,12.8773443041503));
#1448=CARTESIAN_POINT('Ctrl Pts',(14.5522803716188,49.4914285714285,6.86693833186531));
#1449=CARTESIAN_POINT('Ctrl Pts',(16.0741170027546,53.3657142857144,-0.739238849706143));
#1450=CARTESIAN_POINT('Ctrl Pts',(13.8605738804206,57.24,-8.17362843555924));
#1451=CARTESIAN_POINT('Ctrl Pts',(8.42604492599838,61.1142857142858,-13.7085913558506));
#1452=CARTESIAN_POINT('Ctrl Pts',(1.03343163477072,64.9885714285714,-16.0578868303708));
#1453=CARTESIAN_POINT('Ctrl Pts',(-6.59933538363145,68.8628571428572,-14.6755743539228));
#1454=CARTESIAN_POINT('Ctrl Pts',(-12.698517544837,72.7371428571428,-9.88288229422055));
#1455=CARTESIAN_POINT('Ctrl Pts',(-15.8467579481492,76.6114285714286,-2.79355915337992));
#1456=CARTESIAN_POINT('Ctrl Pts',(-15.3124535584391,80.4857142857143,4.94494451465196));
#1457=CARTESIAN_POINT('Ctrl Pts',(-11.2197685617907,84.3600000000001,11.5343185168902));
#1458=CARTESIAN_POINT('Ctrl Pts',(-4.5197805163598,88.2342857142856,15.4432928584205));
#1459=CARTESIAN_POINT('Ctrl Pts',(3.23053556922465,92.1085714285715,15.7634815369423));
#1460=CARTESIAN_POINT('Ctrl Pts',(10.2301244722483,95.9828571428571,12.4204775878478));
#1461=CARTESIAN_POINT('Ctrl Pts',(14.8523885148671,99.8571428571428,6.19114412949303));
#1462=CARTESIAN_POINT('Ctrl Pts',(16.0231840490154,103.731428571429,-1.47691677483725));
#1463=CARTESIAN_POINT('Ctrl Pts',(13.4704360538019,107.605714285714,-8.80176475196427));
#1464=CARTESIAN_POINT('Ctrl Pts',(7.7873642195439,111.48,-14.0812168771261));
#1465=CARTESIAN_POINT('Ctrl Pts',(0.294627741741377,115.354285714286,-16.0884090177453));
#1466=CARTESIAN_POINT('Ctrl Pts',(-7.26657572851383,119.228571428571,-14.3569003413084));
#1467=CARTESIAN_POINT('Ctrl Pts',(-13.1391378555854,123.102857142857,-9.28906704897765));
#1468=CARTESIAN_POINT('Ctrl Pts',(-15.9583647907234,126.977142857143,-2.06259628494884));
#1469=CARTESIAN_POINT('Ctrl Pts',(-15.0691112032582,130.851428571429,5.64319038951556));
#1470=CARTESIAN_POINT('Ctrl Pts',(-10.6780260608015,134.725714285714,12.0375857078289));
#1471=CARTESIAN_POINT('Ctrl Pts',(-3.8055305617305,138.6,15.6346297484852));
#1472=CARTESIAN_POINT('Ctrl Pts',(3.95131218415562,142.474285714286,15.5984243515756));
#1473=CARTESIAN_POINT('Ctrl Pts',(10.7899302581641,146.348571428571,11.9373830990061));
#1474=CARTESIAN_POINT('Ctrl Pts',(15.1211331472593,150.222857142857,5.50227612641698));
#1475=CARTESIAN_POINT('Ctrl Pts',(15.938415375204,154.097142857143,-2.21147587731351));
#1476=CARTESIAN_POINT('Ctrl Pts',(13.051853020372,157.971428571429,-9.41131462459382));
#1477=CARTESIAN_POINT('Ctrl Pts',(7.13223913772466,161.845714285714,-14.4241074285649));
#1478=CARTESIAN_POINT('Ctrl Pts',(-0.444798313792906,165.72,-16.0849577148509));
#1479=CARTESIAN_POINT('Ctrl Pts',(-7.91847142286275,169.594285714286,-14.0079092142187));
#1480=CARTESIAN_POINT('Ctrl Pts',(-13.5520125744491,173.468571428571,-8.67563631155598));
#1481=CARTESIAN_POINT('Ctrl Pts',(-16.0362727481131,177.342857142857,-1.32727788229799));
#1482=CARTESIAN_POINT('Ctrl Pts',(-14.7939477783786,181.217142857143,6.32951967834311));
#1483=CARTESIAN_POINT('Ctrl Pts',(-10.1137350358743,185.091428571429,12.5154334265208));
#1484=CARTESIAN_POINT('Ctrl Pts',(-3.08324456219321,188.965714285714,15.7929513770135));
#1485=CARTESIAN_POINT('Ctrl Pts',(4.66374491062243,192.84,15.4004283589083));
#1486=CARTESIAN_POINT('Ctrl Pts',(11.3269512151898,196.714285714286,11.4290807329834));
#1487=CARTESIAN_POINT('Ctrl Pts',(15.3579468556253,200.588571428571,4.80178910307933));
#1488=CARTESIAN_POINT('Ctrl Pts',(15.8199899447845,204.462857142857,-2.94136506147567));
#1489=CARTESIAN_POINT('Ctrl Pts',(12.6057087082641,208.337142857143,-10.0009908551884));
#1490=CARTESIAN_POINT('Ctrl Pts',(6.46205308918054,212.211428571429,-14.7365389516451));
#1491=CARTESIAN_POINT('Ctrl Pts',(-1.18328511348089,216.085714285714,-16.0475401977019));
#1492=CARTESIAN_POINT('Ctrl Pts',(-8.55364584748845,219.96,-13.6293379447765));
#1493=CARTESIAN_POINT('Ctrl Pts',(-13.936269905126,223.834285714286,-8.04388541854237));
#1494=CARTESIAN_POINT('Ctrl Pts',(-16.0803171728436,227.708571428571,-0.589156760628848));
#1495=CARTESIAN_POINT('Ctrl Pts',(-14.4875446187529,231.582857142857,7.00248320607087));
#1496=CARTESIAN_POINT('Ctrl Pts',(-9.52808649359853,235.457142857143,12.9668523392604));
#1497=CARTESIAN_POINT('Ctrl Pts',(-2.35444900961464,239.331428571429,15.9179240025033));
#1498=CARTESIAN_POINT('Ctrl Pts',(5.3663319931848,243.205714285714,15.1699104263758));
#1499=CARTESIAN_POINT('Ctrl Pts',(11.840047661978,247.08,10.8966464830424));
#1500=CARTESIAN_POINT('Ctrl Pts',(15.562341607869,250.954285714286,4.09115669761566));
#1501=CARTESIAN_POINT('Ctrl Pts',(15.6681323618835,254.828571428571,-3.66503119370201));
#1502=CARTESIAN_POINT('Ctrl Pts',(12.132999865676,258.702857142857,-10.5695731267306));
#1503=CARTESIAN_POINT('Ctrl Pts',(5.77810913653428,262.577142857143,-15.0177971847735));
#1504=CARTESIAN_POINT('Ctrl Pts',(-1.91900893757531,266.451428571429,-15.9763398660657));
#1505=CARTESIAN_POINT('Ctrl Pts',(-9.1711581153035,270.325714285714,-13.2216890222027));
#1506=CARTESIAN_POINT('Ctrl Pts',(-12.5829563022067,272.908571428571,-9.33740772505947));
#1507=CARTESIAN_POINT('Ctrl Pts',(-13.7365104083162,274.2,-7.10816851094564));
#1508=CARTESIAN_POINT('Ctrl Pts',(16.95,3.,0.));
#1509=CARTESIAN_POINT('Ctrl Pts',(16.95,4.29142857142857,-2.75074262356719));
#1510=CARTESIAN_POINT('Ctrl Pts',(15.5855927247892,6.87428571428572,-8.24973782475065));
#1511=CARTESIAN_POINT('Ctrl Pts',(9.9143755507442,10.7485714285714,-14.583464262732));
#1512=CARTESIAN_POINT('Ctrl Pts',(1.93989222022751,14.6228571428571,-17.5272011836209));
#1513=CARTESIAN_POINT('Ctrl Pts',(-6.48578212255488,18.4971428571429,-16.3983639261185));
#1514=CARTESIAN_POINT('Ctrl Pts',(-13.4040872992705,22.3714285714286,-11.4585717415246));
#1515=CARTESIAN_POINT('Ctrl Pts',(-17.2075699012004,26.2457142857143,-3.8560885496039));
#1516=CARTESIAN_POINT('Ctrl Pts',(-17.012236991235,30.12,4.64254084262332));
#1517=CARTESIAN_POINT('Ctrl Pts',(-12.8635380442656,33.9942857142857,12.0622909848456));
#1518=CARTESIAN_POINT('Ctrl Pts',(-5.72554047677649,37.8685714285715,16.678959830916));
#1519=CARTESIAN_POINT('Ctrl Pts',(2.74298128850651,41.7428571428571,17.4196876250808));
#1520=CARTESIAN_POINT('Ctrl Pts',(10.5740779621041,45.6171428571429,14.1123482298716));
#1521=CARTESIAN_POINT('Ctrl Pts',(15.9479193296728,49.4914285714286,7.52551323653773));
#1522=CARTESIAN_POINT('Ctrl Pts',(17.6157079653032,53.3657142857143,-0.810135679042182));
#1523=CARTESIAN_POINT('Ctrl Pts',(15.1898746081765,57.24,-8.95752167991784));
#1524=CARTESIAN_POINT('Ctrl Pts',(9.23414621739263,61.1142857142858,-15.0233161733837));
#1525=CARTESIAN_POINT('Ctrl Pts',(1.13254307388128,64.9885714285714,-17.5979212354387));
#1526=CARTESIAN_POINT('Ctrl Pts',(-7.23224578141506,68.8628571428572,-16.0830378426072));
#1527=CARTESIAN_POINT('Ctrl Pts',(-13.9163710593742,72.7371428571429,-10.830701824593));
#1528=CARTESIAN_POINT('Ctrl Pts',(-17.3665440013661,76.6114285714286,-3.06147592563295));
#1529=CARTESIAN_POINT('Ctrl Pts',(-16.7809970570395,80.4857142857143,5.4191902709063));
#1530=CARTESIAN_POINT('Ctrl Pts',(-12.2958024001521,84.3600000000001,12.6405193229282));
#1531=CARTESIAN_POINT('Ctrl Pts',(-4.95325084605379,88.2342857142856,16.924384522644));
#1532=CARTESIAN_POINT('Ctrl Pts',(3.54036063998003,92.1085714285715,17.2752809515844));
#1533=CARTESIAN_POINT('Ctrl Pts',(11.2112463235738,95.9828571428571,13.611665632372));
#1534=CARTESIAN_POINT('Ctrl Pts',(16.276809396142,99.8571428571428,6.78490687467071));
#1535=CARTESIAN_POINT('Ctrl Pts',(17.5598902778541,103.731428571429,-1.61856073276884));
#1536=CARTESIAN_POINT('Ctrl Pts',(14.7623205460308,107.605714285714,-9.64589951804706));
#1537=CARTESIAN_POINT('Ctrl Pts',(8.53421272766825,111.48,-15.4316784095229));
#1538=CARTESIAN_POINT('Ctrl Pts',(0.322884066110969,115.354285714286,-17.6313706584558));
#1539=CARTESIAN_POINT('Ctrl Pts',(-7.96347792661482,119.228571428571,-15.7338013438693));
#1540=CARTESIAN_POINT('Ctrl Pts',(-14.3992491369939,123.102857142857,-10.1799366258731));
#1541=CARTESIAN_POINT('Ctrl Pts',(-17.4888545174199,126.977142857143,-2.2604099372769));
#1542=CARTESIAN_POINT('Ctrl Pts',(-16.5143169113293,130.851428571429,6.1844015367859));
#1543=CARTESIAN_POINT('Ctrl Pts',(-11.7021039912017,134.725714285714,13.192052440584));
#1544=CARTESIAN_POINT('Ctrl Pts',(-4.17050062637923,138.6,17.1340716101395));
#1545=CARTESIAN_POINT('Ctrl Pts',(4.33026346043779,142.474285714286,17.0943939283969));
#1546=CARTESIAN_POINT('Ctrl Pts',(11.8247403799061,146.348571428571,13.0822398832858));
#1547=CARTESIAN_POINT('Ctrl Pts',(16.5713280288392,150.222857142857,6.0299728669893));
#1548=CARTESIAN_POINT('Ctrl Pts',(17.4669918497656,154.097142857143,-2.42356785261621));
#1549=CARTESIAN_POINT('Ctrl Pts',(14.3035932346103,157.971428571429,-10.313908376306));
#1550=CARTESIAN_POINT('Ctrl Pts',(7.81625776192455,161.845714285714,-15.8074539384165));
#1551=CARTESIAN_POINT('Ctrl Pts',(-0.487456772766575,165.72,-17.6275883577622));
#1552=CARTESIAN_POINT('Ctrl Pts',(-8.67789378992611,169.594285714286,-15.3513401625651));
#1553=CARTESIAN_POINT('Ctrl Pts',(-14.8517206769555,173.468571428571,-9.50767470781513));
#1554=CARTESIAN_POINT('Ctrl Pts',(-17.5742342508955,177.342857142857,-1.45457069644079));
#1555=CARTESIAN_POINT('Ctrl Pts',(-16.2127638907446,181.217142857143,6.9365533543911));
#1556=CARTESIAN_POINT('Ctrl Pts',(-11.0836945382372,185.091428571429,13.7157282271246));
#1557=CARTESIAN_POINT('Ctrl Pts',(-3.37894366352425,188.965714285714,17.3075771017487));
#1558=CARTESIAN_POINT('Ctrl Pts',(5.11102217036962,192.84,16.8774090959157));
#1559=CARTESIAN_POINT('Ctrl Pts',(12.4132644244052,196.714285714286,12.5251886912114));
#1560=CARTESIAN_POINT('Ctrl Pts',(16.8308533967359,200.588571428571,5.26230551490484));
#1561=CARTESIAN_POINT('Ctrl Pts',(17.3372088080235,204.462857142857,-3.22345718482841));
#1562=CARTESIAN_POINT('Ctrl Pts',(13.8146613753282,208.337142857143,-10.960137607464));
#1563=CARTESIAN_POINT('Ctrl Pts',(7.08179740484549,212.211428571429,-16.1498492605852));
#1564=CARTESIAN_POINT('Ctrl Pts',(-1.29676827630395,216.085714285714,-17.5865823071798));
#1565=CARTESIAN_POINT('Ctrl Pts',(-9.37398472725837,219.96,-14.9364619502561));
#1566=CARTESIAN_POINT('Ctrl Pts',(-15.2728302731822,223.834285714286,-8.81533563648448));
#1567=CARTESIAN_POINT('Ctrl Pts',(-17.6225027637736,227.708571428571,-0.645659941335711));
#1568=CARTESIAN_POINT('Ctrl Pts',(-15.876975083267,231.582857142857,7.67405756527379));
#1569=CARTESIAN_POINT('Ctrl Pts',(-10.4418792715406,235.457142857143,14.2104405485214));
#1570=CARTESIAN_POINT('Ctrl Pts',(-2.58025284782122,239.331428571429,17.4445352484331));
#1571=CARTESIAN_POINT('Ctrl Pts',(5.88099098822084,243.205714285714,16.6247833013192));
#1572=CARTESIAN_POINT('Ctrl Pts',(12.9755694743875,247.08,11.9416912427308));
#1573=CARTESIAN_POINT('Ctrl Pts',(17.0548506629341,250.954285714286,4.48351978607233));
#1574=CARTESIAN_POINT('Ctrl Pts',(17.1707872974521,254.828571428571,-4.01652664223593));
#1575=CARTESIAN_POINT('Ctrl Pts',(13.2966173096902,258.702857142857,-11.5832498597899));
#1576=CARTESIAN_POINT('Ctrl Pts',(6.33225968949931,262.577142857143,-16.4580816130545));
#1577=CARTESIAN_POINT('Ctrl Pts',(-2.10305182059708,266.451428571429,-17.5085534954621));
#1578=CARTESIAN_POINT('Ctrl Pts',(-10.0507196155858,270.325714285714,-14.4897173874787));
#1579=CARTESIAN_POINT('Ctrl Pts',(-13.789726895845,272.908571428571,-10.2329134228292));
#1580=CARTESIAN_POINT('Ctrl Pts',(-15.0539128073896,274.2,-7.78987863753418));
#1581=CARTESIAN_POINT('',(-11.1017056101693,274.2,-5.74474825776856));
#1582=CARTESIAN_POINT('',(-19.0061200046099,274.2,-9.83500901729978));
#1583=CARTESIAN_POINT('',(-8.20732194691194,271.2,-9.42814225920131));
#1584=CARTESIAN_POINT('Ctrl Pts',(-8.2067796772585,271.2,-9.42824291976199));
#1585=CARTESIAN_POINT('Ctrl Pts',(-9.39023323547952,272.2,-8.39578672883685));
#1586=CARTESIAN_POINT('Ctrl Pts',(-10.3797992532362,273.2,-7.13982972925756));
#1587=CARTESIAN_POINT('Ctrl Pts',(-11.1017056101693,274.2,-5.74474825776856));
#1588=CARTESIAN_POINT('Ctrl Pts',(12.4990528708332,253.,-4.5620296564991E-5));
#1589=CARTESIAN_POINT('Ctrl Pts',(12.4991849853658,253.609523809524,-0.957676465558278));
#1590=CARTESIAN_POINT('Ctrl Pts',(12.1599578940456,255.510476190476,-3.94419575991047));
#1591=CARTESIAN_POINT('Ctrl Pts',(9.80576497764761,258.702857142857,-8.54221966061204));
#1592=CARTESIAN_POINT('Ctrl Pts',(4.66980803060421,262.577142857143,-12.1372283282113));
#1593=CARTESIAN_POINT('Ctrl Pts',(-1.55092317153177,266.451428571429,-12.9119126072729));
#1594=CARTESIAN_POINT('Ctrl Pts',(-5.89921123559243,269.325714285714,-11.2602621666271));
#1595=CARTESIAN_POINT('Ctrl Pts',(-7.86188749743412,270.908571428571,-9.72913015254587));
#1596=CARTESIAN_POINT('Ctrl Pts',(-8.2067796772585,271.2,-9.42824291976199));
#1597=CARTESIAN_POINT('',(21.4,3.,0.));
#1598=CARTESIAN_POINT('Origin',(-15.0539128073896,272.7,-7.78987863753417));
#1599=CARTESIAN_POINT('',(-11.1017056101693,271.2,-5.74474825776856));
#1600=CARTESIAN_POINT('',(-11.1017056101693,274.2,-5.74474825776856));
#1601=CARTESIAN_POINT('Origin',(0.,0.,0.));
#1602=CARTESIAN_POINT('Origin',(0.,271.2,0.));
#1603=CARTESIAN_POINT('Ctrl Pts',(16.95,5.02105187650415E-16,0.));
#1604=CARTESIAN_POINT('Ctrl Pts',(16.95,1.29142857142857,-2.75074262356718));
#1605=CARTESIAN_POINT('Ctrl Pts',(15.5855966556629,3.87428571428572,-8.24973760117694));
#1606=CARTESIAN_POINT('Ctrl Pts',(9.91437503503671,7.74857142857143,-14.5834641527821));
#1607=CARTESIAN_POINT('Ctrl Pts',(1.93989278622434,11.6228571428571,-17.5272008936532));
#1608=CARTESIAN_POINT('Ctrl Pts',(-6.48578226472926,15.4971428571429,-16.3983637945285));
#1609=CARTESIAN_POINT('Ctrl Pts',(-13.4040870213738,19.3714285714286,-11.4585715726966));
#1610=CARTESIAN_POINT('Ctrl Pts',(-17.2075697624,23.2457142857143,-3.85608852693425));
#1611=CARTESIAN_POINT('Ctrl Pts',(-17.0122367656263,27.12,4.64254080153759));
#1612=CARTESIAN_POINT('Ctrl Pts',(-12.8635379110867,30.9942857142857,12.0622908393258));
#1613=CARTESIAN_POINT('Ctrl Pts',(-5.72554040358157,34.8685714285714,16.6789596427191));
#1614=CARTESIAN_POINT('Ctrl Pts',(2.74298125333162,38.7428571428571,17.4196874227739));
#1615=CARTESIAN_POINT('Ctrl Pts',(10.5740778422636,42.6171428571429,14.1123480685599));
#1616=CARTESIAN_POINT('Ctrl Pts',(15.9479191453527,46.4914285714286,7.52551314944932));
#1617=CARTESIAN_POINT('Ctrl Pts',(17.6157077631113,50.3657142857143,-0.810135669452879));
#1618=CARTESIAN_POINT('Ctrl Pts',(15.1898744332435,54.24,-8.95752157702251));
#1619=CARTESIAN_POINT('Ctrl Pts',(9.23414611128097,58.1142857142857,-15.0233160005083));
#1620=CARTESIAN_POINT('Ctrl Pts',(1.13254306080348,61.9885714285715,-17.5979210330547));
#1621=CARTESIAN_POINT('Ctrl Pts',(-7.23224569820161,65.8628571428571,-16.0830376575948));
#1622=CARTESIAN_POINT('Ctrl Pts',(-13.9163708993137,69.7371428571429,-10.8307017000221));
#1623=CARTESIAN_POINT('Ctrl Pts',(-17.3665438016021,73.6114285714286,-3.06147589041398));
#1624=CARTESIAN_POINT('Ctrl Pts',(-16.7809968640195,77.4857142857143,5.41919020857004));
#1625=CARTESIAN_POINT('Ctrl Pts',(-12.2958022587186,81.36,12.6405191775322));
#1626=CARTESIAN_POINT('Ctrl Pts',(-4.95325078907987,85.2342857142857,16.9243843279713));
#1627=CARTESIAN_POINT('Ctrl Pts',(3.54036059925748,89.1085714285714,17.2752807528763));
#1628=CARTESIAN_POINT('Ctrl Pts',(11.2112461946167,92.9828571428572,13.6116654758042));
#1629=CARTESIAN_POINT('Ctrl Pts',(16.2768092089187,96.8571428571428,6.78490679662761));
#1630=CARTESIAN_POINT('Ctrl Pts',(17.559890075872,100.731428571429,-1.61856071415142));
#1631=CARTESIAN_POINT('Ctrl Pts',(14.7623203762277,104.605714285714,-9.64589940709541));
#1632=CARTESIAN_POINT('Ctrl Pts',(8.53421262950375,108.48,-15.4316782320205));
#1633=CARTESIAN_POINT('Ctrl Pts',(0.322884062397015,112.354285714286,-17.6313704556515));
#1634=CARTESIAN_POINT('Ctrl Pts',(-7.96347783501519,116.228571428572,-15.7338011628918));
#1635=CARTESIAN_POINT('Ctrl Pts',(-14.399248971367,120.102857142857,-10.1799365087788));
#1636=CARTESIAN_POINT('Ctrl Pts',(-17.4888543162549,123.977142857143,-2.26040991127662));
#1637=CARTESIAN_POINT('Ctrl Pts',(-16.5143167213739,127.851428571429,6.18440146565003));
#1638=CARTESIAN_POINT('Ctrl Pts',(-11.7021038565986,131.725714285714,13.1920522888429));
#1639=CARTESIAN_POINT('Ctrl Pts',(-4.17050057840819,135.6,17.1340714130554));
#1640=CARTESIAN_POINT('Ctrl Pts',(4.33026341062908,139.474285714286,17.0943937317692));
#1641=CARTESIAN_POINT('Ctrl Pts',(11.8247402438925,143.348571428571,13.0822397328078));
#1642=CARTESIAN_POINT('Ctrl Pts',(16.571327838228,147.222857142857,6.02997279762974));
#1643=CARTESIAN_POINT('Ctrl Pts',(17.4669916488521,151.097142857143,-2.4235678247392));
#1644=CARTESIAN_POINT('Ctrl Pts',(14.3035930700837,154.971428571429,-10.3139082576706));
#1645=CARTESIAN_POINT('Ctrl Pts',(7.8162576720183,158.845714285714,-15.8074537565918));
#1646=CARTESIAN_POINT('Ctrl Pts',(-0.487456767159612,162.72,-17.6275881550015));
#1647=CARTESIAN_POINT('Ctrl Pts',(-8.67789369010894,166.594285714286,-15.3513399859868));
#1648=CARTESIAN_POINT('Ctrl Pts',(-14.8517205061241,170.468571428571,-9.50767459845343));
#1649=CARTESIAN_POINT('Ctrl Pts',(-17.5742340487485,174.342857142857,-1.45457067970961));
#1650=CARTESIAN_POINT('Ctrl Pts',(-16.2127637042576,178.217142857143,6.93655327460359));
#1651=CARTESIAN_POINT('Ctrl Pts',(-11.0836944107478,182.091428571429,13.71572806936));
#1652=CARTESIAN_POINT('Ctrl Pts',(-3.37894362465721,185.965714285714,17.3075769026687));
#1653=CARTESIAN_POINT('Ctrl Pts',(5.11102211157852,189.84,16.8774089017842));
#1654=CARTESIAN_POINT('Ctrl Pts',(12.4132642816256,193.714285714286,12.5251885471402));
#1655=CARTESIAN_POINT('Ctrl Pts',(16.8308532031323,197.588571428571,5.26230545437659));
#1656=CARTESIAN_POINT('Ctrl Pts',(17.3372086086177,201.462857142857,-3.22345714775307));
#1657=CARTESIAN_POINT('Ctrl Pts',(13.8146612163953,205.337142857143,-10.960137481391));
#1658=CARTESIAN_POINT('Ctrl Pts',(7.08179732344874,209.211428571429,-16.1498490748303));
#1659=CARTESIAN_POINT('Ctrl Pts',(-1.29676826151238,213.085714285714,-17.5865821048761));
#1660=CARTESIAN_POINT('Ctrl Pts',(-9.37398461918262,216.96,-14.9364617784754));
#1661=CARTESIAN_POINT('Ctrl Pts',(-15.2728300980153,220.834285714286,-8.81533553504454));
#1662=CARTESIAN_POINT('Ctrl Pts',(-17.6225025600482,224.708571428572,-0.645659933972302));
#1663=CARTESIAN_POINT('Ctrl Pts',(-15.8769749026966,228.582857142857,7.67405747708327));
#1664=CARTESIAN_POINT('Ctrl Pts',(-10.4418791473244,232.457142857143,14.2104403850109));
#1665=CARTESIAN_POINT('Ctrl Pts',(-2.5802528263368,236.331428571429,17.4445350476497));
#1666=CARTESIAN_POINT('Ctrl Pts',(5.8809909368178,240.205714285714,16.6247831108715));
#1667=CARTESIAN_POINT('Ctrl Pts',(12.9755692928984,244.08,11.9416911025558));
#1668=CARTESIAN_POINT('Ctrl Pts',(17.0548505292418,247.954285714286,4.48351974241621));
#1669=CARTESIAN_POINT('Ctrl Pts',(17.1707869730519,251.828571428571,-4.01652662000941));
#1670=CARTESIAN_POINT('Ctrl Pts',(13.2966173754843,255.702857142857,-11.5832496775796));
#1671=CARTESIAN_POINT('Ctrl Pts',(6.33225905355359,259.577142857143,-16.4580816156444));
#1672=CARTESIAN_POINT('Ctrl Pts',(-2.1030514131092,263.451428571429,-17.5085531608029));
#1673=CARTESIAN_POINT('Ctrl Pts',(-10.050723209488,267.325714285714,-14.4897189954651));
#1674=CARTESIAN_POINT('Ctrl Pts',(-13.789726895845,269.908571428571,-10.2329134228292));
#1675=CARTESIAN_POINT('Ctrl Pts',(-15.0539128073896,271.2,-7.78987863753417));
#1676=CARTESIAN_POINT('Ctrl Pts',(15.4666666666667,3.34736791766943E-16,
0.));
#1677=CARTESIAN_POINT('Ctrl Pts',(15.4666666666667,1.29142857142857,-2.51001883448412));
#1678=CARTESIAN_POINT('Ctrl Pts',(14.2216653849117,3.87428571428571,-7.52778416311917));
#1679=CARTESIAN_POINT('Ctrl Pts',(9.04674536137077,7.74857142857143,-13.3072317932958));
#1680=CARTESIAN_POINT('Ctrl Pts',(1.77012832410638,11.6228571428571,-15.993355387719));
#1681=CARTESIAN_POINT('Ctrl Pts',(-5.91819659947763,15.4971428571429,-14.9633054093632));
#1682=CARTESIAN_POINT('Ctrl Pts',(-12.2310646566715,19.3714285714286,-10.4558057221853));
#1683=CARTESIAN_POINT('Ctrl Pts',(-15.7016959090533,23.2457142857143,-3.51863338544246));
#1684=CARTESIAN_POINT('Ctrl Pts',(-15.5234569503454,27.12,4.23626141969212));
#1685=CARTESIAN_POINT('Ctrl Pts',(-11.7378202374518,30.9942857142857,11.0066921326395));
#1686=CARTESIAN_POINT('Ctrl Pts',(-5.2244852453527,34.8685714285714,15.219345672019));
#1687=CARTESIAN_POINT('Ctrl Pts',(2.50293667953957,38.7428571428571,15.8952506669953));
#1688=CARTESIAN_POINT('Ctrl Pts',(9.64871606452369,42.6171428571429,12.8773441569553));
#1689=CARTESIAN_POINT('Ctrl Pts',(14.552280203429,46.4914285714286,6.8669382523982));
#1690=CARTESIAN_POINT('Ctrl Pts',(16.0741168182569,50.3657142857143,-0.739238840956019));
#1691=CARTESIAN_POINT('Ctrl Pts',(13.8605737207964,54.24,-8.17362834166852));
#1692=CARTESIAN_POINT('Ctrl Pts',(8.4260448291728,58.1142857142857,-13.7085911981039));
#1693=CARTESIAN_POINT('Ctrl Pts',(1.03343162283739,61.9885714285715,-16.0578866456979));
#1694=CARTESIAN_POINT('Ctrl Pts',(-6.59933530770019,65.8628571428571,-14.6755741851013));
#1695=CARTESIAN_POINT('Ctrl Pts',(-12.6985173987838,69.7371428571429,-9.88288218055118));
#1696=CARTESIAN_POINT('Ctrl Pts',(-15.846757765867,73.6114285714286,-2.79355912124304));
#1697=CARTESIAN_POINT('Ctrl Pts',(-15.3124533823108,77.4857142857143,4.94494445777089));
#1698=CARTESIAN_POINT('Ctrl Pts',(-11.2197684327344,81.36,11.5343183842181));
#1699=CARTESIAN_POINT('Ctrl Pts',(-4.5197804643718,85.2342857142857,15.4432926807841));
#1700=CARTESIAN_POINT('Ctrl Pts',(3.23053553206582,89.1085714285714,15.7634813556236));
#1701=CARTESIAN_POINT('Ctrl Pts',(10.2301243545765,92.9828571428572,12.4204774449816));
#1702=CARTESIAN_POINT('Ctrl Pts',(14.852388344028,96.8571428571428,6.19114405827967));
#1703=CARTESIAN_POINT('Ctrl Pts',(16.0231838647092,100.731428571429,-1.47691675784909));
#1704=CARTESIAN_POINT('Ctrl Pts',(13.4704358988587,104.605714285714,-8.80176465072227));
#1705=CARTESIAN_POINT('Ctrl Pts',(7.78736412996999,108.48,-14.0812167151574));
#1706=CARTESIAN_POINT('Ctrl Pts',(0.294627738352436,112.354285714286,-16.0884088326889));
#1707=CARTESIAN_POINT('Ctrl Pts',(-7.26657564493028,116.228571428572,-14.3569001761687));
#1708=CARTESIAN_POINT('Ctrl Pts',(-13.1391377044529,120.102857142857,-9.28906694213047));
#1709=CARTESIAN_POINT('Ctrl Pts',(-15.9583646071628,123.977142857143,-2.06259626122389));
#1710=CARTESIAN_POINT('Ctrl Pts',(-15.0691110299263,127.851428571429,5.64319032460494));
#1711=CARTESIAN_POINT('Ctrl Pts',(-10.6780259379779,131.725714285714,12.037585569367));
#1712=CARTESIAN_POINT('Ctrl Pts',(-3.80553051795753,135.6,15.6346295686484));
#1713=CARTESIAN_POINT('Ctrl Pts',(3.95131213870579,139.474285714286,15.5984241721552));
#1714=CARTESIAN_POINT('Ctrl Pts',(10.7899301340533,143.348571428571,11.9373829616968));
#1715=CARTESIAN_POINT('Ctrl Pts',(15.121132973329,147.222857142857,5.50227606312724));
#1716=CARTESIAN_POINT('Ctrl Pts',(15.9384151918729,151.097142857143,-2.21147585187608));
#1717=CARTESIAN_POINT('Ctrl Pts',(13.0518528702436,154.971428571429,-9.41131451634051));
#1718=CARTESIAN_POINT('Ctrl Pts',(7.13223905568632,158.845714285714,-14.4241072626521));
#1719=CARTESIAN_POINT('Ctrl Pts',(-0.444798308676619,162.72,-16.0849575298342));
#1720=CARTESIAN_POINT('Ctrl Pts',(-7.91847133178083,166.594285714286,-14.0079090530932));
#1721=CARTESIAN_POINT('Ctrl Pts',(-13.5520124185675,170.468571428571,-8.67563621176478));
#1722=CARTESIAN_POINT('Ctrl Pts',(-16.0362725636565,174.342857142857,-1.327277867031));
#1723=CARTESIAN_POINT('Ctrl Pts',(-14.7939476082115,178.217142857143,6.32951960553798));
#1724=CARTESIAN_POINT('Ctrl Pts',(-10.1137349195418,182.091428571429,12.5154332825625));
#1725=CARTESIAN_POINT('Ctrl Pts',(-3.08324452672752,185.965714285714,15.7929511953555));
#1726=CARTESIAN_POINT('Ctrl Pts',(4.66374485697626,189.84,15.4004281817657));
#1727=CARTESIAN_POINT('Ctrl Pts',(11.3269510849052,193.714285714286,11.4290806015202));
#1728=CARTESIAN_POINT('Ctrl Pts',(15.3579466789644,197.588571428571,4.80178904784806));
#1729=CARTESIAN_POINT('Ctrl Pts',(15.8199897628291,201.462857142857,-2.94136502764488));
#1730=CARTESIAN_POINT('Ctrl Pts',(12.6057085632398,205.337142857143,-10.0009907401483));
#1731=CARTESIAN_POINT('Ctrl Pts',(6.46205301490701,209.211428571429,-14.736538782146));
#1732=CARTESIAN_POINT('Ctrl Pts',(-1.18328509998376,213.085714285714,-16.0475400131023));
#1733=CARTESIAN_POINT('Ctrl Pts',(-8.55364574887067,216.96,-13.6293377880287));
#1734=CARTESIAN_POINT('Ctrl Pts',(-13.9362697452883,220.834285714286,-8.04388532597968));
#1735=CARTESIAN_POINT('Ctrl Pts',(-16.0803169869466,224.708571428571,-0.589156753909825));
#1736=CARTESIAN_POINT('Ctrl Pts',(-14.4875444539847,228.582857142857,7.0024831255981));
#1737=CARTESIAN_POINT('Ctrl Pts',(-9.52808638025271,232.457142857143,12.9668521900591));
#1738=CARTESIAN_POINT('Ctrl Pts',(-2.35444899001038,236.331428571429,15.9179238192909));
#1739=CARTESIAN_POINT('Ctrl Pts',(5.36633194628015,240.205714285714,15.1699102525946));
#1740=CARTESIAN_POINT('Ctrl Pts',(11.8400474963714,244.08,10.8966463551345));
#1741=CARTESIAN_POINT('Ctrl Pts',(15.5623414858765,247.954285714286,4.09115665777998));
#1742=CARTESIAN_POINT('Ctrl Pts',(15.6681320658724,251.828571428571,-3.66503117342058));
#1743=CARTESIAN_POINT('Ctrl Pts',(12.1329999257123,255.702857142857,-10.5695729604659));
#1744=CARTESIAN_POINT('Ctrl Pts',(5.77810855624163,259.577142857143,-15.0177971871367));
#1745=CARTESIAN_POINT('Ctrl Pts',(-1.91900856574763,263.451428571428,-15.9763395606933));
#1746=CARTESIAN_POINT('Ctrl Pts',(-9.17116139469506,267.325714285715,-13.2216904894706));
#1747=CARTESIAN_POINT('Ctrl Pts',(-12.5829563022067,269.908571428571,-9.33740772505946));
#1748=CARTESIAN_POINT('Ctrl Pts',(-13.7365104083162,271.2,-7.10816851094563));
#1749=CARTESIAN_POINT('Ctrl Pts',(13.9833333333333,1.67368395883472E-16,
0.));
#1750=CARTESIAN_POINT('Ctrl Pts',(13.9833333333333,1.29142857142857,-2.26929504540105));
#1751=CARTESIAN_POINT('Ctrl Pts',(12.8577341141604,3.87428571428572,-6.80583072506141));
#1752=CARTESIAN_POINT('Ctrl Pts',(8.17911568770482,7.74857142857143,-12.0309994338095));
#1753=CARTESIAN_POINT('Ctrl Pts',(1.60036386198842,11.6228571428571,-14.4595098817847));
#1754=CARTESIAN_POINT('Ctrl Pts',(-5.350610934226,15.4971428571429,-13.528247024198));
#1755=CARTESIAN_POINT('Ctrl Pts',(-11.0580422919692,19.3714285714286,-9.45303987167403));
#1756=CARTESIAN_POINT('Ctrl Pts',(-14.1958220557066,23.2457142857143,-3.18117824395067));
#1757=CARTESIAN_POINT('Ctrl Pts',(-14.0346771350644,27.12,3.82998203784664));
#1758=CARTESIAN_POINT('Ctrl Pts',(-10.6121025638169,30.9942857142857,9.95109342595319));
#1759=CARTESIAN_POINT('Ctrl Pts',(-4.72343008712383,34.8685714285714,13.7597317013189));
#1760=CARTESIAN_POINT('Ctrl Pts',(2.26289210574752,38.7428571428571,14.3708139112166));
#1761=CARTESIAN_POINT('Ctrl Pts',(8.72335428678381,42.6171428571429,11.6423402453508));
#1762=CARTESIAN_POINT('Ctrl Pts',(13.1566412615053,46.4914285714286,6.20836335534709));
#1763=CARTESIAN_POINT('Ctrl Pts',(14.5325258734025,50.3657142857143,-0.668342012459164));
#1764=CARTESIAN_POINT('Ctrl Pts',(12.5312730083493,54.24,-7.38973510631453));
#1765=CARTESIAN_POINT('Ctrl Pts',(7.61794354706464,58.1142857142857,-12.3938663956996));
#1766=CARTESIAN_POINT('Ctrl Pts',(0.934320184871299,61.9885714285715,-14.5178522583411));
#1767=CARTESIAN_POINT('Ctrl Pts',(-5.96642491719877,65.8628571428571,-13.2681107126077));
#1768=CARTESIAN_POINT('Ctrl Pts',(-11.4806638982539,69.7371428571429,-8.93506266108021));
#1769=CARTESIAN_POINT('Ctrl Pts',(-14.3269717301319,73.6114285714286,-2.52564235207209));
#1770=CARTESIAN_POINT('Ctrl Pts',(-13.8439099006021,77.4857142857143,4.47069870697173));
#1771=CARTESIAN_POINT('Ctrl Pts',(-10.1437346067502,81.36,10.4281175909041));
#1772=CARTESIAN_POINT('Ctrl Pts',(-4.08631013966373,85.2342857142857,13.9622010335968));
#1773=CARTESIAN_POINT('Ctrl Pts',(2.92071046487416,89.1085714285714,14.2516819583709));
#1774=CARTESIAN_POINT('Ctrl Pts',(9.24900251453629,92.9828571428572,11.229289414159));
#1775=CARTESIAN_POINT('Ctrl Pts',(13.4279674791374,96.8571428571428,5.59738131993172));
#1776=CARTESIAN_POINT('Ctrl Pts',(14.4864776535463,100.731428571429,-1.33527280154675));
#1777=CARTESIAN_POINT('Ctrl Pts',(12.1785514214897,104.605714285714,-7.95762989434911));
#1778=CARTESIAN_POINT('Ctrl Pts',(7.04051563043623,108.48,-12.7307551982942));
#1779=CARTESIAN_POINT('Ctrl Pts',(0.266371414307862,112.354285714286,-14.5454472097263));
#1780=CARTESIAN_POINT('Ctrl Pts',(-6.56967345484538,116.228571428572,-12.9799991894456));
#1781=CARTESIAN_POINT('Ctrl Pts',(-11.8790264375388,120.102857142857,-8.39819737548217));
#1782=CARTESIAN_POINT('Ctrl Pts',(-14.4278748980707,123.977142857143,-1.86478261117117));
#1783=CARTESIAN_POINT('Ctrl Pts',(-13.6239053384786,127.851428571429,5.10197918355986));
#1784=CARTESIAN_POINT('Ctrl Pts',(-9.65394801935715,131.725714285714,10.883118849891));
#1785=CARTESIAN_POINT('Ctrl Pts',(-3.44056045750685,135.6,14.1351877242414));
#1786=CARTESIAN_POINT('Ctrl Pts',(3.57236086678249,139.474285714286,14.1024546125412));
#1787=CARTESIAN_POINT('Ctrl Pts',(9.75512002421414,143.348571428571,10.7925261905858));
#1788=CARTESIAN_POINT('Ctrl Pts',(13.67093810843,147.222857142857,4.97457932862473));
#1789=CARTESIAN_POINT('Ctrl Pts',(14.4098387348937,151.097142857143,-1.99938387901297));
#1790=CARTESIAN_POINT('Ctrl Pts',(11.8001126704034,154.971428571429,-8.50872077501043));
#1791=CARTESIAN_POINT('Ctrl Pts',(6.44822043935433,158.845714285714,-13.0407607687124));
#1792=CARTESIAN_POINT('Ctrl Pts',(-0.402139850193622,162.72,-14.5423269046669));
#1793=CARTESIAN_POINT('Ctrl Pts',(-7.1590489734527,166.594285714286,-12.6644781201996));
#1794=CARTESIAN_POINT('Ctrl Pts',(-12.2523043310109,170.468571428571,-7.84359782507613));
#1795=CARTESIAN_POINT('Ctrl Pts',(-14.4983110785644,174.342857142857,-1.19998505435237));
#1796=CARTESIAN_POINT('Ctrl Pts',(-13.3751315121653,178.217142857143,5.72248593647238));
#1797=CARTESIAN_POINT('Ctrl Pts',(-9.14377542833573,182.091428571429,11.3151384957651));
#1798=CARTESIAN_POINT('Ctrl Pts',(-2.78754542879783,185.965714285714,14.2783254880423));
#1799=CARTESIAN_POINT('Ctrl Pts',(4.21646760237402,189.84,13.9234474617472));
#1800=CARTESIAN_POINT('Ctrl Pts',(10.2406378881847,193.714285714286,10.3329726559003));
#1801=CARTESIAN_POINT('Ctrl Pts',(13.8850401547964,197.588571428571,4.34127264131953));
#1802=CARTESIAN_POINT('Ctrl Pts',(14.3027709170406,201.462857142857,-2.6592729075367));
#1803=CARTESIAN_POINT('Ctrl Pts',(11.3967559100842,205.337142857143,-9.04184399890562));
#1804=CARTESIAN_POINT('Ctrl Pts',(5.84230870636527,209.211428571429,-13.3232284894617));
#1805=CARTESIAN_POINT('Ctrl Pts',(-1.06980193845514,213.085714285714,-14.5084979213285));
#1806=CARTESIAN_POINT('Ctrl Pts',(-7.73330687855872,216.96,-12.322213797582));
#1807=CARTESIAN_POINT('Ctrl Pts',(-12.5997093925613,220.834285714286,-7.27243511691482));
#1808=CARTESIAN_POINT('Ctrl Pts',(-14.5381314138451,224.708571428572,-0.532653573847356));
#1809=CARTESIAN_POINT('Ctrl Pts',(-13.0981140052728,228.582857142857,6.33090877411294));
#1810=CARTESIAN_POINT('Ctrl Pts',(-8.61429361318105,232.457142857143,11.7232639951073));
#1811=CARTESIAN_POINT('Ctrl Pts',(-2.12864515368395,236.331428571429,14.3913125909322));
#1812=CARTESIAN_POINT('Ctrl Pts',(4.85167295574252,240.205714285714,13.7150373943178));
#1813=CARTESIAN_POINT('Ctrl Pts',(10.7045256998444,244.08,9.85160160771322));
#1814=CARTESIAN_POINT('Ctrl Pts',(14.0698324425112,247.954285714286,3.69879357314375));
#1815=CARTESIAN_POINT('Ctrl Pts',(14.1654771586928,251.828571428571,-3.31353572683175));
#1816=CARTESIAN_POINT('Ctrl Pts',(10.9693824759404,255.702857142857,-9.55589624335228));
#1817=CARTESIAN_POINT('Ctrl Pts',(5.22395805892965,259.577142857143,-13.577512758629));
#1818=CARTESIAN_POINT('Ctrl Pts',(-1.73496571838605,263.451428571429,-14.4441259605837));
#1819=CARTESIAN_POINT('Ctrl Pts',(-8.29159957990211,267.325714285714,-11.9536619834761));
#1820=CARTESIAN_POINT('Ctrl Pts',(-11.3761857085683,269.908571428571,-8.44190202728976));
#1821=CARTESIAN_POINT('Ctrl Pts',(-12.4191080092428,271.2,-6.42645838435709));
#1822=CARTESIAN_POINT('Ctrl Pts',(12.5,0.,0.));
#1823=CARTESIAN_POINT('Ctrl Pts',(12.5,1.29142857142857,-2.02857125631798));
#1824=CARTESIAN_POINT('Ctrl Pts',(11.4938028434092,3.87428571428572,-6.08387728700364));
#1825=CARTESIAN_POINT('Ctrl Pts',(7.31148601403888,7.74857142857143,-10.7547670743231));
#1826=CARTESIAN_POINT('Ctrl Pts',(1.43059939987045,11.6228571428571,-12.9256643758505));
#1827=CARTESIAN_POINT('Ctrl Pts',(-4.78302526897437,15.4971428571429,-12.0931886390328));
#1828=CARTESIAN_POINT('Ctrl Pts',(-9.88501992726683,19.3714285714286,-8.45027402116272));
#1829=CARTESIAN_POINT('Ctrl Pts',(-12.6899482023599,23.2457142857143,-2.84372310245888));
#1830=CARTESIAN_POINT('Ctrl Pts',(-12.5458973197834,27.12,3.42370265600117));
#1831=CARTESIAN_POINT('Ctrl Pts',(-9.48638489018195,30.9942857142857,8.89549471926685));
#1832=CARTESIAN_POINT('Ctrl Pts',(-4.22237492889496,34.8685714285714,12.3001177306188));
#1833=CARTESIAN_POINT('Ctrl Pts',(2.02284753195547,38.7428571428571,12.846377155438));
#1834=CARTESIAN_POINT('Ctrl Pts',(7.79799250904393,42.6171428571429,10.4073363337462));
#1835=CARTESIAN_POINT('Ctrl Pts',(11.7610023195816,46.4914285714286,5.54978845829597));
#1836=CARTESIAN_POINT('Ctrl Pts',(12.9909349285482,50.3657142857143,-0.597445183962305));
#1837=CARTESIAN_POINT('Ctrl Pts',(11.2019722959023,54.24,-6.60584187096055));
#1838=CARTESIAN_POINT('Ctrl Pts',(6.80984226495647,58.1142857142857,-11.0791415932952));
#1839=CARTESIAN_POINT('Ctrl Pts',(0.83520874690522,61.9885714285715,-12.9778178709843));
#1840=CARTESIAN_POINT('Ctrl Pts',(-5.33351452669736,65.8628571428571,-11.8606472401142));
#1841=CARTESIAN_POINT('Ctrl Pts',(-10.262810397724,69.7371428571429,-7.98724314160924));
#1842=CARTESIAN_POINT('Ctrl Pts',(-12.8071856943968,73.6114285714286,-2.25772558290116));
#1843=CARTESIAN_POINT('Ctrl Pts',(-12.3753664188934,77.4857142857143,3.99645295617259));
#1844=CARTESIAN_POINT('Ctrl Pts',(-9.06770078076595,81.36,9.32191679759009));
#1845=CARTESIAN_POINT('Ctrl Pts',(-3.65283981495565,85.2342857142857,12.4811093864095));
#1846=CARTESIAN_POINT('Ctrl Pts',(2.6108853976825,89.1085714285714,12.7398825611182));
#1847=CARTESIAN_POINT('Ctrl Pts',(8.26788067449609,92.9828571428572,10.0381013833364));
#1848=CARTESIAN_POINT('Ctrl Pts',(12.0035466142468,96.8571428571428,5.00361858158378));
#1849=CARTESIAN_POINT('Ctrl Pts',(12.9497714423835,100.731428571429,-1.19362884524442));
#1850=CARTESIAN_POINT('Ctrl Pts',(10.8866669441207,104.605714285714,-7.11349513797596));
#1851=CARTESIAN_POINT('Ctrl Pts',(6.29366713090247,108.48,-11.3802936814311));
#1852=CARTESIAN_POINT('Ctrl Pts',(0.238115090263282,112.354285714286,-13.0024855867637));
#1853=CARTESIAN_POINT('Ctrl Pts',(-5.87277126476046,116.228571428572,-11.6030982027225));
#1854=CARTESIAN_POINT('Ctrl Pts',(-10.6189151706247,120.102857142857,-7.50732780883389));
#1855=CARTESIAN_POINT('Ctrl Pts',(-12.8973851889786,123.977142857143,-1.66696896111845));
#1856=CARTESIAN_POINT('Ctrl Pts',(-12.1786996470309,127.851428571429,4.56076804251477));
#1857=CARTESIAN_POINT('Ctrl Pts',(-8.62987010073643,131.725714285714,9.72865213041511));
#1858=CARTESIAN_POINT('Ctrl Pts',(-3.07559039705618,135.6,12.6357458798344));
#1859=CARTESIAN_POINT('Ctrl Pts',(3.1934095948592,139.474285714286,12.6064850529272));
#1860=CARTESIAN_POINT('Ctrl Pts',(8.72030991437498,143.348571428571,9.64766941947476));
#1861=CARTESIAN_POINT('Ctrl Pts',(12.220743243531,147.222857142857,4.44688259412223));
#1862=CARTESIAN_POINT('Ctrl Pts',(12.8812622779146,151.097142857143,-1.78729190614985));
#1863=CARTESIAN_POINT('Ctrl Pts',(10.5483724705632,154.971428571429,-7.60612703368036));
#1864=CARTESIAN_POINT('Ctrl Pts',(5.76420182302235,158.845714285714,-11.6574142747727));
#1865=CARTESIAN_POINT('Ctrl Pts',(-0.359481391710628,162.72,-12.9996962794996));
#1866=CARTESIAN_POINT('Ctrl Pts',(-6.39962661512459,166.594285714286,-11.3210471873059));
#1867=CARTESIAN_POINT('Ctrl Pts',(-10.9525962434543,170.468571428571,-7.01155943838748));
#1868=CARTESIAN_POINT('Ctrl Pts',(-12.9603495934724,174.342857142857,-1.07269224167376));
#1869=CARTESIAN_POINT('Ctrl Pts',(-11.9563154161192,178.217142857143,5.11545226740677));
#1870=CARTESIAN_POINT('Ctrl Pts',(-8.17381593712967,182.091428571429,10.1148437089676));
#1871=CARTESIAN_POINT('Ctrl Pts',(-2.49184633086815,185.965714285714,12.7636997807291));
#1872=CARTESIAN_POINT('Ctrl Pts',(3.76919034777177,189.84,12.4464667417288));
#1873=CARTESIAN_POINT('Ctrl Pts',(9.15432469146431,193.714285714286,9.23686471028035));
#1874=CARTESIAN_POINT('Ctrl Pts',(12.4121336306285,197.588571428571,3.880756234791));
#1875=CARTESIAN_POINT('Ctrl Pts',(12.785552071252,201.462857142857,-2.37718078742852));
#1876=CARTESIAN_POINT('Ctrl Pts',(10.1878032569287,205.337142857143,-8.08269725766296));
#1877=CARTESIAN_POINT('Ctrl Pts',(5.22256439782355,209.211428571429,-11.9099181967775));
#1878=CARTESIAN_POINT('Ctrl Pts',(-0.956318776926529,213.085714285714,-12.9694558295546));
#1879=CARTESIAN_POINT('Ctrl Pts',(-6.91296800824677,216.96,-11.0150898071352));
#1880=CARTESIAN_POINT('Ctrl Pts',(-11.2631490398343,220.834285714286,-6.50098490784995));
#1881=CARTESIAN_POINT('Ctrl Pts',(-12.9959458407435,224.708571428572,-0.476150393784881));
#1882=CARTESIAN_POINT('Ctrl Pts',(-11.7086835565609,228.582857142857,5.65933442262777));
#1883=CARTESIAN_POINT('Ctrl Pts',(-7.70050084610941,232.457142857143,10.4796758001555));
#1884=CARTESIAN_POINT('Ctrl Pts',(-1.90284131735752,236.331428571429,12.8647013625735));
#1885=CARTESIAN_POINT('Ctrl Pts',(4.33701396520487,240.205714285714,12.2601645360409));
#1886=CARTESIAN_POINT('Ctrl Pts',(9.56900390331743,244.08,8.80655686029191));
#1887=CARTESIAN_POINT('Ctrl Pts',(12.5773233991459,247.954285714286,3.30643048850753));
#1888=CARTESIAN_POINT('Ctrl Pts',(12.6628222515132,251.828571428571,-2.96204028024293));
#1889=CARTESIAN_POINT('Ctrl Pts',(9.80576502616838,255.702857142857,-8.54221952623863));
#1890=CARTESIAN_POINT('Ctrl Pts',(4.66980756161769,259.577142857143,-12.1372283301212));
#1891=CARTESIAN_POINT('Ctrl Pts',(-1.55092287102448,263.451428571429,-12.9119123604741));
#1892=CARTESIAN_POINT('Ctrl Pts',(-7.41203776510915,267.325714285714,-10.6856334774816));
#1893=CARTESIAN_POINT('Ctrl Pts',(-10.16941511493,269.908571428571,-7.54639632952004));
#1894=CARTESIAN_POINT('Ctrl Pts',(-11.1017056101693,271.2,-5.74474825776856));
#1895=CARTESIAN_POINT('',(12.5,0.,0.));
#1896=CARTESIAN_POINT('Origin',(16.95,1.5,0.));
#1897=CARTESIAN_POINT('Origin',(0.,0.,0.));
#1898=CARTESIAN_POINT('Origin',(0.,271.2,0.));
#1899=CARTESIAN_POINT('Origin',(0.,271.2,0.));
#1900=CARTESIAN_POINT('Origin',(0.,0.,0.));
#1901=CARTESIAN_POINT('',(0.,271.2,0.));
#1902=UNCERTAINTY_MEASURE_WITH_UNIT(LENGTH_MEASURE(0.01),#1906,
'DISTANCE_ACCURACY_VALUE',
'Maximum model space distance between geometric entities at asserted c
onnectivities');
#1903=UNCERTAINTY_MEASURE_WITH_UNIT(LENGTH_MEASURE(0.01),#1906,
'DISTANCE_ACCURACY_VALUE',
'Maximum model space distance between geometric entities at asserted c
onnectivities');
#1904=(
GEOMETRIC_REPRESENTATION_CONTEXT(3)
GLOBAL_UNCERTAINTY_ASSIGNED_CONTEXT((#1902))
GLOBAL_UNIT_ASSIGNED_CONTEXT((#1906,#1908,#1909))
REPRESENTATION_CONTEXT('','3D')
);
#1905=(
GEOMETRIC_REPRESENTATION_CONTEXT(3)
GLOBAL_UNCERTAINTY_ASSIGNED_CONTEXT((#1903))
GLOBAL_UNIT_ASSIGNED_CONTEXT((#1906,#1908,#1909))
REPRESENTATION_CONTEXT('','3D')
);
#1906=(
LENGTH_UNIT()
NAMED_UNIT(*)
SI_UNIT(.MILLI.,.METRE.)
);
#1907=(
LENGTH_UNIT()
NAMED_UNIT(*)
SI_UNIT(.CENTI.,.METRE.)
);
#1908=(
NAMED_UNIT(*)
PLANE_ANGLE_UNIT()
SI_UNIT($,.RADIAN.)
);
#1909=(
NAMED_UNIT(*)
SI_UNIT($,.STERADIAN.)
SOLID_ANGLE_UNIT()
);
#1910=SHAPE_DEFINITION_REPRESENTATION(#1911,#1912);
#1911=PRODUCT_DEFINITION_SHAPE('',$,#1914);
#1912=SHAPE_REPRESENTATION('',(#409),#1904);
#1913=PRODUCT_DEFINITION_CONTEXT('part definition',#1918,'design');
#1914=PRODUCT_DEFINITION('alimentaciion tornillo ',
'alimentaciion tornillo ',#1915,#1913);
#1915=PRODUCT_DEFINITION_FORMATION('',$,#1920);
#1916=PRODUCT_RELATED_PRODUCT_CATEGORY('alimentaciion tornillo ',
'alimentaciion tornillo ',(#1920));
#1917=APPLICATION_PROTOCOL_DEFINITION('international standard',
'automotive_design',2009,#1918);
#1918=APPLICATION_CONTEXT(
'Core Data for Automotive Mechanical Design Process');
#1919=PRODUCT_CONTEXT('part definition',#1918,'mechanical');
#1920=PRODUCT('alimentaciion tornillo ','alimentaciion tornillo ',$,(#1919));
#1921=PRESENTATION_STYLE_ASSIGNMENT((#1923));
#1922=PRESENTATION_STYLE_ASSIGNMENT((#1924));
#1923=SURFACE_STYLE_USAGE(.BOTH.,#1927);
#1924=SURFACE_STYLE_USAGE(.BOTH.,#1928);
#1925=SURFACE_STYLE_RENDERING_WITH_PROPERTIES($,#1935,(#1926));
#1926=SURFACE_STYLE_TRANSPARENT(0.);
#1927=SURFACE_SIDE_STYLE('',(#1929,#1925));
#1928=SURFACE_SIDE_STYLE('',(#1930));
#1929=SURFACE_STYLE_FILL_AREA(#1931);
#1930=SURFACE_STYLE_FILL_AREA(#1932);
#1931=FILL_AREA_STYLE('',(#1933));
#1932=FILL_AREA_STYLE('',(#1934));
#1933=FILL_AREA_STYLE_COLOUR('',#1935);
#1934=FILL_AREA_STYLE_COLOUR('',#1936);
#1935=COLOUR_RGB('',0.749019607843137,0.749019607843137,0.749019607843137);
#1936=COLOUR_RGB('',0.913725490196078,0.913725490196078,0.);
ENDSEC;
END-ISO-10303-21;
