ISO-10303-21;
HEADER;
/* Generated by software containing ST-Developer
 * from STEP Tools, Inc. (www.steptools.com) 
 */

FILE_DESCRIPTION(
/* description */ (''),
/* implementation_level */ '2;1');

FILE_NAME(
/* name */ 'compresion tornillo.stp',
/* time_stamp */ '2025-12-28T22:24:24-03:00',
/* author */ ('TUF GAMING F15'),
/* organization */ (''),
/* preprocessor_version */ 'ST-DEVELOPER v20.1',
/* originating_system */ 'Autodesk Inventor 2026',
/* authorisation */ '');

FILE_SCHEMA (('AUTOMOTIVE_DESIGN { 1 0 10303 214 3 1 1 }'));
ENDSEC;

DATA;
#10=MECHANICAL_DESIGN_GEOMETRIC_PRESENTATION_REPRESENTATION('',(#13),#8672);
#11=SHAPE_REPRESENTATION_RELATIONSHIP('SRR','None',#8679,#12);
#12=ADVANCED_BREP_SHAPE_REPRESENTATION('',(#14),#8671);
#13=STYLED_ITEM('',(#8688),#14);
#14=MANIFOLD_SOLID_BREP('S\X\F3lido1',#465);
#15=PLANE('',#509);
#16=PLANE('',#510);
#17=PLANE('',#513);
#18=PLANE('',#514);
#19=B_SPLINE_SURFACE_WITH_KNOTS('',3,3,((#7566,#7567,#7568,#7569,#7570,
#7571,#7572,#7573,#7574,#7575,#7576,#7577,#7578,#7579,#7580,#7581,#7582,
#7583,#7584,#7585,#7586,#7587,#7588,#7589,#7590,#7591,#7592,#7593,#7594,
#7595,#7596,#7597,#7598,#7599,#7600,#7601,#7602,#7603,#7604,#7605,#7606,
#7607,#7608,#7609,#7610,#7611,#7612,#7613,#7614,#7615,#7616,#7617,#7618,
#7619,#7620,#7621,#7622,#7623,#7624,#7625,#7626,#7627,#7628,#7629,#7630,
#7631,#7632,#7633,#7634,#7635,#7636,#7637,#7638,#7639,#7640,#7641,#7642,
#7643,#7644,#7645,#7646,#7647,#7648,#7649,#7650,#7651,#7652,#7653,#7654,
#7655,#7656,#7657,#7658,#7659,#7660,#7661,#7662,#7663,#7664,#7665,#7666,
#7667,#7668,#7669,#7670,#7671,#7672,#7673,#7674,#7675,#7676,#7677),(#7678,
#7679,#7680,#7681,#7682,#7683,#7684,#7685,#7686,#7687,#7688,#7689,#7690,
#7691,#7692,#7693,#7694,#7695,#7696,#7697,#7698,#7699,#7700,#7701,#7702,
#7703,#7704,#7705,#7706,#7707,#7708,#7709,#7710,#7711,#7712,#7713,#7714,
#7715,#7716,#7717,#7718,#7719,#7720,#7721,#7722,#7723,#7724,#7725,#7726,
#7727,#7728,#7729,#7730,#7731,#7732,#7733,#7734,#7735,#7736,#7737,#7738,
#7739,#7740,#7741,#7742,#7743,#7744,#7745,#7746,#7747,#7748,#7749,#7750,
#7751,#7752,#7753,#7754,#7755,#7756,#7757,#7758,#7759,#7760,#7761,#7762,
#7763,#7764,#7765,#7766,#7767,#7768,#7769,#7770,#7771,#7772,#7773,#7774,
#7775,#7776,#7777,#7778,#7779,#7780,#7781,#7782,#7783,#7784,#7785,#7786,
#7787,#7788,#7789),(#7790,#7791,#7792,#7793,#7794,#7795,#7796,#7797,#7798,
#7799,#7800,#7801,#7802,#7803,#7804,#7805,#7806,#7807,#7808,#7809,#7810,
#7811,#7812,#7813,#7814,#7815,#7816,#7817,#7818,#7819,#7820,#7821,#7822,
#7823,#7824,#7825,#7826,#7827,#7828,#7829,#7830,#7831,#7832,#7833,#7834,
#7835,#7836,#7837,#7838,#7839,#7840,#7841,#7842,#7843,#7844,#7845,#7846,
#7847,#7848,#7849,#7850,#7851,#7852,#7853,#7854,#7855,#7856,#7857,#7858,
#7859,#7860,#7861,#7862,#7863,#7864,#7865,#7866,#7867,#7868,#7869,#7870,
#7871,#7872,#7873,#7874,#7875,#7876,#7877,#7878,#7879,#7880,#7881,#7882,
#7883,#7884,#7885,#7886,#7887,#7888,#7889,#7890,#7891,#7892,#7893,#7894,
#7895,#7896,#7897,#7898,#7899,#7900,#7901),(#7902,#7903,#7904,#7905,#7906,
#7907,#7908,#7909,#7910,#7911,#7912,#7913,#7914,#7915,#7916,#7917,#7918,
#7919,#7920,#7921,#7922,#7923,#7924,#7925,#7926,#7927,#7928,#7929,#7930,
#7931,#7932,#7933,#7934,#7935,#7936,#7937,#7938,#7939,#7940,#7941,#7942,
#7943,#7944,#7945,#7946,#7947,#7948,#7949,#7950,#7951,#7952,#7953,#7954,
#7955,#7956,#7957,#7958,#7959,#7960,#7961,#7962,#7963,#7964,#7965,#7966,
#7967,#7968,#7969,#7970,#7971,#7972,#7973,#7974,#7975,#7976,#7977,#7978,
#7979,#7980,#7981,#7982,#7983,#7984,#7985,#7986,#7987,#7988,#7989,#7990,
#7991,#7992,#7993,#7994,#7995,#7996,#7997,#7998,#7999,#8000,#8001,#8002,
#8003,#8004,#8005,#8006,#8007,#8008,#8009,#8010,#8011,#8012,#8013)),
 .UNSPECIFIED.,.F.,.F.,.F.,(4,4),(4,1,1,1,1,1,1,1,1,1,1,1,1,1,1,1,1,1,1,
1,1,1,1,1,1,1,1,1,1,1,1,1,1,1,1,1,1,1,1,1,1,1,1,1,1,1,1,1,1,1,1,1,1,1,1,
1,1,1,1,1,1,1,1,1,1,1,1,1,1,1,1,1,1,1,1,1,1,1,1,1,1,1,1,1,1,1,1,1,1,1,1,
1,1,1,1,1,1,1,1,1,1,1,1,1,1,1,1,1,1,4),(-0.75,-0.304999999999454),(0.,0.456428532671546,
0.912857065343091,1.36928559801464,1.82571413068618,2.28214266335773,2.73857119602927,
3.19499972870082,3.65142826137237,4.10785679404391,4.56428532671546,5.020713859387,
5.47714239205855,5.93357092473009,6.38999945740164,6.84642799007319,7.30285652274473,
7.91142789964013,8.51999927653552,9.12857065343091,9.73714203032631,10.2780943653444,
10.5485705328535,10.9542847841171,11.3599990353807,11.7657132866443,12.1714275379079,
12.5771417891715,12.9828560404351,13.3885702916987,13.7942845429623,14.1999987942259,
14.6057130454895,15.0114272967531,15.4171415480167,15.8228557992803,16.2285700505438,
16.6342843018074,17.039998553071,17.4457128043346,17.8514270555982,18.2571413068618,
18.6628555581254,19.068569809389,19.4742840606526,20.082855437548,20.6914268144434,
21.2999981913388,21.9085695682342,22.5171409451296,23.125712322025,23.7342836989204,
24.0385693873681,24.1907122315919,24.3428550758158,24.8838074108339,25.154283578343,
25.5599978296066,25.9657120808702,26.3714263321338,26.7771405833973,27.1828548346609,
27.5885690859245,27.9942833371881,28.3999975884517,28.8057118397153,29.2114260909789,
29.8199974678743,30.4285688447697,31.0371402216651,31.6457115985605,32.2542829754559,
32.8628543523513,33.4714257292467,34.0799971061421,34.6885684830375,35.2971398599329,
35.9057112368283,36.5142826137237,37.122853990619,37.7314253675144,38.3399967444098,
38.9485681213052,39.3542823725688,39.7599966238324,40.165710875096,40.5714251263596,
40.9771393776232,41.3828536288868,41.7885678801504,42.194282131414,42.5999963826776,
43.208567759573,43.8171391364684,44.2735676691399,44.7299962018115,45.186424734483,
45.6428532671546,46.0992817998261,46.5557103324977,47.0121388651692,47.4685673978408,
47.9249959305123,48.3814244631838,48.8378529958554,49.2942815285269,49.7507100611985,
50.20713859387,50.6635671265416,51.1199956592131),.UNSPECIFIED.);
#20=B_SPLINE_SURFACE_WITH_KNOTS('',3,3,((#8174,#8175,#8176,#8177),(#8178,
#8179,#8180,#8181),(#8182,#8183,#8184,#8185),(#8186,#8187,#8188,#8189)),
 .UNSPECIFIED.,.F.,.F.,.F.,(4,4),(4,4),(-0.3,0.),(50.7430045407823,51.1199956592131),
 .UNSPECIFIED.);
#21=B_SPLINE_SURFACE_WITH_KNOTS('',3,3,((#8215,#8216,#8217,#8218,#8219,
#8220,#8221,#8222,#8223,#8224,#8225,#8226,#8227,#8228,#8229,#8230,#8231,
#8232,#8233,#8234,#8235,#8236,#8237,#8238,#8239,#8240,#8241,#8242,#8243,
#8244,#8245,#8246,#8247,#8248,#8249,#8250,#8251,#8252,#8253,#8254,#8255,
#8256,#8257,#8258,#8259,#8260,#8261,#8262,#8263,#8264,#8265,#8266,#8267,
#8268,#8269,#8270,#8271,#8272,#8273,#8274,#8275,#8276,#8277,#8278,#8279,
#8280,#8281,#8282,#8283,#8284,#8285,#8286,#8287,#8288,#8289,#8290,#8291,
#8292,#8293,#8294,#8295,#8296,#8297,#8298,#8299,#8300,#8301,#8302,#8303,
#8304,#8305,#8306,#8307,#8308,#8309,#8310,#8311,#8312,#8313,#8314,#8315,
#8316,#8317,#8318,#8319,#8320,#8321,#8322,#8323,#8324,#8325,#8326),(#8327,
#8328,#8329,#8330,#8331,#8332,#8333,#8334,#8335,#8336,#8337,#8338,#8339,
#8340,#8341,#8342,#8343,#8344,#8345,#8346,#8347,#8348,#8349,#8350,#8351,
#8352,#8353,#8354,#8355,#8356,#8357,#8358,#8359,#8360,#8361,#8362,#8363,
#8364,#8365,#8366,#8367,#8368,#8369,#8370,#8371,#8372,#8373,#8374,#8375,
#8376,#8377,#8378,#8379,#8380,#8381,#8382,#8383,#8384,#8385,#8386,#8387,
#8388,#8389,#8390,#8391,#8392,#8393,#8394,#8395,#8396,#8397,#8398,#8399,
#8400,#8401,#8402,#8403,#8404,#8405,#8406,#8407,#8408,#8409,#8410,#8411,
#8412,#8413,#8414,#8415,#8416,#8417,#8418,#8419,#8420,#8421,#8422,#8423,
#8424,#8425,#8426,#8427,#8428,#8429,#8430,#8431,#8432,#8433,#8434,#8435,
#8436,#8437,#8438),(#8439,#8440,#8441,#8442,#8443,#8444,#8445,#8446,#8447,
#8448,#8449,#8450,#8451,#8452,#8453,#8454,#8455,#8456,#8457,#8458,#8459,
#8460,#8461,#8462,#8463,#8464,#8465,#8466,#8467,#8468,#8469,#8470,#8471,
#8472,#8473,#8474,#8475,#8476,#8477,#8478,#8479,#8480,#8481,#8482,#8483,
#8484,#8485,#8486,#8487,#8488,#8489,#8490,#8491,#8492,#8493,#8494,#8495,
#8496,#8497,#8498,#8499,#8500,#8501,#8502,#8503,#8504,#8505,#8506,#8507,
#8508,#8509,#8510,#8511,#8512,#8513,#8514,#8515,#8516,#8517,#8518,#8519,
#8520,#8521,#8522,#8523,#8524,#8525,#8526,#8527,#8528,#8529,#8530,#8531,
#8532,#8533,#8534,#8535,#8536,#8537,#8538,#8539,#8540,#8541,#8542,#8543,
#8544,#8545,#8546,#8547,#8548,#8549,#8550),(#8551,#8552,#8553,#8554,#8555,
#8556,#8557,#8558,#8559,#8560,#8561,#8562,#8563,#8564,#8565,#8566,#8567,
#8568,#8569,#8570,#8571,#8572,#8573,#8574,#8575,#8576,#8577,#8578,#8579,
#8580,#8581,#8582,#8583,#8584,#8585,#8586,#8587,#8588,#8589,#8590,#8591,
#8592,#8593,#8594,#8595,#8596,#8597,#8598,#8599,#8600,#8601,#8602,#8603,
#8604,#8605,#8606,#8607,#8608,#8609,#8610,#8611,#8612,#8613,#8614,#8615,
#8616,#8617,#8618,#8619,#8620,#8621,#8622,#8623,#8624,#8625,#8626,#8627,
#8628,#8629,#8630,#8631,#8632,#8633,#8634,#8635,#8636,#8637,#8638,#8639,
#8640,#8641,#8642,#8643,#8644,#8645,#8646,#8647,#8648,#8649,#8650,#8651,
#8652,#8653,#8654,#8655,#8656,#8657,#8658,#8659,#8660,#8661,#8662)),
 .UNSPECIFIED.,.F.,.F.,.F.,(4,4),(4,1,1,1,1,1,1,1,1,1,1,1,1,1,1,1,1,1,1,
1,1,1,1,1,1,1,1,1,1,1,1,1,1,1,1,1,1,1,1,1,1,1,1,1,1,1,1,1,1,1,1,1,1,1,1,
1,1,1,1,1,1,1,1,1,1,1,1,1,1,1,1,1,1,1,1,1,1,1,1,1,1,1,1,1,1,1,1,1,1,1,1,
1,1,1,1,1,1,1,1,1,1,1,1,1,1,1,1,1,1,4),(-0.445000000000296,0.),(0.,0.456428532671546,
0.912857065343091,1.36928559801464,1.82571413068618,2.28214266335773,2.73857119602927,
3.19499972870082,3.65142826137237,4.10785679404391,4.56428532671546,5.020713859387,
5.47714239205855,5.93357092473009,6.38999945740164,6.84642799007319,7.30285652274473,
7.91142789964013,8.51999927653552,9.12857065343091,9.73714203032631,10.2780943653444,
10.5485705328535,10.9542847841171,11.3599990353807,11.7657132866443,12.1714275379079,
12.5771417891715,12.9828560404351,13.3885702916987,13.7942845429623,14.1999987942259,
14.6057130454895,15.0114272967531,15.4171415480167,15.8228557992803,16.2285700505438,
16.6342843018074,17.039998553071,17.4457128043346,17.8514270555982,18.2571413068618,
18.6628555581254,19.068569809389,19.4742840606526,20.082855437548,20.6914268144434,
21.2999981913388,21.9085695682342,22.5171409451296,23.125712322025,23.7342836989204,
24.0385693873681,24.1907122315919,24.3428550758158,24.8838074108339,25.154283578343,
25.5599978296066,25.9657120808702,26.3714263321338,26.7771405833973,27.1828548346609,
27.5885690859245,27.9942833371881,28.3999975884517,28.8057118397153,29.2114260909789,
29.8199974678743,30.4285688447697,31.0371402216651,31.6457115985605,32.2542829754559,
32.8628543523513,33.4714257292467,34.0799971061421,34.6885684830375,35.2971398599329,
35.9057112368283,36.5142826137237,37.122853990619,37.7314253675144,38.3399967444098,
38.9485681213052,39.3542823725688,39.7599966238324,40.165710875096,40.5714251263596,
40.9771393776232,41.3828536288868,41.7885678801504,42.194282131414,42.5999963826776,
43.208567759573,43.8171391364684,44.2735676691399,44.7299962018115,45.186424734483,
45.6428532671546,46.0992817998261,46.5557103324977,47.0121388651692,47.4685673978408,
47.9249959305123,48.3814244631838,48.8378529958554,49.2942815285269,49.7507100611985,
50.20713859387,50.6635671265416,51.1199956592131),.UNSPECIFIED.);
#22=CYLINDRICAL_SURFACE('',#500,16.95);
#23=CYLINDRICAL_SURFACE('',#501,16.95);
#24=CYLINDRICAL_SURFACE('',#502,16.95);
#25=CYLINDRICAL_SURFACE('',#503,16.95);
#26=CYLINDRICAL_SURFACE('',#504,16.95);
#27=CYLINDRICAL_SURFACE('',#505,16.95);
#28=CYLINDRICAL_SURFACE('',#506,16.95);
#29=CYLINDRICAL_SURFACE('',#507,16.95);
#30=CYLINDRICAL_SURFACE('',#508,16.95);
#31=FACE_OUTER_BOUND('',#57,.T.);
#32=FACE_OUTER_BOUND('',#58,.T.);
#33=FACE_OUTER_BOUND('',#59,.T.);
#34=FACE_OUTER_BOUND('',#60,.T.);
#35=FACE_OUTER_BOUND('',#61,.T.);
#36=FACE_OUTER_BOUND('',#62,.T.);
#37=FACE_OUTER_BOUND('',#63,.T.);
#38=FACE_OUTER_BOUND('',#64,.T.);
#39=FACE_OUTER_BOUND('',#65,.T.);
#40=FACE_OUTER_BOUND('',#66,.T.);
#41=FACE_OUTER_BOUND('',#67,.T.);
#42=FACE_OUTER_BOUND('',#68,.T.);
#43=FACE_OUTER_BOUND('',#69,.T.);
#44=FACE_OUTER_BOUND('',#70,.T.);
#45=FACE_OUTER_BOUND('',#71,.T.);
#46=FACE_OUTER_BOUND('',#72,.T.);
#47=FACE_OUTER_BOUND('',#73,.T.);
#48=FACE_OUTER_BOUND('',#74,.T.);
#49=FACE_OUTER_BOUND('',#75,.T.);
#50=FACE_OUTER_BOUND('',#76,.T.);
#51=FACE_OUTER_BOUND('',#77,.T.);
#52=FACE_OUTER_BOUND('',#78,.T.);
#53=FACE_OUTER_BOUND('',#79,.T.);
#54=FACE_OUTER_BOUND('',#80,.T.);
#55=FACE_OUTER_BOUND('',#81,.T.);
#56=FACE_OUTER_BOUND('',#82,.T.);
#57=EDGE_LOOP('',(#291,#292,#293));
#58=EDGE_LOOP('',(#294,#295,#296,#297,#298,#299));
#59=EDGE_LOOP('',(#300,#301,#302,#303));
#60=EDGE_LOOP('',(#304,#305,#306,#307));
#61=EDGE_LOOP('',(#308,#309,#310,#311));
#62=EDGE_LOOP('',(#312,#313,#314,#315));
#63=EDGE_LOOP('',(#316,#317,#318,#319));
#64=EDGE_LOOP('',(#320,#321,#322,#323));
#65=EDGE_LOOP('',(#324,#325,#326,#327,#328));
#66=EDGE_LOOP('',(#329,#330,#331,#332));
#67=EDGE_LOOP('',(#333,#334,#335,#336));
#68=EDGE_LOOP('',(#337,#338,#339,#340));
#69=EDGE_LOOP('',(#341,#342,#343,#344));
#70=EDGE_LOOP('',(#345,#346,#347,#348));
#71=EDGE_LOOP('',(#349,#350,#351,#352));
#72=EDGE_LOOP('',(#353,#354,#355,#356));
#73=EDGE_LOOP('',(#357,#358,#359,#360));
#74=EDGE_LOOP('',(#361,#362,#363,#364));
#75=EDGE_LOOP('',(#365,#366,#367,#368,#369,#370,#371,#372,#373,#374,#375,
#376,#377,#378,#379,#380,#381,#382,#383,#384,#385,#386));
#76=EDGE_LOOP('',(#387,#388,#389,#390,#391));
#77=EDGE_LOOP('',(#392,#393,#394));
#78=EDGE_LOOP('',(#395,#396,#397,#398,#399,#400,#401,#402,#403,#404,#405,
#406,#407,#408,#409,#410,#411,#412,#413,#414));
#79=EDGE_LOOP('',(#415,#416,#417,#418));
#80=EDGE_LOOP('',(#419,#420,#421));
#81=EDGE_LOOP('',(#422,#423,#424,#425,#426));
#82=EDGE_LOOP('',(#427,#428));
#83=CIRCLE('',#489,12.5);
#84=CIRCLE('',#491,12.5);
#85=CIRCLE('',#499,15.5);
#86=CIRCLE('',#512,15.5);
#87=B_SPLINE_CURVE_WITH_KNOTS('',3,(#602,#603,#604,#605,#606,#607,#608,
#609,#610,#611,#612,#613,#614,#615,#616,#617,#618,#619,#620,#621,#622,#623,
#624,#625,#626,#627,#628,#629,#630,#631,#632,#633,#634,#635,#636,#637,#638,
#639,#640,#641,#642,#643,#644,#645,#646,#647,#648,#649,#650,#651,#652,#653,
#654,#655,#656,#657,#658,#659,#660,#661,#662,#663,#664,#665,#666,#667,#668,
#669,#670,#671,#672,#673,#674,#675,#676,#677,#678,#679,#680,#681,#682,#683,
#684,#685,#686,#687,#688,#689,#690,#691,#692,#693,#694,#695,#696,#697,#698,
#699,#700,#701,#702,#703,#704,#705,#706,#707,#708,#709,#710,#711,#712,#713,
#714,#715,#716,#717,#718,#719,#720,#721,#722,#723,#724,#725,#726,#727,#728,
#729,#730,#731,#732,#733,#734,#735,#736,#737,#738,#739,#740,#741,#742,#743,
#744,#745,#746,#747,#748,#749,#750,#751,#752,#753,#754,#755,#756,#757,#758,
#759,#760,#761,#762,#763,#764,#765,#766,#767,#768,#769,#770,#771,#772,#773,
#774,#775,#776,#777,#778,#779,#780,#781,#782,#783,#784,#785,#786,#787,#788,
#789,#790,#791,#792,#793,#794,#795,#796,#797,#798,#799,#800,#801,#802,#803,
#804,#805,#806,#807,#808,#809,#810,#811,#812,#813,#814,#815,#816,#817,#818,
#819,#820,#821,#822,#823,#824,#825,#826,#827,#828,#829,#830,#831,#832,#833,
#834,#835,#836,#837,#838,#839,#840,#841,#842,#843,#844,#845,#846,#847,#848,
#849,#850,#851,#852,#853,#854,#855,#856,#857,#858,#859,#860,#861,#862,#863,
#864,#865,#866,#867,#868,#869,#870,#871,#872,#873,#874,#875,#876,#877,#878,
#879,#880,#881,#882,#883,#884,#885,#886,#887,#888,#889,#890,#891,#892,#893,
#894,#895,#896),.UNSPECIFIED.,.F.,.F.,(4,3,3,3,3,3,3,3,3,3,3,3,3,3,3,3,
3,3,3,3,3,3,3,3,3,3,3,3,3,3,3,3,3,3,3,3,3,3,3,3,3,3,3,3,3,3,3,3,3,3,3,3,
3,3,3,3,3,3,3,3,3,3,3,3,3,3,3,3,3,3,3,3,3,3,3,3,3,3,3,3,3,3,3,3,3,3,3,3,
3,3,3,3,3,3,3,3,3,3,4),(75.7361111546486,75.8411998888604,75.8709275641373,
75.8816124930307,75.8907383518585,75.9601105899678,76.0653580193534,76.1717604501543,
76.2787089420091,76.3851537918873,76.4906582920287,76.5710188625426,76.584166500757,
76.6513794330565,76.7564845070223,76.8627594955651,76.9695993662862,77.0759651928471,
77.1814046191367,77.2615169009285,77.2713013920406,77.2810375930043,77.3416291827204,
77.4465939858236,77.5527430230536,77.6594751990803,77.7657624626121,77.8711373014771,
77.9509989346406,77.9654785672224,77.974814041797,78.0308605678041,78.1356779251243,
78.2416961407868,78.3483184802051,78.4545289547064,78.5598426610456,78.6394585009449,
78.6582276429254,78.6678348517228,78.7190743408442,78.8237397400737,78.9296239070338,
79.036135221041,79.142271621338,79.2475291070464,79.3269001933143,79.3419863917835,
79.3512374153801,79.3603854982249,79.4062712795823,79.510782483315,79.6165305015979,
79.7229288990036,79.8289897861767,79.934189931527,80.0133210600702,80.0346504723784,
80.0443086966497,80.0924521886135,80.1967977172933,80.3024024791663,80.4086861804213,
80.5146776815538,80.6198300874677,80.6987239943209,80.7218351127868,80.7322672249459,
80.7412670828825,80.7776179011741,80.8818052185146,80.9872689414908,81.093435534156,
81.1993517326198,81.304450809291,81.3831100451786,81.4070905273105,81.4209396910993,
81.4318844570487,81.4617692810662,81.5657751911568,81.6710855024035,81.7771312193327,
81.8829726639754,81.9880163307775,82.0664577769236,82.1056784999966,82.115787482193,
82.1448992230696,82.249766051429,82.3552932485067,82.4139839980217,82.4444009854079,
82.4664160717478,82.4790233382859,82.5845451393201,82.6899704727686,82.7944019084052,
82.8248192446271),.UNSPECIFIED.);
#88=B_SPLINE_CURVE_WITH_KNOTS('',3,(#902,#903,#904,#905,#906,#907,#908,
#909,#910,#911,#912,#913,#914,#915,#916,#917,#918,#919,#920,#921,#922,#923,
#924,#925,#926,#927,#928,#929,#930,#931,#932,#933,#934,#935,#936,#937,#938,
#939,#940,#941,#942,#943,#944,#945,#946,#947,#948,#949,#950,#951,#952,#953,
#954,#955,#956,#957,#958,#959,#960,#961,#962,#963,#964,#965,#966,#967,#968,
#969,#970,#971,#972,#973,#974,#975,#976,#977,#978,#979,#980,#981,#982,#983,
#984,#985,#986,#987,#988,#989,#990,#991,#992,#993,#994,#995,#996,#997,#998,
#999,#1000,#1001,#1002,#1003,#1004,#1005,#1006,#1007,#1008,#1009,#1010,
#1011,#1012,#1013,#1014,#1015,#1016,#1017,#1018,#1019,#1020,#1021,#1022,
#1023,#1024,#1025,#1026,#1027,#1028,#1029,#1030,#1031,#1032,#1033,#1034,
#1035,#1036,#1037,#1038,#1039,#1040,#1041,#1042,#1043,#1044,#1045,#1046,
#1047,#1048,#1049,#1050,#1051,#1052,#1053,#1054,#1055,#1056,#1057,#1058,
#1059,#1060,#1061,#1062,#1063,#1064,#1065,#1066,#1067,#1068,#1069,#1070,
#1071,#1072,#1073,#1074,#1075,#1076,#1077,#1078,#1079,#1080,#1081,#1082,
#1083,#1084,#1085,#1086,#1087,#1088,#1089,#1090,#1091,#1092,#1093,#1094,
#1095,#1096,#1097,#1098,#1099,#1100,#1101,#1102,#1103,#1104,#1105,#1106,
#1107,#1108,#1109,#1110,#1111,#1112,#1113,#1114,#1115,#1116,#1117,#1118,
#1119,#1120,#1121,#1122,#1123,#1124,#1125,#1126,#1127,#1128,#1129,#1130,
#1131,#1132,#1133,#1134,#1135,#1136,#1137,#1138,#1139,#1140,#1141,#1142,
#1143,#1144,#1145,#1146,#1147,#1148,#1149,#1150,#1151,#1152,#1153,#1154,
#1155,#1156,#1157,#1158,#1159,#1160,#1161,#1162,#1163,#1164,#1165,#1166,
#1167,#1168,#1169,#1170,#1171,#1172,#1173,#1174,#1175,#1176,#1177,#1178,
#1179,#1180,#1181,#1182,#1183,#1184,#1185,#1186,#1187,#1188,#1189,#1190,
#1191,#1192,#1193,#1194,#1195,#1196,#1197,#1198,#1199,#1200,#1201,#1202,
#1203,#1204,#1205,#1206,#1207,#1208,#1209,#1210,#1211,#1212,#1213,#1214,
#1215,#1216,#1217,#1218,#1219,#1220,#1221,#1222,#1223,#1224,#1225,#1226,
#1227,#1228,#1229,#1230,#1231,#1232,#1233,#1234,#1235,#1236,#1237,#1238,
#1239,#1240,#1241,#1242,#1243,#1244,#1245,#1246,#1247,#1248,#1249,#1250,
#1251,#1252,#1253,#1254,#1255,#1256,#1257,#1258,#1259,#1260,#1261,#1262,
#1263,#1264,#1265,#1266,#1267,#1268,#1269,#1270,#1271,#1272,#1273,#1274,
#1275,#1276,#1277,#1278,#1279,#1280,#1281,#1282,#1283),.UNSPECIFIED.,.F.,
 .F.,(4,3,3,3,3,3,3,3,3,3,3,3,3,3,3,3,3,3,3,3,3,3,3,3,3,3,3,3,3,3,3,3,3,
3,3,3,3,3,3,3,3,3,3,3,3,3,3,3,3,3,3,3,3,3,3,3,3,3,3,3,3,3,3,3,3,3,3,3,3,
3,3,3,3,3,3,3,3,3,3,3,3,3,3,3,3,3,3,3,3,3,3,3,3,3,3,3,3,3,3,3,3,3,3,3,3,
3,3,3,3,3,3,3,3,3,3,3,3,3,3,3,3,3,3,3,3,3,3,4),(66.1112535303646,66.1749807733112,
66.2816851728641,66.3895278016287,66.4979091816472,66.605883488532,66.704159592314,
66.753297644205,66.7778666701504,66.7903324744743,66.7997819827394,66.8024356960959,
66.9092957405398,67.0169630771693,67.1248953183142,67.2203634331713,67.328696362181,
67.4194654113109,67.4591768703052,67.4837999214012,67.4934221300376,67.5029732272393,
67.6100152390985,67.7212236181288,67.8294143065238,67.9421315308718,68.0481978949835,
68.0548487552199,68.1630171808941,68.1915093308113,68.2029682682213,68.3091014817255,
68.4165661284632,68.5247677329037,68.6329875872916,68.7399348413573,68.8455868932696,
68.8819967260406,68.8943848358959,68.9044716870569,68.9912262243536,69.0965691946255,
69.204095335087,69.3122185653585,69.4202231577044,69.5274036869944,69.5772947902445,
69.5924323471379,69.6061713891373,69.7138270973407,69.8216694752413,69.9265325129946,
70.0338903398225,70.1418503307446,70.2316377738244,70.2709197801718,70.2910530964911,
70.301174542408,70.4077711981701,70.5208658674733,70.6286919337431,70.7359169466729,
70.8415830476635,70.8601498753829,70.9679333583937,70.9971636994183,71.0065023777288,
71.112164761131,71.219177462061,71.3269678007257,71.4348351448773,71.5415283413779,
71.6469759043915,71.6829965327624,71.6988687267072,71.7089186862082,71.7910584178749,
71.8967601534506,72.0036605625016,72.1111541654495,72.2181979575398,72.3243160770073,
72.3653510474142,72.3877129224409,72.3983571735047,72.4072818453411,72.4884559586351,
72.5944450060633,72.7014994719527,72.8089987675974,72.9158561963669,73.0217184440098,
73.0624964484813,73.081997749128,73.0958921494588,73.105775174006,73.1848304618958,
73.2905495876057,73.3974009162659,73.5047627892079,73.6115524840548,73.7173635753206,
73.7580683162327,73.79289504631,73.8031292808585,73.8801825389692,73.9858214045867,
74.0925793162648,74.1998421723947,74.3065434594628,74.412280347806,74.4528384654635,
74.484727128744,74.4972874304312,74.5745128184361,74.6800245149044,74.786669101805,
74.8938305237116,75.0004399036098,75.1060850088835,75.1869532708281,75.1959471704536,
75.2678215327726,75.3727509617186,75.4794145611035,75.5864730793808,75.6931643704717,
75.7361111546486),.UNSPECIFIED.);
#89=B_SPLINE_CURVE_WITH_KNOTS('',3,(#1287,#1288,#1289,#1290,#1291,#1292,
#1293,#1294,#1295,#1296,#1297,#1298,#1299,#1300,#1301,#1302,#1303,#1304,
#1305,#1306,#1307,#1308,#1309,#1310,#1311,#1312,#1313,#1314,#1315,#1316,
#1317,#1318,#1319,#1320,#1321,#1322,#1323,#1324,#1325,#1326,#1327,#1328,
#1329,#1330,#1331,#1332,#1333,#1334,#1335,#1336,#1337,#1338,#1339,#1340,
#1341,#1342,#1343,#1344,#1345,#1346,#1347,#1348,#1349,#1350,#1351,#1352,
#1353,#1354,#1355,#1356,#1357,#1358,#1359,#1360,#1361,#1362,#1363,#1364,
#1365,#1366,#1367,#1368,#1369,#1370,#1371,#1372,#1373,#1374,#1375,#1376,
#1377,#1378,#1379,#1380,#1381,#1382,#1383,#1384,#1385,#1386,#1387,#1388,
#1389,#1390,#1391,#1392,#1393,#1394,#1395,#1396,#1397,#1398,#1399,#1400,
#1401,#1402,#1403,#1404,#1405,#1406,#1407,#1408,#1409,#1410,#1411,#1412,
#1413,#1414,#1415,#1416,#1417,#1418,#1419,#1420,#1421,#1422,#1423,#1424,
#1425,#1426,#1427,#1428,#1429,#1430,#1431,#1432,#1433,#1434,#1435,#1436,
#1437,#1438,#1439,#1440,#1441,#1442,#1443,#1444,#1445,#1446,#1447,#1448,
#1449,#1450,#1451,#1452,#1453,#1454,#1455,#1456,#1457,#1458,#1459,#1460,
#1461,#1462,#1463,#1464,#1465,#1466,#1467,#1468,#1469,#1470,#1471,#1472,
#1473,#1474,#1475,#1476,#1477,#1478,#1479,#1480,#1481,#1482,#1483,#1484,
#1485,#1486,#1487,#1488,#1489,#1490,#1491,#1492,#1493,#1494,#1495,#1496,
#1497,#1498,#1499,#1500,#1501,#1502,#1503,#1504,#1505,#1506,#1507,#1508,
#1509,#1510,#1511,#1512,#1513,#1514,#1515,#1516,#1517,#1518,#1519,#1520,
#1521,#1522,#1523,#1524,#1525,#1526,#1527,#1528,#1529,#1530,#1531,#1532,
#1533,#1534,#1535,#1536,#1537,#1538,#1539,#1540,#1541,#1542,#1543,#1544,
#1545,#1546,#1547,#1548,#1549,#1550,#1551,#1552,#1553,#1554,#1555,#1556,
#1557,#1558,#1559,#1560),.UNSPECIFIED.,.F.,.F.,(4,3,3,3,3,3,3,3,3,3,3,3,
3,3,3,3,3,3,3,3,3,3,3,3,3,3,3,3,3,3,3,3,3,3,3,3,3,3,3,3,3,3,3,3,3,3,3,3,
3,3,3,3,3,3,3,3,3,3,3,3,3,3,3,3,3,3,3,3,3,3,3,3,3,3,3,3,3,3,3,3,3,3,3,3,
3,3,3,3,3,3,3,4),(0.,0.103309129478444,0.208007254980757,0.313575442962887,
0.419193395172568,0.524151804389985,0.627349724576691,0.680729266652648,
0.694678558189579,0.798153544709644,0.903005747410506,1.00870122141159,
1.11439236720189,1.2193920577598,1.32264875330344,1.36246764174046,1.37384534728845,
1.3830559913415,1.48667172730919,1.59165138487013,1.69745978582895,1.80325093899601,
1.90834975285678,2.01173829061363,2.04521607949784,2.06095838723576,2.07262431263536,
2.17637575214453,2.28148332306644,2.38740674544584,2.49329316493772,2.59847778457399,
2.70197062078179,2.72897549769404,2.75518936094842,2.76508361821182,2.86899551459017,
2.97424587368625,3.08412110023363,3.19007646321967,3.29529939331218,3.39885530096958,
3.41374677987576,3.43580400051135,3.4453213886697,3.45448046701803,3.55850307173594,
3.66386194589141,3.77277915378644,3.87884185070435,3.98918631408794,4.09282859457011,
4.09953077747153,4.12244946954229,4.13548541917073,4.14446961312074,4.24859603205761,
4.35405830522818,4.4621258068601,4.5682961307518,4.67731222125383,4.78632831175587,
4.81765319108312,4.8282395748195,4.83741558978105,4.9416815198957,5.04727209493937,
5.15398911512154,5.26025884408232,5.36719950987518,5.47414017566805,5.52019555906788,
5.52942603602593,5.63380662827943,5.73950810855536,5.84610578821865,5.95247560333648,
6.05772136941495,6.16296713549342,6.20608231030108,6.21573318510242,6.32012880303484,
6.42587172595224,6.53260627756816,6.63910719147689,6.7459585619464,6.85280993241591,
6.88657175478729,6.90306553754702,6.91465246378891,7.01928849095312,7.07639630834739),
 .UNSPECIFIED.);
#90=B_SPLINE_CURVE_WITH_KNOTS('',3,(#1565,#1566,#1567,#1568,#1569,#1570,
#1571,#1572,#1573,#1574,#1575,#1576,#1577,#1578,#1579,#1580,#1581,#1582,
#1583,#1584,#1585,#1586,#1587,#1588,#1589,#1590,#1591,#1592,#1593,#1594,
#1595,#1596,#1597,#1598,#1599,#1600,#1601,#1602,#1603,#1604,#1605,#1606,
#1607,#1608,#1609,#1610,#1611,#1612,#1613,#1614,#1615,#1616,#1617,#1618,
#1619,#1620,#1621,#1622,#1623,#1624,#1625,#1626,#1627,#1628,#1629,#1630,
#1631,#1632,#1633,#1634,#1635,#1636,#1637,#1638,#1639,#1640,#1641,#1642,
#1643,#1644,#1645,#1646,#1647,#1648,#1649,#1650,#1651,#1652,#1653,#1654,
#1655,#1656,#1657,#1658,#1659,#1660,#1661,#1662,#1663,#1664,#1665,#1666,
#1667,#1668,#1669,#1670,#1671,#1672,#1673,#1674,#1675,#1676,#1677,#1678,
#1679,#1680,#1681,#1682,#1683,#1684,#1685,#1686,#1687,#1688,#1689,#1690,
#1691,#1692,#1693,#1694,#1695,#1696,#1697,#1698,#1699,#1700,#1701,#1702,
#1703,#1704,#1705,#1706,#1707,#1708,#1709,#1710,#1711,#1712,#1713,#1714,
#1715,#1716,#1717,#1718,#1719,#1720,#1721,#1722,#1723,#1724,#1725,#1726,
#1727,#1728,#1729,#1730,#1731,#1732,#1733,#1734,#1735,#1736,#1737,#1738,
#1739,#1740,#1741,#1742,#1743,#1744,#1745,#1746,#1747,#1748,#1749,#1750,
#1751,#1752,#1753,#1754,#1755,#1756,#1757,#1758,#1759,#1760,#1761,#1762,
#1763,#1764,#1765,#1766,#1767,#1768,#1769,#1770,#1771,#1772,#1773,#1774,
#1775,#1776,#1777,#1778,#1779,#1780,#1781,#1782,#1783,#1784,#1785,#1786,
#1787,#1788,#1789,#1790,#1791,#1792,#1793,#1794,#1795,#1796,#1797,#1798,
#1799,#1800,#1801,#1802,#1803,#1804,#1805,#1806,#1807,#1808,#1809,#1810,
#1811,#1812,#1813,#1814,#1815,#1816,#1817,#1818,#1819,#1820,#1821,#1822,
#1823,#1824,#1825,#1826,#1827,#1828,#1829,#1830,#1831,#1832,#1833,#1834,
#1835,#1836,#1837,#1838,#1839,#1840,#1841,#1842,#1843,#1844,#1845,#1846,
#1847,#1848,#1849,#1850,#1851,#1852,#1853,#1854,#1855,#1856,#1857,#1858,
#1859,#1860,#1861,#1862,#1863,#1864,#1865,#1866,#1867,#1868,#1869,#1870,
#1871,#1872,#1873,#1874,#1875,#1876,#1877,#1878,#1879,#1880,#1881,#1882,
#1883,#1884,#1885,#1886,#1887,#1888,#1889,#1890,#1891,#1892,#1893,#1894,
#1895,#1896,#1897,#1898,#1899,#1900,#1901,#1902,#1903,#1904,#1905,#1906,
#1907,#1908,#1909,#1910,#1911,#1912,#1913,#1914,#1915,#1916,#1917,#1918,
#1919,#1920,#1921,#1922,#1923,#1924,#1925,#1926,#1927,#1928,#1929,#1930,
#1931,#1932,#1933,#1934,#1935,#1936,#1937,#1938,#1939,#1940,#1941,#1942,
#1943,#1944,#1945,#1946),.UNSPECIFIED.,.F.,.F.,(4,3,3,3,3,3,3,3,3,3,3,3,
3,3,3,3,3,3,3,3,3,3,3,3,3,3,3,3,3,3,3,3,3,3,3,3,3,3,3,3,3,3,3,3,3,3,3,3,
3,3,3,3,3,3,3,3,3,3,3,3,3,3,3,3,3,3,3,3,3,3,3,3,3,3,3,3,3,3,3,3,3,3,3,3,
3,3,3,3,3,3,3,3,3,3,3,3,3,3,3,3,3,3,3,3,3,3,3,3,3,3,3,3,3,3,3,3,3,3,3,3,
3,3,3,3,3,3,3,4),(56.291684463916,56.4012440505963,56.5110052515262,56.6201186663162,
56.6689420102925,56.778506003535,56.844732234827,56.8624825022241,56.8780793940295,
56.8874976598665,56.9962730030429,57.1057320974308,57.2152299248741,57.3083158538714,
57.4179201389627,57.5270838070192,57.5795523473604,57.5904934935887,57.5996866725337,
57.7084378388621,57.8178160662825,57.9272195477154,57.9468321297488,58.0563080210503,
58.1657155109329,58.2704191638687,58.2910767414166,58.3012232310514,58.311356532812,
58.420039291352,58.5294250657023,58.5845301226761,58.6937367930242,58.8031853417273,
58.911629670575,58.9890849191231,59.0107694574992,59.0200656175537,59.1291007121632,
59.2214506647675,59.3301511858985,59.4394596864504,59.5483383763673,59.6563099993249,
59.7066413507107,59.7227189041583,59.7325692792275,59.8413844071671,59.8576354048681,
59.9657585566038,60.0747831192927,60.1838780768528,60.2923076409316,60.3927171169375,
60.417819485939,60.4311842142554,60.4396782198982,60.4931265929434,60.6004502336922,
60.7089724976662,60.8181352829856,60.9269395559841,61.0341830392848,61.1279597371185,
61.1390749928003,61.1485148213957,61.2553208041148,61.3634617226723,61.4725151501133,
61.5813814813828,61.6889903388251,61.7619178838875,61.8410419741362,61.8505223549111,
61.9573241948301,62.0667207975919,62.1756670292654,62.2852888175712,62.3949106058771,
62.5034740770852,62.5361931113502,62.5566292071317,62.5657910189181,62.6729502570144,
62.7815748381465,62.8904197004089,62.9986931686566,63.0269786253252,63.1357028560361,
63.2010105444464,63.2581547718053,63.2716479326761,63.3795009912253,63.4880334552404,
63.596629238622,63.6581643633181,63.7668645697799,63.8752903665015,63.9269430383749,
63.9586980653959,63.9708269461453,63.9807436244573,64.0885964814081,64.1971793976817,
64.2885117414885,64.3970019002645,64.5055777335051,64.6086997903548,64.6473705616734,
64.6698083527821,64.6837603858646,64.7915451744778,64.8999874631409,64.9180659609037,
65.0261579521915,65.1346945572545,65.2425514467441,65.318631900316,65.375692240495,
65.3888835579943,65.4969243403942,65.5468732610318,65.6542901061144,65.7627200777805,
65.870985919823,65.9788969584213,66.0868079970196,66.1112535303646),
 .UNSPECIFIED.);
#91=B_SPLINE_CURVE_WITH_KNOTS('',3,(#1947,#1948,#1949,#1950,#1951,#1952,
#1953,#1954,#1955,#1956,#1957,#1958,#1959,#1960,#1961,#1962,#1963,#1964,
#1965,#1966,#1967,#1968,#1969,#1970,#1971,#1972,#1973,#1974,#1975,#1976,
#1977,#1978,#1979,#1980,#1981,#1982,#1983,#1984,#1985,#1986,#1987,#1988,
#1989,#1990,#1991,#1992,#1993,#1994,#1995,#1996,#1997,#1998,#1999,#2000,
#2001,#2002,#2003,#2004,#2005,#2006,#2007,#2008,#2009,#2010,#2011,#2012,
#2013,#2014,#2015,#2016,#2017,#2018,#2019,#2020,#2021,#2022,#2023,#2024,
#2025,#2026,#2027,#2028,#2029,#2030,#2031,#2032,#2033,#2034,#2035,#2036,
#2037,#2038,#2039,#2040,#2041,#2042,#2043,#2044,#2045,#2046,#2047,#2048,
#2049,#2050,#2051,#2052,#2053,#2054,#2055,#2056,#2057,#2058,#2059,#2060,
#2061,#2062,#2063,#2064,#2065,#2066,#2067,#2068,#2069,#2070,#2071,#2072,
#2073,#2074,#2075,#2076,#2077,#2078,#2079,#2080,#2081,#2082,#2083,#2084,
#2085,#2086,#2087,#2088,#2089,#2090,#2091,#2092,#2093,#2094,#2095,#2096,
#2097,#2098,#2099,#2100,#2101,#2102,#2103,#2104,#2105,#2106,#2107,#2108,
#2109,#2110,#2111,#2112,#2113,#2114,#2115,#2116,#2117,#2118,#2119,#2120,
#2121,#2122,#2123,#2124,#2125,#2126,#2127,#2128,#2129,#2130,#2131,#2132,
#2133,#2134,#2135,#2136,#2137,#2138,#2139,#2140,#2141,#2142,#2143,#2144,
#2145,#2146,#2147,#2148,#2149,#2150,#2151,#2152,#2153,#2154,#2155,#2156,
#2157,#2158,#2159,#2160,#2161,#2162,#2163,#2164,#2165,#2166,#2167,#2168,
#2169,#2170,#2171,#2172,#2173,#2174,#2175,#2176,#2177,#2178,#2179,#2180,
#2181,#2182,#2183,#2184,#2185,#2186,#2187,#2188,#2189,#2190,#2191,#2192,
#2193,#2194,#2195,#2196,#2197,#2198,#2199,#2200,#2201,#2202,#2203,#2204,
#2205,#2206,#2207,#2208,#2209,#2210,#2211,#2212,#2213,#2214,#2215,#2216,
#2217,#2218,#2219,#2220,#2221,#2222,#2223,#2224,#2225,#2226,#2227,#2228,
#2229,#2230,#2231,#2232,#2233,#2234,#2235,#2236,#2237,#2238,#2239,#2240,
#2241,#2242,#2243,#2244,#2245,#2246,#2247,#2248,#2249,#2250,#2251,#2252,
#2253,#2254,#2255,#2256,#2257,#2258,#2259,#2260,#2261,#2262,#2263,#2264,
#2265,#2266,#2267,#2268,#2269,#2270,#2271,#2272,#2273,#2274,#2275,#2276,
#2277,#2278,#2279,#2280,#2281,#2282,#2283,#2284,#2285,#2286,#2287,#2288,
#2289,#2290,#2291,#2292,#2293,#2294,#2295,#2296,#2297,#2298,#2299,#2300,
#2301,#2302,#2303,#2304,#2305,#2306,#2307,#2308,#2309,#2310,#2311,#2312,
#2313,#2314,#2315,#2316,#2317,#2318,#2319,#2320,#2321,#2322),
 .UNSPECIFIED.,.F.,.F.,(4,3,3,3,3,3,3,3,3,3,3,3,3,3,3,3,3,3,3,3,3,3,3,3,
3,3,3,3,3,3,3,3,3,3,3,3,3,3,3,3,3,3,3,3,3,3,3,3,3,3,3,3,3,3,3,3,3,3,3,3,
3,3,3,3,3,3,3,3,3,3,3,3,3,3,3,3,3,3,3,3,3,3,3,3,3,3,3,3,3,3,3,3,3,3,3,3,
3,3,3,3,3,3,3,3,3,3,3,3,3,3,3,3,3,3,3,3,3,3,3,3,3,3,3,3,3,4),(7.07639630834739,
7.18280048795247,7.28954220899831,7.39577975526286,7.50047281820855,7.54366963468939,
7.58691190034244,7.59986728050506,7.6090662251888,7.71376871028158,7.81978901384627,
7.92669399198999,8.03337022409401,8.13862761189306,8.23554588513821,8.27885179293594,
8.29603814272648,8.30476404436768,8.40961046571867,8.51575741840031,8.62276211797882,
8.72953008899971,8.83488860997944,8.92844040990194,8.97180997877612,8.99036664132814,
8.99956329135,9.10449729693068,9.21074290360908,9.31784664194207,9.42470455112341,
9.53013238613557,9.6223535118888,9.66578678148884,9.6839207676426,9.69567689228299,
9.80068979458977,9.90701638054101,10.0142437279358,10.1212692622685,10.2269537812439,
10.3172858254894,10.3607828343105,10.3761808687727,10.3856776055631,10.3951161199735,
10.500456537256,10.6070289626693,10.7142823235315,10.8211884435322,10.9265516057331,
11.0132379666275,11.0713012974898,11.083014759547,11.0921811099202,11.1984398787331,
11.3051752922329,11.4126878671955,11.5202831032829,11.6265954155621,11.7055093767774,
11.7646948476888,11.780880129954,11.790461611856,11.8979793812887,11.9422512604231,
12.0478088593906,12.1551766415961,12.2628304710364,12.3700362780509,12.4330283916954,
12.4605874414149,12.4744303942706,12.486284150187,12.5936424736205,12.7013651512826,
12.8085943897446,12.8739731872072,12.9813531463578,13.0845910673281,13.1749242481771,
13.18465692202,13.2910299399402,13.3984870140221,13.5063110334332,13.6136084940288,
13.7191311968147,13.8072565141201,13.8656606069041,13.8782037781995,13.8878254845187,
13.9945625487868,14.1015780418713,14.2094311850756,14.3174233011065,14.4241869526083,
14.5035707141221,14.5631085352574,14.574924331626,14.5860484000208,14.6939433871022,
14.7417219986635,14.8484342743739,14.9561221087574,15.0641443157073,15.1717886400716,
15.2724687458203,15.2811232671907,15.38862343135,15.4967052522477,15.5745090630663,
15.6822039942452,15.7897956986788,15.890618034862,15.9410292029536,15.9662347869995,
15.9810085683383,15.9902992088654,15.9914403710453,16.0974391593872,16.2047234224802,
16.3128546350726,16.4207570958771,16.5272905342917,16.617637147983,16.6811892363153),
 .UNSPECIFIED.);
#92=B_SPLINE_CURVE_WITH_KNOTS('',3,(#2327,#2328,#2329,#2330,#2331,#2332,
#2333,#2334,#2335,#2336,#2337,#2338,#2339,#2340,#2341,#2342,#2343,#2344,
#2345,#2346,#2347,#2348,#2349,#2350,#2351,#2352,#2353,#2354,#2355,#2356,
#2357,#2358,#2359,#2360,#2361,#2362,#2363,#2364,#2365,#2366,#2367,#2368,
#2369,#2370,#2371,#2372,#2373,#2374,#2375,#2376,#2377,#2378,#2379,#2380,
#2381,#2382,#2383,#2384,#2385,#2386,#2387,#2388,#2389,#2390,#2391,#2392,
#2393,#2394,#2395,#2396,#2397,#2398,#2399,#2400,#2401,#2402,#2403,#2404,
#2405,#2406,#2407,#2408,#2409,#2410,#2411,#2412,#2413,#2414,#2415,#2416,
#2417,#2418,#2419,#2420,#2421,#2422,#2423,#2424,#2425,#2426,#2427,#2428,
#2429,#2430,#2431,#2432,#2433,#2434,#2435,#2436,#2437,#2438,#2439,#2440,
#2441,#2442,#2443,#2444,#2445,#2446,#2447,#2448,#2449,#2450,#2451,#2452,
#2453,#2454,#2455,#2456,#2457,#2458,#2459,#2460,#2461,#2462,#2463,#2464,
#2465,#2466,#2467,#2468,#2469,#2470,#2471,#2472,#2473,#2474,#2475,#2476,
#2477,#2478,#2479,#2480,#2481,#2482,#2483,#2484,#2485,#2486,#2487,#2488,
#2489,#2490,#2491,#2492,#2493,#2494,#2495,#2496,#2497,#2498,#2499,#2500,
#2501,#2502,#2503,#2504,#2505,#2506,#2507,#2508,#2509,#2510,#2511,#2512,
#2513,#2514,#2515,#2516,#2517,#2518,#2519,#2520,#2521,#2522,#2523,#2524,
#2525,#2526,#2527,#2528,#2529,#2530,#2531,#2532,#2533,#2534,#2535,#2536,
#2537,#2538,#2539,#2540,#2541,#2542,#2543,#2544,#2545,#2546,#2547,#2548,
#2549,#2550,#2551,#2552,#2553,#2554,#2555,#2556,#2557,#2558,#2559,#2560,
#2561,#2562,#2563,#2564,#2565,#2566,#2567,#2568,#2569,#2570,#2571,#2572,
#2573,#2574,#2575,#2576,#2577,#2578,#2579,#2580,#2581,#2582,#2583,#2584,
#2585,#2586,#2587,#2588,#2589,#2590,#2591,#2592,#2593,#2594,#2595,#2596,
#2597,#2598,#2599,#2600,#2601,#2602,#2603,#2604,#2605,#2606,#2607,#2608,
#2609,#2610,#2611,#2612,#2613,#2614,#2615,#2616,#2617,#2618,#2619,#2620,
#2621,#2622,#2623,#2624,#2625,#2626,#2627,#2628,#2629,#2630,#2631,#2632,
#2633,#2634,#2635,#2636,#2637,#2638,#2639,#2640,#2641,#2642,#2643,#2644,
#2645,#2646,#2647,#2648,#2649,#2650,#2651,#2652,#2653,#2654,#2655,#2656,
#2657,#2658,#2659,#2660,#2661,#2662,#2663,#2664,#2665,#2666,#2667,#2668,
#2669,#2670,#2671,#2672,#2673,#2674,#2675,#2676,#2677,#2678,#2679,#2680,
#2681,#2682,#2683,#2684,#2685,#2686,#2687,#2688,#2689,#2690,#2691,#2692,
#2693,#2694,#2695,#2696,#2697,#2698,#2699,#2700,#2701,#2702,#2703,#2704,
#2705),.UNSPECIFIED.,.F.,.F.,(4,3,3,3,3,3,3,3,3,3,3,3,3,3,3,3,3,3,3,3,3,
3,3,3,3,3,3,3,3,3,3,3,3,3,3,3,3,3,3,3,3,3,3,3,3,3,3,3,3,3,3,3,3,3,3,3,3,
3,3,3,3,3,3,3,3,3,3,3,3,3,3,3,3,3,3,3,3,3,3,3,3,3,3,3,3,3,3,3,3,3,3,3,3,
3,3,3,3,3,3,3,3,3,3,3,3,3,3,3,3,3,3,3,3,3,3,3,3,3,3,3,3,3,3,3,3,3,4),(46.2760561149623,
46.3871052435615,46.498607495709,46.609842830718,46.7194769153637,46.7840556039598,
46.8338586747613,46.8441666943712,46.9552816129109,46.9777916697482,47.0867181666953,
47.1976404919422,47.3089689538909,47.4199666415967,47.5299415056995,47.550715847819,
47.5608144629129,47.6716112975186,47.7827569989477,47.8934011607742,47.9555310821184,
48.0663262094783,48.174434544312,48.2690293372915,48.2791438190444,48.2895692286708,
48.399242136792,48.5099758701478,48.621016796131,48.7314983701447,48.8401650883993,
48.9311928881482,48.9920168364553,49.0015892528257,49.1144376038554,49.2244334999777,
49.3352985083827,49.4463368434924,49.560846647885,49.6467290011795,49.7111407661503,
49.7211494463293,49.8318573791563,49.9043760610629,50.0134022101978,50.1241106586764,
50.2349946978469,50.3453282057672,50.4117423080172,50.4384891343151,50.4479156595566,
50.5583338521772,50.6690889729904,50.7792568755691,50.8766410237666,50.9871805832784,
51.0946036225125,51.1416012021774,51.1564949072861,51.1659142212425,51.2750388616543,
51.3852903422955,51.5006089810093,51.6106744270506,51.7197106922254,51.826753835406,
51.8465648971507,51.8720926339123,51.8805672009192,51.9873953098439,52.0968023885126,
52.2071843898292,52.3178746867369,52.4281477765853,52.5246983533841,52.5609048196837,
52.5906909519054,52.6003544101831,52.7107337875013,52.8143500837806,52.9237644102436,
53.0338864399856,53.1437163149659,53.2526882311198,53.2814955356921,53.2992259655038,
53.3086651071385,53.4182161034993,53.4586997102526,53.5680219851888,53.6781035043606,
53.7880268875978,53.8971828406876,53.9997587515156,54.0154221722961,54.0296717049961,
54.1023346623437,54.2106666195024,54.3201648490341,54.430215288501,54.5398454605671,
54.6425691577594,54.6939310063555,54.7196119306536,54.7323789847799,54.7445455280971,
54.7452928549517,54.8529580963485,54.9619753941762,55.0719592266215,55.181776059715,
55.290287485055,55.3874654305683,55.4275407421528,55.4518185669948,55.4613324248538,
55.5691403851111,55.6782274963134,55.788103502881,55.897756571359,56.0062823132907,
56.0286704159207,56.1381203573551,56.1606925465701,56.1721781050319,56.2800743155903,
56.291684463916),.UNSPECIFIED.);
#93=B_SPLINE_CURVE_WITH_KNOTS('',3,(#2706,#2707,#2708,#2709,#2710,#2711,
#2712,#2713,#2714,#2715,#2716,#2717,#2718,#2719,#2720,#2721,#2722,#2723,
#2724,#2725,#2726,#2727,#2728,#2729,#2730,#2731,#2732,#2733,#2734,#2735,
#2736,#2737,#2738,#2739,#2740,#2741,#2742,#2743,#2744,#2745,#2746,#2747,
#2748,#2749,#2750,#2751,#2752,#2753,#2754,#2755,#2756,#2757,#2758,#2759,
#2760,#2761,#2762,#2763,#2764,#2765,#2766,#2767,#2768,#2769,#2770,#2771,
#2772,#2773,#2774,#2775,#2776,#2777,#2778,#2779,#2780,#2781,#2782,#2783,
#2784,#2785,#2786,#2787,#2788,#2789,#2790,#2791,#2792,#2793,#2794,#2795,
#2796,#2797,#2798,#2799,#2800,#2801,#2802,#2803,#2804,#2805,#2806,#2807,
#2808,#2809,#2810,#2811,#2812,#2813,#2814,#2815,#2816,#2817,#2818,#2819,
#2820,#2821,#2822,#2823,#2824,#2825,#2826,#2827,#2828,#2829,#2830,#2831,
#2832,#2833,#2834,#2835,#2836,#2837,#2838,#2839,#2840,#2841,#2842,#2843,
#2844,#2845,#2846,#2847,#2848,#2849,#2850,#2851,#2852,#2853,#2854,#2855,
#2856,#2857,#2858,#2859,#2860,#2861,#2862,#2863,#2864,#2865,#2866,#2867,
#2868,#2869,#2870,#2871,#2872,#2873,#2874,#2875,#2876,#2877,#2878,#2879,
#2880,#2881,#2882,#2883,#2884,#2885,#2886,#2887,#2888,#2889,#2890,#2891,
#2892,#2893,#2894,#2895,#2896,#2897,#2898,#2899,#2900,#2901,#2902,#2903,
#2904,#2905,#2906,#2907,#2908,#2909,#2910,#2911,#2912,#2913,#2914,#2915,
#2916,#2917,#2918,#2919,#2920,#2921,#2922,#2923,#2924,#2925,#2926,#2927,
#2928,#2929,#2930,#2931,#2932,#2933,#2934,#2935,#2936,#2937,#2938,#2939,
#2940,#2941,#2942,#2943,#2944,#2945,#2946,#2947,#2948,#2949,#2950,#2951,
#2952,#2953,#2954,#2955,#2956,#2957,#2958,#2959,#2960,#2961,#2962,#2963,
#2964,#2965,#2966,#2967,#2968,#2969,#2970,#2971,#2972,#2973,#2974,#2975,
#2976,#2977,#2978,#2979,#2980,#2981,#2982,#2983,#2984,#2985,#2986,#2987,
#2988,#2989,#2990,#2991,#2992,#2993,#2994,#2995,#2996,#2997,#2998,#2999,
#3000,#3001,#3002,#3003,#3004,#3005,#3006,#3007,#3008,#3009,#3010,#3011,
#3012,#3013,#3014,#3015,#3016,#3017,#3018,#3019,#3020,#3021,#3022,#3023,
#3024,#3025,#3026,#3027,#3028,#3029,#3030,#3031,#3032,#3033,#3034,#3035,
#3036,#3037,#3038,#3039,#3040,#3041,#3042,#3043,#3044,#3045,#3046,#3047,
#3048,#3049,#3050,#3051,#3052,#3053,#3054,#3055,#3056,#3057,#3058,#3059,
#3060,#3061,#3062,#3063,#3064,#3065,#3066,#3067,#3068,#3069,#3070,#3071,
#3072,#3073,#3074,#3075,#3076,#3077,#3078,#3079,#3080,#3081,#3082,#3083,
#3084,#3085,#3086,#3087,#3088,#3089,#3090),.UNSPECIFIED.,.F.,.F.,(4,3,3,
3,3,3,3,3,3,3,3,3,3,3,3,3,3,3,3,3,3,3,3,3,3,3,3,3,3,3,3,3,3,3,3,3,3,3,3,
3,3,3,3,3,3,3,3,3,3,3,3,3,3,3,3,3,3,3,3,3,3,3,3,3,3,3,3,3,3,3,3,3,3,3,3,
3,3,3,3,3,3,3,3,3,3,3,3,3,3,3,3,3,3,3,3,3,3,3,3,3,3,3,3,3,3,3,3,3,3,3,3,
3,3,3,3,3,3,3,3,3,3,3,3,3,3,3,3,3,4),(16.6811892363153,16.684736907913,
16.7906501588408,16.8978990741186,17.0060568682302,17.1140629486756,17.2210147131392,
17.2444744180622,17.3229146935742,17.3572323141106,17.3850169791307,17.3942859164586,
17.5007871193505,17.6088125641795,17.7170848701005,17.8247828303992,17.8719966221577,
17.9800777581958,18.0450993905263,18.0735463546709,18.0882425860869,18.0977236550553,
18.2051881659509,18.3133461635764,18.421572692944,18.5002508168397,18.6085552351362,
18.7165156425532,18.7681116058836,18.7837757240042,18.7949553683449,18.8050424895622,
18.9127125134748,19.0211433118728,19.1292833491968,19.2376268453839,19.3459770141728,
19.449267660434,19.4880016527819,19.4991031843275,19.5077104726304,19.615533289714,
19.7240334790974,19.7591395992175,19.8673315037904,19.9758965394784,20.0836689810257,
20.1602176694654,20.1889234276303,20.204159965926,20.2133813146726,20.321702826726,
20.3898637347846,20.4977729216806,20.6063606805514,20.7146416850861,20.8220726506621,
20.8719291094066,20.8947708209381,20.9091129573733,20.9188290309774,21.02149848564,
21.1288636669771,21.2372515735207,21.345948424178,21.4541054914398,21.5540952153921,
21.6040900773682,21.6177785843725,21.6271738822368,21.6540849393443,21.7609324508687,
21.8690422009897,21.9779385513215,22.0865625214487,22.1937367631333,22.2876064771989,
22.3196063616057,22.3337391129084,22.4405183265329,22.5486162789068,22.6576068025677,
22.7664223042191,22.8740816538327,22.9218083195251,23.0011685248465,23.0346973783434,
23.0443700297367,23.1516081290661,23.260441453953,23.369526770182,23.4779643908779,
23.5566899620962,23.665484988921,23.7313360724844,23.7436202485618,23.7531503678203,
23.8629361902223,23.9719037920259,24.0820987247271,24.1922936574284,24.3013780404591,
24.409935155087,24.4361055278465,24.4515876710594,24.4599996275582,24.5684563587038,
24.6775598374859,24.78670338777,24.8286611192397,24.9378659472091,25.0469101786785,
25.1516409602391,25.1626310385005,25.1728673640563,25.2814688780987,25.3908015525511,
25.4658333049209,25.5750083959878,25.6843515807763,25.7892261206865,25.8678820256192,
25.8810820460171,25.9924658932172,26.1038497404174,26.2129259301776,26.3223910043073,
26.4314859546972,26.4802755736552),.UNSPECIFIED.);
#94=B_SPLINE_CURVE_WITH_KNOTS('',3,(#3095,#3096,#3097,#3098,#3099,#3100,
#3101,#3102,#3103,#3104,#3105,#3106,#3107,#3108,#3109,#3110,#3111,#3112,
#3113,#3114,#3115,#3116,#3117,#3118,#3119,#3120,#3121,#3122,#3123,#3124,
#3125,#3126,#3127,#3128,#3129,#3130,#3131,#3132,#3133,#3134,#3135,#3136,
#3137,#3138,#3139,#3140,#3141,#3142,#3143,#3144,#3145,#3146,#3147,#3148,
#3149,#3150,#3151,#3152,#3153,#3154,#3155,#3156,#3157,#3158,#3159,#3160,
#3161,#3162,#3163,#3164,#3165,#3166,#3167,#3168,#3169,#3170,#3171,#3172,
#3173,#3174,#3175,#3176,#3177,#3178,#3179,#3180,#3181,#3182,#3183,#3184,
#3185,#3186,#3187,#3188,#3189,#3190,#3191,#3192,#3193,#3194,#3195,#3196,
#3197,#3198,#3199,#3200,#3201,#3202,#3203,#3204,#3205,#3206,#3207,#3208,
#3209,#3210,#3211,#3212,#3213,#3214,#3215,#3216,#3217,#3218,#3219,#3220,
#3221,#3222,#3223,#3224,#3225,#3226,#3227,#3228,#3229,#3230,#3231,#3232,
#3233,#3234,#3235,#3236,#3237,#3238,#3239,#3240,#3241,#3242,#3243,#3244,
#3245,#3246,#3247,#3248,#3249,#3250,#3251,#3252,#3253,#3254,#3255,#3256,
#3257,#3258,#3259,#3260,#3261,#3262,#3263,#3264,#3265,#3266,#3267,#3268,
#3269,#3270,#3271,#3272,#3273,#3274,#3275,#3276,#3277,#3278,#3279,#3280,
#3281,#3282,#3283,#3284,#3285,#3286,#3287,#3288,#3289,#3290,#3291,#3292,
#3293,#3294,#3295,#3296,#3297,#3298,#3299,#3300,#3301,#3302,#3303,#3304,
#3305,#3306,#3307,#3308,#3309,#3310,#3311,#3312,#3313,#3314,#3315,#3316,
#3317,#3318,#3319,#3320,#3321,#3322,#3323,#3324,#3325,#3326,#3327,#3328,
#3329,#3330,#3331,#3332,#3333,#3334,#3335,#3336,#3337,#3338,#3339,#3340,
#3341,#3342,#3343,#3344,#3345,#3346,#3347,#3348,#3349,#3350,#3351,#3352,
#3353,#3354,#3355,#3356,#3357,#3358,#3359,#3360,#3361,#3362,#3363,#3364,
#3365,#3366,#3367,#3368,#3369,#3370,#3371,#3372,#3373,#3374,#3375,#3376,
#3377,#3378,#3379,#3380,#3381,#3382,#3383,#3384,#3385,#3386,#3387,#3388,
#3389,#3390,#3391,#3392,#3393,#3394,#3395,#3396,#3397,#3398,#3399,#3400,
#3401,#3402,#3403,#3404,#3405,#3406,#3407,#3408,#3409,#3410,#3411,#3412,
#3413,#3414,#3415,#3416,#3417,#3418,#3419,#3420,#3421,#3422,#3423,#3424,
#3425,#3426,#3427,#3428,#3429,#3430,#3431,#3432,#3433,#3434,#3435,#3436,
#3437,#3438,#3439,#3440,#3441,#3442,#3443,#3444,#3445,#3446,#3447,#3448,
#3449,#3450,#3451,#3452,#3453,#3454,#3455,#3456,#3457,#3458,#3459,#3460,
#3461,#3462,#3463,#3464,#3465,#3466,#3467,#3468,#3469,#3470,#3471,#3472,
#3473,#3474,#3475,#3476,#3477,#3478,#3479,#3480,#3481,#3482,#3483,#3484,
#3485),.UNSPECIFIED.,.F.,.F.,(4,3,3,3,3,3,3,3,3,3,3,3,3,3,3,3,3,3,3,3,3,
3,3,3,3,3,3,3,3,3,3,3,3,3,3,3,3,3,3,3,3,3,3,3,3,3,3,3,3,3,3,3,3,3,3,3,3,
3,3,3,3,3,3,3,3,3,3,3,3,3,3,3,3,3,3,3,3,3,3,3,3,3,3,3,3,3,3,3,3,3,3,3,3,
3,3,3,3,3,3,3,3,3,3,3,3,3,3,3,3,3,3,3,3,3,3,3,3,3,3,3,3,3,3,3,3,3,3,3,3,
3,4),(36.0629445299551,36.1041870925126,36.2149363849979,36.3275409254253,
36.4404526722021,36.5529471364356,36.6216316031458,36.6516810573315,36.6633667680232,
36.6729944777797,36.7853836155667,36.8981411535857,37.0103815325222,37.102422870117,
37.2147986791187,37.3269393339747,37.3818795375982,37.3937588111245,37.4037378161094,
37.5150088297968,37.6270650681061,37.739372050112,37.7664609629625,37.8788763376202,
37.9911232692582,38.1007597492445,38.1264198042763,38.1369054043401,38.2486031921296,
38.3608853259485,38.4296691892035,38.5417308999316,38.6540149457015,38.7635301488294,
38.8456665511753,38.8560155470395,38.8663399874643,38.9792078728387,39.0920757582132,
39.2037744683577,39.3159770789004,39.4275792635675,39.5091118143397,39.5702612274188,
39.5846436396212,39.5943213835505,39.7060568929661,39.7537094666561,39.8649040912087,
39.9768859606123,40.0887274040556,40.1997947690475,40.3071971783925,40.3209329224192,
40.4145995877375,40.525151479733,40.6367553696822,40.7487063032239,40.8601335243509,
40.9674546397606,41.0211151974655,41.035407909838,41.0484692608857,41.0747757551704,
41.1845796991782,41.2956808850913,41.4076124136503,41.5192847224832,41.629490610449,
41.7342274592012,41.7556211742991,41.766447873009,41.7759312175795,41.8855614410016,
41.9965050323027,42.1083216007961,42.2199431880717,42.3303460382015,42.3927503227987,
42.4749483378098,42.4900704337647,42.5017959221979,42.611534596268,42.7229644230061,
42.8346617721481,42.9456579324473,43.0503344428881,43.1617997512192,43.1958752856918,
43.2169351500714,43.2267708922456,43.3365588312979,43.4479260950457,43.5595997946641,
43.6708243905862,43.7070083027803,43.8177120376941,43.8992521032607,43.9298296278482,
43.9420354363769,43.9516962191054,44.0625160944606,44.1438722999608,44.2548328445702,
44.3664538665654,44.4780580351274,44.5889605807629,44.6425585806988,44.6615062685262,
44.6763209979579,44.7874949738242,44.902619777037,45.0177445802497,45.1288651360931,
45.2404054513964,45.2635008577798,45.3738044261611,45.3875964106256,45.3996311093556,
45.5082682391418,45.6188173845869,45.7300465774391,45.8409328650373,45.9504149943082,
45.9991295826559,46.0683612157325,46.0951576624184,46.1139534116182,46.1230237384716,
46.2318912219862,46.2760561149623),.UNSPECIFIED.);
#95=B_SPLINE_CURVE_WITH_KNOTS('',3,(#3486,#3487,#3488,#3489,#3490,#3491,
#3492,#3493,#3494,#3495,#3496,#3497,#3498,#3499,#3500,#3501,#3502,#3503,
#3504,#3505,#3506,#3507,#3508,#3509,#3510,#3511,#3512,#3513,#3514,#3515,
#3516,#3517,#3518,#3519,#3520,#3521,#3522,#3523,#3524,#3525,#3526,#3527,
#3528,#3529,#3530,#3531,#3532,#3533,#3534,#3535,#3536,#3537,#3538,#3539,
#3540,#3541,#3542,#3543,#3544,#3545,#3546,#3547,#3548,#3549,#3550,#3551,
#3552,#3553,#3554,#3555,#3556,#3557,#3558,#3559,#3560,#3561,#3562,#3563,
#3564,#3565,#3566,#3567,#3568,#3569,#3570,#3571,#3572,#3573,#3574,#3575,
#3576,#3577,#3578,#3579,#3580,#3581,#3582,#3583,#3584,#3585,#3586,#3587,
#3588,#3589,#3590,#3591,#3592,#3593,#3594,#3595,#3596,#3597,#3598,#3599,
#3600,#3601,#3602,#3603,#3604,#3605,#3606,#3607,#3608,#3609,#3610,#3611,
#3612,#3613,#3614,#3615,#3616,#3617,#3618,#3619,#3620,#3621,#3622,#3623,
#3624,#3625,#3626,#3627,#3628,#3629,#3630,#3631,#3632,#3633,#3634,#3635,
#3636,#3637,#3638,#3639,#3640,#3641,#3642,#3643,#3644,#3645,#3646,#3647,
#3648,#3649,#3650,#3651,#3652,#3653,#3654,#3655,#3656,#3657,#3658,#3659,
#3660,#3661,#3662,#3663,#3664,#3665,#3666,#3667,#3668,#3669,#3670,#3671,
#3672,#3673,#3674,#3675,#3676,#3677,#3678,#3679,#3680,#3681,#3682,#3683,
#3684,#3685,#3686,#3687,#3688,#3689,#3690,#3691,#3692,#3693,#3694,#3695,
#3696,#3697,#3698,#3699,#3700,#3701,#3702,#3703,#3704,#3705,#3706,#3707,
#3708,#3709,#3710,#3711,#3712,#3713,#3714,#3715,#3716,#3717,#3718,#3719,
#3720,#3721,#3722,#3723,#3724,#3725,#3726,#3727,#3728,#3729,#3730,#3731,
#3732,#3733,#3734,#3735,#3736,#3737,#3738,#3739,#3740,#3741,#3742,#3743,
#3744,#3745,#3746,#3747,#3748,#3749,#3750,#3751,#3752,#3753,#3754,#3755,
#3756,#3757,#3758,#3759,#3760,#3761,#3762,#3763,#3764,#3765,#3766,#3767,
#3768,#3769,#3770,#3771,#3772,#3773,#3774,#3775,#3776,#3777,#3778,#3779,
#3780,#3781,#3782,#3783,#3784,#3785,#3786,#3787,#3788,#3789,#3790,#3791,
#3792,#3793,#3794,#3795,#3796,#3797,#3798,#3799,#3800,#3801,#3802,#3803,
#3804,#3805,#3806,#3807,#3808,#3809,#3810,#3811,#3812,#3813,#3814,#3815,
#3816,#3817,#3818,#3819,#3820,#3821,#3822,#3823,#3824,#3825,#3826,#3827,
#3828,#3829,#3830,#3831,#3832,#3833,#3834,#3835,#3836,#3837,#3838,#3839,
#3840,#3841,#3842,#3843,#3844,#3845,#3846,#3847,#3848,#3849,#3850,#3851,
#3852,#3853,#3854,#3855,#3856,#3857,#3858,#3859,#3860,#3861,#3862,#3863,
#3864,#3865,#3866,#3867,#3868,#3869,#3870,#3871,#3872,#3873,#3874,#3875,
#3876,#3877,#3878,#3879),.UNSPECIFIED.,.F.,.F.,(4,3,3,3,3,3,3,3,3,3,3,3,
3,3,3,3,3,3,3,3,3,3,3,3,3,3,3,3,3,3,3,3,3,3,3,3,3,3,3,3,3,3,3,3,3,3,3,3,
3,3,3,3,3,3,3,3,3,3,3,3,3,3,3,3,3,3,3,3,3,3,3,3,3,3,3,3,3,3,3,3,3,3,3,3,
3,3,3,3,3,3,3,3,3,3,3,3,3,3,3,3,3,3,3,3,3,3,3,3,3,3,3,3,3,3,3,3,3,3,3,3,
3,3,3,3,3,3,3,3,3,3,3,4),(26.4802755736552,26.5458943479457,26.5705013883046,
26.5842518918134,26.5936625900743,26.7028702991446,26.7427506708172,26.8513450026855,
26.9607603832752,27.0701093656908,27.1787227264018,27.2806474621602,27.2962574715738,
27.3057769523782,27.3825721979185,27.49067408893,27.5998765137686,27.7095496520257,
27.8187759223245,27.9210633655809,27.9722070872092,27.9977789480233,28.0085290795324,
28.0178487361767,28.0233508088374,28.1308859665486,28.2397597104146,28.3495543880081,
28.4591419174862,28.5673427041451,28.6649975283483,28.7051423104128,28.7206004382847,
28.7304234548621,28.8380873341016,28.9470786165885,29.0570021475884,29.1668021716315,
29.2755793071581,29.3073140413807,29.3876913589591,29.4228564353996,29.4374202516664,
29.4473460050573,29.5557726581987,29.6655834664946,29.7755024778973,29.8845798559746,
29.9503325820077,30.0604396549079,30.1139120320668,30.13897720886,30.1511467956258,
30.1597592176504,30.2683697239638,30.3781732390219,30.4885528398537,30.5984041604804,
30.7072877544011,30.8116427219258,30.8658351577931,30.8751861748136,30.9159976894506,
31.022962073749,31.1323958732814,31.2426631717754,31.3530690438988,31.4628816030962,
31.5681544277473,31.583201003569,31.593535140766,31.7037138122305,31.814054904824,
31.8839729017005,31.9935496487187,32.1040155718431,32.2141051071096,32.2941116447937,
32.3076515650038,32.4170931078195,32.5276950747535,32.6382086942948,32.747461041701,
32.8541574085825,32.9645939931577,32.9990348037833,33.013598511639,33.0251259806859,
33.1338088263823,33.2437933941648,33.3544866815152,33.4651762513177,33.574582782142,
33.6826857390688,33.7183247936536,33.73356634267,33.7429912310492,33.8252419574079,
33.9331743749,34.0433340680755,34.1541227978289,34.2648321428098,34.3747532000744,
34.4277737251233,34.4452745962483,34.4547152631237,34.464111345704,34.5747022617464,
34.6868098311062,34.798917400466,34.9091601911621,35.0199792529446,35.1142991569325,
35.1555641149272,35.1731156255364,35.1836200443837,35.2933680525458,35.4041093385425,
35.5150474573726,35.6253813480625,35.7340505719144,35.7745384848478,35.8620708689241,
35.8835930018916,35.8940994705173,35.9038213452262,36.0121355134746,36.1219676932169,
36.2330750142142,36.3442697433957,36.454711194456,36.4747975574581),
 .UNSPECIFIED.);
#96=B_SPLINE_CURVE_WITH_KNOTS('',3,(#3884,#3885,#3886,#3887,#3888,#3889,
#3890,#3891,#3892,#3893,#3894,#3895,#3896,#3897,#3898,#3899,#3900,#3901,
#3902,#3903,#3904,#3905,#3906,#3907,#3908,#3909,#3910,#3911,#3912,#3913,
#3914,#3915,#3916,#3917,#3918,#3919,#3920,#3921,#3922,#3923,#3924,#3925,
#3926,#3927,#3928,#3929,#3930,#3931,#3932,#3933,#3934,#3935,#3936,#3937,
#3938,#3939,#3940,#3941,#3942,#3943,#3944,#3945,#3946,#3947,#3948,#3949,
#3950,#3951,#3952,#3953,#3954,#3955,#3956,#3957,#3958,#3959,#3960,#3961,
#3962,#3963,#3964,#3965,#3966,#3967,#3968,#3969,#3970,#3971,#3972,#3973,
#3974,#3975,#3976,#3977,#3978,#3979,#3980,#3981,#3982,#3983,#3984,#3985,
#3986,#3987,#3988,#3989,#3990,#3991,#3992,#3993,#3994,#3995,#3996,#3997,
#3998,#3999,#4000,#4001,#4002,#4003,#4004,#4005,#4006,#4007,#4008,#4009,
#4010,#4011,#4012,#4013,#4014,#4015,#4016,#4017,#4018,#4019,#4020,#4021,
#4022,#4023,#4024,#4025,#4026,#4027,#4028,#4029,#4030,#4031,#4032,#4033,
#4034,#4035,#4036,#4037,#4038,#4039,#4040,#4041,#4042,#4043,#4044,#4045,
#4046,#4047,#4048,#4049,#4050,#4051,#4052,#4053,#4054,#4055,#4056,#4057,
#4058,#4059,#4060,#4061,#4062,#4063,#4064,#4065,#4066,#4067,#4068,#4069,
#4070,#4071,#4072,#4073,#4074,#4075,#4076,#4077,#4078,#4079,#4080,#4081,
#4082,#4083,#4084,#4085,#4086,#4087,#4088,#4089,#4090,#4091,#4092,#4093,
#4094,#4095,#4096,#4097,#4098,#4099,#4100,#4101,#4102,#4103,#4104,#4105,
#4106,#4107,#4108,#4109,#4110,#4111,#4112,#4113,#4114,#4115,#4116,#4117,
#4118,#4119,#4120,#4121,#4122,#4123,#4124,#4125,#4126,#4127,#4128,#4129,
#4130,#4131,#4132,#4133,#4134,#4135,#4136,#4137,#4138,#4139,#4140,#4141,
#4142,#4143,#4144,#4145,#4146,#4147,#4148,#4149,#4150,#4151,#4152,#4153,
#4154,#4155,#4156,#4157,#4158,#4159,#4160,#4161,#4162,#4163,#4164,#4165,
#4166,#4167,#4168,#4169,#4170,#4171,#4172,#4173,#4174,#4175,#4176,#4177,
#4178,#4179,#4180,#4181,#4182,#4183,#4184,#4185,#4186,#4187,#4188,#4189,
#4190,#4191,#4192,#4193,#4194,#4195,#4196,#4197,#4198,#4199,#4200,#4201,
#4202,#4203,#4204,#4205,#4206,#4207,#4208,#4209,#4210,#4211,#4212,#4213,
#4214,#4215,#4216,#4217,#4218,#4219,#4220,#4221,#4222,#4223,#4224,#4225,
#4226,#4227,#4228,#4229,#4230,#4231,#4232,#4233,#4234,#4235,#4236,#4237,
#4238,#4239,#4240,#4241,#4242,#4243,#4244,#4245,#4246,#4247,#4248,#4249,
#4250,#4251,#4252,#4253,#4254,#4255,#4256,#4257,#4258,#4259,#4260,#4261,
#4262,#4263,#4264,#4265,#4266,#4267,#4268,#4269,#4270,#4271),
 .UNSPECIFIED.,.F.,.F.,(4,3,3,3,3,3,3,3,3,3,3,3,3,3,3,3,3,3,3,3,3,3,3,3,
3,3,3,3,3,3,3,3,3,3,3,3,3,3,3,3,3,3,3,3,3,3,3,3,3,3,3,3,3,3,3,3,3,3,3,3,
3,3,3,3,3,3,3,3,3,3,3,3,3,3,3,3,3,3,3,3,3,3,3,3,3,3,3,3,3,3,3,3,3,3,3,3,
3,3,3,3,3,3,3,3,3,3,3,3,3,3,3,3,3,3,3,3,3,3,3,3,3,3,3,3,3,3,3,3,3,4),(25.6513266371426,
25.7653581734157,25.8795710939448,25.9931302857211,26.0237888753362,26.1376340834652,
26.2504802999721,26.3492207394156,26.3602546765987,26.3708516871227,26.4836033592073,
26.597418593291,26.7115307375268,26.8250695156837,26.9367232804483,27.0404038155203,
27.0751744755275,27.0987747272093,27.1085371745428,27.2190713426946,27.3320983075433,
27.4460122900039,27.5601221044058,27.6736979289773,27.7689154714558,27.8066086827979,
27.8263577063372,27.8404285990504,27.8514537544163,27.9652533186525,28.0545680988911,
28.166852975065,28.2806968137428,28.3946071468096,28.5078583277871,28.5786778052476,
28.5874393267551,28.7003685489762,28.8142041146965,28.9278626649353,29.040417455436,
29.0677942347933,29.1814741646106,29.2935864623472,29.3121012483391,29.3261120061011,
29.4381279805285,29.551349156325,29.6651435476708,29.7784193028114,29.8907292707281,
29.9845509086155,30.0314617275592,30.0544853387567,30.0641065224055,30.0783725465029,
30.1883275647261,30.300874387955,30.4143374454489,30.5280337405055,30.641233611607,
30.752753066686,30.785555463633,30.7955342667393,30.9087468619281,31.0220920025022,
31.0873114319229,31.1998092276327,31.3133377355275,31.426561068151,31.510101451625,
31.5242473999611,31.5373654333143,31.6496569715147,31.7630920496237,31.8764222933196,
31.9884723485654,32.0948841359425,32.2081858565798,32.2402072482429,32.2612811081043,
32.2732162768929,32.3845618460847,32.4972025713353,32.6105356052566,32.7238466582717,
32.8358457756946,32.9465348429257,32.9848030836966,32.9998557064714,33.0092906582701,
33.0996078060092,33.2100229197456,33.3226721111187,33.4359237987238,33.5490575439227,
33.6613621753049,33.7166004754186,33.7324889669544,33.742358771966,33.8551655299694,
33.968253841451,34.0808420485734,34.1032685762143,34.2158526119572,34.3288737341281,
34.42589679778,34.456794534796,34.4680567090253,34.4788337553211,34.5905707671205,
34.7033126219501,34.8162655981058,34.9286189387673,35.0392198167608,35.1050582433435,
35.1649261362567,35.194167920428,35.2038715757335,35.3143084023737,35.426193138189,
35.5389701145187,35.6519437235295,35.7638263940055,35.8744864423,35.9216009642137,
35.9324209217549,35.9410983045468,36.0536763511694,36.0629445299551),
 .UNSPECIFIED.);
#97=B_SPLINE_CURVE_WITH_KNOTS('',3,(#4272,#4273,#4274,#4275,#4276,#4277,
#4278,#4279,#4280,#4281,#4282,#4283,#4284,#4285,#4286,#4287,#4288,#4289,
#4290,#4291,#4292,#4293,#4294,#4295,#4296,#4297,#4298,#4299,#4300,#4301,
#4302,#4303,#4304,#4305,#4306,#4307,#4308,#4309,#4310,#4311,#4312,#4313,
#4314,#4315,#4316,#4317,#4318,#4319,#4320,#4321,#4322,#4323,#4324,#4325,
#4326,#4327,#4328,#4329,#4330,#4331,#4332,#4333,#4334,#4335,#4336,#4337,
#4338,#4339,#4340,#4341,#4342,#4343,#4344,#4345,#4346,#4347,#4348,#4349,
#4350,#4351,#4352,#4353,#4354,#4355,#4356,#4357,#4358,#4359,#4360,#4361,
#4362,#4363,#4364,#4365,#4366,#4367,#4368,#4369,#4370,#4371,#4372,#4373,
#4374,#4375,#4376,#4377,#4378,#4379,#4380,#4381,#4382,#4383,#4384,#4385,
#4386,#4387,#4388,#4389,#4390,#4391,#4392,#4393,#4394,#4395,#4396,#4397,
#4398,#4399,#4400,#4401,#4402,#4403,#4404,#4405,#4406,#4407,#4408,#4409,
#4410,#4411,#4412,#4413,#4414,#4415,#4416,#4417,#4418,#4419,#4420,#4421,
#4422,#4423,#4424,#4425,#4426,#4427,#4428,#4429,#4430,#4431,#4432,#4433,
#4434,#4435,#4436,#4437,#4438,#4439,#4440,#4441,#4442,#4443,#4444,#4445,
#4446,#4447,#4448,#4449,#4450,#4451,#4452,#4453,#4454,#4455,#4456,#4457,
#4458,#4459,#4460,#4461,#4462,#4463,#4464,#4465,#4466,#4467,#4468,#4469,
#4470,#4471,#4472,#4473,#4474,#4475,#4476,#4477,#4478,#4479,#4480,#4481,
#4482,#4483,#4484,#4485,#4486,#4487,#4488,#4489,#4490,#4491,#4492,#4493,
#4494,#4495,#4496,#4497,#4498,#4499,#4500,#4501,#4502,#4503,#4504,#4505,
#4506,#4507,#4508,#4509,#4510,#4511,#4512,#4513,#4514,#4515,#4516,#4517,
#4518,#4519,#4520,#4521,#4522,#4523,#4524,#4525,#4526,#4527,#4528,#4529,
#4530,#4531,#4532,#4533,#4534,#4535,#4536,#4537,#4538,#4539,#4540,#4541,
#4542,#4543,#4544,#4545,#4546,#4547,#4548,#4549,#4550,#4551,#4552,#4553,
#4554,#4555,#4556,#4557,#4558,#4559,#4560,#4561,#4562,#4563,#4564,#4565,
#4566,#4567,#4568,#4569,#4570,#4571,#4572,#4573,#4574,#4575,#4576,#4577,
#4578,#4579,#4580,#4581,#4582,#4583,#4584,#4585,#4586,#4587,#4588,#4589,
#4590,#4591,#4592,#4593,#4594,#4595,#4596,#4597,#4598,#4599,#4600,#4601,
#4602,#4603,#4604,#4605,#4606,#4607,#4608,#4609,#4610,#4611,#4612,#4613,
#4614,#4615,#4616,#4617,#4618,#4619,#4620,#4621,#4622,#4623,#4624,#4625,
#4626,#4627,#4628,#4629,#4630,#4631,#4632,#4633,#4634,#4635,#4636,#4637,
#4638,#4639,#4640,#4641,#4642,#4643,#4644,#4645,#4646,#4647,#4648,#4649,
#4650,#4651,#4652,#4653,#4654,#4655,#4656,#4657,#4658,#4659,#4660,#4661,
#4662,#4663,#4664,#4665,#4666,#4667,#4668,#4669,#4670,#4671,#4672,#4673,
#4674,#4675,#4676,#4677),.UNSPECIFIED.,.F.,.F.,(4,3,3,3,3,3,3,3,3,3,3,3,
3,3,3,3,3,3,3,3,3,3,3,3,3,3,3,3,3,3,3,3,3,3,3,3,3,3,3,3,3,3,3,3,3,3,3,3,
3,3,3,3,3,3,3,3,3,3,3,3,3,3,3,3,3,3,3,3,3,3,3,3,3,3,3,3,3,3,3,3,3,3,3,3,
3,3,3,3,3,3,3,3,3,3,3,3,3,3,3,3,3,3,3,3,3,3,3,3,3,3,3,3,3,3,3,3,3,3,3,3,
3,3,3,3,3,3,3,3,3,3,3,3,3,3,3,4),(36.4747975574581,36.5832936032765,36.6057372322631,
36.6161960451484,36.7272456436271,36.7511272134678,36.8602517775486,36.9709540462748,
37.0819047442168,37.1922252354633,37.2409395408399,37.3020054967826,37.3256941564687,
37.3362944984106,37.3458952408271,37.45596748828,37.4852033646105,37.5964778278627,
37.7072611709932,37.7304853980597,37.8416351824845,37.9527202274488,38.0339398899542,
38.0563699972858,38.0649695449663,38.1749007102853,38.2862032774344,38.3975977246451,
38.5080788638121,38.6024775274926,38.7114658304518,38.7523364440614,38.7733689786248,
38.7877372482909,38.8973796059208,39.008215579129,39.0384307393292,39.1495185209922,
39.26090563903,39.3714031449072,39.4519754252665,39.4821900304013,39.4965586114082,
39.5113686393565,39.622575908081,39.6936922663446,39.8042716579285,39.9155744740941,
40.0266196793609,40.136826509951,40.1900831486282,40.2183107973375,40.2282826398961,
40.2377988277185,40.3498530646599,40.4600845517743,40.5712861254462,40.6827029293546,
40.7935327224512,40.9002372854578,40.9345951820349,40.9478458847105,40.9598875934771,
41.0069418484643,41.1166828642281,41.2276408762686,41.3392802562586,41.4505784177657,
41.5602958074622,41.6649799496812,41.6783264522245,41.6881104407049,41.7975813621283,
41.9083873891218,42.0201226364638,42.1316804023378,42.2419677952067,42.3237906563409,
42.3650102808738,42.3952082375437,42.4056379896964,42.5153361378104,42.6263359352376,
42.7381801580649,42.8498395191449,42.9604156450256,42.983304648867,43.0658355108785,
43.1019427630086,43.1245527855897,43.137943936802,43.2480856285496,43.3597768562171,
43.4717155778184,43.5830538113611,43.6435515449594,43.7552498351543,43.8239136853569,
43.8422301154428,43.8584326973794,43.8679585001234,43.9791100828218,44.0909422987058,
44.2027846242627,44.3045606367751,44.4165491672792,44.5281663555559,44.557464758123,
44.5764284799977,44.5864127375313,44.5959214888226,44.7072007041588,44.8191617055412,
44.9312417279741,44.9663607741193,45.0784105419832,45.1901423171065,45.2998518009648,
45.3117259945486,45.321811333651,45.4334004499726,45.5454998972231,45.6289802525397,
45.7406732426506,45.8531349039041,45.9496246567237,46.0340531904408,46.0437544777926,
46.0542022030633,46.1657170560963,46.2805510236874,46.3930218917809,46.5090374091208,
46.6192384188524,46.6250529264607,46.6661908207144),.UNSPECIFIED.);
#98=B_SPLINE_CURVE_WITH_KNOTS('',3,(#4682,#4683,#4684,#4685,#4686,#4687,
#4688,#4689,#4690,#4691,#4692,#4693,#4694,#4695,#4696,#4697,#4698,#4699,
#4700,#4701,#4702,#4703,#4704,#4705,#4706,#4707,#4708,#4709,#4710,#4711,
#4712,#4713,#4714,#4715,#4716,#4717,#4718,#4719,#4720,#4721,#4722,#4723,
#4724,#4725,#4726,#4727,#4728,#4729,#4730,#4731,#4732,#4733,#4734,#4735,
#4736,#4737,#4738,#4739,#4740,#4741,#4742,#4743,#4744,#4745,#4746,#4747,
#4748,#4749,#4750,#4751,#4752,#4753,#4754,#4755,#4756,#4757,#4758,#4759,
#4760,#4761,#4762,#4763,#4764,#4765,#4766,#4767,#4768,#4769,#4770,#4771,
#4772,#4773,#4774,#4775,#4776,#4777,#4778,#4779,#4780,#4781,#4782,#4783,
#4784,#4785,#4786,#4787,#4788,#4789,#4790,#4791,#4792,#4793,#4794,#4795,
#4796,#4797,#4798,#4799,#4800,#4801,#4802,#4803,#4804,#4805,#4806,#4807,
#4808,#4809,#4810,#4811,#4812,#4813,#4814,#4815,#4816,#4817,#4818,#4819,
#4820,#4821,#4822,#4823,#4824,#4825,#4826,#4827,#4828,#4829,#4830,#4831,
#4832,#4833,#4834,#4835,#4836,#4837,#4838,#4839,#4840,#4841,#4842,#4843,
#4844,#4845,#4846,#4847,#4848,#4849,#4850,#4851,#4852,#4853,#4854,#4855,
#4856,#4857,#4858,#4859,#4860,#4861,#4862,#4863,#4864,#4865,#4866,#4867,
#4868,#4869,#4870,#4871,#4872,#4873,#4874,#4875,#4876,#4877,#4878,#4879,
#4880,#4881,#4882,#4883,#4884,#4885,#4886,#4887,#4888,#4889,#4890,#4891,
#4892,#4893,#4894,#4895,#4896,#4897,#4898,#4899,#4900,#4901,#4902,#4903,
#4904,#4905,#4906,#4907,#4908,#4909,#4910,#4911,#4912,#4913,#4914,#4915,
#4916,#4917,#4918,#4919,#4920,#4921,#4922,#4923,#4924,#4925,#4926,#4927,
#4928,#4929,#4930,#4931,#4932,#4933,#4934,#4935,#4936,#4937,#4938,#4939,
#4940,#4941,#4942,#4943,#4944,#4945,#4946,#4947,#4948,#4949,#4950,#4951,
#4952,#4953,#4954,#4955,#4956,#4957,#4958,#4959,#4960,#4961,#4962,#4963,
#4964,#4965,#4966,#4967,#4968,#4969,#4970,#4971,#4972,#4973,#4974,#4975,
#4976,#4977,#4978,#4979,#4980,#4981,#4982,#4983,#4984,#4985,#4986,#4987,
#4988,#4989,#4990,#4991,#4992,#4993,#4994,#4995,#4996,#4997,#4998,#4999,
#5000,#5001,#5002,#5003,#5004,#5005,#5006,#5007,#5008,#5009,#5010,#5011,
#5012,#5013,#5014,#5015,#5016,#5017,#5018,#5019,#5020,#5021,#5022,#5023,
#5024,#5025,#5026,#5027,#5028,#5029,#5030,#5031,#5032,#5033,#5034,#5035,
#5036,#5037,#5038,#5039,#5040,#5041,#5042,#5043,#5044,#5045,#5046,#5047,
#5048,#5049,#5050,#5051,#5052,#5053,#5054,#5055,#5056,#5057,#5058,#5059,
#5060,#5061,#5062,#5063,#5064,#5065,#5066,#5067,#5068,#5069),
 .UNSPECIFIED.,.F.,.F.,(4,3,3,3,3,3,3,3,3,3,3,3,3,3,3,3,3,3,3,3,3,3,3,3,
3,3,3,3,3,3,3,3,3,3,3,3,3,3,3,3,3,3,3,3,3,3,3,3,3,3,3,3,3,3,3,3,3,3,3,3,
3,3,3,3,3,3,3,3,3,3,3,3,3,3,3,3,3,3,3,3,3,3,3,3,3,3,3,3,3,3,3,3,3,3,3,3,
3,3,3,3,3,3,3,3,3,3,3,3,3,3,3,3,3,3,3,3,3,3,3,3,3,3,3,3,3,3,3,3,3,4),(15.0401580707941,
15.1325791755644,15.1571596485509,15.1691955782103,15.1791739473674,15.2945082186214,
15.4098424898754,15.5249047912305,15.6404208612042,15.7554660364665,15.8417499179132,
15.9064628289983,15.9191016177271,15.9300916715347,16.0451835628758,16.1006015622535,
16.215060984168,16.3303062321319,16.4453860301502,16.5596696650236,16.6173983415259,
16.6606948489027,16.6713672964695,16.7905843710329,16.9045549498288,17.0195094314119,
17.1346854557725,17.2492725158534,17.3645415605145,17.3982619143811,17.4153398075097,
17.4273799057795,17.4798106051756,17.5931177899135,17.707645331349,17.8228282936879,
17.9376421895928,18.0529711670364,18.1683001444799,18.1789446635768,18.2917037093329,
18.4058223561332,18.5209138598794,18.6358388635696,18.7494409120622,18.8559512414149,
18.8988709907593,18.9137775606473,18.9239806951233,19.0368745336982,19.1510602324614,
19.2660353014914,19.3807615484719,19.4942345953582,19.5426672309257,19.628392135371,
19.6610327538949,19.6714455639834,19.7842861692884,19.8988638983126,20.0137724026403,
20.1281312140467,20.228466466488,20.3428091314489,20.3793018519606,20.3975696047046,
20.4111391387548,20.4212771848952,20.5346151975846,20.6492136004627,20.7638678981546,
20.8776996329539,20.9133680241974,21.0282668242204,21.1420938287382,21.1578093200989,
21.1673577937185,21.2806854999376,21.395157738221,21.5101337783458,21.6244827290485,
21.7378217377575,21.8383522990603,21.8886175797117,21.9008502617655,21.9096584672769,
21.9388828603631,22.0500031532869,22.1641136707184,22.2787217252069,22.3935279469987,
22.5077952908196,22.6215682912995,22.6378386489737,22.6479403430205,22.6578306512321,
22.7721851077842,22.8866499485354,22.9628872927393,23.0766588782028,23.1913100858585,
23.3055625641641,23.3905430958223,23.40027166385,23.5136779337746,23.6316101546883,
23.746060560533,23.8657336889812,23.97792709791,23.9854068174294,24.0998076692788,
24.1313723528621,24.1418833647016,24.2542482845295,24.3679473408608,24.4823853111295,
24.5968491591973,24.7100081219883,24.8218601629215,24.8676635019967,24.8778083131351,
24.8875909680804,25.0050735192225,25.1171244915141,25.2305558541675,25.3449501978506,
25.4591882905107,25.5722595247177,25.6199201484184,25.6513266371426),
 .UNSPECIFIED.);
#99=B_SPLINE_CURVE_WITH_KNOTS('',3,(#5070,#5071,#5072,#5073,#5074,#5075,
#5076,#5077,#5078,#5079,#5080,#5081,#5082,#5083,#5084,#5085,#5086,#5087,
#5088,#5089,#5090,#5091,#5092,#5093,#5094,#5095,#5096,#5097,#5098,#5099,
#5100,#5101,#5102,#5103,#5104,#5105,#5106,#5107,#5108,#5109,#5110,#5111,
#5112,#5113,#5114,#5115,#5116,#5117,#5118,#5119,#5120,#5121,#5122,#5123,
#5124,#5125,#5126,#5127,#5128,#5129,#5130,#5131,#5132,#5133,#5134,#5135,
#5136,#5137,#5138,#5139,#5140,#5141,#5142,#5143,#5144,#5145,#5146,#5147,
#5148,#5149,#5150,#5151,#5152,#5153,#5154,#5155,#5156,#5157,#5158,#5159,
#5160,#5161,#5162,#5163,#5164,#5165,#5166,#5167,#5168,#5169,#5170,#5171,
#5172,#5173,#5174,#5175,#5176,#5177,#5178,#5179,#5180,#5181,#5182,#5183,
#5184,#5185,#5186,#5187,#5188,#5189,#5190,#5191,#5192,#5193,#5194,#5195,
#5196,#5197,#5198,#5199,#5200,#5201,#5202,#5203,#5204,#5205,#5206,#5207,
#5208,#5209,#5210,#5211,#5212,#5213,#5214,#5215,#5216,#5217,#5218,#5219,
#5220,#5221,#5222,#5223,#5224,#5225,#5226,#5227,#5228,#5229,#5230,#5231,
#5232,#5233,#5234,#5235,#5236,#5237,#5238,#5239,#5240,#5241,#5242,#5243,
#5244,#5245,#5246,#5247,#5248,#5249,#5250,#5251,#5252,#5253,#5254,#5255,
#5256,#5257,#5258,#5259,#5260,#5261,#5262,#5263,#5264,#5265,#5266,#5267,
#5268,#5269,#5270,#5271,#5272,#5273,#5274,#5275,#5276,#5277,#5278,#5279,
#5280,#5281,#5282,#5283,#5284,#5285,#5286,#5287,#5288,#5289,#5290,#5291,
#5292,#5293,#5294,#5295,#5296,#5297,#5298,#5299,#5300,#5301,#5302,#5303,
#5304,#5305,#5306,#5307,#5308,#5309,#5310,#5311,#5312,#5313,#5314,#5315,
#5316,#5317,#5318,#5319,#5320,#5321,#5322,#5323,#5324,#5325,#5326,#5327,
#5328,#5329,#5330,#5331,#5332,#5333,#5334,#5335,#5336,#5337,#5338,#5339,
#5340,#5341,#5342,#5343,#5344,#5345,#5346,#5347,#5348,#5349,#5350,#5351,
#5352,#5353,#5354,#5355,#5356,#5357,#5358,#5359,#5360,#5361,#5362,#5363,
#5364,#5365,#5366,#5367,#5368,#5369,#5370,#5371,#5372,#5373,#5374,#5375,
#5376,#5377,#5378,#5379,#5380,#5381,#5382,#5383,#5384,#5385,#5386,#5387,
#5388,#5389,#5390,#5391,#5392,#5393,#5394,#5395,#5396,#5397,#5398,#5399,
#5400,#5401,#5402,#5403,#5404,#5405,#5406,#5407,#5408,#5409,#5410,#5411,
#5412,#5413,#5414,#5415,#5416,#5417,#5418,#5419,#5420,#5421,#5422,#5423,
#5424,#5425,#5426,#5427,#5428,#5429,#5430,#5431,#5432,#5433,#5434,#5435,
#5436,#5437,#5438,#5439,#5440,#5441,#5442,#5443,#5444,#5445,#5446,#5447,
#5448,#5449,#5450,#5451),.UNSPECIFIED.,.F.,.F.,(4,3,3,3,3,3,3,3,3,3,3,3,
3,3,3,3,3,3,3,3,3,3,3,3,3,3,3,3,3,3,3,3,3,3,3,3,3,3,3,3,3,3,3,3,3,3,3,3,
3,3,3,3,3,3,3,3,3,3,3,3,3,3,3,3,3,3,3,3,3,3,3,3,3,3,3,3,3,3,3,3,3,3,3,3,
3,3,3,3,3,3,3,3,3,3,3,3,3,3,3,3,3,3,3,3,3,3,3,3,3,3,3,3,3,3,3,3,3,3,3,3,
3,3,3,3,3,3,3,4),(46.6661908207144,46.7259305948044,46.7539336139091,46.7681520067822,
46.7818181744758,46.8923426262941,47.0041977327567,47.1167952619806,47.2294241156652,
47.3407660212105,47.450802943243,47.4936090089708,47.5045509425848,47.5149545069776,
47.6220272061541,47.7321181877114,47.8443394921164,47.9570926201583,48.0696593222235,
48.1813379212105,48.2161071507959,48.2312098764975,48.2439974635019,48.3565013922329,
48.4693168595163,48.5816341964568,48.6217372752599,48.7340904253081,48.8467750588396,
48.9438262876186,48.9609257774866,48.9705819021144,49.0820707364442,49.1946478573681,
49.307582506556,49.4199805290195,49.5305775776933,49.6231848890717,49.6858481500076,
49.7012431184417,49.7114111117149,49.8257093557562,49.9378418398907,50.0507973576566,
50.1638832156588,50.2793616777554,50.3659705243279,50.4309271592573,50.4425596107175,
50.55556561018,50.6257970640454,50.7370759970843,50.8500438114404,50.9631842274656,
51.0757691013273,51.1452026671367,51.1671941913482,51.176801161336,51.2904102779526,
51.4036581066371,51.5174478672198,51.6312376278024,51.7442261401817,51.8559368499911,
51.8900655286998,51.9015927206099,51.9114062522274,52.0230732043241,52.1359204547489,
52.2493180167812,52.3621937956208,52.4741047769779,52.5839119105807,52.6379118186565,
52.6465986277735,52.7562140670779,52.8684605890625,52.9816823137532,53.0952119663241,
53.2083208492233,53.3178465096366,53.3589186322916,53.371551879225,53.3834691838355,
53.4967475623847,53.6101465586417,53.6464234908767,53.7587546290356,53.8722756344607,
53.9856104456916,54.069591988272,54.1080570515551,54.1202805355941,54.232863526527,
54.3465301259846,54.4600791742539,54.5724033007388,54.6574627863342,54.7709661409531,
54.8271180946277,54.8435369855845,54.8578621049359,54.9696805322456,55.0827754333628,
55.1965436452132,55.3147570838466,55.4271301327607,55.5381725277382,55.5709787457403,
55.5871610739738,55.5968176700912,55.6693973997469,55.7802075648432,55.8933461934399,
56.0071766382894,56.1209923269633,56.2340756522967,56.2903042087622,56.3149042022158,
56.3261414084919,56.3358168029584,56.4494747036719,56.5666894038462,56.6839041040204,
56.7974396016444,56.9113485241448,57.0248738573016,57.055464112418),
 .UNSPECIFIED.);
#100=B_SPLINE_CURVE_WITH_KNOTS('',3,(#5456,#5457,#5458,#5459,#5460,#5461,
#5462,#5463,#5464,#5465,#5466,#5467,#5468,#5469,#5470,#5471,#5472,#5473,
#5474,#5475,#5476,#5477,#5478,#5479,#5480,#5481,#5482,#5483,#5484,#5485,
#5486,#5487,#5488,#5489,#5490,#5491,#5492,#5493,#5494,#5495,#5496,#5497,
#5498,#5499,#5500,#5501,#5502,#5503,#5504,#5505,#5506,#5507,#5508,#5509,
#5510,#5511,#5512,#5513,#5514,#5515,#5516,#5517,#5518,#5519,#5520,#5521,
#5522,#5523,#5524,#5525,#5526,#5527,#5528,#5529,#5530,#5531,#5532,#5533,
#5534,#5535,#5536,#5537,#5538,#5539,#5540,#5541,#5542,#5543,#5544,#5545,
#5546,#5547,#5548,#5549,#5550,#5551,#5552,#5553,#5554,#5555,#5556,#5557,
#5558,#5559,#5560,#5561,#5562,#5563,#5564,#5565,#5566,#5567,#5568,#5569,
#5570,#5571,#5572,#5573,#5574,#5575,#5576,#5577,#5578,#5579,#5580,#5581,
#5582,#5583,#5584,#5585,#5586,#5587,#5588,#5589,#5590,#5591,#5592,#5593,
#5594,#5595,#5596,#5597,#5598,#5599,#5600,#5601,#5602,#5603,#5604,#5605,
#5606,#5607,#5608,#5609,#5610,#5611,#5612,#5613,#5614,#5615,#5616,#5617,
#5618,#5619,#5620,#5621,#5622,#5623,#5624,#5625,#5626,#5627,#5628,#5629,
#5630,#5631,#5632,#5633,#5634,#5635,#5636,#5637,#5638,#5639,#5640,#5641,
#5642,#5643,#5644,#5645,#5646,#5647,#5648,#5649,#5650,#5651,#5652,#5653,
#5654,#5655,#5656,#5657,#5658,#5659,#5660,#5661,#5662,#5663,#5664,#5665,
#5666,#5667,#5668,#5669,#5670,#5671,#5672,#5673,#5674,#5675,#5676,#5677,
#5678,#5679,#5680,#5681,#5682,#5683,#5684,#5685,#5686,#5687,#5688,#5689,
#5690,#5691,#5692,#5693,#5694,#5695,#5696,#5697,#5698,#5699,#5700,#5701,
#5702,#5703,#5704,#5705,#5706,#5707,#5708,#5709,#5710,#5711,#5712,#5713,
#5714,#5715,#5716,#5717,#5718,#5719,#5720,#5721,#5722,#5723,#5724,#5725,
#5726,#5727,#5728,#5729,#5730,#5731,#5732,#5733,#5734,#5735,#5736,#5737,
#5738,#5739,#5740,#5741,#5742,#5743,#5744,#5745,#5746,#5747,#5748,#5749,
#5750,#5751,#5752,#5753,#5754,#5755,#5756,#5757,#5758,#5759,#5760,#5761,
#5762,#5763,#5764,#5765,#5766,#5767,#5768,#5769,#5770,#5771,#5772,#5773,
#5774,#5775,#5776,#5777,#5778,#5779,#5780,#5781,#5782,#5783,#5784,#5785,
#5786,#5787,#5788,#5789,#5790,#5791,#5792,#5793,#5794,#5795,#5796,#5797,
#5798,#5799,#5800,#5801,#5802,#5803,#5804,#5805,#5806,#5807,#5808,#5809,
#5810,#5811,#5812,#5813,#5814,#5815,#5816,#5817,#5818,#5819,#5820,#5821,
#5822,#5823,#5824,#5825,#5826,#5827,#5828,#5829,#5830,#5831,#5832,#5833,
#5834,#5835,#5836,#5837,#5838,#5839,#5840,#5841,#5842,#5843,#5844,#5845,
#5846,#5847,#5848,#5849,#5850,#5851,#5852),.UNSPECIFIED.,.F.,.F.,(4,3,3,
3,3,3,3,3,3,3,3,3,3,3,3,3,3,3,3,3,3,3,3,3,3,3,3,3,3,3,3,3,3,3,3,3,3,3,3,
3,3,3,3,3,3,3,3,3,3,3,3,3,3,3,3,3,3,3,3,3,3,3,3,3,3,3,3,3,3,3,3,3,3,3,3,
3,3,3,3,3,3,3,3,3,3,3,3,3,3,3,3,3,3,3,3,3,3,3,3,3,3,3,3,3,3,3,3,3,3,3,3,
3,3,3,3,3,3,3,3,3,3,3,3,3,3,3,3,3,3,3,3,3,4),(4.22755667206534,4.34460055646858,
4.46050025515574,4.53814119103361,4.56725654198781,4.58063343443468,4.59040115366216,
4.70708199159191,4.77106399866721,4.88712607245287,5.00395965688132,5.12088223085448,
5.23130746446229,5.31412638966815,5.33907568981802,5.34898520730731,5.46559012119626,
5.56258316528572,5.67873608809349,5.79553495676137,5.91228478466459,6.02247613602005,
6.06379789277835,6.09042712953943,6.10156968821471,6.11160419257628,6.23232719133136,
6.35305019008644,6.46926891475169,6.58600514114628,6.70255498081401,6.81253192720577,
6.85425721065184,6.86837013437045,6.98442528146303,7.1009898075622,7.14246276638103,
7.25872050152059,7.37536796081821,7.49169630361271,7.60147690801529,7.61945123597312,
7.6299722771629,7.74592564385962,7.86239900277302,7.93081872122304,8.04709283959668,
8.1636232115502,8.27970057814771,8.33450250776755,8.3611645878526,8.37517171668392,
8.38521631869169,8.50103332821701,8.61741091716658,8.71811601510647,8.83437838488133,
8.95077036061992,9.06658323285485,9.12130442142249,9.13471361491931,9.14558279593959,
9.2612954781903,9.38282410979315,9.50435274139601,9.6205805998314,9.73680746051045,
9.85233552213994,9.8796599973514,9.89093805857368,9.90102365574479,10.0166079066619,
10.1327345347436,10.2487330413814,10.2895271255234,10.4056942824837,10.5217157961724,
10.590706012143,10.6239502423997,10.6389560713919,10.6494970278231,10.764909412436,
10.8809088536903,10.9967880278041,11.0736375239372,11.1897338027561,11.3056178656654,
11.3745009353113,11.3949213819218,11.4048853665466,11.5201393062315,11.6360364369561,
11.7518894279738,11.8566824228327,11.9726102523391,12.0880437737035,12.1257701508528,
12.1566611851511,12.166796363881,12.2847623820783,12.4005655661619,12.519613001416,
12.6386604366701,12.7546368001098,12.8702244569342,12.8955092568646,12.9097512060188,
12.9186198505077,13.0331039027051,13.1487181044204,13.2648073613497,13.3802310080748,
13.4946206018277,13.5869793282664,13.6331586914857,13.6591172688774,13.6720631464646,
13.679338054705,13.7912169990335,13.9071007028752,14.0227495743018,14.1387579470957,
14.2543945615616,14.370367578613,14.3959030295179,14.4136256284693,14.4241710482218,
14.5396608588599,14.6553566050686,14.718286629767,14.8333255679862,14.9487966952849,
15.0401580707941),.UNSPECIFIED.);
#101=B_SPLINE_CURVE_WITH_KNOTS('',3,(#5853,#5854,#5855,#5856,#5857,#5858,
#5859,#5860,#5861,#5862,#5863,#5864,#5865,#5866,#5867,#5868,#5869,#5870,
#5871,#5872,#5873,#5874,#5875,#5876,#5877,#5878,#5879,#5880,#5881,#5882,
#5883,#5884,#5885,#5886,#5887,#5888,#5889,#5890,#5891,#5892,#5893,#5894,
#5895,#5896,#5897,#5898,#5899,#5900,#5901,#5902,#5903,#5904,#5905,#5906,
#5907,#5908,#5909,#5910,#5911,#5912,#5913,#5914,#5915,#5916,#5917,#5918,
#5919,#5920,#5921,#5922,#5923,#5924,#5925,#5926,#5927,#5928,#5929,#5930,
#5931,#5932,#5933,#5934,#5935,#5936,#5937,#5938,#5939,#5940,#5941,#5942,
#5943,#5944,#5945,#5946,#5947,#5948,#5949,#5950,#5951,#5952,#5953,#5954,
#5955,#5956,#5957,#5958,#5959,#5960,#5961,#5962,#5963,#5964,#5965,#5966,
#5967,#5968,#5969,#5970,#5971,#5972,#5973,#5974,#5975,#5976,#5977,#5978,
#5979,#5980,#5981,#5982,#5983,#5984,#5985,#5986,#5987,#5988,#5989,#5990,
#5991,#5992,#5993,#5994,#5995,#5996,#5997,#5998,#5999,#6000,#6001,#6002,
#6003,#6004,#6005,#6006,#6007,#6008,#6009,#6010,#6011,#6012,#6013,#6014,
#6015,#6016,#6017,#6018,#6019,#6020,#6021,#6022,#6023,#6024,#6025,#6026,
#6027,#6028,#6029,#6030,#6031,#6032,#6033,#6034,#6035,#6036,#6037,#6038,
#6039,#6040,#6041,#6042,#6043,#6044,#6045,#6046,#6047,#6048,#6049,#6050,
#6051,#6052,#6053,#6054,#6055,#6056,#6057,#6058,#6059,#6060,#6061,#6062,
#6063,#6064,#6065,#6066,#6067,#6068,#6069,#6070,#6071,#6072,#6073,#6074,
#6075,#6076,#6077,#6078,#6079,#6080,#6081,#6082,#6083,#6084,#6085,#6086,
#6087,#6088,#6089,#6090,#6091,#6092,#6093,#6094,#6095,#6096,#6097,#6098,
#6099,#6100,#6101,#6102,#6103,#6104,#6105,#6106,#6107,#6108,#6109,#6110,
#6111,#6112,#6113,#6114,#6115,#6116,#6117,#6118,#6119,#6120,#6121,#6122,
#6123,#6124,#6125,#6126,#6127,#6128,#6129,#6130,#6131,#6132,#6133,#6134,
#6135,#6136,#6137,#6138,#6139,#6140,#6141,#6142,#6143,#6144,#6145,#6146,
#6147,#6148,#6149,#6150,#6151,#6152,#6153,#6154,#6155,#6156,#6157,#6158,
#6159,#6160,#6161,#6162,#6163,#6164,#6165,#6166,#6167,#6168,#6169,#6170,
#6171,#6172,#6173,#6174,#6175,#6176,#6177,#6178,#6179,#6180,#6181,#6182,
#6183,#6184,#6185,#6186,#6187,#6188,#6189,#6190,#6191,#6192,#6193,#6194,
#6195,#6196,#6197,#6198,#6199,#6200,#6201,#6202,#6203,#6204,#6205,#6206,
#6207,#6208,#6209,#6210,#6211,#6212,#6213,#6214,#6215,#6216,#6217,#6218,
#6219,#6220,#6221,#6222,#6223,#6224,#6225,#6226,#6227,#6228,#6229,#6230,
#6231,#6232,#6233,#6234,#6235,#6236,#6237,#6238,#6239,#6240,#6241,#6242,
#6243,#6244,#6245,#6246,#6247,#6248,#6249,#6250,#6251,#6252,#6253,#6254,
#6255),.UNSPECIFIED.,.F.,.F.,(4,3,3,3,3,3,3,3,3,3,3,3,3,3,3,3,3,3,3,3,3,
3,3,3,3,3,3,3,3,3,3,3,3,3,3,3,3,3,3,3,3,3,3,3,3,3,3,3,3,3,3,3,3,3,3,3,3,
3,3,3,3,3,3,3,3,3,3,3,3,3,3,3,3,3,3,3,3,3,3,3,3,3,3,3,3,3,3,3,3,3,3,3,3,
3,3,3,3,3,3,3,3,3,3,3,3,3,3,3,3,3,3,3,3,3,3,3,3,3,3,3,3,3,3,3,3,3,3,3,3,
3,3,3,3,3,4),(57.055464112418,57.0679577181415,57.1806368463977,57.2943693168902,
57.4084047091718,57.5218879048415,57.6336640357109,57.7003760303002,57.7639691000061,
57.7937783514308,57.8068048430354,57.8163014841208,57.9289969418051,58.042283084267,
58.1563784487254,58.2705840635171,58.3835328504722,58.4671159242529,58.5298032295885,
58.5465622175658,58.556369057094,58.6704805189506,58.7178651455952,58.8300252527481,
58.9440254426986,59.0583188513787,59.1721822029825,59.2429366024553,59.2738916522246,
59.2870395472861,59.297692350746,59.4117210863043,59.5260876106611,59.6398711145059,
59.7382173987649,59.8522920048719,59.9657455726234,60.0153815085147,60.0323877727512,
60.0433205020453,60.156237489026,60.2702869458095,60.3848165530407,60.4987234588554,
60.6116123598968,60.7224178632283,60.7599205468837,60.7743671164874,60.7831336462726,
60.8938286045604,61.0071665399269,61.1215093558768,61.2362024005505,61.3505240446155,
61.4587208666324,61.4992946748887,61.5167880319617,61.5271270437814,61.6415308602133,
61.756133398973,61.7833113326831,61.8970720211561,62.0114259031739,62.1252904862601,
62.210647926152,62.2426569661114,62.256931242645,62.2668851952147,62.3809216583832,
62.4667202458276,62.5807025538614,62.6952737072868,62.8093931290389,62.922601944787,
62.9797060236198,63.0038424735225,63.0172516141086,63.1316128787008,63.1510182601181,
63.2644181537756,63.3787845046028,63.4933210015728,63.607228203659,63.7217263974223,
63.7552038805598,63.7659533092924,63.8362245911857,63.9493726042589,64.0636416239955,
64.1784104586273,64.2927407026927,64.4075492249007,64.4649534860047,64.4950132642681,
64.5099819637702,64.5223577471087,64.634952301547,64.7489001365283,64.864020490761,
64.9787183038217,65.0940499286405,65.2093815534594,65.2377115711808,65.2495707077131,
65.2600024375929,65.3728122915149,65.4869326925886,65.6019301838226,65.7167366905211,
65.8303184481661,65.8971459763689,65.9832100643053,65.9958184162373,66.0046502492008,
66.1177397475399,66.2347194806198,66.3498182340316,66.4677384569456,66.5856586798597,
66.6718187637481,66.7110444768072,66.74488220773,66.7537531174451,66.8670887029806,
66.9820308006982,67.0972620858146,67.2119589148625,67.2749393509672,67.3897341053242,
67.4532493791994,67.4789881145427,67.4946507782343,67.5043927503678,67.6184325362231,
67.6437952008251),.UNSPECIFIED.);
#102=B_SPLINE_CURVE_WITH_KNOTS('',3,(#6262,#6263,#6264,#6265,#6266,#6267,
#6268,#6269,#6270,#6271,#6272,#6273,#6274,#6275,#6276,#6277,#6278,#6279,
#6280,#6281,#6282,#6283,#6284,#6285,#6286,#6287,#6288,#6289,#6290,#6291,
#6292,#6293,#6294,#6295,#6296,#6297,#6298,#6299,#6300,#6301,#6302,#6303,
#6304,#6305,#6306,#6307,#6308,#6309,#6310,#6311,#6312,#6313,#6314,#6315,
#6316,#6317,#6318,#6319,#6320,#6321,#6322,#6323,#6324,#6325,#6326,#6327,
#6328,#6329,#6330,#6331,#6332,#6333,#6334,#6335,#6336,#6337,#6338,#6339,
#6340,#6341,#6342,#6343,#6344,#6345,#6346,#6347,#6348,#6349,#6350,#6351,
#6352,#6353,#6354,#6355,#6356,#6357,#6358,#6359,#6360,#6361,#6362,#6363,
#6364,#6365,#6366,#6367,#6368,#6369,#6370,#6371,#6372,#6373,#6374,#6375,
#6376,#6377,#6378,#6379,#6380,#6381,#6382,#6383,#6384,#6385,#6386,#6387,
#6388,#6389,#6390,#6391,#6392,#6393,#6394,#6395,#6396,#6397,#6398,#6399,
#6400,#6401,#6402,#6403,#6404,#6405,#6406,#6407,#6408,#6409,#6410,#6411,
#6412,#6413,#6414,#6415),.UNSPECIFIED.,.F.,.F.,(4,3,3,3,3,3,3,3,3,3,3,3,
3,3,3,3,3,3,3,3,3,3,3,3,3,3,3,3,3,3,3,3,3,3,3,3,3,3,3,3,3,3,3,3,3,3,3,3,
3,3,3,4),(0.,0.115065156956405,0.231552440723616,0.348924142323881,0.466330923311673,
0.583055783358937,0.690415950100826,0.744096033471771,0.759552896985492,
0.772363090246622,0.797776116842715,0.913003525233339,1.0295796463861,1.14693471709475,
1.26412420202176,1.38052291651622,1.48751982005722,1.51426904594247,1.5262234818568,
1.53651493445633,1.59451672359822,1.70996959275275,1.82665949331181,1.94399017466905,
2.06093268678593,2.17698109954445,2.2835999097569,2.29434817777526,2.39021871996934,
2.50586390399777,2.62263616451773,2.73991161221592,2.85657575022267,2.97224112624463,
3.02540062854629,3.04739360860278,3.05781631697484,3.17460894642538,3.18487913545127,
3.30068396903059,3.41750223827148,3.5346877607763,3.65105355696381,3.76632800749401,
3.80198477870505,3.8164047700308,3.8264041290625,3.94314563229964,3.97849437276453,
4.09397821928724,4.21070738152217,4.22755667206534),.UNSPECIFIED.);
#103=B_SPLINE_CURVE_WITH_KNOTS('',3,(#6416,#6417,#6418,#6419,#6420,#6421,
#6422,#6423,#6424,#6425,#6426,#6427,#6428,#6429,#6430,#6431,#6432,#6433,
#6434,#6435,#6436,#6437,#6438,#6439,#6440,#6441,#6442,#6443,#6444,#6445,
#6446,#6447,#6448,#6449,#6450,#6451,#6452,#6453,#6454,#6455,#6456,#6457,
#6458,#6459,#6460,#6461,#6462,#6463,#6464,#6465,#6466,#6467,#6468,#6469,
#6470,#6471,#6472,#6473,#6474,#6475,#6476,#6477,#6478,#6479,#6480,#6481,
#6482,#6483,#6484,#6485,#6486,#6487,#6488,#6489,#6490,#6491,#6492,#6493,
#6494,#6495,#6496,#6497,#6498,#6499,#6500,#6501,#6502,#6503,#6504,#6505,
#6506,#6507,#6508,#6509,#6510,#6511,#6512,#6513,#6514,#6515,#6516,#6517,
#6518,#6519,#6520,#6521,#6522,#6523,#6524,#6525,#6526,#6527,#6528,#6529,
#6530,#6531,#6532,#6533,#6534,#6535,#6536,#6537,#6538,#6539,#6540,#6541,
#6542,#6543,#6544,#6545,#6546,#6547,#6548,#6549,#6550,#6551,#6552,#6553,
#6554,#6555,#6556,#6557,#6558,#6559,#6560,#6561,#6562,#6563,#6564,#6565,
#6566,#6567,#6568,#6569,#6570,#6571,#6572,#6573,#6574,#6575,#6576,#6577,
#6578,#6579,#6580,#6581,#6582,#6583,#6584,#6585,#6586,#6587,#6588,#6589,
#6590,#6591,#6592,#6593,#6594,#6595,#6596,#6597,#6598,#6599,#6600,#6601,
#6602,#6603,#6604,#6605,#6606,#6607,#6608,#6609,#6610,#6611,#6612,#6613,
#6614,#6615,#6616,#6617,#6618,#6619,#6620,#6621,#6622,#6623,#6624,#6625,
#6626,#6627,#6628,#6629,#6630,#6631,#6632,#6633,#6634,#6635,#6636,#6637,
#6638,#6639,#6640,#6641,#6642,#6643,#6644,#6645,#6646,#6647,#6648,#6649,
#6650,#6651,#6652,#6653,#6654,#6655,#6656,#6657,#6658,#6659,#6660,#6661,
#6662,#6663,#6664,#6665,#6666,#6667,#6668,#6669,#6670,#6671,#6672,#6673,
#6674,#6675,#6676,#6677,#6678,#6679,#6680,#6681,#6682,#6683,#6684,#6685,
#6686,#6687,#6688,#6689,#6690,#6691,#6692,#6693,#6694,#6695,#6696,#6697,
#6698,#6699,#6700,#6701,#6702,#6703,#6704,#6705,#6706,#6707,#6708,#6709,
#6710,#6711,#6712,#6713,#6714,#6715,#6716,#6717,#6718,#6719,#6720,#6721,
#6722,#6723,#6724,#6725,#6726,#6727,#6728,#6729,#6730,#6731,#6732,#6733,
#6734,#6735,#6736,#6737,#6738,#6739,#6740,#6741,#6742,#6743,#6744,#6745,
#6746,#6747,#6748,#6749,#6750,#6751,#6752,#6753,#6754,#6755,#6756,#6757,
#6758,#6759,#6760,#6761,#6762,#6763,#6764,#6765,#6766,#6767,#6768,#6769,
#6770,#6771,#6772,#6773,#6774,#6775,#6776,#6777,#6778,#6779,#6780,#6781,
#6782,#6783,#6784,#6785,#6786,#6787,#6788,#6789,#6790,#6791,#6792,#6793,
#6794,#6795,#6796,#6797,#6798,#6799,#6800,#6801,#6802,#6803,#6804,#6805,
#6806),.UNSPECIFIED.,.F.,.F.,(4,3,3,3,3,3,3,3,3,3,3,3,3,3,3,3,3,3,3,3,3,
3,3,3,3,3,3,3,3,3,3,3,3,3,3,3,3,3,3,3,3,3,3,3,3,3,3,3,3,3,3,3,3,3,3,3,3,
3,3,3,3,3,3,3,3,3,3,3,3,3,3,3,3,3,3,3,3,3,3,3,3,3,3,3,3,3,3,3,3,3,3,3,3,
3,3,3,3,3,3,3,3,3,3,3,3,3,3,3,3,3,3,3,3,3,3,3,3,3,3,3,3,3,3,3,3,3,3,3,3,
3,4),(67.6437952008251,67.7589559988784,67.8737848154789,67.9650086594153,
68.0803568932153,68.195512701202,68.2299729053924,68.2438581799586,68.2536191486306,
68.367758244649,68.4830081724662,68.5987182373417,68.7137597864505,68.8277669266302,
68.9146851418698,68.9581442494896,68.9798738032995,68.9956900643488,69.0016033571094,
69.113144194743,69.2290168485484,69.344399850649,69.460194073163,69.5756704941055,
69.6917842268757,69.7353268766645,69.7480940480833,69.758574368319,69.8740882247752,
69.9897968899755,70.0401254251862,70.1552197008133,70.2707687084187,70.3860690251574,
70.4946543449235,70.508092002847,70.6230227684584,70.7386713489602,70.8204103042221,
70.935959818285,71.0516858781678,71.1668903135467,71.2212487294575,71.2476102302059,
71.2610409462945,71.3763208190932,71.4921295655998,71.6017576408333,71.7174017387457,
71.8331610800242,71.9483273694172,72.0044116800966,72.014538036842,72.1297916212535,
72.2456106905899,72.3613495637789,72.3841660161001,72.4999920938726,72.6157896662504,
72.7308659854384,72.750346028043,72.7609371960017,72.7720539935346,72.887441879017,
73.0033818592758,73.1191993624498,73.1676338838829,73.2835972958754,73.39940514508,
73.4684994481226,73.4987282057037,73.515136456363,73.5241037435286,73.6395454386105,
73.7555744438493,73.8714860340514,73.9521595694204,74.0682343020017,74.1840284527317,
74.2532425546585,74.2686343281567,74.2795553223638,74.395066718578,74.5111867294108,
74.627185964876,74.737741268146,74.8539080985878,74.9696626620682,75.0043323109846,
75.0263310646128,75.0362920128992,75.1511820913585,75.2673973364799,75.383733462184,
75.4993675775882,75.5243770447316,75.6406075476591,75.7245397082475,75.761260028505,
75.7828945393492,75.7932130806291,75.9081079653836,76.0244120707028,76.1408608572668,
76.2565645563002,76.3120648323667,76.4283344292733,76.5123929296494,76.5359573964647,
76.5458522014382,76.6606916110829,76.7770663939551,76.8936304723126,77.0094241685864,
77.1008024322821,77.217084056691,77.3012719887953,77.3106627306212,77.4255817308683,
77.5420677490558,77.6587365001956,77.7746620068607,77.8905875135258,78.007005544973,
78.0395023683446,78.0604215627338,78.0705233080635,78.1856499763172,78.3017838905852,
78.4185550793444,78.4329387029455),.UNSPECIFIED.);
#104=B_SPLINE_CURVE_WITH_KNOTS('',3,(#6812,#6813,#6814,#6815,#6816,#6817,
#6818,#6819,#6820,#6821,#6822,#6823,#6824,#6825,#6826,#6827,#6828,#6829,
#6830),.UNSPECIFIED.,.F.,.F.,(4,3,3,3,3,3,4),(-96.0891681322295,-95.2313395734109,
-94.3735110145923,-93.5156824557737,-92.6578538969551,-91.8000253381365,
-91.5309522700312),.UNSPECIFIED.);
#105=B_SPLINE_CURVE_WITH_KNOTS('',3,(#6833,#6834,#6835,#6836,#6837,#6838,
#6839,#6840,#6841,#6842,#6843,#6844,#6845,#6846,#6847,#6848,#6849,#6850,
#6851),.UNSPECIFIED.,.F.,.F.,(4,3,3,3,3,3,4),(-4.55904225495525,-4.28992040459796,
-3.43193632367837,-2.57395224275877,-1.71596816183919,-0.857984080919593,
0.),.UNSPECIFIED.);
#106=B_SPLINE_CURVE_WITH_KNOTS('',3,(#6856,#6857,#6858,#6859,#6860,#6861,
#6862,#6863,#6864,#6865,#6866,#6867,#6868,#6869,#6870,#6871,#6872,#6873,
#6874,#6875,#6876,#6877,#6878,#6879,#6880,#6881,#6882,#6883,#6884,#6885,
#6886,#6887,#6888,#6889,#6890,#6891,#6892,#6893,#6894,#6895,#6896,#6897,
#6898),.UNSPECIFIED.,.F.,.F.,(4,3,3,3,3,3,3,3,3,3,3,3,3,3,4),(-91.5309522700312,
-90.9421363522889,-90.0842197500772,-89.2263031478654,-88.3683865456536,
-87.5104699434418,-86.65255334123,-85.7946367390183,-84.9367201368065,-84.0788035345947,
-83.2208869323829,-82.3629703301711,-81.2190815272221,-80.0751927242731,
-79.7208908826517),.UNSPECIFIED.);
#107=B_SPLINE_CURVE_WITH_KNOTS('',3,(#6899,#6900,#6901,#6902,#6903,#6904,
#6905,#6906,#6907,#6908,#6909,#6910,#6911,#6912,#6913,#6914,#6915,#6916,
#6917,#6918,#6919,#6920,#6921,#6922,#6923,#6924,#6925,#6926,#6927,#6928,
#6929,#6930,#6931,#6932,#6933,#6934,#6935,#6936,#6937,#6938,#6939,#6940,
#6941),.UNSPECIFIED.,.F.,.F.,(4,3,3,3,3,3,3,3,3,3,3,3,3,3,4),(-16.3690388099961,
-16.0147389133449,-14.8708563898709,-13.726973866397,-12.8690619737915,
-12.011150081186,-11.1532381885806,-10.2953262959751,-9.43741440336963,
-8.57950251076417,-7.72159061815869,-6.86367872555322,-6.00576683294776,
-5.14785494034228,-4.55904225495524),.UNSPECIFIED.);
#108=B_SPLINE_CURVE_WITH_KNOTS('',3,(#6946,#6947,#6948,#6949,#6950,#6951,
#6952,#6953,#6954,#6955,#6956,#6957,#6958,#6959,#6960,#6961,#6962,#6963,
#6964,#6965,#6966,#6967,#6968,#6969,#6970,#6971,#6972,#6973,#6974,#6975,
#6976,#6977,#6978,#6979,#6980,#6981,#6982,#6983,#6984,#6985,#6986,#6987,
#6988),.UNSPECIFIED.,.F.,.F.,(4,3,3,3,3,3,3,3,3,3,3,3,3,3,4),(-79.7208908826517,
-79.3125831616402,-78.5499588232221,-77.7873344848041,-77.024710146386,
-76.2620858079679,-75.4994614695498,-74.7368371311318,-73.9742127927137,
-73.2115884542956,-72.0676519466685,-70.9237154390413,-69.7797789314142,
-68.6358424237871,-67.9103369690973),.UNSPECIFIED.);
#109=B_SPLINE_CURVE_WITH_KNOTS('',3,(#6989,#6990,#6991,#6992,#6993,#6994,
#6995,#6996,#6997,#6998,#6999,#7000,#7001,#7002,#7003,#7004,#7005,#7006,
#7007,#7008,#7009,#7010,#7011,#7012,#7013,#7014,#7015,#7016,#7017,#7018,
#7019,#7020,#7021,#7022,#7023,#7024,#7025,#7026,#7027,#7028,#7029,#7030,
#7031),.UNSPECIFIED.,.F.,.F.,(4,3,3,3,3,3,3,3,3,3,3,3,3,3,4),(-28.1800899730281,
-27.4545539730133,-26.3105693032225,-25.1665846334317,-24.0225999636408,
-22.87861529385,-22.1159588473228,-21.3533024007956,-20.5906459542684,-19.8279895077412,
-19.065333061214,-18.3026766146868,-17.5400201681596,-16.7773637216324,
-16.3690388099961),.UNSPECIFIED.);
#110=B_SPLINE_CURVE_WITH_KNOTS('',3,(#7036,#7037,#7038,#7039,#7040,#7041,
#7042,#7043,#7044,#7045,#7046,#7047,#7048,#7049,#7050,#7051,#7052,#7053,
#7054,#7055,#7056,#7057,#7058,#7059,#7060,#7061,#7062,#7063,#7064,#7065,
#7066,#7067,#7068,#7069),.UNSPECIFIED.,.F.,.F.,(4,3,3,3,3,3,3,3,3,3,3,4),
(-67.9103369690973,-67.4919000013564,-66.3479473234194,-65.2039946454824,
-64.0600419675454,-62.9160892896085,-61.7721366116715,-60.6281839337345,
-59.4842312557975,-58.3402785778605,-57.1963258999236,-56.0996161054412),
 .UNSPECIFIED.);
#111=B_SPLINE_CURVE_WITH_KNOTS('',3,(#7070,#7071,#7072,#7073,#7074,#7075,
#7076,#7077,#7078,#7079,#7080,#7081,#7082,#7083,#7084,#7085,#7086,#7087,
#7088,#7089,#7090,#7091,#7092,#7093,#7094,#7095,#7096,#7097,#7098,#7099,
#7100,#7101,#7102,#7103),.UNSPECIFIED.,.F.,.F.,(4,3,3,3,3,3,3,3,3,3,3,4),
(-39.9902259420716,-38.8935704592318,-37.7496744325159,-36.6057784058,-35.4618823790841,
-34.3179863523681,-33.1740903256522,-32.0301942989363,-30.8862982722204,
-29.7424022455044,-28.5985062187885,-28.1800899730281),.UNSPECIFIED.);
#112=B_SPLINE_CURVE_WITH_KNOTS('',3,(#7108,#7109,#7110,#7111,#7112,#7113,
#7114,#7115,#7116,#7117,#7118,#7119,#7120,#7121,#7122,#7123,#7124,#7125,
#7126,#7127,#7128,#7129,#7130,#7131,#7132,#7133,#7134,#7135,#7136,#7137,
#7138,#7139,#7140,#7141,#7142,#7143,#7144,#7145,#7146,#7147,#7148,#7149,
#7150,#7151,#7152,#7153,#7154,#7155,#7156,#7157,#7158,#7159,#7160,#7161,
#7162),.UNSPECIFIED.,.F.,.F.,(4,3,3,3,3,3,3,3,3,3,3,3,3,3,3,3,3,3,4),(-56.0996161054412,
-56.0523760705026,-54.9084923673466,-54.1459032319093,-53.3833140964719,
-52.6207249610346,-51.8581358255972,-51.0955466901599,-50.3329575547225,
-49.5703684192852,-48.8077792838478,-48.0451901484105,-47.2826010129731,
-46.7742082560149,-45.7574227420985,-45.4714518163095,-45.1854808905204,
-44.6135390389424,-44.2896073707921),.UNSPECIFIED.);
#113=B_SPLINE_CURVE_WITH_KNOTS('',3,(#7163,#7164,#7165,#7166,#7167,#7168,
#7169,#7170,#7171,#7172,#7173,#7174,#7175,#7176,#7177,#7178,#7179,#7180,
#7181,#7182,#7183,#7184,#7185,#7186,#7187,#7188,#7189,#7190,#7191,#7192,
#7193,#7194,#7195,#7196,#7197,#7198,#7199,#7200,#7201,#7202,#7203,#7204,
#7205,#7206,#7207,#7208,#7209,#7210,#7211,#7212,#7213,#7214,#7215,#7216,
#7217),.UNSPECIFIED.,.F.,.F.,(4,3,3,3,3,3,3,3,3,3,3,3,3,3,3,3,3,3,4),(-51.8006295819139,
-51.4766870820782,-50.9047261058058,-50.6187456176696,-50.3327651295335,
-49.3159456161604,-48.8075358594738,-48.044921224444,-47.2823065894142,
-46.5196919543844,-45.7570773193546,-44.9944626843248,-44.231848049295,
-43.4692334142651,-42.7066187792353,-41.9440041442055,-41.1813895091757,
-40.037467556631,-39.9902259420716),.UNSPECIFIED.);
#114=B_SPLINE_CURVE_WITH_KNOTS('',3,(#7222,#7223,#7224,#7225,#7226,#7227,
#7228,#7229,#7230,#7231,#7232,#7233,#7234,#7235,#7236,#7237,#7238,#7239,
#7240,#7241,#7242,#7243,#7244,#7245,#7246,#7247,#7248,#7249,#7250,#7251,
#7252,#7253,#7254,#7255,#7256,#7257,#7258,#7259,#7260,#7261),
 .UNSPECIFIED.,.F.,.F.,(4,3,3,3,3,3,3,3,3,3,3,3,3,4),(-44.2896073707921,
-43.4695821889495,-42.3255964414408,-41.181610693932,-40.0376249464232,
-38.8936391989145,-37.7496534514057,-36.605667703897,-35.8430105388911,
-35.0803533738853,-34.3176962088795,-33.5550390438736,-32.7923818788678,
-32.4785450808787),.UNSPECIFIED.);
#115=B_SPLINE_CURVE_WITH_KNOTS('',3,(#7262,#7263,#7264,#7265,#7266,#7267,
#7268,#7269,#7270,#7271,#7272,#7273,#7274,#7275,#7276,#7277,#7278,#7279,
#7280,#7281,#7282,#7283,#7284,#7285,#7286,#7287,#7288,#7289,#7290,#7291,
#7292,#7293,#7294,#7295,#7296,#7297,#7298,#7299,#7300,#7301),
 .UNSPECIFIED.,.F.,.F.,(4,3,3,3,3,3,3,3,3,3,3,3,3,4),(-63.6114888837645,
-63.2976574794582,-62.5350134216815,-61.7723693639049,-61.0097253061283,
-60.2470812483516,-59.484437190575,-58.34047110391,-57.1965050172451,-56.0525389305801,
-54.9085728439151,-53.7646067572502,-52.6206406705852,-51.8006295819139),
 .UNSPECIFIED.);
#116=B_SPLINE_CURVE_WITH_KNOTS('',3,(#7306,#7307,#7308,#7309,#7310,#7311,
#7312,#7313,#7314,#7315,#7316,#7317,#7318,#7319,#7320,#7321,#7322,#7323,
#7324,#7325,#7326,#7327,#7328,#7329,#7330,#7331,#7332,#7333,#7334,#7335,
#7336,#7337,#7338,#7339,#7340,#7341,#7342,#7343,#7344,#7345,#7346,#7347,
#7348,#7349,#7350,#7351,#7352,#7353,#7354),.UNSPECIFIED.,.F.,.F.,(4,3,3,
3,3,3,3,3,3,3,3,3,3,3,3,3,4),(-32.4785450808787,-32.0297609274741,-31.2671652983806,
-30.5045696692871,-29.7419740401936,-28.9793784111002,-28.2167827820067,
-27.4541871529132,-26.6915915238197,-25.9289958947262,-25.1664002656327,
-24.4038046365392,-23.6412090074457,-22.8786133783522,-22.1160177492587,
-21.3534221201652,-20.6684357807583),.UNSPECIFIED.);
#117=B_SPLINE_CURVE_WITH_KNOTS('',3,(#7355,#7356,#7357,#7358,#7359,#7360,
#7361,#7362,#7363,#7364,#7365,#7366,#7367,#7368,#7369,#7370,#7371,#7372,
#7373,#7374,#7375,#7376,#7377,#7378,#7379,#7380,#7381,#7382,#7383,#7384,
#7385,#7386,#7387,#7388,#7389,#7390,#7391,#7392,#7393,#7394,#7395,#7396,
#7397,#7398,#7399,#7400,#7401,#7402,#7403),.UNSPECIFIED.,.F.,.F.,(4,3,3,
3,3,3,3,3,3,3,3,3,3,3,3,3,4),(-75.421467611676,-74.7364888454572,-73.9739016475977,
-73.2113144497383,-72.4487272518789,-71.6861400540194,-70.92355285616,-70.1609656583006,
-69.3983784604412,-68.6357912625817,-67.8732040647223,-67.1106168668629,
-66.3480296690034,-65.585442471144,-64.8228552732846,-64.0602680754251,
-63.6114888837645),.UNSPECIFIED.);
#118=B_SPLINE_CURVE_WITH_KNOTS('',3,(#7408,#7409,#7410,#7411,#7412,#7413,
#7414,#7415,#7416,#7417,#7418,#7419,#7420,#7421,#7422,#7423,#7424,#7425,
#7426,#7427,#7428,#7429,#7430,#7431,#7432,#7433,#7434,#7435,#7436,#7437,
#7438,#7439,#7440,#7441,#7442,#7443,#7444,#7445,#7446,#7447,#7448,#7449,
#7450),.UNSPECIFIED.,.F.,.F.,(4,3,3,3,3,3,3,3,3,3,3,3,3,3,4),(-20.6684357807583,
-20.5908242522665,-19.8282066244775,-19.3197948726182,-18.3029713688996,
-17.1590449272161,-16.0151184855327,-14.8711920438492,-13.7272656021658,
-12.8693207709032,-12.0113759396406,-11.153431108378,-10.2954862771154,
-9.43754144585283,-8.85798579287604),.UNSPECIFIED.);
#119=B_SPLINE_CURVE_WITH_KNOTS('',3,(#7451,#7452,#7453,#7454,#7455,#7456,
#7457,#7458,#7459,#7460,#7461,#7462,#7463,#7464,#7465,#7466,#7467,#7468,
#7469,#7470,#7471,#7472,#7473,#7474,#7475,#7476,#7477,#7478,#7479,#7480,
#7481,#7482,#7483,#7484,#7485,#7486,#7487,#7488,#7489,#7490,#7491,#7492,
#7493),.UNSPECIFIED.,.F.,.F.,(4,3,3,3,3,3,3,3,3,3,3,3,3,3,4),(-87.232484123818,
-86.6529006706864,-85.794914685483,-84.9369287002795,-84.0789427150761,
-83.2209567298726,-82.3629707446692,-81.2189894310646,-80.07500811746,-78.9310268038553,
-77.7870454902507,-76.7701732114911,-76.2617370721113,-75.4990828630415,
-75.421467611676),.UNSPECIFIED.);
#120=B_SPLINE_CURVE_WITH_KNOTS('',3,(#7496,#7497,#7498,#7499,#7500,#7501,
#7502,#7503,#7504,#7505,#7506,#7507,#7508,#7509,#7510,#7511,#7512,#7513,
#7514,#7515,#7516,#7517,#7518,#7519,#7520,#7521,#7522,#7523,#7524,#7525,
#7526,#7527,#7528,#7529),.UNSPECIFIED.,.F.,.F.,(4,3,3,3,3,3,3,3,3,3,3,4),
(-96.0891681322426,-95.2313350239981,-94.3735019157535,-93.5156688075089,
-92.6578356992644,-91.8000025910198,-90.9421694827753,-90.0843363745307,
-89.2265032662862,-88.3686701580416,-87.510837049797,-87.232484123818),
 .UNSPECIFIED.);
#121=B_SPLINE_CURVE_WITH_KNOTS('',3,(#7532,#7533,#7534,#7535,#7536,#7537,
#7538,#7539,#7540,#7541,#7542,#7543,#7544,#7545,#7546,#7547,#7548,#7549,
#7550,#7551,#7552,#7553,#7554,#7555,#7556,#7557,#7558,#7559,#7560,#7561,
#7562,#7563,#7564,#7565),.UNSPECIFIED.,.F.,.F.,(4,3,3,3,3,3,3,3,3,3,3,4),
(-8.85798579287604,-8.57959195367136,-7.72163275830423,-6.86367356293709,
-6.00571436756996,-5.14775517220282,-4.28979597683568,-3.43183678146855,
-2.57387758610141,-1.71591839073427,-0.857959195367136,0.),
 .UNSPECIFIED.);
#122=B_SPLINE_CURVE_WITH_KNOTS('',3,(#8017,#8018,#8019,#8020),
 .UNSPECIFIED.,.F.,.F.,(4,4),(50.7430045407823,51.1199956592131),
 .UNSPECIFIED.);
#123=B_SPLINE_CURVE_WITH_KNOTS('',3,(#8022,#8023,#8024,#8025),
 .UNSPECIFIED.,.F.,.F.,(4,4),(0.251524982042381,0.551524982042386),
 .UNSPECIFIED.);
#124=B_SPLINE_CURVE_WITH_KNOTS('',3,(#8026,#8027,#8028,#8029,#8030,#8031,
#8032,#8033,#8034,#8035,#8036,#8037,#8038,#8039,#8040,#8041,#8042,#8043,
#8044,#8045,#8046,#8047,#8048,#8049,#8050,#8051,#8052,#8053,#8054,#8055,
#8056,#8057,#8058,#8059,#8060,#8061,#8062,#8063,#8064,#8065,#8066,#8067,
#8068,#8069,#8070,#8071,#8072,#8073,#8074,#8075,#8076,#8077,#8078,#8079,
#8080,#8081,#8082,#8083,#8084,#8085,#8086,#8087,#8088,#8089,#8090,#8091,
#8092,#8093,#8094,#8095,#8096,#8097,#8098,#8099,#8100,#8101,#8102,#8103,
#8104,#8105,#8106,#8107,#8108,#8109,#8110,#8111,#8112,#8113,#8114,#8115,
#8116,#8117,#8118,#8119,#8120,#8121,#8122,#8123,#8124,#8125,#8126,#8127,
#8128,#8129,#8130,#8131,#8132,#8133,#8134,#8135,#8136,#8137,#8138,#8139,
#8140,#8141,#8142,#8143,#8144,#8145,#8146,#8147,#8148,#8149,#8150,#8151,
#8152,#8153,#8154,#8155,#8156,#8157,#8158,#8159,#8160,#8161,#8162,#8163,
#8164),.UNSPECIFIED.,.F.,.F.,(4,3,3,3,3,3,3,3,3,3,3,3,3,3,3,3,3,3,3,3,3,
3,3,3,3,3,3,3,3,3,3,3,3,3,3,3,3,3,3,3,3,3,3,3,3,3,4),(78.4329387029455,
78.5493217184746,78.6644052995133,78.6814181680062,78.7804021639794,78.8109978709975,
78.821946015842,78.8322539090263,78.9471984355529,79.0633812254488,79.1802629724947,
79.2968393345342,79.412051830721,79.4732901357916,79.5724041632834,79.582820618729,
79.5931313665708,79.7080647138566,79.8242760135917,79.9412638687268,80.0579696402992,
80.1732273892997,80.2662023557255,80.3158241720095,80.332511844742,80.3444771821429,
80.3541472902866,80.4690705482681,80.5853064492862,80.7040176910321,80.8208395216353,
80.9404954689526,81.06015141627,81.0911553816926,81.1049645773378,81.1161639442887,
81.2319779496248,81.3485759531053,81.4652804099748,81.5137668015016,81.5436787206347,
81.5575646780758,81.6743222677457,81.7907111792748,81.8531715421892,81.969859807743,
81.9912486518149),.UNSPECIFIED.);
#125=B_SPLINE_CURVE_WITH_KNOTS('',3,(#8169,#8170,#8171,#8172),
 .UNSPECIFIED.,.F.,.F.,(4,4),(0.,0.300000000000005),.UNSPECIFIED.);
#126=B_SPLINE_CURVE_WITH_KNOTS('',3,(#8190,#8191,#8192,#8193,#8194,#8195,
#8196,#8197,#8198,#8199,#8200,#8201,#8202,#8203,#8204,#8205,#8206,#8207,
#8208,#8209,#8210,#8211,#8212,#8213,#8214),.UNSPECIFIED.,.F.,.F.,(4,3,3,
3,3,3,3,3,4),(0.,0.0881231309568176,0.176711893740406,0.2135713378119,0.230654325136504,
0.244399642720086,0.333012942107589,0.421228356509679,0.471587446312352),
 .UNSPECIFIED.);
#127=LINE('',#600,#152);
#128=LINE('',#901,#153);
#129=LINE('',#1286,#154);
#130=LINE('',#1564,#155);
#131=LINE('',#2326,#156);
#132=LINE('',#3094,#157);
#133=LINE('',#3883,#158);
#134=LINE('',#4681,#159);
#135=LINE('',#5455,#160);
#136=LINE('',#6259,#161);
#137=LINE('',#6810,#162);
#138=LINE('',#6832,#163);
#139=LINE('',#6855,#164);
#140=LINE('',#6945,#165);
#141=LINE('',#7035,#166);
#142=LINE('',#7107,#167);
#143=LINE('',#7221,#168);
#144=LINE('',#7305,#169);
#145=LINE('',#7407,#170);
#146=LINE('',#7531,#171);
#147=LINE('',#8015,#172);
#148=LINE('',#8165,#173);
#149=LINE('',#8167,#174);
#150=LINE('',#8173,#175);
#151=LINE('',#8663,#176);
#152=VECTOR('',#519,14.);
#153=VECTOR('',#524,14.);
#154=VECTOR('',#527,10.);
#155=VECTOR('',#530,14.);
#156=VECTOR('',#533,14.);
#157=VECTOR('',#536,14.);
#158=VECTOR('',#539,14.);
#159=VECTOR('',#542,14.);
#160=VECTOR('',#545,14.);
#161=VECTOR('',#548,14.);
#162=VECTOR('',#553,16.95);
#163=VECTOR('',#554,10.);
#164=VECTOR('',#557,16.95);
#165=VECTOR('',#560,16.95);
#166=VECTOR('',#563,16.95);
#167=VECTOR('',#566,16.95);
#168=VECTOR('',#569,16.95);
#169=VECTOR('',#572,16.95);
#170=VECTOR('',#575,16.95);
#171=VECTOR('',#578,10.);
#172=VECTOR('',#579,10.);
#173=VECTOR('',#580,10.);
#174=VECTOR('',#583,10.);
#175=VECTOR('',#584,10.);
#176=VECTOR('',#585,10.);
#177=VERTEX_POINT('',#598);
#178=VERTEX_POINT('',#599);
#179=VERTEX_POINT('',#601);
#180=VERTEX_POINT('',#899);
#181=VERTEX_POINT('',#900);
#182=VERTEX_POINT('',#1285);
#183=VERTEX_POINT('',#1562);
#184=VERTEX_POINT('',#1563);
#185=VERTEX_POINT('',#2324);
#186=VERTEX_POINT('',#2325);
#187=VERTEX_POINT('',#3092);
#188=VERTEX_POINT('',#3093);
#189=VERTEX_POINT('',#3881);
#190=VERTEX_POINT('',#3882);
#191=VERTEX_POINT('',#4679);
#192=VERTEX_POINT('',#4680);
#193=VERTEX_POINT('',#5453);
#194=VERTEX_POINT('',#5454);
#195=VERTEX_POINT('',#6257);
#196=VERTEX_POINT('',#6258);
#197=VERTEX_POINT('',#6260);
#198=VERTEX_POINT('',#6808);
#199=VERTEX_POINT('',#6809);
#200=VERTEX_POINT('',#6811);
#201=VERTEX_POINT('',#6831);
#202=VERTEX_POINT('',#6853);
#203=VERTEX_POINT('',#6854);
#204=VERTEX_POINT('',#6943);
#205=VERTEX_POINT('',#6944);
#206=VERTEX_POINT('',#7033);
#207=VERTEX_POINT('',#7034);
#208=VERTEX_POINT('',#7105);
#209=VERTEX_POINT('',#7106);
#210=VERTEX_POINT('',#7219);
#211=VERTEX_POINT('',#7220);
#212=VERTEX_POINT('',#7303);
#213=VERTEX_POINT('',#7304);
#214=VERTEX_POINT('',#7405);
#215=VERTEX_POINT('',#7406);
#216=VERTEX_POINT('',#7495);
#217=VERTEX_POINT('',#7530);
#218=VERTEX_POINT('',#8014);
#219=VERTEX_POINT('',#8016);
#220=VERTEX_POINT('',#8021);
#221=VERTEX_POINT('',#8168);
#222=EDGE_CURVE('',#177,#178,#127,.T.);
#223=EDGE_CURVE('',#177,#179,#87,.T.);
#224=EDGE_CURVE('',#179,#178,#83,.T.);
#225=EDGE_CURVE('',#180,#181,#128,.T.);
#226=EDGE_CURVE('',#180,#177,#88,.T.);
#227=EDGE_CURVE('',#178,#179,#84,.T.);
#228=EDGE_CURVE('',#179,#182,#129,.T.);
#229=EDGE_CURVE('',#182,#181,#89,.T.);
#230=EDGE_CURVE('',#183,#184,#130,.T.);
#231=EDGE_CURVE('',#183,#180,#90,.T.);
#232=EDGE_CURVE('',#181,#184,#91,.T.);
#233=EDGE_CURVE('',#185,#186,#131,.T.);
#234=EDGE_CURVE('',#185,#183,#92,.T.);
#235=EDGE_CURVE('',#184,#186,#93,.T.);
#236=EDGE_CURVE('',#187,#188,#132,.T.);
#237=EDGE_CURVE('',#187,#185,#94,.T.);
#238=EDGE_CURVE('',#186,#188,#95,.T.);
#239=EDGE_CURVE('',#189,#190,#133,.T.);
#240=EDGE_CURVE('',#189,#187,#96,.T.);
#241=EDGE_CURVE('',#188,#190,#97,.T.);
#242=EDGE_CURVE('',#191,#192,#134,.T.);
#243=EDGE_CURVE('',#191,#189,#98,.T.);
#244=EDGE_CURVE('',#190,#192,#99,.T.);
#245=EDGE_CURVE('',#193,#194,#135,.T.);
#246=EDGE_CURVE('',#193,#191,#100,.T.);
#247=EDGE_CURVE('',#192,#194,#101,.T.);
#248=EDGE_CURVE('',#195,#196,#136,.T.);
#249=EDGE_CURVE('',#197,#195,#85,.T.);
#250=EDGE_CURVE('',#197,#193,#102,.T.);
#251=EDGE_CURVE('',#194,#196,#103,.T.);
#252=EDGE_CURVE('',#198,#199,#137,.T.);
#253=EDGE_CURVE('',#200,#198,#104,.T.);
#254=EDGE_CURVE('',#201,#200,#138,.T.);
#255=EDGE_CURVE('',#199,#201,#105,.T.);
#256=EDGE_CURVE('',#202,#203,#139,.T.);
#257=EDGE_CURVE('',#198,#202,#106,.T.);
#258=EDGE_CURVE('',#203,#199,#107,.T.);
#259=EDGE_CURVE('',#204,#205,#140,.T.);
#260=EDGE_CURVE('',#202,#204,#108,.T.);
#261=EDGE_CURVE('',#205,#203,#109,.T.);
#262=EDGE_CURVE('',#206,#207,#141,.T.);
#263=EDGE_CURVE('',#204,#206,#110,.T.);
#264=EDGE_CURVE('',#207,#205,#111,.T.);
#265=EDGE_CURVE('',#208,#209,#142,.T.);
#266=EDGE_CURVE('',#206,#208,#112,.T.);
#267=EDGE_CURVE('',#209,#207,#113,.T.);
#268=EDGE_CURVE('',#210,#211,#143,.T.);
#269=EDGE_CURVE('',#208,#210,#114,.T.);
#270=EDGE_CURVE('',#211,#209,#115,.T.);
#271=EDGE_CURVE('',#212,#213,#144,.T.);
#272=EDGE_CURVE('',#210,#212,#116,.T.);
#273=EDGE_CURVE('',#213,#211,#117,.T.);
#274=EDGE_CURVE('',#214,#215,#145,.T.);
#275=EDGE_CURVE('',#212,#214,#118,.T.);
#276=EDGE_CURVE('',#215,#213,#119,.T.);
#277=EDGE_CURVE('',#216,#215,#120,.T.);
#278=EDGE_CURVE('',#217,#216,#146,.T.);
#279=EDGE_CURVE('',#214,#217,#121,.T.);
#280=EDGE_CURVE('',#218,#201,#147,.T.);
#281=EDGE_CURVE('',#219,#218,#122,.T.);
#282=EDGE_CURVE('',#220,#219,#123,.T.);
#283=EDGE_CURVE('',#196,#220,#124,.T.);
#284=EDGE_CURVE('',#216,#182,#148,.T.);
#285=EDGE_CURVE('',#200,#197,#149,.T.);
#286=EDGE_CURVE('',#221,#197,#125,.T.);
#287=EDGE_CURVE('',#221,#218,#150,.T.);
#288=EDGE_CURVE('',#219,#221,#126,.T.);
#289=EDGE_CURVE('',#179,#217,#151,.T.);
#290=EDGE_CURVE('',#195,#220,#86,.T.);
#291=ORIENTED_EDGE('',*,*,#222,.F.);
#292=ORIENTED_EDGE('',*,*,#223,.T.);
#293=ORIENTED_EDGE('',*,*,#224,.T.);
#294=ORIENTED_EDGE('',*,*,#225,.F.);
#295=ORIENTED_EDGE('',*,*,#226,.T.);
#296=ORIENTED_EDGE('',*,*,#222,.T.);
#297=ORIENTED_EDGE('',*,*,#227,.T.);
#298=ORIENTED_EDGE('',*,*,#228,.T.);
#299=ORIENTED_EDGE('',*,*,#229,.T.);
#300=ORIENTED_EDGE('',*,*,#230,.F.);
#301=ORIENTED_EDGE('',*,*,#231,.T.);
#302=ORIENTED_EDGE('',*,*,#225,.T.);
#303=ORIENTED_EDGE('',*,*,#232,.T.);
#304=ORIENTED_EDGE('',*,*,#233,.F.);
#305=ORIENTED_EDGE('',*,*,#234,.T.);
#306=ORIENTED_EDGE('',*,*,#230,.T.);
#307=ORIENTED_EDGE('',*,*,#235,.T.);
#308=ORIENTED_EDGE('',*,*,#236,.F.);
#309=ORIENTED_EDGE('',*,*,#237,.T.);
#310=ORIENTED_EDGE('',*,*,#233,.T.);
#311=ORIENTED_EDGE('',*,*,#238,.T.);
#312=ORIENTED_EDGE('',*,*,#239,.F.);
#313=ORIENTED_EDGE('',*,*,#240,.T.);
#314=ORIENTED_EDGE('',*,*,#236,.T.);
#315=ORIENTED_EDGE('',*,*,#241,.T.);
#316=ORIENTED_EDGE('',*,*,#242,.F.);
#317=ORIENTED_EDGE('',*,*,#243,.T.);
#318=ORIENTED_EDGE('',*,*,#239,.T.);
#319=ORIENTED_EDGE('',*,*,#244,.T.);
#320=ORIENTED_EDGE('',*,*,#245,.F.);
#321=ORIENTED_EDGE('',*,*,#246,.T.);
#322=ORIENTED_EDGE('',*,*,#242,.T.);
#323=ORIENTED_EDGE('',*,*,#247,.T.);
#324=ORIENTED_EDGE('',*,*,#248,.F.);
#325=ORIENTED_EDGE('',*,*,#249,.F.);
#326=ORIENTED_EDGE('',*,*,#250,.T.);
#327=ORIENTED_EDGE('',*,*,#245,.T.);
#328=ORIENTED_EDGE('',*,*,#251,.T.);
#329=ORIENTED_EDGE('',*,*,#252,.F.);
#330=ORIENTED_EDGE('',*,*,#253,.F.);
#331=ORIENTED_EDGE('',*,*,#254,.F.);
#332=ORIENTED_EDGE('',*,*,#255,.F.);
#333=ORIENTED_EDGE('',*,*,#256,.F.);
#334=ORIENTED_EDGE('',*,*,#257,.F.);
#335=ORIENTED_EDGE('',*,*,#252,.T.);
#336=ORIENTED_EDGE('',*,*,#258,.F.);
#337=ORIENTED_EDGE('',*,*,#259,.F.);
#338=ORIENTED_EDGE('',*,*,#260,.F.);
#339=ORIENTED_EDGE('',*,*,#256,.T.);
#340=ORIENTED_EDGE('',*,*,#261,.F.);
#341=ORIENTED_EDGE('',*,*,#262,.F.);
#342=ORIENTED_EDGE('',*,*,#263,.F.);
#343=ORIENTED_EDGE('',*,*,#259,.T.);
#344=ORIENTED_EDGE('',*,*,#264,.F.);
#345=ORIENTED_EDGE('',*,*,#265,.F.);
#346=ORIENTED_EDGE('',*,*,#266,.F.);
#347=ORIENTED_EDGE('',*,*,#262,.T.);
#348=ORIENTED_EDGE('',*,*,#267,.F.);
#349=ORIENTED_EDGE('',*,*,#268,.F.);
#350=ORIENTED_EDGE('',*,*,#269,.F.);
#351=ORIENTED_EDGE('',*,*,#265,.T.);
#352=ORIENTED_EDGE('',*,*,#270,.F.);
#353=ORIENTED_EDGE('',*,*,#271,.F.);
#354=ORIENTED_EDGE('',*,*,#272,.F.);
#355=ORIENTED_EDGE('',*,*,#268,.T.);
#356=ORIENTED_EDGE('',*,*,#273,.F.);
#357=ORIENTED_EDGE('',*,*,#274,.F.);
#358=ORIENTED_EDGE('',*,*,#275,.F.);
#359=ORIENTED_EDGE('',*,*,#271,.T.);
#360=ORIENTED_EDGE('',*,*,#276,.F.);
#361=ORIENTED_EDGE('',*,*,#274,.T.);
#362=ORIENTED_EDGE('',*,*,#277,.F.);
#363=ORIENTED_EDGE('',*,*,#278,.F.);
#364=ORIENTED_EDGE('',*,*,#279,.F.);
#365=ORIENTED_EDGE('',*,*,#277,.T.);
#366=ORIENTED_EDGE('',*,*,#276,.T.);
#367=ORIENTED_EDGE('',*,*,#273,.T.);
#368=ORIENTED_EDGE('',*,*,#270,.T.);
#369=ORIENTED_EDGE('',*,*,#267,.T.);
#370=ORIENTED_EDGE('',*,*,#264,.T.);
#371=ORIENTED_EDGE('',*,*,#261,.T.);
#372=ORIENTED_EDGE('',*,*,#258,.T.);
#373=ORIENTED_EDGE('',*,*,#255,.T.);
#374=ORIENTED_EDGE('',*,*,#280,.F.);
#375=ORIENTED_EDGE('',*,*,#281,.F.);
#376=ORIENTED_EDGE('',*,*,#282,.F.);
#377=ORIENTED_EDGE('',*,*,#283,.F.);
#378=ORIENTED_EDGE('',*,*,#251,.F.);
#379=ORIENTED_EDGE('',*,*,#247,.F.);
#380=ORIENTED_EDGE('',*,*,#244,.F.);
#381=ORIENTED_EDGE('',*,*,#241,.F.);
#382=ORIENTED_EDGE('',*,*,#238,.F.);
#383=ORIENTED_EDGE('',*,*,#235,.F.);
#384=ORIENTED_EDGE('',*,*,#232,.F.);
#385=ORIENTED_EDGE('',*,*,#229,.F.);
#386=ORIENTED_EDGE('',*,*,#284,.F.);
#387=ORIENTED_EDGE('',*,*,#254,.T.);
#388=ORIENTED_EDGE('',*,*,#285,.T.);
#389=ORIENTED_EDGE('',*,*,#286,.F.);
#390=ORIENTED_EDGE('',*,*,#287,.T.);
#391=ORIENTED_EDGE('',*,*,#280,.T.);
#392=ORIENTED_EDGE('',*,*,#288,.F.);
#393=ORIENTED_EDGE('',*,*,#281,.T.);
#394=ORIENTED_EDGE('',*,*,#287,.F.);
#395=ORIENTED_EDGE('',*,*,#253,.T.);
#396=ORIENTED_EDGE('',*,*,#257,.T.);
#397=ORIENTED_EDGE('',*,*,#260,.T.);
#398=ORIENTED_EDGE('',*,*,#263,.T.);
#399=ORIENTED_EDGE('',*,*,#266,.T.);
#400=ORIENTED_EDGE('',*,*,#269,.T.);
#401=ORIENTED_EDGE('',*,*,#272,.T.);
#402=ORIENTED_EDGE('',*,*,#275,.T.);
#403=ORIENTED_EDGE('',*,*,#279,.T.);
#404=ORIENTED_EDGE('',*,*,#289,.F.);
#405=ORIENTED_EDGE('',*,*,#223,.F.);
#406=ORIENTED_EDGE('',*,*,#226,.F.);
#407=ORIENTED_EDGE('',*,*,#231,.F.);
#408=ORIENTED_EDGE('',*,*,#234,.F.);
#409=ORIENTED_EDGE('',*,*,#237,.F.);
#410=ORIENTED_EDGE('',*,*,#240,.F.);
#411=ORIENTED_EDGE('',*,*,#243,.F.);
#412=ORIENTED_EDGE('',*,*,#246,.F.);
#413=ORIENTED_EDGE('',*,*,#250,.F.);
#414=ORIENTED_EDGE('',*,*,#285,.F.);
#415=ORIENTED_EDGE('',*,*,#278,.T.);
#416=ORIENTED_EDGE('',*,*,#284,.T.);
#417=ORIENTED_EDGE('',*,*,#228,.F.);
#418=ORIENTED_EDGE('',*,*,#289,.T.);
#419=ORIENTED_EDGE('',*,*,#248,.T.);
#420=ORIENTED_EDGE('',*,*,#283,.T.);
#421=ORIENTED_EDGE('',*,*,#290,.F.);
#422=ORIENTED_EDGE('',*,*,#286,.T.);
#423=ORIENTED_EDGE('',*,*,#249,.T.);
#424=ORIENTED_EDGE('',*,*,#290,.T.);
#425=ORIENTED_EDGE('',*,*,#282,.T.);
#426=ORIENTED_EDGE('',*,*,#288,.T.);
#427=ORIENTED_EDGE('',*,*,#224,.F.);
#428=ORIENTED_EDGE('',*,*,#227,.F.);
#429=CONICAL_SURFACE('',#488,14.,0.00737449758256707);
#430=CONICAL_SURFACE('',#490,14.,0.00737449758256707);
#431=CONICAL_SURFACE('',#492,14.,0.00737449758256707);
#432=CONICAL_SURFACE('',#493,14.,0.00737449758256707);
#433=CONICAL_SURFACE('',#494,14.,0.00737449758256707);
#434=CONICAL_SURFACE('',#495,14.,0.00737449758256707);
#435=CONICAL_SURFACE('',#496,14.,0.00737449758256707);
#436=CONICAL_SURFACE('',#497,14.,0.00737449758256707);
#437=CONICAL_SURFACE('',#498,14.,0.00737449758256707);
#438=CONICAL_SURFACE('',#511,14.,0.00737449758256707);
#439=ADVANCED_FACE('',(#31),#429,.T.);
#440=ADVANCED_FACE('',(#32),#430,.T.);
#441=ADVANCED_FACE('',(#33),#431,.T.);
#442=ADVANCED_FACE('',(#34),#432,.T.);
#443=ADVANCED_FACE('',(#35),#433,.T.);
#444=ADVANCED_FACE('',(#36),#434,.T.);
#445=ADVANCED_FACE('',(#37),#435,.T.);
#446=ADVANCED_FACE('',(#38),#436,.T.);
#447=ADVANCED_FACE('',(#39),#437,.T.);
#448=ADVANCED_FACE('',(#40),#22,.T.);
#449=ADVANCED_FACE('',(#41),#23,.T.);
#450=ADVANCED_FACE('',(#42),#24,.T.);
#451=ADVANCED_FACE('',(#43),#25,.T.);
#452=ADVANCED_FACE('',(#44),#26,.T.);
#453=ADVANCED_FACE('',(#45),#27,.T.);
#454=ADVANCED_FACE('',(#46),#28,.T.);
#455=ADVANCED_FACE('',(#47),#29,.T.);
#456=ADVANCED_FACE('',(#48),#30,.T.);
#457=ADVANCED_FACE('',(#49),#19,.T.);
#458=ADVANCED_FACE('',(#50),#15,.F.);
#459=ADVANCED_FACE('',(#51),#20,.T.);
#460=ADVANCED_FACE('',(#52),#21,.T.);
#461=ADVANCED_FACE('',(#53),#16,.T.);
#462=ADVANCED_FACE('',(#54),#438,.T.);
#463=ADVANCED_FACE('',(#55),#17,.T.);
#464=ADVANCED_FACE('',(#56),#18,.T.);
#465=CLOSED_SHELL('',(#439,#440,#441,#442,#443,#444,#445,#446,#447,#448,
#449,#450,#451,#452,#453,#454,#455,#456,#457,#458,#459,#460,#461,#462,#463,
#464));
#466=DERIVED_UNIT_ELEMENT(#469,1.);
#467=DERIVED_UNIT_ELEMENT(#8674,-3.);
#468=DIMENSIONAL_EXPONENTS(0.,1.,0.,0.,0.,0.,0.);
#469=(
CONVERSION_BASED_UNIT('gram',#471)
MASS_UNIT()
NAMED_UNIT(#468)
);
#470=(
MASS_UNIT()
NAMED_UNIT(*)
SI_UNIT(.KILO.,.GRAM.)
);
#471=MASS_MEASURE_WITH_UNIT(MASS_MEASURE(0.001),#470);
#472=DERIVED_UNIT((#466,#467));
#473=MEASURE_REPRESENTATION_ITEM('density measure',
POSITIVE_RATIO_MEASURE(1.),#472);
#474=PROPERTY_DEFINITION_REPRESENTATION(#479,#476);
#475=PROPERTY_DEFINITION_REPRESENTATION(#480,#477);
#476=REPRESENTATION('material name',(#478),#8671);
#477=REPRESENTATION('density',(#473),#8671);
#478=DESCRIPTIVE_REPRESENTATION_ITEM('Gen\X\E9rico','Gen\X\E9rico');
#479=PROPERTY_DEFINITION('material property','material name',#8681);
#480=PROPERTY_DEFINITION('material property','density of part',#8681);
#481=DATE_TIME_ROLE('creation_date');
#482=APPLIED_DATE_AND_TIME_ASSIGNMENT(#483,#481,(#8681));
#483=DATE_AND_TIME(#484,#485);
#484=CALENDAR_DATE(2025,2,12);
#485=LOCAL_TIME(0,0,0.,#486);
#486=COORDINATED_UNIVERSAL_TIME_OFFSET(0,0,.BEHIND.);
#487=AXIS2_PLACEMENT_3D('',#596,#515,#516);
#488=AXIS2_PLACEMENT_3D('',#597,#517,#518);
#489=AXIS2_PLACEMENT_3D('',#897,#520,#521);
#490=AXIS2_PLACEMENT_3D('',#898,#522,#523);
#491=AXIS2_PLACEMENT_3D('',#1284,#525,#526);
#492=AXIS2_PLACEMENT_3D('',#1561,#528,#529);
#493=AXIS2_PLACEMENT_3D('',#2323,#531,#532);
#494=AXIS2_PLACEMENT_3D('',#3091,#534,#535);
#495=AXIS2_PLACEMENT_3D('',#3880,#537,#538);
#496=AXIS2_PLACEMENT_3D('',#4678,#540,#541);
#497=AXIS2_PLACEMENT_3D('',#5452,#543,#544);
#498=AXIS2_PLACEMENT_3D('',#6256,#546,#547);
#499=AXIS2_PLACEMENT_3D('',#6261,#549,#550);
#500=AXIS2_PLACEMENT_3D('',#6807,#551,#552);
#501=AXIS2_PLACEMENT_3D('',#6852,#555,#556);
#502=AXIS2_PLACEMENT_3D('',#6942,#558,#559);
#503=AXIS2_PLACEMENT_3D('',#7032,#561,#562);
#504=AXIS2_PLACEMENT_3D('',#7104,#564,#565);
#505=AXIS2_PLACEMENT_3D('',#7218,#567,#568);
#506=AXIS2_PLACEMENT_3D('',#7302,#570,#571);
#507=AXIS2_PLACEMENT_3D('',#7404,#573,#574);
#508=AXIS2_PLACEMENT_3D('',#7494,#576,#577);
#509=AXIS2_PLACEMENT_3D('',#8166,#581,#582);
#510=AXIS2_PLACEMENT_3D('',#8664,#586,#587);
#511=AXIS2_PLACEMENT_3D('',#8665,#588,#589);
#512=AXIS2_PLACEMENT_3D('',#8666,#590,#591);
#513=AXIS2_PLACEMENT_3D('',#8667,#592,#593);
#514=AXIS2_PLACEMENT_3D('',#8668,#594,#595);
#515=DIRECTION('axis',(0.,0.,1.));
#516=DIRECTION('refdir',(1.,0.,0.));
#517=DIRECTION('center_axis',(0.,0.,-1.));
#518=DIRECTION('ref_axis',(-1.,0.,0.));
#519=DIRECTION('',(-0.00737443074126806,9.03107300282777E-19,0.999972808515933));
#520=DIRECTION('center_axis',(0.,0.,-1.));
#521=DIRECTION('ref_axis',(1.,0.,0.));
#522=DIRECTION('center_axis',(0.,0.,-1.));
#523=DIRECTION('ref_axis',(-1.,0.,0.));
#524=DIRECTION('',(-0.00737443074126806,9.03107300282777E-19,0.999972808515933));
#525=DIRECTION('center_axis',(0.,0.,-1.));
#526=DIRECTION('ref_axis',(1.,0.,0.));
#527=DIRECTION('',(0.,-0.00737443074126806,-0.999972808515933));
#528=DIRECTION('center_axis',(0.,0.,-1.));
#529=DIRECTION('ref_axis',(-1.,0.,0.));
#530=DIRECTION('',(-0.00737443074126806,9.03107300282777E-19,0.999972808515933));
#531=DIRECTION('center_axis',(0.,0.,-1.));
#532=DIRECTION('ref_axis',(-1.,0.,0.));
#533=DIRECTION('',(-0.00737443074126806,9.03107300282777E-19,0.999972808515933));
#534=DIRECTION('center_axis',(0.,0.,-1.));
#535=DIRECTION('ref_axis',(-1.,0.,0.));
#536=DIRECTION('',(-0.00737443074126806,9.03107300282777E-19,0.999972808515933));
#537=DIRECTION('center_axis',(0.,0.,-1.));
#538=DIRECTION('ref_axis',(-1.,0.,0.));
#539=DIRECTION('',(-0.00737443074126806,9.03107300282777E-19,0.999972808515933));
#540=DIRECTION('center_axis',(0.,0.,-1.));
#541=DIRECTION('ref_axis',(-1.,0.,0.));
#542=DIRECTION('',(-0.00737443074126806,9.03107300282777E-19,0.999972808515933));
#543=DIRECTION('center_axis',(0.,0.,-1.));
#544=DIRECTION('ref_axis',(-1.,0.,0.));
#545=DIRECTION('',(-0.00737443074126806,9.03107300282777E-19,0.999972808515933));
#546=DIRECTION('center_axis',(0.,0.,-1.));
#547=DIRECTION('ref_axis',(-1.,0.,0.));
#548=DIRECTION('',(-0.00737443074126806,9.03107300282777E-19,0.999972808515933));
#549=DIRECTION('center_axis',(0.,0.,-1.));
#550=DIRECTION('ref_axis',(1.,0.,0.));
#551=DIRECTION('center_axis',(0.,0.,-1.));
#552=DIRECTION('ref_axis',(-1.,0.,0.));
#553=DIRECTION('',(0.,0.,-1.));
#554=DIRECTION('',(0.,0.,1.));
#555=DIRECTION('center_axis',(0.,0.,-1.));
#556=DIRECTION('ref_axis',(-1.,0.,0.));
#557=DIRECTION('',(0.,0.,-1.));
#558=DIRECTION('center_axis',(0.,0.,-1.));
#559=DIRECTION('ref_axis',(-1.,0.,0.));
#560=DIRECTION('',(0.,0.,-1.));
#561=DIRECTION('center_axis',(0.,0.,-1.));
#562=DIRECTION('ref_axis',(-1.,0.,0.));
#563=DIRECTION('',(0.,0.,-1.));
#564=DIRECTION('center_axis',(0.,0.,-1.));
#565=DIRECTION('ref_axis',(-1.,0.,0.));
#566=DIRECTION('',(0.,0.,-1.));
#567=DIRECTION('center_axis',(0.,0.,-1.));
#568=DIRECTION('ref_axis',(-1.,0.,0.));
#569=DIRECTION('',(0.,0.,-1.));
#570=DIRECTION('center_axis',(0.,0.,-1.));
#571=DIRECTION('ref_axis',(-1.,0.,0.));
#572=DIRECTION('',(0.,0.,-1.));
#573=DIRECTION('center_axis',(0.,0.,-1.));
#574=DIRECTION('ref_axis',(-1.,0.,0.));
#575=DIRECTION('',(0.,0.,-1.));
#576=DIRECTION('center_axis',(0.,0.,-1.));
#577=DIRECTION('ref_axis',(-1.,0.,0.));
#578=DIRECTION('',(0.,0.,-1.));
#579=DIRECTION('',(-0.754251380736105,-0.656585755752955,-1.66533453693773E-16));
#580=DIRECTION('',(0.,1.,2.22044604925031E-16));
#581=DIRECTION('center_axis',(0.656585755752955,-0.754251380736105,5.55111512312578E-17));
#582=DIRECTION('ref_axis',(-1.38777878078145E-17,5.55111512312578E-17,-1.));
#583=DIRECTION('',(0.754251380736105,0.656585755752955,2.5065054855558E-16));
#584=DIRECTION('',(-1.38777878078145E-17,5.55111512312578E-17,-1.));
#585=DIRECTION('',(0.,-1.,-3.06161699786838E-16));
#586=DIRECTION('center_axis',(1.,0.,0.));
#587=DIRECTION('ref_axis',(0.,0.,-1.));
#588=DIRECTION('center_axis',(0.,0.,-1.));
#589=DIRECTION('ref_axis',(-1.,0.,0.));
#590=DIRECTION('center_axis',(0.,0.,-1.));
#591=DIRECTION('ref_axis',(1.,0.,0.));
#592=DIRECTION('center_axis',(0.,0.,-1.));
#593=DIRECTION('ref_axis',(-1.,0.,0.));
#594=DIRECTION('center_axis',(0.,0.,1.));
#595=DIRECTION('ref_axis',(1.,0.,0.));
#596=CARTESIAN_POINT('',(0.,0.,0.));
#597=CARTESIAN_POINT('Origin',(0.,0.,-203.4));
#598=CARTESIAN_POINT('',(12.7761615885237,0.000188444377662576,-37.5));
#599=CARTESIAN_POINT('',(12.5,-1.53080849893419E-15,7.105427357601E-14));
#600=CARTESIAN_POINT('',(14.,-1.7145055188063E-15,-203.4));
#601=CARTESIAN_POINT('',(0.,-12.5,0.));
#602=CARTESIAN_POINT('Ctrl Pts',(12.7761615885237,0.000188444377662873,
-37.5));
#603=CARTESIAN_POINT('Ctrl Pts',(12.7749885167791,0.295362802488799,-37.3161668742065));
#604=CARTESIAN_POINT('Ctrl Pts',(12.7636473086851,0.59080273132209,-37.1321026874103));
#605=CARTESIAN_POINT('Ctrl Pts',(12.741988582689,0.885964837487712,-36.9476975880536));
#606=CARTESIAN_POINT('Ctrl Pts',(12.7358617263884,0.969460783194201,-36.8955327679691));
#607=CARTESIAN_POINT('Ctrl Pts',(12.7289089348336,1.052934404166,-36.8433406673688));
#608=CARTESIAN_POINT('Ctrl Pts',(12.7211260977681,1.13637315120859,-36.7911187995688));
#609=CARTESIAN_POINT('Ctrl Pts',(12.7183287360552,1.16636328904495,-36.7723488507272));
#610=CARTESIAN_POINT('Ctrl Pts',(12.7154241395853,1.19634892038011,-36.7535750563277));
#611=CARTESIAN_POINT('Ctrl Pts',(12.71241210727,1.22632945827093,-36.7347973009047));
#612=CARTESIAN_POINT('Ctrl Pts',(12.7098395696361,1.25193544583536,-36.718759464172));
#613=CARTESIAN_POINT('Ctrl Pts',(12.7071890635101,1.27753357775646,-36.7027213300959));
#614=CARTESIAN_POINT('Ctrl Pts',(12.7044612872475,1.30311683567607,-36.6866870036691));
#615=CARTESIAN_POINT('Ctrl Pts',(12.6837254915297,1.49759363983328,-36.5647985182351));
#616=CARTESIAN_POINT('Ctrl Pts',(12.6585135394677,1.69132859252141,-36.4430562879135));
#617=CARTESIAN_POINT('Ctrl Pts',(12.6288341138551,1.88416958386728,-36.3214285714286));
#618=CARTESIAN_POINT('Ctrl Pts',(12.583806256365,2.17673645459918,-36.1369022414304));
#619=CARTESIAN_POINT('Ctrl Pts',(12.5284982366781,2.46724585627726,-35.9526394896686));
#620=CARTESIAN_POINT('Ctrl Pts',(12.4632200447957,2.75521793069143,-35.7685294748076));
#621=CARTESIAN_POINT('Ctrl Pts',(12.397225480034,3.04635025477137,-35.5823990084355));
#622=CARTESIAN_POINT('Ctrl Pts',(12.3210405677681,3.33488981756774,-35.3964246496747));
#623=CARTESIAN_POINT('Ctrl Pts',(12.2349321715823,3.62033701098416,-35.2104918678274));
#624=CARTESIAN_POINT('Ctrl Pts',(12.148381864049,3.90724912953509,-35.02360487234));
#625=CARTESIAN_POINT('Ctrl Pts',(12.0518057604326,4.19103763928035,-34.8367598816094));
#626=CARTESIAN_POINT('Ctrl Pts',(11.9454238146676,4.47118275943849,-34.6498405925457));
#627=CARTESIAN_POINT('Ctrl Pts',(11.8395428428996,4.75000861983334,-34.4638015440406));
#628=CARTESIAN_POINT('Ctrl Pts',(11.7239479035167,5.02522587764468,-34.2776888953263));
#629=CARTESIAN_POINT('Ctrl Pts',(11.5988089876995,5.29630130234869,-34.0913879786714));
#630=CARTESIAN_POINT('Ctrl Pts',(11.4747755677959,5.56498200617534,-33.9067328722004));
#631=CARTESIAN_POINT('Ctrl Pts',(11.3413657799616,5.82959424583765,-33.7218928094703));
#632=CARTESIAN_POINT('Ctrl Pts',(11.1987030231921,6.08959046357354,-33.5367561349578));
#633=CARTESIAN_POINT('Ctrl Pts',(11.0900397859868,6.2876241432813,-33.3957414031981));
#634=CARTESIAN_POINT('Ctrl Pts',(10.9760075191365,6.48297930678094,-33.2545545906239));
#635=CARTESIAN_POINT('Ctrl Pts',(10.85664553793,6.67540000830613,-33.1131463575593));
#636=CARTESIAN_POINT('Ctrl Pts',(10.837116954006,6.70688158879327,-33.0900108288169));
#637=CARTESIAN_POINT('Ctrl Pts',(10.817443117631,6.73828856766906,-33.0668664191627));
#638=CARTESIAN_POINT('Ctrl Pts',(10.7976389529615,6.76959663567854,-33.0437300689149));
#639=CARTESIAN_POINT('Ctrl Pts',(10.6963967406751,6.92964873182102,-32.9254531649189));
#640=CARTESIAN_POINT('Ctrl Pts',(10.5916891330462,7.08721484068282,-32.8073147124904));
#641=CARTESIAN_POINT('Ctrl Pts',(10.4835844395012,7.24217397693668,-32.6892857142857));
#642=CARTESIAN_POINT('Ctrl Pts',(10.3145343560966,7.48449328842097,-32.5047163738029));
#643=CARTESIAN_POINT('Ctrl Pts',(10.1371796415657,7.7204389963507,-32.3204146876071));
#644=CARTESIAN_POINT('Ctrl Pts',(9.9520106666904,7.94971840450811,-32.1362697712258));
#645=CARTESIAN_POINT('Ctrl Pts',(9.76478059357559,8.18154989994051,-31.9500751553026));
#646=CARTESIAN_POINT('Ctrl Pts',(9.56956095479603,8.40656630523824,-31.7640408185969));
#647=CARTESIAN_POINT('Ctrl Pts',(9.36681225961852,8.62443824134812,-31.5780521325349));
#648=CARTESIAN_POINT('Ctrl Pts',(9.16298589672115,8.8434682295599,-31.3910748630295));
#649=CARTESIAN_POINT('Ctrl Pts',(8.95154979522235,9.05527803397333,-31.2041437307501));
#650=CARTESIAN_POINT('Ctrl Pts',(8.73293137680485,9.25949946808181,-31.0171422695385));
#651=CARTESIAN_POINT('Ctrl Pts',(8.51528295941681,9.46281477999454,-30.8309705262034));
#652=CARTESIAN_POINT('Ctrl Pts',(8.29051533934791,9.65860929288387,-30.6447290766447));
#653=CARTESIAN_POINT('Ctrl Pts',(8.05901718821956,9.84648050641326,-30.4583029981027));
#654=CARTESIAN_POINT('Ctrl Pts',(7.82953528570149,10.0327154430595,-30.2735006099442));
#655=CARTESIAN_POINT('Ctrl Pts',(7.59343911001024,10.2111648380343,-30.0885167948739));
#656=CARTESIAN_POINT('Ctrl Pts',(7.35108178140191,10.3813926840086,-29.9032396068376));
#657=CARTESIAN_POINT('Ctrl Pts',(7.16694004915781,10.5107308419008,-29.7624670436712));
#658=CARTESIAN_POINT('Ctrl Pts',(6.97918326897238,10.6353219599597,-29.6215251199661));
#659=CARTESIAN_POINT('Ctrl Pts',(6.78795884050247,10.7549557266998,-29.4803647339696));
#660=CARTESIAN_POINT('Ctrl Pts',(6.76460369845772,10.7695671633134,-29.4631241497387));
#661=CARTESIAN_POINT('Ctrl Pts',(6.74119682334086,10.7841046301698,-29.4458803067298));
#662=CARTESIAN_POINT('Ctrl Pts',(6.71773847847088,10.7985677259317,-29.4286331154861));
#663=CARTESIAN_POINT('Ctrl Pts',(6.69439590936705,10.8129594408693,-29.4114710456262));
#664=CARTESIAN_POINT('Ctrl Pts',(6.67100836447203,10.8272738142719,-29.3943100659945));
#665=CARTESIAN_POINT('Ctrl Pts',(6.64757997856775,10.841508286801,-29.3771528643651));
#666=CARTESIAN_POINT('Ctrl Pts',(6.50177740611501,10.9300941040536,-29.270377939969));
#667=CARTESIAN_POINT('Ctrl Pts',(6.35434677389131,11.0156144403319,-29.163715050529));
#668=CARTESIAN_POINT('Ctrl Pts',(6.20537227716259,11.0980117119882,-29.0571428571428));
#669=CARTESIAN_POINT('Ctrl Pts',(5.94729885823102,11.2407512148824,-28.8725243424699));
#670=CARTESIAN_POINT('Ctrl Pts',(5.68459417171578,11.374120982941,-28.688178004587));
#671=CARTESIAN_POINT('Ctrl Pts',(5.41782720334547,11.4980757056775,-28.503992909124));
#672=CARTESIAN_POINT('Ctrl Pts',(5.14805051611224,11.6234289106529,-28.3177298001818));
#673=CARTESIAN_POINT('Ctrl Pts',(4.87411883560256,11.7391536556019,-28.1316315925229));
#674=CARTESIAN_POINT('Ctrl Pts',(4.5965905885326,11.8451586588413,-27.9455835545039));
#675=CARTESIAN_POINT('Ctrl Pts',(4.31753771634806,11.9517460096144,-27.7585134457072));
#676=CARTESIAN_POINT('Ctrl Pts',(4.03484807387247,12.048506736148,-27.571494059287));
#677=CARTESIAN_POINT('Ctrl Pts',(3.74906758975193,12.13530018212,-27.3844087623289));
#678=CARTESIAN_POINT('Ctrl Pts',(3.464478380024,12.2217318300849,-27.1981033294129));
#679=CARTESIAN_POINT('Ctrl Pts',(3.17682344402023,12.2982792550837,-27.0117325343092));
#680=CARTESIAN_POINT('Ctrl Pts',(2.88662927721707,12.3647538114141,-26.825181196583));
#681=CARTESIAN_POINT('Ctrl Pts',(2.59892628675228,12.4306577158817,-26.640231311717));
#682=CARTESIAN_POINT('Ctrl Pts',(2.30872689939623,12.4866610506995,-26.4551039706656));
#683=CARTESIAN_POINT('Ctrl Pts',(2.01654046086776,12.5325293138413,-26.2696869339072));
#684=CARTESIAN_POINT('Ctrl Pts',(1.79509778612242,12.5672920185281,-26.1291628056488));
#685=CARTESIAN_POINT('Ctrl Pts',(1.57251364452231,12.5962322905611,-25.9884722807372));
#686=CARTESIAN_POINT('Ctrl Pts',(1.34901136219115,12.6192278033976,-25.8475664996074));
#687=CARTESIAN_POINT('Ctrl Pts',(1.30848838762686,12.623397096758,-25.8220190138049));
#688=CARTESIAN_POINT('Ctrl Pts',(1.26793523856145,12.6273709208434,-25.796464451895));
#689=CARTESIAN_POINT('Ctrl Pts',(1.22735325730277,12.6311484830379,-25.7709025226667));
#690=CARTESIAN_POINT('Ctrl Pts',(1.20118877750082,12.6335839962058,-25.7544219428565));
#691=CARTESIAN_POINT('Ctrl Pts',(1.17502016791394,12.635937191599,-25.7379432485067));
#692=CARTESIAN_POINT('Ctrl Pts',(1.14884983453108,12.6382078368809,-25.7214676410155));
#693=CARTESIAN_POINT('Ctrl Pts',(0.991733422414979,12.6518399001286,-25.6225545588406));
#694=CARTESIAN_POINT('Ctrl Pts',(0.834531073653207,12.6624991200282,-25.5237376663868));
#695=CARTESIAN_POINT('Ctrl Pts',(0.677322860311562,12.6701740123867,-25.425));
#696=CARTESIAN_POINT('Ctrl Pts',(0.383314459694489,12.6845274789089,-25.240342323674));
#697=CARTESIAN_POINT('Ctrl Pts',(0.0892861718911228,12.6884462331331,-25.0559617477225));
#698=CARTESIAN_POINT('Ctrl Pts',(-0.204231956315136,12.682141714796,-24.87174731049));
#699=CARTESIAN_POINT('Ctrl Pts',(-0.501112826169116,12.6757649676445,-24.6854223884163));
#700=CARTESIAN_POINT('Ctrl Pts',(-0.797472356773571,12.6589293287684,-24.4992674336627));
#701=CARTESIAN_POINT('Ctrl Pts',(-1.0927696836708,12.6318004844891,-24.3131676269594));
#702=CARTESIAN_POINT('Ctrl Pts',(-1.38974970376472,12.6045170518761,-24.1260073674509));
#703=CARTESIAN_POINT('Ctrl Pts',(-1.68565598944477,12.5668227005844,-23.9389028862838));
#704=CARTESIAN_POINT('Ctrl Pts',(-1.97993704410758,12.5188333871997,-23.7517373901577));
#705=CARTESIAN_POINT('Ctrl Pts',(-2.27308133847379,12.4710294488001,-23.5652948841851));
#706=CARTESIAN_POINT('Ctrl Pts',(-2.56461353178147,12.4130097880576,-23.3787918337249));
#707=CARTESIAN_POINT('Ctrl Pts',(-2.85397813155339,12.3448387252432,-23.1921127937166));
#708=CARTESIAN_POINT('Ctrl Pts',(-3.14089953576011,12.2772432519738,-23.007009943066));
#709=CARTESIAN_POINT('Ctrl Pts',(-3.42569035730213,12.1996669124456,-22.8217340621902));
#710=CARTESIAN_POINT('Ctrl Pts',(-3.70779023863589,12.1121251924753,-22.6361726056239));
#711=CARTESIAN_POINT('Ctrl Pts',(-3.92105420748273,12.045944751164,-22.4958904739718));
#712=CARTESIAN_POINT('Ctrl Pts',(-4.13277993756999,11.9740679579834,-22.3554451309524));
#713=CARTESIAN_POINT('Ctrl Pts',(-4.3427151178113,11.896484150485,-22.2147879502067));
#714=CARTESIAN_POINT('Ctrl Pts',(-4.39220656586514,11.8781940526833,-22.1816285362092));
#715=CARTESIAN_POINT('Ctrl Pts',(-4.44159845689366,11.8595867155375,-22.1484573490479));
#716=CARTESIAN_POINT('Ctrl Pts',(-4.49088739857443,11.8406618806075,-22.1152737516244));
#717=CARTESIAN_POINT('Ctrl Pts',(-4.5161165302324,11.8309749785201,-22.0982883321828));
#718=CARTESIAN_POINT('Ctrl Pts',(-4.54131219211666,11.8212073749574,-22.0813040324082));
#719=CARTESIAN_POINT('Ctrl Pts',(-4.56647006062806,11.811360717729,-22.0643234161275));
#720=CARTESIAN_POINT('Ctrl Pts',(-4.70064808851198,11.7588441443332,-21.9737582872189));
#721=CARTESIAN_POINT('Ctrl Pts',(-4.83378683222956,11.7040653536492,-21.8832738696411));
#722=CARTESIAN_POINT('Ctrl Pts',(-4.96582738622505,11.6470435581542,-21.7928571428571));
#723=CARTESIAN_POINT('Ctrl Pts',(-5.23554274708001,11.5305668115552,-21.6081655511156));
#724=CARTESIAN_POINT('Ctrl Pts',(-5.5006767795051,11.4047345041595,-21.4237563994335));
#725=CARTESIAN_POINT('Ctrl Pts',(-5.76084834076883,11.2699710138236,-21.239518713126));
#726=CARTESIAN_POINT('Ctrl Pts',(-6.02404944862238,11.1336382809824,-21.0531356860613));
#727=CARTESIAN_POINT('Ctrl Pts',(-6.28217234709066,10.9881648796555,-20.8669281408497));
#728=CARTESIAN_POINT('Ctrl Pts',(-6.53480606986957,10.8339390641426,-20.6807811807822));
#729=CARTESIAN_POINT('Ctrl Pts',(-6.78893613055988,10.6787997762234,-20.4935316808384));
#730=CARTESIAN_POINT('Ctrl Pts',(-7.03751231447093,10.5148037554704,-20.3063434858501));
#731=CARTESIAN_POINT('Ctrl Pts',(-7.28009215567907,10.3422994474112,-20.1190996454082));
#732=CARTESIAN_POINT('Ctrl Pts',(-7.52181812977336,10.1704023446123,-19.9325148925345));
#733=CARTESIAN_POINT('Ctrl Pts',(-7.75759037686783,9.99005635649627,-19.7458748852554));
#734=CARTESIAN_POINT('Ctrl Pts',(-7.98693979496705,9.80156549532113,-19.559063903796));
#735=CARTESIAN_POINT('Ctrl Pts',(-8.21438997257096,9.61463552529412,-19.3737999024158));
#736=CARTESIAN_POINT('Ctrl Pts',(-8.43552368985195,9.41969462407836,-19.1883677468021));
#737=CARTESIAN_POINT('Ctrl Pts',(-8.64984584023318,9.2170050308223,-19.0026545682628));
#738=CARTESIAN_POINT('Ctrl Pts',(-8.81145887680311,9.06416370952646,-18.8626145833084));
#739=CARTESIAN_POINT('Ctrl Pts',(-8.96919803679223,8.90691563112529,-18.7224148043735));
#740=CARTESIAN_POINT('Ctrl Pts',(-9.12283442024651,8.74536218529763,-18.5820068363471));
#741=CARTESIAN_POINT('Ctrl Pts',(-9.15203635109895,8.71465544482403,-18.5553192530986));
#742=CARTESIAN_POINT('Ctrl Pts',(-9.18109001487768,8.68379313811118,-18.5286241485493));
#743=CARTESIAN_POINT('Ctrl Pts',(-9.20999377508919,8.65277592688673,-18.5019211903812));
#744=CARTESIAN_POINT('Ctrl Pts',(-9.22771788022371,8.63375583023845,-18.4855466413775));
#745=CARTESIAN_POINT('Ctrl Pts',(-9.24538561703365,8.61467748498234,-18.4691691391948));
#746=CARTESIAN_POINT('Ctrl Pts',(-9.26299660414214,8.59554104177691,-18.4527886072059));
#747=CARTESIAN_POINT('Ctrl Pts',(-9.28041162501665,8.57661753931601,-18.4365903495633));
#748=CARTESIAN_POINT('Ctrl Pts',(-9.29776577004503,8.55764306849212,-18.4203941330275));
#749=CARTESIAN_POINT('Ctrl Pts',(-9.31505780609158,8.53861895339209,-18.404200798907));
#750=CARTESIAN_POINT('Ctrl Pts',(-9.40179276452202,8.44319607618229,-18.3229768089727));
#751=CARTESIAN_POINT('Ctrl Pts',(-9.48697332702569,8.34651547497254,-18.2418177688273));
#752=CARTESIAN_POINT('Ctrl Pts',(-9.57056758225702,8.24860829392776,-18.1607142857143));
#753=CARTESIAN_POINT('Ctrl Pts',(-9.76096504266686,8.02561116840486,-17.9759899027721));
#754=CARTESIAN_POINT('Ctrl Pts',(-9.94313568127906,7.79625382593751,-17.7915537294521));
#755=CARTESIAN_POINT('Ctrl Pts',(-10.1169259546051,7.56108541359551,-17.6072947851159));
#756=CARTESIAN_POINT('Ctrl Pts',(-10.2927729101917,7.323133953085,-17.420855269365));
#757=CARTESIAN_POINT('Ctrl Pts',(-10.4600403067864,7.07923259927954,-17.2345972021726));
#758=CARTESIAN_POINT('Ctrl Pts',(-10.6185320459504,6.82991134361182,-17.0484056159606));
#759=CARTESIAN_POINT('Ctrl Pts',(-10.7779985524901,6.57905669429596,-16.8610689007669));
#760=CARTESIAN_POINT('Ctrl Pts',(-10.9285814423172,6.32271474688728,-16.6737994868206));
#761=CARTESIAN_POINT('Ctrl Pts',(-11.0700388380661,6.06139377550173,-16.4864802722251));
#762=CARTESIAN_POINT('Ctrl Pts',(-11.2110475116566,5.80090174988959,-16.2997552597343));
#763=CARTESIAN_POINT('Ctrl Pts',(-11.3429887525001,5.5354616788281,-16.1129807620421));
#764=CARTESIAN_POINT('Ctrl Pts',(-11.4655770103173,5.26555394884798,-15.92604078811));
#765=CARTESIAN_POINT('Ctrl Pts',(-11.5871703977038,4.99783666699353,-15.7406179338081));
#766=CARTESIAN_POINT('Ctrl Pts',(-11.6995622126803,4.72572339996273,-15.5550322782273));
#767=CARTESIAN_POINT('Ctrl Pts',(-11.8024250223916,4.44966846055372,-15.3691706314641));
#768=CARTESIAN_POINT('Ctrl Pts',(-11.8797980164165,4.24202103932004,-15.2293662441952));
#769=CARTESIAN_POINT('Ctrl Pts',(-11.9517785455014,4.0321430791734,-15.0894057014402));
#770=CARTESIAN_POINT('Ctrl Pts',(-12.0182076589689,3.82022526454197,-14.9492408305258));
#771=CARTESIAN_POINT('Ctrl Pts',(-12.0361133046547,3.76310384435077,-14.9114600686703));
#772=CARTESIAN_POINT('Ctrl Pts',(-12.0536155161054,3.70583421350512,-14.8736644614359));
#773=CARTESIAN_POINT('Ctrl Pts',(-12.0707109596185,3.64842009854526,-14.835853065424));
#774=CARTESIAN_POINT('Ctrl Pts',(-12.0784519899422,3.62242227025982,-14.818731593092));
#775=CARTESIAN_POINT('Ctrl Pts',(-12.0861100650638,3.59639326874755,-14.8016058657738));
#776=CARTESIAN_POINT('Ctrl Pts',(-12.0936834464848,3.57033834010335,-14.7844790165347));
#777=CARTESIAN_POINT('Ctrl Pts',(-12.1314345917619,3.44046195573164,-14.6991065603201));
#778=CARTESIAN_POINT('Ctrl Pts',(-12.1670368780156,3.31009584296071,-14.6138076634293));
#779=CARTESIAN_POINT('Ctrl Pts',(-12.2004732450118,3.17928876009433,-14.5285714285714));
#780=CARTESIAN_POINT('Ctrl Pts',(-12.2729427574844,2.89577932486256,-14.3438316096236));
#781=CARTESIAN_POINT('Ctrl Pts',(-12.3352410249456,2.61019987780383,-14.1593861494554));
#782=CARTESIAN_POINT('Ctrl Pts',(-12.3874744420436,2.3231106592852,-13.975124098067));
#783=CARTESIAN_POINT('Ctrl Pts',(-12.4403382076906,2.03255687186793,-13.7886383875118));
#784=CARTESIAN_POINT('Ctrl Pts',(-12.4828928245946,1.74045608740653,-13.6023405391709));
#785=CARTESIAN_POINT('Ctrl Pts',(-12.5151982680935,1.44737021778069,-13.4161155375688));
#786=CARTESIAN_POINT('Ctrl Pts',(-12.5477114052367,1.15240008142616,-13.2286932842022));
#787=CARTESIAN_POINT('Ctrl Pts',(-12.5698432164112,0.856431543408727,-13.0413448172574));
#788=CARTESIAN_POINT('Ctrl Pts',(-12.5816031349254,0.560027366346386,-12.8539528886423));
#789=CARTESIAN_POINT('Ctrl Pts',(-12.5933307225217,0.264438077510593,-12.6670761466818));
#790=CARTESIAN_POINT('Ctrl Pts',(-12.5947433569634,-0.0315850757902694,
-12.4801561816962));
#791=CARTESIAN_POINT('Ctrl Pts',(-12.5857989230778,-0.327484703106782,-12.2930767099689));
#792=CARTESIAN_POINT('Ctrl Pts',(-12.5769252989424,-0.621041803335274,-12.1074782767077));
#793=CARTESIAN_POINT('Ctrl Pts',(-12.5578578984119,-0.91447791475127,-11.921722852219));
#794=CARTESIAN_POINT('Ctrl Pts',(-12.5285053602859,-1.20724053783404,-11.7356968927049));
#795=CARTESIAN_POINT('Ctrl Pts',(-12.5064826933893,-1.42689492343622,-11.5961250531959));
#796=CARTESIAN_POINT('Ctrl Pts',(-12.4786692708464,-1.64617007527852,-11.4564009234726));
#797=CARTESIAN_POINT('Ctrl Pts',(-12.4450078770891,-1.86482654679563,-11.3164765482844));
#798=CARTESIAN_POINT('Ctrl Pts',(-12.4351471351144,-1.92887960004309,-11.2754872128563));
#799=CARTESIAN_POINT('Ctrl Pts',(-12.4247844540664,-1.99287951893704,-11.2344806936883));
#800=CARTESIAN_POINT('Ctrl Pts',(-12.4139181343616,-2.05682016828526,-11.1934557852763));
#801=CARTESIAN_POINT('Ctrl Pts',(-12.4090131936472,-2.08568229482028,-11.1749375795692));
#802=CARTESIAN_POINT('Ctrl Pts',(-12.4040056337814,-2.11453234426301,-11.156415627011));
#803=CARTESIAN_POINT('Ctrl Pts',(-12.3988952905167,-2.14336974835549,-11.1378898167295));
#804=CARTESIAN_POINT('Ctrl Pts',(-12.3944865607517,-2.16824798357111,-11.1219074674075));
#805=CARTESIAN_POINT('Ctrl Pts',(-12.3900015254994,-2.19311560170023,-11.1059230189122));
#806=CARTESIAN_POINT('Ctrl Pts',(-12.3854420036061,-2.21796220302291,-11.0899428631306));
#807=CARTESIAN_POINT('Ctrl Pts',(-12.3670258960402,-2.31831870822718,-11.0253983177407));
#808=CARTESIAN_POINT('Ctrl Pts',(-12.3473868297433,-2.41837699348352,-10.9608951244819));
#809=CARTESIAN_POINT('Ctrl Pts',(-12.3265274628802,-2.51811493591342,-10.8964285714286));
#810=CARTESIAN_POINT('Ctrl Pts',(-12.2667411478253,-2.80397999059999,-10.7116570164411));
#811=CARTESIAN_POINT('Ctrl Pts',(-12.1969341878034,-3.08721353081759,-10.5271864564179));
#812=CARTESIAN_POINT('Ctrl Pts',(-12.1174497760464,-3.36736126759704,-10.3429059482305));
#813=CARTESIAN_POINT('Ctrl Pts',(-12.0369915955648,-3.65094111261364,-10.1563678074904));
#814=CARTESIAN_POINT('Ctrl Pts',(-11.9466172268646,-3.93135962907209,-9.97002440378566));
#815=CARTESIAN_POINT('Ctrl Pts',(-11.8466290993182,-4.20814066251915,-9.78376066631519));
#816=CARTESIAN_POINT('Ctrl Pts',(-11.7459745945368,-4.48676632076602,-9.59625556232055));
#817=CARTESIAN_POINT('Ctrl Pts',(-11.6355775449268,-4.76170642124553,-9.40883118998006));
#818=CARTESIAN_POINT('Ctrl Pts',(-11.5156955140067,-5.03246176359078,-9.22137016243552));
#819=CARTESIAN_POINT('Ctrl Pts',(-11.3960962251868,-5.30257852871496,-9.03435126224106));
#820=CARTESIAN_POINT('Ctrl Pts',(-11.2670563629618,-5.568530802528,-8.84729587954146));
#821=CARTESIAN_POINT('Ctrl Pts',(-11.1287849653726,-5.82980116608952,-8.66008745609286));
#822=CARTESIAN_POINT('Ctrl Pts',(-10.991580303315,-6.08905588227206,-8.474323307314));
#823=CARTESIAN_POINT('Ctrl Pts',(-10.8452856959429,-6.34370116023013,-8.28840847003356));
#824=CARTESIAN_POINT('Ctrl Pts',(-10.6900637103736,-6.5932021636941,-8.10222906291822));
#825=CARTESIAN_POINT('Ctrl Pts',(-10.5738910172868,-6.77993604287994,-7.96288692628355));
#826=CARTESIAN_POINT('Ctrl Pts',(-10.4527168118624,-6.96378782585865,-7.8233965917755));
#827=CARTESIAN_POINT('Ctrl Pts',(-10.3265952551216,-7.14451980972879,-7.6837103169101));
#828=CARTESIAN_POINT('Ctrl Pts',(-10.288145151917,-7.19961874453223,-7.64112480001965));
#829=CARTESIAN_POINT('Ctrl Pts',(-10.2492351469948,-7.25442762608184,-7.59852107185766));
#830=CARTESIAN_POINT('Ctrl Pts',(-10.2098665672412,-7.30893947333038,-7.55589777963666));
#831=CARTESIAN_POINT('Ctrl Pts',(-10.18713049771,-7.34042105476091,-7.5312820545673));
#832=CARTESIAN_POINT('Ctrl Pts',(-10.1642414792311,-7.37180356494676,-7.50665980435175));
#833=CARTESIAN_POINT('Ctrl Pts',(-10.1411997531484,-7.40308564053064,-7.48203076841876));
#834=CARTESIAN_POINT('Ctrl Pts',(-10.1229902566842,-7.42780734942925,-7.46256684713398));
#835=CARTESIAN_POINT('Ctrl Pts',(-10.1046843833504,-7.4524676166532,-7.44309765448266));
#836=CARTESIAN_POINT('Ctrl Pts',(-10.0862934309372,-7.47705098379268,-7.42363481119297));
#837=CARTESIAN_POINT('Ctrl Pts',(-10.0360766991295,-7.54417618355613,-7.37049126757779));
#838=CARTESIAN_POINT('Ctrl Pts',(-9.98520771771122,-7.61075261020206,-7.31737577861927));
#839=CARTESIAN_POINT('Ctrl Pts',(-9.93369324461841,-7.67676987950457,-7.26428571428568));
#840=CARTESIAN_POINT('Ctrl Pts',(-9.75441129021451,-7.90652482708284,-7.07952034793893));
#841=CARTESIAN_POINT('Ctrl Pts',(-9.5673148735071,-8.12950912173064,-6.89506292377691));
#842=CARTESIAN_POINT('Ctrl Pts',(-9.37291469635297,-8.34546695630703,-6.71080257974215));
#843=CARTESIAN_POINT('Ctrl Pts',(-9.17607642875189,-8.56413324897811,-6.5242313150533));
#844=CARTESIAN_POINT('Ctrl Pts',(-8.97174966171315,-8.77559614874662,-6.33786210489346));
#845=CARTESIAN_POINT('Ctrl Pts',(-8.76041846646323,-8.97956233861915,-6.1515798635086));
#846=CARTESIAN_POINT('Ctrl Pts',(-8.54761149775838,-9.18495287045104,-5.96399677116969));
#847=CARTESIAN_POINT('Ctrl Pts',(-8.32770148723549,-9.38274204399604,-5.77650186649201));
#848=CARTESIAN_POINT('Ctrl Pts',(-8.10114265411887,-9.57259606251337,-5.58897763583629));
#849=CARTESIAN_POINT('Ctrl Pts',(-7.87502023363813,-9.76208437164071,-5.4018146267788));
#850=CARTESIAN_POINT('Ctrl Pts',(-7.64227408640484,-9.94366844155046,-5.21462240461375));
#851=CARTESIAN_POINT('Ctrl Pts',(-7.40332318214197,-10.1169764717258,-5.02728413348225));
#852=CARTESIAN_POINT('Ctrl Pts',(-7.16617336569563,-10.2889781959777,-4.8413579209439));
#853=CARTESIAN_POINT('Ctrl Pts',(-6.92291148000411,-10.4528285006663,-4.65528785282405));
#854=CARTESIAN_POINT('Ctrl Pts',(-6.6739223395529,-10.6081193773286,-4.46895971534436));
#855=CARTESIAN_POINT('Ctrl Pts',(-6.48798949042213,-10.7240829695139,-4.32981902265371));
#856=CARTESIAN_POINT('Ctrl Pts',(-6.29886236700051,-10.8352726325711,-4.19053442098767));
#857=CARTESIAN_POINT('Ctrl Pts',(-6.1066945628803,-10.9415003695899,-4.05105834992924));
#858=CARTESIAN_POINT('Ctrl Pts',(-6.01061066082022,-10.9946142380992,-3.98132031440004));
#859=CARTESIAN_POINT('Ctrl Pts',(-5.91376651226914,-11.0464873726395,-3.91153441152274));
#860=CARTESIAN_POINT('Ctrl Pts',(-5.81618092613673,-11.0970946996173,-3.84169469624522));
#861=CARTESIAN_POINT('Ctrl Pts',(-5.79102863735814,-11.1101385327581,-3.82369379307401));
#862=CARTESIAN_POINT('Ctrl Pts',(-5.76582659943276,-11.1230985197777,-3.80568896403368));
#863=CARTESIAN_POINT('Ctrl Pts',(-5.74057663587593,-11.1359734530488,-3.78768117965141));
#864=CARTESIAN_POINT('Ctrl Pts',(-5.66786205572041,-11.173050550813,-3.73582255110564));
#865=CARTESIAN_POINT('Ctrl Pts',(-5.59480312531033,-11.2093952635239,-3.68397726716821));
#866=CARTESIAN_POINT('Ctrl Pts',(-5.52140917000497,-11.2450005694758,-3.63214285714283));
#867=CARTESIAN_POINT('Ctrl Pts',(-5.25702816488957,-11.3732586329066,-3.44542402770986));
#868=CARTESIAN_POINT('Ctrl Pts',(-4.98830189702719,-11.4919257530779,-3.25884629785937));
#869=CARTESIAN_POINT('Ctrl Pts',(-4.71579066779448,-11.6009471316451,-3.0722941816203));
#870=CARTESIAN_POINT('Ctrl Pts',(-4.44156337740117,-11.7106550410166,-2.88456730703455));
#871=CARTESIAN_POINT('Ctrl Pts',(-4.16350272478088,-11.8105955215716,-2.69686636966464));
#872=CARTESIAN_POINT('Ctrl Pts',(-3.88215815216877,-11.9006644210176,-2.50907368805278));
#873=CARTESIAN_POINT('Ctrl Pts',(-3.7256835721945,-11.9507577747962,-2.40462958698255));
#874=CARTESIAN_POINT('Ctrl Pts',(-3.56819287212052,-11.9977967600229,-2.30015710741977));
#875=CARTESIAN_POINT('Ctrl Pts',(-3.40977874152515,-12.0417567411982,-2.19563600408396));
#876=CARTESIAN_POINT('Ctrl Pts',(-3.32767925136818,-12.0645393807786,-2.14146704035412));
#877=CARTESIAN_POINT('Ctrl Pts',(-3.2453317185759,-12.0864949447679,-2.08728501666752));
#878=CARTESIAN_POINT('Ctrl Pts',(-3.16274896296543,-12.1076194835478,-2.03308711487856));
#879=CARTESIAN_POINT('Ctrl Pts',(-3.10297754405832,-12.1229089183372,-1.99385997274983));
#880=CARTESIAN_POINT('Ctrl Pts',(-3.0430829021416,-12.1377630117312,-1.95462451284956));
#881=CARTESIAN_POINT('Ctrl Pts',(-2.98306988650446,-12.152180148437,-1.9153796666741));
#882=CARTESIAN_POINT('Ctrl Pts',(-2.94870254075757,-12.1604363361421,-1.89290552197438));
#883=CARTESIAN_POINT('Ctrl Pts',(-2.91429687069343,-12.1685490725433,-1.8704286279599));
#884=CARTESIAN_POINT('Ctrl Pts',(-2.87986483121051,-12.1765155949388,-1.84795597709923));
#885=CARTESIAN_POINT('Ctrl Pts',(-2.5916714461859,-12.2431947429216,-1.65986170736455));
#886=CARTESIAN_POINT('Ctrl Pts',(-2.3014318021401,-12.2996834967156,-1.47193364154436));
#887=CARTESIAN_POINT('Ctrl Pts',(-2.00969838698452,-12.345895676782,-1.28405383676189));
#888=CARTESIAN_POINT('Ctrl Pts',(-1.71823167328743,-12.3920656098682,-1.09634579090505));
#889=CARTESIAN_POINT('Ctrl Pts',(-1.42527330932791,-12.4279778685719,-0.9086859178862));
#890=CARTESIAN_POINT('Ctrl Pts',(-1.13136320953996,-12.4534957861635,-0.720956598001596));
#891=CARTESIAN_POINT('Ctrl Pts',(-0.84022394855806,-12.4787731334707,-0.5349970971363));
#892=CARTESIAN_POINT('Ctrl Pts',(-0.548150224632183,-12.493851252381,-0.348969452654251));
#893=CARTESIAN_POINT('Ctrl Pts',(-0.255664888337151,-12.4985463606527,-0.162759340169791));
#894=CARTESIAN_POINT('Ctrl Pts',(-0.170473827237346,-12.4999138864942,-0.108522648269231));
#895=CARTESIAN_POINT('Ctrl Pts',(-0.0852478651784845,-12.5004002247531,
-0.0542704765247492));
#896=CARTESIAN_POINT('Ctrl Pts',(-4.75948221575986E-16,-12.5,-4.54676465379997E-16));
#897=CARTESIAN_POINT('Origin',(0.,0.,0.));
#898=CARTESIAN_POINT('Origin',(0.,0.,-203.4));
#899=CARTESIAN_POINT('',(13.1456621022618,0.000228635207789699,-87.5));
#900=CARTESIAN_POINT('',(12.7982848725047,0.000188765363045306,-40.5000000000001));
#901=CARTESIAN_POINT('',(14.,-1.7145055188063E-15,-203.4));
#902=CARTESIAN_POINT('Ctrl Pts',(13.1456621022618,0.000228635207789648,
-87.5));
#903=CARTESIAN_POINT('Ctrl Pts',(13.1449175361707,0.181295377789629,-87.3903722618197));
#904=CARTESIAN_POINT('Ctrl Pts',(13.1404031178019,0.36213613018854,-87.2808561643289));
#905=CARTESIAN_POINT('Ctrl Pts',(13.1321146857397,0.542635633475253,-87.1714285714285));
#906=CARTESIAN_POINT('Ctrl Pts',(13.1182365996098,0.844862596815722,-86.9882038616332));
#907=CARTESIAN_POINT('Ctrl Pts',(13.093780699994,1.14613267753941,-86.8052272823602));
#908=CARTESIAN_POINT('Ctrl Pts',(13.0589957314192,1.44593811036338,-86.6223902256332));
#909=CARTESIAN_POINT('Ctrl Pts',(13.0238397072223,1.74894160533734,-86.4376028230928));
#910=CARTESIAN_POINT('Ctrl Pts',(12.9781329947236,2.05044960439669,-86.2529579355832));
#911=CARTESIAN_POINT('Ctrl Pts',(12.9220791095112,2.34993923182727,-86.0683434423167));
#912=CARTESIAN_POINT('Ctrl Pts',(12.8657451949515,2.65092502468111,-85.8828066672877));
#913=CARTESIAN_POINT('Ctrl Pts',(12.7989603403933,2.9498728195144,-85.6973005909423));
#914=CARTESIAN_POINT('Ctrl Pts',(12.7218792438803,3.24624444020745,-85.511711403713));
#915=CARTESIAN_POINT('Ctrl Pts',(12.645087658753,3.54150290913632,-85.3268192769199));
#916=CARTESIAN_POINT('Ctrl Pts',(12.5580768420394,3.83420509215607,-85.1418446623881));
#917=CARTESIAN_POINT('Ctrl Pts',(12.4609508578009,4.12380280830087,-84.9566750281228));
#918=CARTESIAN_POINT('Ctrl Pts',(12.3725486852624,4.38738898938397,-84.7881372461323));
#919=CARTESIAN_POINT('Ctrl Pts',(12.2757661614669,4.64840347417015,-84.619437904244));
#920=CARTESIAN_POINT('Ctrl Pts',(12.1706482087437,4.90641526062587,-84.4504921511514));
#921=CARTESIAN_POINT('Ctrl Pts',(12.1180892323821,5.03542115385372,-84.366019274605));
#922=CARTESIAN_POINT('Ctrl Pts',(12.0634459086519,5.16367607271313,-84.2814847952576));
#923=CARTESIAN_POINT('Ctrl Pts',(12.0067209681624,5.29112410821884,-84.1968781066958));
#924=CARTESIAN_POINT('Ctrl Pts',(11.9783584979177,5.35484812597168,-84.1545747624149));
#925=CARTESIAN_POINT('Ctrl Pts',(11.9494755938883,5.41837039979608,-84.1122533658304));
#926=CARTESIAN_POINT('Ctrl Pts',(11.9200724215406,5.48168379509219,-84.0699125911407));
#927=CARTESIAN_POINT('Ctrl Pts',(11.9051538735363,5.51380767328705,-84.0484297772361));
#928=CARTESIAN_POINT('Ctrl Pts',(11.8901013892854,5.54587777758099,-84.0269419747619));
#929=CARTESIAN_POINT('Ctrl Pts',(11.8749149790018,5.57789316587246,-84.0054490105468));
#930=CARTESIAN_POINT('Ctrl Pts',(11.8634031578819,5.60216193092052,-83.9891566047207));
#931=CARTESIAN_POINT('Ctrl Pts',(11.8518178596198,5.62639191238209,-83.9728661611634));
#932=CARTESIAN_POINT('Ctrl Pts',(11.8401599750695,5.65058122369685,-83.9565786441332));
#933=CARTESIAN_POINT('Ctrl Pts',(11.8368860815428,5.65737432834539,-83.9520046070219));
#934=CARTESIAN_POINT('Ctrl Pts',(11.8336064444132,5.66416426556033,-83.9474307738226));
#935=CARTESIAN_POINT('Ctrl Pts',(11.8303210670957,5.67095102786587,-83.9428571428572));
#936=CARTESIAN_POINT('Ctrl Pts',(11.6980251032929,5.94424117798889,-83.7586856282416));
#937=CARTESIAN_POINT('Ctrl Pts',(11.5564256951394,6.21238406976776,-83.5748420403601));
#938=CARTESIAN_POINT('Ctrl Pts',(11.4059202241098,6.47495830619767,-83.3912168188954));
#939=CARTESIAN_POINT('Ctrl Pts',(11.2542777341757,6.7395162038766,-83.206204369799));
#940=CARTESIAN_POINT('Ctrl Pts',(11.0935938272373,6.99842151273589,-83.0214135989537));
#941=CARTESIAN_POINT('Ctrl Pts',(10.9242239480033,7.25122725694042,-82.8367324441608));
#942=CARTESIAN_POINT('Ctrl Pts',(10.7544373514326,7.50465500392921,-82.6515969001971));
#943=CARTESIAN_POINT('Ctrl Pts',(10.5759216685347,7.75195365627967,-82.4665715123475));
#944=CARTESIAN_POINT('Ctrl Pts',(10.3889884956447,7.99264910407998,-82.2815433892235));
#945=CARTESIAN_POINT('Ctrl Pts',(10.2236425579457,8.20554879385213,-82.1178825041829));
#946=CARTESIAN_POINT('Ctrl Pts',(10.0517101891895,8.41328220331054,-81.9542194791352));
#947=CARTESIAN_POINT('Ctrl Pts',(9.87337983451897,8.61550082232159,-81.7904761904762));
#948=CARTESIAN_POINT('Ctrl Pts',(9.67101855733515,8.84496942899273,-81.604667660658));
#949=CARTESIAN_POINT('Ctrl Pts',(9.46041903106778,9.06733780135571,-81.4187557778669));
#950=CARTESIAN_POINT('Ctrl Pts',(9.24203903192849,9.28227566666253,-81.2326263887465));
#951=CARTESIAN_POINT('Ctrl Pts',(9.05906470406667,9.46236592946854,-81.076673920554));
#952=CARTESIAN_POINT('Ctrl Pts',(8.87062747831411,9.63723921560757,-80.9205687567694));
#953=CARTESIAN_POINT('Ctrl Pts',(8.67698073687311,9.80667799008062,-80.7642437513243));
#954=CARTESIAN_POINT('Ctrl Pts',(8.59226028749267,9.88080745391258,-80.6958515614421));
#955=CARTESIAN_POINT('Ctrl Pts',(8.50654253836859,9.95389642934591,-80.6274172924921));
#956=CARTESIAN_POINT('Ctrl Pts',(8.4198480024332,10.0259253002864,-80.5589353216468));
#957=CARTESIAN_POINT('Ctrl Pts',(8.36609314068448,10.0705867308777,-80.5164731429713));
#958=CARTESIAN_POINT('Ctrl Pts',(8.31196273481704,10.1148405756386,-80.4739926247879));
#959=CARTESIAN_POINT('Ctrl Pts',(8.25746160414177,10.1586819846502,-80.4314924267013));
#960=CARTESIAN_POINT('Ctrl Pts',(8.23616362412163,10.175814353128,-80.4148841773222));
#961=CARTESIAN_POINT('Ctrl Pts',(8.2148090303845,10.192883737325,-80.3982729226366));
#962=CARTESIAN_POINT('Ctrl Pts',(8.19339810847287,10.209889842154,-80.3816585826553));
#963=CARTESIAN_POINT('Ctrl Pts',(8.17214542064576,10.2267702660132,-80.3651670283667));
#964=CARTESIAN_POINT('Ctrl Pts',(8.15084345311871,10.2435833968011,-80.3486772621347));
#965=CARTESIAN_POINT('Ctrl Pts',(8.12949438996199,10.2603276518743,-80.3321906014655));
#966=CARTESIAN_POINT('Ctrl Pts',(7.8902290340206,10.447985542089,-80.1474196490195));
#967=CARTESIAN_POINT('Ctrl Pts',(7.64497810196805,10.6270535811443,-79.9629816002787));
#968=CARTESIAN_POINT('Ctrl Pts',(7.39426036579075,10.7972986378693,-79.7787658526513));
#969=CARTESIAN_POINT('Ctrl Pts',(7.13378401122519,10.9741700967243,-79.587379925484));
#970=CARTESIAN_POINT('Ctrl Pts',(6.86740669632334,11.1415189923745,-79.3962339413434));
#971=CARTESIAN_POINT('Ctrl Pts',(6.59566751123516,11.2990437895864,-79.2052038735699));
#972=CARTESIAN_POINT('Ctrl Pts',(6.33130209421423,11.4522940788023,-79.019357494756));
#973=CARTESIAN_POINT('Ctrl Pts',(6.06186116693963,11.5962463569159,-78.8336208267742));
#974=CARTESIAN_POINT('Ctrl Pts',(5.78780966333385,11.7305806665444,-78.6478796680299));
#975=CARTESIAN_POINT('Ctrl Pts',(5.50229225630823,11.8705353219834,-78.454367378096));
#976=CARTESIAN_POINT('Ctrl Pts',(5.21176999389332,12.000051135541,-78.2608502137653));
#977=CARTESIAN_POINT('Ctrl Pts',(4.91674190211114,12.1187120292221,-78.067199031294));
#978=CARTESIAN_POINT('Ctrl Pts',(4.63912189161921,12.2303713574906,-77.8849742031947));
#979=CARTESIAN_POINT('Ctrl Pts',(4.35751143926689,12.3324187941007,-77.7026307057955));
#980=CARTESIAN_POINT('Ctrl Pts',(4.07231160720306,12.4244577771573,-77.5200609333261));
#981=CARTESIAN_POINT('Ctrl Pts',(4.0544282354255,12.430229054581,-77.5086129493186));
#982=CARTESIAN_POINT('Ctrl Pts',(4.03653074735616,12.4359609631924,-77.4971640756246));
#983=CARTESIAN_POINT('Ctrl Pts',(4.01861924066746,12.4416533984093,-77.4857142857142));
#984=CARTESIAN_POINT('Ctrl Pts',(3.72730963392427,12.5342341674793,-77.2994969085803));
#985=CARTESIAN_POINT('Ctrl Pts',(3.4322920588596,12.6163780713976,-77.1130371812177));
#986=CARTESIAN_POINT('Ctrl Pts',(3.13413299441765,12.6880366565264,-76.9262209725162));
#987=CARTESIAN_POINT('Ctrl Pts',(3.05559627993475,12.706911916452,-76.8770125700448));
#988=CARTESIAN_POINT('Ctrl Pts',(2.97684160137676,12.7250593991041,-76.8277794340365));
#989=CARTESIAN_POINT('Ctrl Pts',(2.8978793354047,12.7424776160505,-76.7785194786649));
#990=CARTESIAN_POINT('Ctrl Pts',(2.86612238950368,12.749482852874,-76.7587081710921));
#991=CARTESIAN_POINT('Ctrl Pts',(2.83432975132878,12.7563705450093,-76.7388912122699));
#992=CARTESIAN_POINT('Ctrl Pts',(2.80252173050323,12.7631365122996,-76.7190806810272));
#993=CARTESIAN_POINT('Ctrl Pts',(2.50791435595853,12.8258032173612,-76.5355946153662));
#994=CARTESIAN_POINT('Ctrl Pts',(2.21163639478756,12.8781111887781,-76.3524395513054));
#995=CARTESIAN_POINT('Ctrl Pts',(1.91426299056122,12.9201871546284,-76.1695072072736));
#996=CARTESIAN_POINT('Ctrl Pts',(1.61315905919746,12.9627909603265,-75.9842799906539));
#997=CARTESIAN_POINT('Ctrl Pts',(1.31093145675842,12.994904512223,-75.799281117126));
#998=CARTESIAN_POINT('Ctrl Pts',(1.0081579382545,13.0166087490788,-75.6143981786299));
#999=CARTESIAN_POINT('Ctrl Pts',(0.703308097132706,13.0384618265535,-75.4282473728884));
#1000=CARTESIAN_POINT('Ctrl Pts',(0.397904210777869,13.04976237744,-75.2422140977206));
#1001=CARTESIAN_POINT('Ctrl Pts',(0.0925255745176107,13.0505411301482,-75.0561836165969));
#1002=CARTESIAN_POINT('Ctrl Pts',(-0.212904568779784,13.0513200142057,-74.8701217584293));
#1003=CARTESIAN_POINT('Ctrl Pts',(-0.518310083778179,13.0415735489092,-74.6840626952485));
#1004=CARTESIAN_POINT('Ctrl Pts',(-0.823112387420984,13.0212805077563,-74.4978916324588));
#1005=CARTESIAN_POINT('Ctrl Pts',(-1.12433039951205,13.0012261005476,-74.3139098292632));
#1006=CARTESIAN_POINT('Ctrl Pts',(-1.42495989355401,12.9708716101803,-74.129818645067));
#1007=CARTESIAN_POINT('Ctrl Pts',(-1.724434379567,12.9301466492799,-73.9455072875846));
#1008=CARTESIAN_POINT('Ctrl Pts',(-2.02028203100105,12.8899148946568,-73.7634280628409));
#1009=CARTESIAN_POINT('Ctrl Pts',(-2.31500302369666,12.8395622539343,-73.5811339654074));
#1010=CARTESIAN_POINT('Ctrl Pts',(-2.60803491109746,12.7789731561722,-73.3985181797506));
#1011=CARTESIAN_POINT('Ctrl Pts',(-2.70901962292948,12.7580929283174,-73.3355850885634));
#1012=CARTESIAN_POINT('Ctrl Pts',(-2.80980355080089,12.7359965723956,-73.2726137926882));
#1013=CARTESIAN_POINT('Ctrl Pts',(-2.91036303977253,12.7126780470268,-73.2095999203613));
#1014=CARTESIAN_POINT('Ctrl Pts',(-2.94457747860845,12.7047441337966,-73.1881600313703));
#1015=CARTESIAN_POINT('Ctrl Pts',(-2.97876593237727,12.6966687318519,-73.166715213568));
#1016=CARTESIAN_POINT('Ctrl Pts',(-3.01292745925656,12.6884515854303,-73.1452652947614));
#1017=CARTESIAN_POINT('Ctrl Pts',(-3.04074302120192,12.6817608849205,-73.127799988032));
#1018=CARTESIAN_POINT('Ctrl Pts',(-3.06854174366739,12.6749759321121,-73.1103306583415));
#1019=CARTESIAN_POINT('Ctrl Pts',(-3.09630847148863,12.6681002931272,-73.0928664358669));
#1020=CARTESIAN_POINT('Ctrl Pts',(-3.33512329941862,12.6089646055642,-72.9426609340857));
#1021=CARTESIAN_POINT('Ctrl Pts',(-3.57181932811955,12.543063542193,-72.7926776360356));
#1022=CARTESIAN_POINT('Ctrl Pts',(-3.80610586189103,12.4704254025258,-72.6428571428572));
#1023=CARTESIAN_POINT('Ctrl Pts',(-4.09059172431664,12.3822234752722,-72.4609354099911));
#1024=CARTESIAN_POINT('Ctrl Pts',(-4.37152557495164,12.284089811399,-72.2792537229293));
#1025=CARTESIAN_POINT('Ctrl Pts',(-4.64851371656735,12.1764366282072,-72.0977057363984));
#1026=CARTESIAN_POINT('Ctrl Pts',(-4.93124227211009,12.0665523970418,-71.9123952761955));
#1027=CARTESIAN_POINT('Ctrl Pts',(-5.20986040408659,11.9467498084604,-71.7272241156752));
#1028=CARTESIAN_POINT('Ctrl Pts',(-5.48393676511384,11.8174144445812,-71.5420791597644));
#1029=CARTESIAN_POINT('Ctrl Pts',(-5.75953506491468,11.6873608848519,-71.3559060988172));
#1030=CARTESIAN_POINT('Ctrl Pts',(-6.03054153923004,11.5476680693993,-71.1697595343144));
#1031=CARTESIAN_POINT('Ctrl Pts',(-6.29649700440215,11.3986791370511,-70.9835244766596));
#1032=CARTESIAN_POINT('Ctrl Pts',(-6.56216065065032,11.249853682411,-70.7974937649245));
#1033=CARTESIAN_POINT('Ctrl Pts',(-6.82278487503098,11.0917521391173,-70.6113747541285));
#1034=CARTESIAN_POINT('Ctrl Pts',(-7.07788375795739,10.9246730204039,-70.425052832776));
#1035=CARTESIAN_POINT('Ctrl Pts',(-7.33103626471178,10.758868696828,-70.2401525270099));
#1036=CARTESIAN_POINT('Ctrl Pts',(-7.57874788741537,10.5842228867351,-70.0550523952448));
#1037=CARTESIAN_POINT('Ctrl Pts',(-7.82050871844035,10.4009900823362,-69.8696404294387));
#1038=CARTESIAN_POINT('Ctrl Pts',(-7.93304515264511,10.3156976619348,-69.7833336385403));
#1039=CARTESIAN_POINT('Ctrl Pts',(-8.04429164199038,10.2285441368275,-69.6969592801273));
#1040=CARTESIAN_POINT('Ctrl Pts',(-8.15419370478708,10.1395527426431,-69.6105060569994));
#1041=CARTESIAN_POINT('Ctrl Pts',(-8.18753930390038,10.1125516902562,-69.5842751160406));
#1042=CARTESIAN_POINT('Ctrl Pts',(-8.22076112215109,10.0853814357338,-69.5580369148898));
#1043=CARTESIAN_POINT('Ctrl Pts',(-8.25385759897948,10.0580426021875,-69.5317911379967));
#1044=CARTESIAN_POINT('Ctrl Pts',(-8.28389638848677,10.0332295240302,-69.5079701321646));
#1045=CARTESIAN_POINT('Ctrl Pts',(-8.31383595109697,10.0082741389007,-69.4841396491612));
#1046=CARTESIAN_POINT('Ctrl Pts',(-8.34365257497591,9.98319601391633,-69.4603175178798));
#1047=CARTESIAN_POINT('Ctrl Pts',(-8.57728820692585,9.78669007807911,-69.2736532356014));
#1048=CARTESIAN_POINT('Ctrl Pts',(-8.80359346245115,9.58247720814473,-69.0873318556753));
#1049=CARTESIAN_POINT('Ctrl Pts',(-9.02215249330608,9.37094257943261,-68.9012393750616));
#1050=CARTESIAN_POINT('Ctrl Pts',(-9.24109049475894,9.15904116009002,-68.7148242192495));
#1051=CARTESIAN_POINT('Ctrl Pts',(-9.45225589033194,8.93979220452812,-68.5286387572384));
#1052=CARTESIAN_POINT('Ctrl Pts',(-9.65520360857052,8.71353832474012,-68.3425683919329));
#1053=CARTESIAN_POINT('Ctrl Pts',(-9.85254453014432,8.49353511635458,-68.1616385559847));
#1054=CARTESIAN_POINT('Ctrl Pts',(-10.0421158635932,8.26690818501633,-67.9808175450805));
#1055=CARTESIAN_POINT('Ctrl Pts',(-10.2234771374435,8.03393709018809,-67.8));
#1056=CARTESIAN_POINT('Ctrl Pts',(-10.4091531644636,7.79542339660908,-67.6148806375622));
#1057=CARTESIAN_POINT('Ctrl Pts',(-10.5862243715581,7.5502597923998,-67.4297649078201));
#1058=CARTESIAN_POINT('Ctrl Pts',(-10.75452364222,7.29899448073419,-67.2445397514511));
#1059=CARTESIAN_POINT('Ctrl Pts',(-10.9237668941536,7.0463198358761,-67.0582756774566));
#1060=CARTESIAN_POINT('Ctrl Pts',(-11.0841397986131,6.7874742839304,-66.8719009458568));
#1061=CARTESIAN_POINT('Ctrl Pts',(-11.2354266266491,6.52298985389741,-66.685300584208));
#1062=CARTESIAN_POINT('Ctrl Pts',(-11.3612478437961,6.30302521232749,-66.5301100436465));
#1063=CARTESIAN_POINT('Ctrl Pts',(-11.4807836506133,6.07915965167826,-66.374763439181));
#1064=CARTESIAN_POINT('Ctrl Pts',(-11.5938840235202,5.85169017532799,-66.2191946326592));
#1065=CARTESIAN_POINT('Ctrl Pts',(-11.643365436667,5.75217227942475,-66.1511332798059));
#1066=CARTESIAN_POINT('Ctrl Pts',(-11.6916147542987,5.65196448926591,-66.0830293960902));
#1067=CARTESIAN_POINT('Ctrl Pts',(-11.7386179190935,5.55109136984801,-66.0148774430879));
#1068=CARTESIAN_POINT('Ctrl Pts',(-11.7627085822957,5.49939058849292,-65.9799473324556));
#1069=CARTESIAN_POINT('Ctrl Pts',(-11.7864718788078,5.44751502958049,-65.945004594509));
#1070=CARTESIAN_POINT('Ctrl Pts',(-11.8099058203704,5.3954679886276,-65.9100484835704));
#1071=CARTESIAN_POINT('Ctrl Pts',(-11.8216865607304,5.36930283521807,-65.892475303836));
#1072=CARTESIAN_POINT('Ctrl Pts',(-11.8333847678883,5.34309274760684,-65.8748976759444));
#1073=CARTESIAN_POINT('Ctrl Pts',(-11.8449979501561,5.31684319545694,-65.8573188875391));
#1074=CARTESIAN_POINT('Ctrl Pts',(-11.9673052175834,5.04038916928157,-65.6721832782849));
#1075=CARTESIAN_POINT('Ctrl Pts',(-12.0798745104889,4.76026587439717,-65.487390901458));
#1076=CARTESIAN_POINT('Ctrl Pts',(-12.1826055785269,4.47704243250164,-65.3028305985923));
#1077=CARTESIAN_POINT('Ctrl Pts',(-12.291599018179,4.1765540046886,-65.1070197049966));
#1078=CARTESIAN_POINT('Ctrl Pts',(-12.3895189569714,3.87257557021951,-64.9114700416867));
#1079=CARTESIAN_POINT('Ctrl Pts',(-12.4761929527833,3.56575234680845,-64.7160488575372));
#1080=CARTESIAN_POINT('Ctrl Pts',(-12.5588291731628,3.27322272163298,-64.5297315210753));
#1081=CARTESIAN_POINT('Ctrl Pts',(-12.6312426687794,2.97810637841555,-64.3435309720008));
#1082=CARTESIAN_POINT('Ctrl Pts',(-12.6932348742859,2.68094185591873,-64.1573321612495));
#1083=CARTESIAN_POINT('Ctrl Pts',(-12.7548815175045,2.38543381348195,-63.9721712759363));
#1084=CARTESIAN_POINT('Ctrl Pts',(-12.8062228944573,2.08789977413983,-63.7870121096206));
#1085=CARTESIAN_POINT('Ctrl Pts',(-12.8470135730492,1.78885838849098,-63.6017415264825));
#1086=CARTESIAN_POINT('Ctrl Pts',(-12.8872112083378,1.49416467484234,-63.419164536156));
#1087=CARTESIAN_POINT('Ctrl Pts',(-12.9171627873199,1.19800657694016,-63.2364793451674));
#1088=CARTESIAN_POINT('Ctrl Pts',(-12.9365828362522,0.900878228446755,-63.053577680845));
#1089=CARTESIAN_POINT('Ctrl Pts',(-12.9399951766286,0.848669139578015,-63.0214396189762));
#1090=CARTESIAN_POINT('Ctrl Pts',(-12.9430822284001,0.796430100652278,-62.9892948735381));
#1091=CARTESIAN_POINT('Ctrl Pts',(-12.9458422751252,0.744163804631609,-62.9571428571429));
#1092=CARTESIAN_POINT('Ctrl Pts',(-12.9618647994784,0.440749375720324,-62.7704951236008));
#1093=CARTESIAN_POINT('Ctrl Pts',(-12.9668713639274,0.136415426158553,-62.5836023593053));
#1094=CARTESIAN_POINT('Ctrl Pts',(-12.9609639168813,-0.168288614744681,
-62.396349651446));
#1095=CARTESIAN_POINT('Ctrl Pts',(-12.9593618468153,-0.250922825278379,
-62.3455676544682));
#1096=CARTESIAN_POINT('Ctrl Pts',(-12.9569568005533,-0.333584180014034,
-62.2947591848202));
#1097=CARTESIAN_POINT('Ctrl Pts',(-12.953750177934,-0.416261527456645,-62.2439219505082));
#1098=CARTESIAN_POINT('Ctrl Pts',(-12.9527257076044,-0.442675764317197,
-62.2276801770358));
#1099=CARTESIAN_POINT('Ctrl Pts',(-12.9516193963143,-0.469091535323786,
-62.2114355267798));
#1100=CARTESIAN_POINT('Ctrl Pts',(-12.9504319030263,-0.495496409846359,
-62.1951953474405));
#1101=CARTESIAN_POINT('Ctrl Pts',(-12.9369960219612,-0.794254101535115,
-62.011445998892));
#1102=CARTESIAN_POINT('Ctrl Pts',(-12.913157480579,-1.09200537271734,-61.8280295941329));
#1103=CARTESIAN_POINT('Ctrl Pts',(-12.879189862097,-1.38823774529116,-61.6448373948939));
#1104=CARTESIAN_POINT('Ctrl Pts',(-12.8447881527954,-1.68825583376625,-61.4593040821039));
#1105=CARTESIAN_POINT('Ctrl Pts',(-12.7999967536663,-1.98671651870187,-61.274000741941));
#1106=CARTESIAN_POINT('Ctrl Pts',(-12.7450459627724,-2.28309318405018,-61.0888144137548));
#1107=CARTESIAN_POINT('Ctrl Pts',(-12.6896958565807,-2.58162355336674,-60.9022823772976));
#1108=CARTESIAN_POINT('Ctrl Pts',(-12.6240380563109,-2.87804010490384,-60.7158690595966));
#1109=CARTESIAN_POINT('Ctrl Pts',(-12.5482550226387,-3.17180162912829,-60.5294590194822));
#1110=CARTESIAN_POINT('Ctrl Pts',(-12.4724178495187,-3.46577301677362,-60.342915807916));
#1111=CARTESIAN_POINT('Ctrl Pts',(-12.3864408087451,-3.7570861865706,-60.1563758786211));
#1112=CARTESIAN_POINT('Ctrl Pts',(-12.2904561357611,-4.04518668788416,-59.9697235428378));
#1113=CARTESIAN_POINT('Ctrl Pts',(-12.1955162662734,-4.33015118423228,-59.7851029378192));
#1114=CARTESIAN_POINT('Ctrl Pts',(-12.0907852097325,-4.61197311901243,-59.6003723601069));
#1115=CARTESIAN_POINT('Ctrl Pts',(-11.9763445457999,-4.89009561635542,-59.4154198578218));
#1116=CARTESIAN_POINT('Ctrl Pts',(-11.8632399663408,-5.16497105852022,-59.2326266593903));
#1117=CARTESIAN_POINT('Ctrl Pts',(-11.7406509545849,-5.43623344525544,-59.0496166880357));
#1118=CARTESIAN_POINT('Ctrl Pts',(-11.608614089327,-5.70331744016483,-58.8662818673631));
#1119=CARTESIAN_POINT('Ctrl Pts',(-11.5635106206571,-5.79455267642335,-58.8036551431967));
#1120=CARTESIAN_POINT('Ctrl Pts',(-11.5173043414913,-5.8853000661308,-58.7409905127268));
#1121=CARTESIAN_POINT('Ctrl Pts',(-11.4699956311886,-5.97553615824921,-58.6782836679598));
#1122=CARTESIAN_POINT('Ctrl Pts',(-11.4491494366838,-6.01529795085815,-58.6506524120149));
#1123=CARTESIAN_POINT('Ctrl Pts',(-11.4280891813955,-6.05496046066343,-58.6230129595234));
#1124=CARTESIAN_POINT('Ctrl Pts',(-11.4068148646992,-6.09452164909127,-58.5953649419049));
#1125=CARTESIAN_POINT('Ctrl Pts',(-11.3933443878419,-6.11957101169943,-58.5778587635962));
#1126=CARTESIAN_POINT('Ctrl Pts',(-11.3797917028877,-6.14457301292529,-58.5603538580034));
#1127=CARTESIAN_POINT('Ctrl Pts',(-11.3661590442261,-6.1695234136952,-58.5428528010956));
#1128=CARTESIAN_POINT('Ctrl Pts',(-11.2547374087208,-6.37344654632237,-58.3998142029656));
#1129=CARTESIAN_POINT('Ctrl Pts',(-11.137931029836,-6.57400478660177,-58.2569756103523));
#1130=CARTESIAN_POINT('Ctrl Pts',(-11.0158289122964,-6.7709677695428,-58.1142857142857));
#1131=CARTESIAN_POINT('Ctrl Pts',(-10.8587014725116,-7.02443011618778,-57.9306648360906));
#1132=CARTESIAN_POINT('Ctrl Pts',(-10.6928061010096,-7.2719398434556,-57.7472901978711));
#1133=CARTESIAN_POINT('Ctrl Pts',(-10.518629338186,-7.51318287660899,-57.56405245944));
#1134=CARTESIAN_POINT('Ctrl Pts',(-10.3424773848467,-7.75716164180449,-57.378736777676));
#1135=CARTESIAN_POINT('Ctrl Pts',(-10.1578547892101,-7.99473122860038,-57.1935611182336));
#1136=CARTESIAN_POINT('Ctrl Pts',(-9.96521737886896,-8.22554174276316,-57.0084123787808));
#1137=CARTESIAN_POINT('Ctrl Pts',(-9.77151101718175,-8.45763303208459,-56.8222362428639));
#1138=CARTESIAN_POINT('Ctrl Pts',(-9.56970022858558,-8.68289048090479,-56.6360873265253));
#1139=CARTESIAN_POINT('Ctrl Pts',(-9.36020671394021,-8.90092637759611,-56.44985063414));
#1140=CARTESIAN_POINT('Ctrl Pts',(-9.15158983246091,-9.11804989521566,-56.2643932559095));
#1141=CARTESIAN_POINT('Ctrl Pts',(-8.9353539196076,-9.32801257297858,-56.0788488346994));
#1142=CARTESIAN_POINT('Ctrl Pts',(-8.71188083745307,-9.53039362331253,-55.8931038124624));
#1143=CARTESIAN_POINT('Ctrl Pts',(-8.49034026264015,-9.73102456190235,-55.7089650401401));
#1144=CARTESIAN_POINT('Ctrl Pts',(-8.26168668253088,-9.92420479171684,-55.5246291212273));
#1145=CARTESIAN_POINT('Ctrl Pts',(-8.02626505152447,-10.1094813908029,-55.3399854182902));
#1146=CARTESIAN_POINT('Ctrl Pts',(-7.93522951763093,-10.1811262691587,-55.2685852754694));
#1147=CARTESIAN_POINT('Ctrl Pts',(-7.84318170291858,-10.251588828559,-55.197139109616));
#1148=CARTESIAN_POINT('Ctrl Pts',(-7.75014067786574,-10.3208409580291,-55.125640523443));
#1149=CARTESIAN_POINT('Ctrl Pts',(-7.69943827077373,-10.3585796830526,-55.0866775990707));
#1150=CARTESIAN_POINT('Ctrl Pts',(-7.64844090526492,-10.3959589309025,-55.0476991075938));
#1151=CARTESIAN_POINT('Ctrl Pts',(-7.59715161557109,-10.4329740089952,-55.0087040137314));
#1152=CARTESIAN_POINT('Ctrl Pts',(-7.57273791699986,-10.4505931837691,-54.9901423515795));
#1153=CARTESIAN_POINT('Ctrl Pts',(-7.54825807492293,-10.468129844935,-54.9715769277264));
#1154=CARTESIAN_POINT('Ctrl Pts',(-7.52371241389181,-10.4855834781111,-54.9530076305171));
#1155=CARTESIAN_POINT('Ctrl Pts',(-7.50313210547961,-10.5002174760802,-54.9374382040886));
#1156=CARTESIAN_POINT('Ctrl Pts',(-7.48251234031124,-10.5147882602187,-54.9218712094771));
#1157=CARTESIAN_POINT('Ctrl Pts',(-7.46185340546486,-10.5292956373308,-54.9063065902839));
#1158=CARTESIAN_POINT('Ctrl Pts',(-7.27395061772235,-10.6612470967098,-54.764739013915));
#1159=CARTESIAN_POINT('Ctrl Pts',(-7.08280816974322,-10.78795419651,-54.6233676826941));
#1160=CARTESIAN_POINT('Ctrl Pts',(-6.88862481211271,-10.9092724672007,-54.4821428571429));
#1161=CARTESIAN_POINT('Ctrl Pts',(-6.63507958363384,-11.0676777447501,-54.2977455890237));
#1162=CARTESIAN_POINT('Ctrl Pts',(-6.37635113084931,-11.2168976143749,-54.1135980914966));
#1163=CARTESIAN_POINT('Ctrl Pts',(-6.11299951515463,-11.3568453375704,-53.9295896431706));
#1164=CARTESIAN_POINT('Ctrl Pts',(-5.84700064788123,-11.4981998371404,-53.7437315131783));
#1165=CARTESIAN_POINT('Ctrl Pts',(-5.57628468304724,-11.630095098122,-53.5580152419259));
#1166=CARTESIAN_POINT('Ctrl Pts',(-5.3013973963122,-11.7523984496465,-53.3723267353802));
#1167=CARTESIAN_POINT('Ctrl Pts',(-5.02536790552736,-11.8752099926741,-53.1858666610886));
#1168=CARTESIAN_POINT('Ctrl Pts',(-4.7451317898246,-11.9883499775793,-52.9994345827172));
#1169=CARTESIAN_POINT('Ctrl Pts',(-4.46121847104584,-12.0916370479904,-52.8129149780737));
#1170=CARTESIAN_POINT('Ctrl Pts',(-4.17900036853474,-12.1943074022758,-52.6275090621764));
#1171=CARTESIAN_POINT('Ctrl Pts',(-3.89314826089856,-12.2872423063716,-52.4420166621067));
#1172=CARTESIAN_POINT('Ctrl Pts',(-3.60416792898956,-12.3702145209222,-52.2563243126532));
#1173=CARTESIAN_POINT('Ctrl Pts',(-3.31787891929927,-12.4524140013456,-52.0723613471431));
#1174=CARTESIAN_POINT('Ctrl Pts',(-3.02851912622105,-12.5248356233758,-51.8882021392309));
#1175=CARTESIAN_POINT('Ctrl Pts',(-2.73657479495676,-12.5872080479201,-51.7037363644342));
#1176=CARTESIAN_POINT('Ctrl Pts',(-2.62411820622189,-12.6112338273041,-51.6326803802946));
#1177=CARTESIAN_POINT('Ctrl Pts',(-2.51127811378616,-12.6337679817116,-51.5615789083524));
#1178=CARTESIAN_POINT('Ctrl Pts',(-2.39808235348525,-12.6547929166439,-51.4904256430068));
#1179=CARTESIAN_POINT('Ctrl Pts',(-2.34394864630249,-12.6648476896155,-51.4563979548578));
#1180=CARTESIAN_POINT('Ctrl Pts',(-2.28973359746431,-12.6745572794827,-51.4223584213105));
#1181=CARTESIAN_POINT('Ctrl Pts',(-2.23544026087586,-12.6839196651518,-51.3883063526981));
#1182=CARTESIAN_POINT('Ctrl Pts',(-2.19675702802277,-12.6905902322536,-51.3640447364109));
#1183=CARTESIAN_POINT('Ctrl Pts',(-2.1580340536196,-12.6970845446797,-51.3397767568728));
#1184=CARTESIAN_POINT('Ctrl Pts',(-2.1192724447659,-12.7034018517835,-51.3155021646426));
#1185=CARTESIAN_POINT('Ctrl Pts',(-2.09170148648968,-12.7078953239516,-51.2982357562209));
#1186=CARTESIAN_POINT('Ctrl Pts',(-2.06411880962265,-12.7122979579648,-51.2809709051644));
#1187=CARTESIAN_POINT('Ctrl Pts',(-2.03652825806755,-12.7166091213614,-51.2637096601428));
#1188=CARTESIAN_POINT('Ctrl Pts',(-1.81582871555491,-12.751094542482,-51.1256352591342));
#1189=CARTESIAN_POINT('Ctrl Pts',(-1.59455530763412,-12.7797398357783,-50.987747421981));
#1190=CARTESIAN_POINT('Ctrl Pts',(-1.37292367748193,-12.8024986224918,-50.85));
#1191=CARTESIAN_POINT('Ctrl Pts',(-1.07653993396801,-12.8329335130322,-50.6657930050053));
#1192=CARTESIAN_POINT('Ctrl Pts',(-0.779515858530831,-12.8528436204561,
-50.4818371172962));
#1193=CARTESIAN_POINT('Ctrl Pts',(-0.482399245743553,-12.8624065281221,
-50.2980219729247));
#1194=CARTESIAN_POINT('Ctrl Pts',(-0.182100651424297,-12.8720718501073,
-50.1122382533557));
#1195=CARTESIAN_POINT('Ctrl Pts',(0.118293057073811,-12.8711671556655,-49.926598307859));
#1196=CARTESIAN_POINT('Ctrl Pts',(0.418225676469461,-12.8598230806748,-49.7409881885359));
#1197=CARTESIAN_POINT('Ctrl Pts',(0.719591398154892,-12.8484248027773,-49.5544912090655));
#1198=CARTESIAN_POINT('Ctrl Pts',(1.0204922293762,-12.8264870998502,-49.3680243414736));
#1199=CARTESIAN_POINT('Ctrl Pts',(1.32036429394102,-12.7940899947277,-49.1814719966879));
#1200=CARTESIAN_POINT('Ctrl Pts',(1.61863820990822,-12.7618655478625,-48.9959138704489));
#1201=CARTESIAN_POINT('Ctrl Pts',(1.91589489657822,-12.7192927663074,-48.8102711756787));
#1202=CARTESIAN_POINT('Ctrl Pts',(2.21157067905374,-12.666399966977,-48.6244301615469));
#1203=CARTESIAN_POINT('Ctrl Pts',(2.50453693623284,-12.6139918687493,-48.4402921645667));
#1204=CARTESIAN_POINT('Ctrl Pts',(2.79595169436409,-12.5514518912034,-48.2559594663043));
#1205=CARTESIAN_POINT('Ctrl Pts',(3.08524936928539,-12.4787598951959,-48.0713214145426));
#1206=CARTESIAN_POINT('Ctrl Pts',(3.19654003610764,-12.450795824242,-48.0002925274044));
#1207=CARTESIAN_POINT('Ctrl Pts',(3.30751717213339,-12.4213288787512,-47.9292184514979));
#1208=CARTESIAN_POINT('Ctrl Pts',(3.41814761814107,-12.3903560700274,-47.8580928873893));
#1209=CARTESIAN_POINT('Ctrl Pts',(3.51280235847591,-12.3638559222562,-47.7972382850187));
#1210=CARTESIAN_POINT('Ctrl Pts',(3.60720329995778,-12.3362534040222,-47.7363459911727));
#1211=CARTESIAN_POINT('Ctrl Pts',(3.70132930131937,-12.3075460542553,-47.6754120603278));
#1212=CARTESIAN_POINT('Ctrl Pts',(3.72898930766828,-12.2991100698798,-47.6575059250447));
#1213=CARTESIAN_POINT('Ctrl Pts',(3.75661911540448,-12.2905806281967,-47.6396003693379));
#1214=CARTESIAN_POINT('Ctrl Pts',(3.78421226396608,-12.2819596954927,-47.6216991679974));
#1215=CARTESIAN_POINT('Ctrl Pts',(3.99196028734035,-12.2170529406544,-47.4869215370134));
#1216=CARTESIAN_POINT('Ctrl Pts',(4.19773674568741,-12.146928721972,-47.3523218353229));
#1217=CARTESIAN_POINT('Ctrl Pts',(4.4013395148484,-12.0716399999837,-47.2178571428572));
#1218=CARTESIAN_POINT('Ctrl Pts',(4.68047586934056,-11.9684202870261,-47.0335080585228));
#1219=CARTESIAN_POINT('Ctrl Pts',(4.95552727977183,-11.8554955545415,-46.8494127375316));
#1220=CARTESIAN_POINT('Ctrl Pts',(5.22608499046059,-11.7332633102523,-46.6654605790059));
#1221=CARTESIAN_POINT('Ctrl Pts',(5.49950875370045,-11.6097362441128,-46.4795597916576));
#1222=CARTESIAN_POINT('Ctrl Pts',(5.76834362820523,-11.4767031724202,-46.2938052159165));
#1223=CARTESIAN_POINT('Ctrl Pts',(6.03215287604674,-11.3345229469662,-46.1080826987125));
#1224=CARTESIAN_POINT('Ctrl Pts',(6.29720989104591,-11.1916702363086,-45.9214817496137));
#1225=CARTESIAN_POINT('Ctrl Pts',(6.55719415508192,-11.0395833289768,-45.7349131630307));
#1226=CARTESIAN_POINT('Ctrl Pts',(6.81163988324141,-10.8785789211822,-45.5482611584536));
#1227=CARTESIAN_POINT('Ctrl Pts',(7.06475347412643,-10.7184174435264,-45.3625863606642));
#1228=CARTESIAN_POINT('Ctrl Pts',(7.31238685427357,-10.5494312253051,-45.1768290160553));
#1229=CARTESIAN_POINT('Ctrl Pts',(7.55405147371728,-10.3718905490812,-44.9908751531015));
#1230=CARTESIAN_POINT('Ctrl Pts',(7.79353185473934,-10.1959545395531,-44.8066019977873));
#1231=CARTESIAN_POINT('Ctrl Pts',(8.02715132594157,-10.0116176407632,-44.6221358604598));
#1232=CARTESIAN_POINT('Ctrl Pts',(8.25439803356063,-9.81910756282214,-44.4373658320744));
#1233=CARTESIAN_POINT('Ctrl Pts',(8.34156438438971,-9.74526534452224,-44.3664925099229));
#1234=CARTESIAN_POINT('Ctrl Pts',(8.42779268924638,-9.67022025986005,-44.2955744761468));
#1235=CARTESIAN_POINT('Ctrl Pts',(8.51305240766055,-9.59398393532953,-44.2246054715182));
#1236=CARTESIAN_POINT('Ctrl Pts',(8.5800875317967,-9.53404341976553,-44.1688063658727));
#1237=CARTESIAN_POINT('Ctrl Pts',(8.64652387434891,-9.47336648657426,-44.1129757509134));
#1238=CARTESIAN_POINT('Ctrl Pts',(8.71234615453176,-9.4119585155264,-44.0571105843803));
#1239=CARTESIAN_POINT('Ctrl Pts',(8.73827222391767,-9.38777115352965,-44.0351064213557));
#1240=CARTESIAN_POINT('Ctrl Pts',(8.76410585359995,-9.36346763857147,-44.0130944543757));
#1241=CARTESIAN_POINT('Ctrl Pts',(8.78982806615084,-9.33906554246649,-43.9910899837239));
#1242=CARTESIAN_POINT('Ctrl Pts',(8.94797775825698,-9.18903241533515,-43.8557983461301));
#1243=CARTESIAN_POINT('Ctrl Pts',(9.10203778112835,-9.03516193505909,-43.720687580183));
#1244=CARTESIAN_POINT('Ctrl Pts',(9.25185050965454,-8.87759074591437,-43.5857142857143));
#1245=CARTESIAN_POINT('Ctrl Pts',(9.45653701946316,-8.66230398710743,-43.4013026350224));
#1246=CARTESIAN_POINT('Ctrl Pts',(9.65329657894127,-8.44011064981134,-43.2171476061718));
#1247=CARTESIAN_POINT('Ctrl Pts',(9.84193624905678,-8.21154969015744,-43.0331385080037));
#1248=CARTESIAN_POINT('Ctrl Pts',(10.0326013635978,-7.9805346468989,-42.8471536843591));
#1249=CARTESIAN_POINT('Ctrl Pts',(10.2149716395537,-7.74301404621125,-42.6613179419676));
#1250=CARTESIAN_POINT('Ctrl Pts',(10.3888119960207,-7.49950462908637,-42.4755169857412));
#1251=CARTESIAN_POINT('Ctrl Pts',(10.563494840459,-7.25481508463659,-42.2888155765139));
#1252=CARTESIAN_POINT('Ctrl Pts',(10.7295652278431,-7.00407802322516,-42.1021492914393));
#1253=CARTESIAN_POINT('Ctrl Pts',(10.886743421322,-6.74778521834858,-41.9154021656279));
#1254=CARTESIAN_POINT('Ctrl Pts',(11.0431119114202,-6.49281270572109,-41.7296170675366));
#1255=CARTESIAN_POINT('Ctrl Pts',(11.1906798613401,-6.23234099596981,-41.5437519594651));
#1256=CARTESIAN_POINT('Ctrl Pts',(11.3291266474893,-5.96683020324734,-41.3576926594863));
#1257=CARTESIAN_POINT('Ctrl Pts',(11.4663211918295,-5.70372093767189,-41.1733162532809));
#1258=CARTESIAN_POINT('Ctrl Pts',(11.5945590644032,-5.43566280518836,-40.9887491521866));
#1259=CARTESIAN_POINT('Ctrl Pts',(11.7134800256547,-5.16308782490668,-40.8038802446402));
#1260=CARTESIAN_POINT('Ctrl Pts',(11.8045105700445,-4.95443958845649,-40.6623684613717));
#1261=CARTESIAN_POINT('Ctrl Pts',(11.8900809784628,-4.74314434705388,-40.5206798358752));
#1262=CARTESIAN_POINT('Ctrl Pts',(11.9700089330719,-4.52939243317703,-40.3787645318906));
#1263=CARTESIAN_POINT('Ctrl Pts',(11.9788982548372,-4.50561965493328,-40.3629811829145));
#1264=CARTESIAN_POINT('Ctrl Pts',(11.9877150343189,-4.48182378437389,-40.3471998747397));
#1265=CARTESIAN_POINT('Ctrl Pts',(11.9964587547316,-4.45800619362634,-40.3314212420716));
#1266=CARTESIAN_POINT('Ctrl Pts',(12.0663338206241,-4.26766894079509,-40.205326977236));
#1267=CARTESIAN_POINT('Ctrl Pts',(12.1315521517228,-4.07592275686395,-40.0793887543002));
#1268=CARTESIAN_POINT('Ctrl Pts',(12.1920474208972,-3.88292342281374,-39.9535714285714));
#1269=CARTESIAN_POINT('Ctrl Pts',(12.2803645042576,-3.60116356776349,-39.7698906317717));
#1270=CARTESIAN_POINT('Ctrl Pts',(12.3586176159905,-3.31673378170977,-39.5864675043904));
#1271=CARTESIAN_POINT('Ctrl Pts',(12.4268723085272,-3.03019439781099,-39.4031926936885));
#1272=CARTESIAN_POINT('Ctrl Pts',(12.4962550475166,-2.73891937269018,-39.2168888971044));
#1273=CARTESIAN_POINT('Ctrl Pts',(12.5553063094993,-2.4454638932734,-39.0307383601757));
#1274=CARTESIAN_POINT('Ctrl Pts',(12.6040451294935,-2.15039646285447,-38.8446262182395));
#1275=CARTESIAN_POINT('Ctrl Pts',(12.6529644035594,-1.85423655380657,-38.6578250014794));
#1276=CARTESIAN_POINT('Ctrl Pts',(12.6914948002379,-1.55645212267392,-38.4710624645508));
#1277=CARTESIAN_POINT('Ctrl Pts',(12.7196041996946,-1.25760681681036,-38.2842224622119));
#1278=CARTESIAN_POINT('Ctrl Pts',(12.7476171795872,-0.959786596316937,-38.0980233498223));
#1279=CARTESIAN_POINT('Ctrl Pts',(12.7652805490403,-0.66091215214549,-37.9117473025474));
#1280=CARTESIAN_POINT('Ctrl Pts',(12.7725110359712,-0.361539461680972,-37.7252793662386));
#1281=CARTESIAN_POINT('Ctrl Pts',(12.7754215468343,-0.241032021997974,-37.6502198357494));
#1282=CARTESIAN_POINT('Ctrl Pts',(12.7766410013445,-0.120443879645132,-37.5751292129126));
#1283=CARTESIAN_POINT('Ctrl Pts',(12.7761615885237,0.000188444377662873,
-37.5));
#1284=CARTESIAN_POINT('Origin',(0.,0.,0.));
#1285=CARTESIAN_POINT('',(0.,-12.5221238938053,-3.00000000000001));
#1286=CARTESIAN_POINT('',(0.,-14.,-203.4));
#1287=CARTESIAN_POINT('Ctrl Pts',(1.66517043158219E-15,-12.5221238938053,
-3.));
#1288=CARTESIAN_POINT('Ctrl Pts',(-0.290638466832584,-12.5234859829881,
-3.18469929319234));
#1289=CARTESIAN_POINT('Ctrl Pts',(-0.580746717359458,-12.5145639282654,
-3.36901191041928));
#1290=CARTESIAN_POINT('Ctrl Pts',(-0.869814576231835,-12.4956097689213,
-3.55304768279747));
#1291=CARTESIAN_POINT('Ctrl Pts',(-1.16276896583609,-12.4764007700282,-3.73955782464691));
#1292=CARTESIAN_POINT('Ctrl Pts',(-1.45465535229087,-12.446888057825,-3.92578362721897));
#1293=CARTESIAN_POINT('Ctrl Pts',(-1.74495161990859,-12.4072807680869,-4.11183941151284));
#1294=CARTESIAN_POINT('Ctrl Pts',(-2.03766030789461,-12.3673443338053,-4.29944135679376));
#1295=CARTESIAN_POINT('Ctrl Pts',(-2.32875293354945,-12.3171447775754,-4.48687044628295));
#1296=CARTESIAN_POINT('Ctrl Pts',(-2.61769454075938,-12.2568436016722,-4.67424387482154));
#1297=CARTESIAN_POINT('Ctrl Pts',(-2.90677235335622,-12.1965140001468,-4.86170563010055));
#1298=CARTESIAN_POINT('Ctrl Pts',(-3.19369772227443,-12.1260731222021,-5.0491116719401));
#1299=CARTESIAN_POINT('Ctrl Pts',(-3.47792620162781,-12.0456316016387,-5.23657936099435));
#1300=CARTESIAN_POINT('Ctrl Pts',(-3.76037978478374,-11.9656924070537,-5.42287638731556));
#1301=CARTESIAN_POINT('Ctrl Pts',(-4.04017063104934,-11.8758769076195,-5.60923429332972));
#1302=CARTESIAN_POINT('Ctrl Pts',(-4.31674702877681,-11.7762455775189,-5.79576825477709));
#1303=CARTESIAN_POINT('Ctrl Pts',(-4.58868435358022,-11.678285384253,-5.97917344364272));
#1304=CARTESIAN_POINT('Ctrl Pts',(-4.85751465176631,-11.5708356549027,-6.16274883144496));
#1305=CARTESIAN_POINT('Ctrl Pts',(-5.12268880680849,-11.4539103202234,-6.34660389499207));
#1306=CARTESIAN_POINT('Ctrl Pts',(-5.25985121222248,-11.3934302174173,-6.44170367106057));
#1307=CARTESIAN_POINT('Ctrl Pts',(-5.3960349587708,-11.3304142043974,-6.53687827486441));
#1308=CARTESIAN_POINT('Ctrl Pts',(-5.53116073095483,-11.2648598114669,-6.63214285714286));
#1309=CARTESIAN_POINT('Ctrl Pts',(-5.5664721764458,-11.2477289537834,-6.65703766477263));
#1310=CARTESIAN_POINT('Ctrl Pts',(-5.60171652458,-11.2304221187001,-6.68194228901881));
#1311=CARTESIAN_POINT('Ctrl Pts',(-5.63686462530445,-11.21295403407,-6.70683709599101));
#1312=CARTESIAN_POINT('Ctrl Pts',(-5.89759107431728,-11.0833768568457,-6.8915052426885));
#1313=CARTESIAN_POINT('Ctrl Pts',(-6.15325161005415,-10.9448232934998,-7.07579386628375));
#1314=CARTESIAN_POINT('Ctrl Pts',(-6.40349476284115,-10.7977461503135,-7.25981283210554));
#1315=CARTESIAN_POINT('Ctrl Pts',(-6.65706856519615,-10.6487114613644,-7.44628102653634));
#1316=CARTESIAN_POINT('Ctrl Pts',(-6.90508030456557,-10.4909245137627,-7.63247233732177));
#1317=CARTESIAN_POINT('Ctrl Pts',(-7.14714827913089,-10.3248050027872,-7.81850107524478));
#1318=CARTESIAN_POINT('Ctrl Pts',(-7.39116307951766,-10.1573494796689,-8.00602594478607));
#1319=CARTESIAN_POINT('Ctrl Pts',(-7.62913863072947,-9.98142649271757,-8.19338561597288));
#1320=CARTESIAN_POINT('Ctrl Pts',(-7.86066028122154,-9.79741871862359,-8.38069717985408));
#1321=CARTESIAN_POINT('Ctrl Pts',(-8.09217245094337,-9.61341847961511,-8.56800107336019));
#1322=CARTESIAN_POINT('Ctrl Pts',(-8.31723173202984,-9.42133372546178,-8.75525686350058));
#1323=CARTESIAN_POINT('Ctrl Pts',(-8.53539256422384,-9.22150558435808,-8.94258162694015));
#1324=CARTESIAN_POINT('Ctrl Pts',(-8.75212613921672,-9.02298476386967,-9.12868086967154));
#1325=CARTESIAN_POINT('Ctrl Pts',(-8.96205167249915,-8.81682113044467,-9.31484818617655));
#1326=CARTESIAN_POINT('Ctrl Pts',(-9.16469490009036,-8.60331425205885,-9.50119837029462));
#1327=CARTESIAN_POINT('Ctrl Pts',(-9.36397424981213,-8.39335158816131,-9.68445514108833));
#1328=CARTESIAN_POINT('Ctrl Pts',(-9.55621140254452,-8.17628702759663,-9.86788875868081));
#1329=CARTESIAN_POINT('Ctrl Pts',(-9.74091337217968,-7.95237784994794,-10.0516083945505));
#1330=CARTESIAN_POINT('Ctrl Pts',(-9.81214000871186,-7.866031734397,-10.1224562136277));
#1331=CARTESIAN_POINT('Ctrl Pts',(-9.88224560881444,-7.77866749021442,-10.1933465666441));
#1332=CARTESIAN_POINT('Ctrl Pts',(-9.95120002595157,-7.69029894864151,-10.2642857142857));
#1333=CARTESIAN_POINT('Ctrl Pts',(-9.97090281237316,-7.66504884033394,-10.2845556104424));
#1334=CARTESIAN_POINT('Ctrl Pts',(-9.99051160315601,-7.63971673289139,-10.3048294904501));
#1335=CARTESIAN_POINT('Ctrl Pts',(-10.0100260185716,-7.61430320135522,-10.3251075003648));
#1336=CARTESIAN_POINT('Ctrl Pts',(-10.0258236091788,-7.59373007330902,-10.3415232469879));
#1337=CARTESIAN_POINT('Ctrl Pts',(-10.0415591924813,-7.57310374981396,-10.3579415559003));
#1338=CARTESIAN_POINT('Ctrl Pts',(-10.057225407378,-7.55243410825021,-10.3743549408564));
#1339=CARTESIAN_POINT('Ctrl Pts',(-10.233463505062,-7.31990963868217,-10.5589983764461));
#1340=CARTESIAN_POINT('Ctrl Pts',(-10.401160644696,-7.0816017683537,-10.7432622809911));
#1341=CARTESIAN_POINT('Ctrl Pts',(-10.5602013068533,-6.8380699962849,-10.9272564740984));
#1342=CARTESIAN_POINT('Ctrl Pts',(-10.7213354637031,-6.59133255048838,-11.1136726318877));
#1343=CARTESIAN_POINT('Ctrl Pts',(-10.8735840616073,-6.33923230710162,-11.2998119309387));
#1344=CARTESIAN_POINT('Ctrl Pts',(-11.0167897535469,-6.08231226377825,-11.4857885849493));
#1345=CARTESIAN_POINT('Ctrl Pts',(-11.1611259575733,-5.8233640104699,-11.6732333988658));
#1346=CARTESIAN_POINT('Ctrl Pts',(-11.2962762220815,-5.55951903796633,-11.8605129896606));
#1347=CARTESIAN_POINT('Ctrl Pts',(-11.4220372503422,-5.29130157486197,-12.047744297361));
#1348=CARTESIAN_POINT('Ctrl Pts',(-11.5477777783402,-5.02312783379579,-12.234945084549));
#1349=CARTESIAN_POINT('Ctrl Pts',(-11.6641323910657,-4.75058246565492,-12.4220976043826));
#1350=CARTESIAN_POINT('Ctrl Pts',(-11.7708517091014,-4.47416605363806,-12.6093187397112));
#1351=CARTESIAN_POINT('Ctrl Pts',(-11.8768726135514,-4.19955862036106,-12.7953146256018));
#1352=CARTESIAN_POINT('Ctrl Pts',(-11.9733841370832,-3.92113008261091,-12.9813782318321));
#1353=CARTESIAN_POINT('Ctrl Pts',(-12.0600927349965,-3.63935659106165,-13.1676241614536));
#1354=CARTESIAN_POINT('Ctrl Pts',(-12.1453903213335,-3.36216840786756,-13.3508393055582));
#1355=CARTESIAN_POINT('Ctrl Pts',(-12.2212015554388,-3.08174272044617,-13.5342308874274));
#1356=CARTESIAN_POINT('Ctrl Pts',(-12.2871970442496,-2.79852665266258,-13.7179080058469));
#1357=CARTESIAN_POINT('Ctrl Pts',(-12.308566753984,-2.70681970011652,-13.7773836878395));
#1358=CARTESIAN_POINT('Ctrl Pts',(-12.3289068783307,-2.61482016011666,-13.8368893083609));
#1359=CARTESIAN_POINT('Ctrl Pts',(-12.3482050508996,-2.52254321150113,-13.8964285714286));
#1360=CARTESIAN_POINT('Ctrl Pts',(-12.3572796577206,-2.47915169220915,-13.9244258028151));
#1361=CARTESIAN_POINT('Ctrl Pts',(-12.3661238618472,-2.43569883333034,-13.9524304731599));
#1362=CARTESIAN_POINT('Ctrl Pts',(-12.3747374353888,-2.39218644414373,-13.9804429675935));
#1363=CARTESIAN_POINT('Ctrl Pts',(-12.381120572349,-2.3599413442092,-14.0012017836298));
#1364=CARTESIAN_POINT('Ctrl Pts',(-12.3873775162912,-2.32766092658951,-14.0219665797341));
#1365=CARTESIAN_POINT('Ctrl Pts',(-12.3935042340573,-2.29536723231122,-14.0427238328809));
#1366=CARTESIAN_POINT('Ctrl Pts',(-12.4479924778898,-2.00816178965026,-14.2273294102756));
#1367=CARTESIAN_POINT('Ctrl Pts',(-12.4922531730994,-1.71957025045001,-14.4115561008095));
#1368=CARTESIAN_POINT('Ctrl Pts',(-12.5264279779219,-1.43014679854402,-14.5955136625159));
#1369=CARTESIAN_POINT('Ctrl Pts',(-12.5610494804148,-1.13694030288879,-14.7818757270343));
#1370=CARTESIAN_POINT('Ctrl Pts',(-12.5853197815861,-0.842879448601497,
-14.9679615811977));
#1371=CARTESIAN_POINT('Ctrl Pts',(-12.5993355987646,-0.548522135528425,
-15.1538853434715));
#1372=CARTESIAN_POINT('Ctrl Pts',(-12.6134602075818,-0.251880002810214,
-15.3412522574716));
#1373=CARTESIAN_POINT('Ctrl Pts',(-12.6171705665403,0.0450638121316231,
-15.5284545534816));
#1374=CARTESIAN_POINT('Ctrl Pts',(-12.6105137891951,0.341747965949332,-15.7156090280306));
#1375=CARTESIAN_POINT('Ctrl Pts',(-12.6038593373032,0.638328477247483,-15.9026981227438));
#1376=CARTESIAN_POINT('Ctrl Pts',(-12.5868449758184,0.934650128171651,-16.0897394294016));
#1377=CARTESIAN_POINT('Ctrl Pts',(-12.5594660220232,1.23015255469364,-16.2768496221723));
#1378=CARTESIAN_POINT('Ctrl Pts',(-12.5322685319692,1.52369643392262,-16.4627196756797));
#1379=CARTESIAN_POINT('Ctrl Pts',(-12.4948433267157,1.8164325098377,-16.6486577051916));
#1380=CARTESIAN_POINT('Ctrl Pts',(-12.4471353690588,2.107802800338,-16.8347780803198));
#1381=CARTESIAN_POINT('Ctrl Pts',(-12.4001947434742,2.39448670768911,-17.0179049059401));
#1382=CARTESIAN_POINT('Ctrl Pts',(-12.3432993584403,2.67984894058781,-17.2012082586752));
#1383=CARTESIAN_POINT('Ctrl Pts',(-12.276349232565,2.96334128228498,-17.3847970778779));
#1384=CARTESIAN_POINT('Ctrl Pts',(-12.2588796184857,3.03731428441361,-17.4327017797559));
#1385=CARTESIAN_POINT('Ctrl Pts',(-12.2407251579914,3.11115985825648,-17.4806259181725));
#1386=CARTESIAN_POINT('Ctrl Pts',(-12.2218835449465,3.18486800384681,-17.5285714285714));
#1387=CARTESIAN_POINT('Ctrl Pts',(-12.2035938312234,3.25641712645593,-17.5751125425096));
#1388=CARTESIAN_POINT('Ctrl Pts',(-12.1846566274341,3.32783675327885,-17.6216737947318));
#1389=CARTESIAN_POINT('Ctrl Pts',(-12.165074667714,3.39911894026256,-17.6682569555386));
#1390=CARTESIAN_POINT('Ctrl Pts',(-12.1576835805891,3.426023951915,-17.6858394756232));
#1391=CARTESIAN_POINT('Ctrl Pts',(-12.150202515502,3.4529025039683,-17.7034206239199));
#1392=CARTESIAN_POINT('Ctrl Pts',(-12.1426331296762,3.47974943887482,-17.7209973705459));
#1393=CARTESIAN_POINT('Ctrl Pts',(-12.063137598618,3.76170247929171,-17.9055926388361));
#1394=CARTESIAN_POINT('Ctrl Pts',(-11.9738590026694,4.04033589919369,-18.0898118906632));
#1395=CARTESIAN_POINT('Ctrl Pts',(-11.8751676247311,4.31521415476559,-18.2737649011386));
#1396=CARTESIAN_POINT('Ctrl Pts',(-11.7752050282459,4.59363304725992,-18.460087363572));
#1397=CARTESIAN_POINT('Ctrl Pts',(-11.6655854224927,4.86819994781466,-18.6461366817065));
#1398=CARTESIAN_POINT('Ctrl Pts',(-11.5466402349355,5.13845599561905,-18.8320269274835));
#1399=CARTESIAN_POINT('Ctrl Pts',(-11.4224684074774,5.42058752213667,-19.0260854850325));
#1400=CARTESIAN_POINT('Ctrl Pts',(-11.28813350164,5.69802175255152,-19.2199706832945));
#1401=CARTESIAN_POINT('Ctrl Pts',(-11.1439552692369,5.97021998497252,-19.4138123021668));
#1402=CARTESIAN_POINT('Ctrl Pts',(-11.0049206803765,6.23270738478588,-19.6007385068701));
#1403=CARTESIAN_POINT('Ctrl Pts',(-10.8567319804246,6.49032615259744,-19.7876241861589));
#1404=CARTESIAN_POINT('Ctrl Pts',(-10.6996288010936,6.7425697543366,-19.9745857196454));
#1405=CARTESIAN_POINT('Ctrl Pts',(-10.5436116218761,6.9930696830243,-20.1602548525107));
#1406=CARTESIAN_POINT('Ctrl Pts',(-10.3788024671106,7.23826900969878,-20.3459987944906));
#1407=CARTESIAN_POINT('Ctrl Pts',(-10.2053950099525,7.47764099475248,-20.5319315283661));
#1408=CARTESIAN_POINT('Ctrl Pts',(-10.0347348068506,7.71322066506007,-20.7149185731363));
#1409=CARTESIAN_POINT('Ctrl Pts',(-9.85574624568672,7.94315659480317,-20.8980884752153));
#1410=CARTESIAN_POINT('Ctrl Pts',(-9.66857899106543,8.16691013051092,-21.0815498853492));
#1411=CARTESIAN_POINT('Ctrl Pts',(-9.64166408792596,8.19908619011533,-21.1079318830634));
#1412=CARTESIAN_POINT('Ctrl Pts',(-9.6145800040903,8.23113433618472,-21.1343199088222));
#1413=CARTESIAN_POINT('Ctrl Pts',(-9.58732713020069,8.26305289553109,-21.1607142857143));
#1414=CARTESIAN_POINT('Ctrl Pts',(-9.54696024279316,8.31033058435628,-21.1998095695551));
#1415=CARTESIAN_POINT('Ctrl Pts',(-9.50622304099766,8.35732397048522,-21.2389187874387));
#1416=CARTESIAN_POINT('Ctrl Pts',(-9.46511908036297,8.40402955439115,-21.2780429892951));
#1417=CARTESIAN_POINT('Ctrl Pts',(-9.44738328514791,8.42418237321357,-21.2949245457525));
#1418=CARTESIAN_POINT('Ctrl Pts',(-9.42957920597713,8.44428160782823,-21.3118088919322));
#1419=CARTESIAN_POINT('Ctrl Pts',(-9.41170712561098,8.46432697217672,-21.3286961121795));
#1420=CARTESIAN_POINT('Ctrl Pts',(-9.39450789178783,8.48361767037394,-21.3449475638128));
#1421=CARTESIAN_POINT('Ctrl Pts',(-9.37724871485941,8.50285505510214,-21.3611988008812));
#1422=CARTESIAN_POINT('Ctrl Pts',(-9.35993421381644,8.52203421586858,-21.3774458866806));
#1423=CARTESIAN_POINT('Ctrl Pts',(-9.16328784511174,8.73985812602129,-21.5619692764429));
#1424=CARTESIAN_POINT('Ctrl Pts',(-8.95934124502386,8.95036245063099,-21.7461159958945));
#1425=CARTESIAN_POINT('Ctrl Pts',(-8.74861876289093,9.15331907357679,-21.9299956798167));
#1426=CARTESIAN_POINT('Ctrl Pts',(-8.53518934976505,9.35888286765743,-22.1162374734214));
#1427=CARTESIAN_POINT('Ctrl Pts',(-8.31480845539048,9.55670420056431,-22.3022053267794));
#1428=CARTESIAN_POINT('Ctrl Pts',(-8.08797584260069,9.74651684328006,-22.4880131542689));
#1429=CARTESIAN_POINT('Ctrl Pts',(-7.85348230759818,9.94274011572384,-22.680096355019));
#1430=CARTESIAN_POINT('Ctrl Pts',(-7.61209358470852,10.1304052048319,-22.8720085381131));
#1431=CARTESIAN_POINT('Ctrl Pts',(-7.36431923944019,10.3091790743784,-23.0638755539742));
#1432=CARTESIAN_POINT('Ctrl Pts',(-7.12303858421483,10.4832676239198,-23.2507141035948));
#1433=CARTESIAN_POINT('Ctrl Pts',(-6.87570197169429,10.648925086758,-23.4375098224516));
#1434=CARTESIAN_POINT('Ctrl Pts',(-6.62274817806729,10.8058022946058,-23.6243789231344));
#1435=CARTESIAN_POINT('Ctrl Pts',(-6.35958260308461,10.9690126580993,-23.8187919565289));
#1436=CARTESIAN_POINT('Ctrl Pts',(-6.09033677136488,11.1227203192523,-24.0132844162131));
#1437=CARTESIAN_POINT('Ctrl Pts',(-5.81547744051722,11.2664783371955,-24.207987165172));
#1438=CARTESIAN_POINT('Ctrl Pts',(-5.55731271718328,11.4015046752677,-24.390863915844));
#1439=CARTESIAN_POINT('Ctrl Pts',(-5.29419505112504,11.5277531718841,-24.5739261861804));
#1440=CARTESIAN_POINT('Ctrl Pts',(-5.02649581764469,11.6448039484751,-24.7572824128234));
#1441=CARTESIAN_POINT('Ctrl Pts',(-5.00918464678848,11.6523732118087,-24.7691394171401));
#1442=CARTESIAN_POINT('Ctrl Pts',(-4.99185431317402,11.6599039947436,-24.7809976507102));
#1443=CARTESIAN_POINT('Ctrl Pts',(-4.97450491578235,11.6673961762655,-24.7928571428571));
#1444=CARTESIAN_POINT('Ctrl Pts',(-4.91517715611333,11.6930163367065,-24.8334116983846));
#1445=CARTESIAN_POINT('Ctrl Pts',(-4.85562647358166,11.7181851174442,-24.873980971167));
#1446=CARTESIAN_POINT('Ctrl Pts',(-4.7958581712755,11.7429007757752,-24.9145661337635));
#1447=CARTESIAN_POINT('Ctrl Pts',(-4.7618624888066,11.7569588239414,-24.937650615794));
#1448=CARTESIAN_POINT('Ctrl Pts',(-4.7277964010495,11.770870274327,-24.960740238551));
#1449=CARTESIAN_POINT('Ctrl Pts',(-4.69366088263323,11.7846347896792,-24.9838352178056));
#1450=CARTESIAN_POINT('Ctrl Pts',(-4.67013516131819,11.7941211009244,-24.9997519541239));
#1451=CARTESIAN_POINT('Ctrl Pts',(-4.64657797416733,11.8035369901948,-25.0156702066279));
#1452=CARTESIAN_POINT('Ctrl Pts',(-4.62299869394283,11.8128788521277,-25.0315839578244));
#1453=CARTESIAN_POINT('Ctrl Pts',(-4.34971585693499,11.9211506275016,-25.2160236452531));
#1454=CARTESIAN_POINT('Ctrl Pts',(-4.07313204346415,12.0196180186838,-25.400086039511));
#1455=CARTESIAN_POINT('Ctrl Pts',(-3.79381868797945,12.1083073841262,-25.583880613853));
#1456=CARTESIAN_POINT('Ctrl Pts',(-3.51092197745131,12.198134559411,-25.7700331177461));
#1457=CARTESIAN_POINT('Ctrl Pts',(-3.22522470816813,12.277931397066,-25.9559108858356));
#1458=CARTESIAN_POINT('Ctrl Pts',(-2.93729310150164,12.3476791804103,-26.1416276590103));
#1459=CARTESIAN_POINT('Ctrl Pts',(-2.64224873693548,12.4191499392302,-26.3319321829388));
#1460=CARTESIAN_POINT('Ctrl Pts',(-2.344857719115,12.4800693451745,-26.5220676596113));
#1461=CARTESIAN_POINT('Ctrl Pts',(-2.04570892082733,12.5303651853447,-26.7121564690613));
#1462=CARTESIAN_POINT('Ctrl Pts',(-1.7518118257118,12.5797780574907,-26.8989081766767));
#1463=CARTESIAN_POINT('Ctrl Pts',(-1.45621747197238,12.6189370556397,-27.0856148412187));
#1464=CARTESIAN_POINT('Ctrl Pts',(-1.15947416220996,12.6477225411327,-27.2723925098855));
#1465=CARTESIAN_POINT('Ctrl Pts',(-0.854777008361848,12.6772795866104,-27.4641765271586));
#1466=CARTESIAN_POINT('Ctrl Pts',(-0.548867816873716,12.6958999529659,-27.6560354059276));
#1467=CARTESIAN_POINT('Ctrl Pts',(-0.242339320282374,12.7033965363823,-27.8480947772582));
#1468=CARTESIAN_POINT('Ctrl Pts',(0.0641891763089704,12.7108931197987,-28.0401541485888));
#1469=CARTESIAN_POINT('Ctrl Pts',(0.371337678977057,12.7072660742608,-28.2324140124809));
#1470=CARTESIAN_POINT('Ctrl Pts',(0.678503944553463,12.6922677629129,-28.425));
#1471=CARTESIAN_POINT('Ctrl Pts',(0.766765651226975,12.687958121181,-28.4803380036963));
#1472=CARTESIAN_POINT('Ctrl Pts',(0.85502872736162,12.6827092122038,-28.5357029338904));
#1473=CARTESIAN_POINT('Ctrl Pts',(0.94327908560637,12.6765230024399,-28.5910977711119));
#1474=CARTESIAN_POINT('Ctrl Pts',(0.97310369075462,12.6744323450505,-28.6098187052843));
#1475=CARTESIAN_POINT('Ctrl Pts',(1.002926842129,12.6722346323649,-28.6285430552351));
#1476=CARTESIAN_POINT('Ctrl Pts',(1.03274799208566,12.6699299307107,-28.6472709360095));
#1477=CARTESIAN_POINT('Ctrl Pts',(1.05859622553222,12.6679322724557,-28.663503798757));
#1478=CARTESIAN_POINT('Ctrl Pts',(1.08443836057705,12.6658545753881,-28.6797364293894));
#1479=CARTESIAN_POINT('Ctrl Pts',(1.11026772598619,12.6636975321718,-28.6959649301254));
#1480=CARTESIAN_POINT('Ctrl Pts',(1.40376363024766,12.6391873152432,-28.880367389221));
#1481=CARTESIAN_POINT('Ctrl Pts',(1.69586088452522,12.604417432288,-29.0643941346733));
#1482=CARTESIAN_POINT('Ctrl Pts',(1.98605775630306,12.5596625341654,-29.2481545912132));
#1483=CARTESIAN_POINT('Ctrl Pts',(2.27994142984052,12.5143390481178,-29.4342496296885));
#1484=CARTESIAN_POINT('Ctrl Pts',(2.57187668752268,12.4587751568789,-29.6200715701444));
#1485=CARTESIAN_POINT('Ctrl Pts',(2.86134652327779,12.3932026336874,-29.8057340610758));
#1486=CARTESIAN_POINT('Ctrl Pts',(3.15390443662975,12.3269305797856,-29.993377208048));
#1487=CARTESIAN_POINT('Ctrl Pts',(3.44394464989722,12.2504351238031,-30.1808574853194));
#1488=CARTESIAN_POINT('Ctrl Pts',(3.73092873296587,12.1639024621379,-30.3682922175467));
#1489=CARTESIAN_POINT('Ctrl Pts',(4.01670995766369,12.077732491446,-30.5549413402231));
#1490=CARTESIAN_POINT('Ctrl Pts',(4.2994612053408,11.9816090745927,-30.7415452988483));
#1491=CARTESIAN_POINT('Ctrl Pts',(4.5786372139289,11.8756660969759,-30.9282199489984));
#1492=CARTESIAN_POINT('Ctrl Pts',(4.85957580786118,11.7690542454806,-31.1160731746434));
#1493=CARTESIAN_POINT('Ctrl Pts',(5.13689451219121,11.6524983390163,-31.3039979872568));
#1494=CARTESIAN_POINT('Ctrl Pts',(5.41001465301324,11.5260863297015,-31.4921124506704));
#1495=CARTESIAN_POINT('Ctrl Pts',(5.68313479383527,11.3996743203867,-31.680226914084));
#1496=CARTESIAN_POINT('Ctrl Pts',(5.95205700066766,11.2634060537644,-31.8685310282976));
#1497=CARTESIAN_POINT('Ctrl Pts',(6.21617017113639,11.117323218328,-32.0571428571428));
#1498=CARTESIAN_POINT('Ctrl Pts',(6.32991393022652,11.0544107523893,-32.1383709851595));
#1499=CARTESIAN_POINT('Ctrl Pts',(6.44276527918433,10.9896773837721,-32.2196561851883));
#1500=CARTESIAN_POINT('Ctrl Pts',(6.55468673295134,10.9231483040685,-32.3010078876143));
#1501=CARTESIAN_POINT('Ctrl Pts',(6.57711816927528,10.9098144635506,-32.3173124965288));
#1502=CARTESIAN_POINT('Ctrl Pts',(6.59950931036992,10.896410214747,-32.3336176473969));
#1503=CARTESIAN_POINT('Ctrl Pts',(6.62185297907709,10.882940028114,-32.3499183628029));
#1504=CARTESIAN_POINT('Ctrl Pts',(6.87452089465387,10.730615715416,-32.5342510181971));
#1505=CARTESIAN_POINT('Ctrl Pts',(7.12138320094488,10.5697072370076,-32.718208086943));
#1506=CARTESIAN_POINT('Ctrl Pts',(7.36211009179301,10.4006821908304,-32.9018988673414));
#1507=CARTESIAN_POINT('Ctrl Pts',(7.60588326988606,10.2295182110242,-33.087914169439));
#1508=CARTESIAN_POINT('Ctrl Pts',(7.84336524066672,10.0500306311133,-33.2736564010351));
#1509=CARTESIAN_POINT('Ctrl Pts',(8.07419352082731,9.8626552819142,-33.4592390625184));
#1510=CARTESIAN_POINT('Ctrl Pts',(8.30697889905996,9.67369125417699,-33.6463952030777));
#1511=CARTESIAN_POINT('Ctrl Pts',(8.53299777219689,9.47670477837206,-33.8333890561946));
#1512=CARTESIAN_POINT('Ctrl Pts',(8.7518508552901,9.27209770437231,-34.0203370337736));
#1513=CARTESIAN_POINT('Ctrl Pts',(8.97023611527064,9.06792800103637,-34.2068853889962));
#1514=CARTESIAN_POINT('Ctrl Pts',(9.18148663614618,8.85616981746138,-34.3933880645996));
#1515=CARTESIAN_POINT('Ctrl Pts',(9.38517143040361,8.63718366601621,-34.5799607275522));
#1516=CARTESIAN_POINT('Ctrl Pts',(9.58670381237132,8.42051162194154,-34.7645618084134));
#1517=CARTESIAN_POINT('Ctrl Pts',(9.78082990298214,8.19676311725883,-34.9492314052752));
#1518=CARTESIAN_POINT('Ctrl Pts',(9.96709258212878,7.96625593334841,-35.1340815568324));
#1519=CARTESIAN_POINT('Ctrl Pts',(10.1533552612754,7.73574874943799,-35.3189317083897));
#1520=CARTESIAN_POINT('Ctrl Pts',(10.3317549851949,7.49848250412383,-35.5039624146424));
#1521=CARTESIAN_POINT('Ctrl Pts',(10.5017884234995,7.25474948989675,-35.6892857142857));
#1522=CARTESIAN_POINT('Ctrl Pts',(10.5714446357046,7.15490137337525,-35.7652055993108));
#1523=CARTESIAN_POINT('Ctrl Pts',(10.6396962033458,7.05396771135623,-35.8411745881861));
#1524=CARTESIAN_POINT('Ctrl Pts',(10.7065248386942,6.95198059678767,-35.9172003836402));
#1525=CARTESIAN_POINT('Ctrl Pts',(10.7214837202427,6.92915186239329,-35.934217951976));
#1526=CARTESIAN_POINT('Ctrl Pts',(10.7363721434337,6.90626904020727,-35.9512393342356));
#1527=CARTESIAN_POINT('Ctrl Pts',(10.7511872362897,6.88333660395651,-35.9682615619476));
#1528=CARTESIAN_POINT('Ctrl Pts',(10.9114453274228,6.63527143863486,-36.1523947122743));
#1529=CARTESIAN_POINT('Ctrl Pts',(11.062708897805,6.38205179364079,-36.3361465269862));
#1530=CARTESIAN_POINT('Ctrl Pts',(11.204890464042,6.12424371143254,-36.5196258664485));
#1531=CARTESIAN_POINT('Ctrl Pts',(11.3489069917147,5.86310841950794,-36.7054731465733));
#1532=CARTESIAN_POINT('Ctrl Pts',(11.483605869405,5.59726500872147,-36.8910408730638));
#1533=CARTESIAN_POINT('Ctrl Pts',(11.6088565402677,5.32726555573784,-37.0764421756918));
#1534=CARTESIAN_POINT('Ctrl Pts',(11.7352817782438,5.05473412048273,-37.2635821218844));
#1535=CARTESIAN_POINT('Ctrl Pts',(11.8520810623682,4.77796779587248,-37.4505525082223));
#1536=CARTESIAN_POINT('Ctrl Pts',(11.9590756539861,4.49750547087105,-37.6374696771188));
#1537=CARTESIAN_POINT('Ctrl Pts',(12.0658360386795,4.21765706679375,-37.8239776917339));
#1538=CARTESIAN_POINT('Ctrl Pts',(12.1628348212458,3.93412824332014,-38.0104327216344));
#1539=CARTESIAN_POINT('Ctrl Pts',(12.2498467134188,3.64743421692246,-38.1969503468978));
#1540=CARTESIAN_POINT('Ctrl Pts',(12.337144930726,3.35979678263468,-38.3840817352086));
#1541=CARTESIAN_POINT('Ctrl Pts',(12.414390694676,3.06897270880729,-38.5712761315184));
#1542=CARTESIAN_POINT('Ctrl Pts',(12.4813046918995,2.77547065026502,-38.7586502606619));
#1543=CARTESIAN_POINT('Ctrl Pts',(12.548218689123,2.48196859172276,-38.9460243898053));
#1544=CARTESIAN_POINT('Ctrl Pts',(12.6048011773449,2.18578796479604,-39.1335782517826));
#1545=CARTESIAN_POINT('Ctrl Pts',(12.6507172021595,1.88743445803071,-39.3214285714286));
#1546=CARTESIAN_POINT('Ctrl Pts',(12.6652252863046,1.79316371489443,-39.3807836278628));
#1547=CARTESIAN_POINT('Ctrl Pts',(12.6786680239251,1.6986760503644,-39.4401682817444));
#1548=CARTESIAN_POINT('Ctrl Pts',(12.6910444273193,1.60398910532883,-39.4995862152161));
#1549=CARTESIAN_POINT('Ctrl Pts',(12.6970907155405,1.55773135643069,-39.5286138688758));
#1550=CARTESIAN_POINT('Ctrl Pts',(12.7028824991282,1.51142604746917,-39.5576494652096));
#1551=CARTESIAN_POINT('Ctrl Pts',(12.7084196173827,1.46507524344234,-39.5866934335402));
#1552=CARTESIAN_POINT('Ctrl Pts',(12.7123094576784,1.43251368037735,-39.6070968985137));
#1553=CARTESIAN_POINT('Ctrl Pts',(12.7160738816678,1.39992699035298,-39.6275061671415));
#1554=CARTESIAN_POINT('Ctrl Pts',(12.7197105723191,1.36733699844597,-39.6479081821533));
#1555=CARTESIAN_POINT('Ctrl Pts',(12.7525517981833,1.07303226160069,-39.8321490888792));
#1556=CARTESIAN_POINT('Ctrl Pts',(12.7750232735423,0.778116385305302,-40.0160137979052));
#1557=CARTESIAN_POINT('Ctrl Pts',(12.7872930735642,0.483137075569517,-40.1996114377983));
#1558=CARTESIAN_POINT('Ctrl Pts',(12.7939896341858,0.322144490013487,-40.2998145970465));
#1559=CARTESIAN_POINT('Ctrl Pts',(12.7976465358645,0.161132669103202,-40.3999382040686));
#1560=CARTESIAN_POINT('Ctrl Pts',(12.7982848725047,0.000188765363045476,
-40.5000000000001));
#1561=CARTESIAN_POINT('Origin',(0.,0.,-203.4));
#1562=CARTESIAN_POINT('',(13.513602586903,-2.5018569830729E-6,-137.5));
#1563=CARTESIAN_POINT('',(13.1677852610576,0.000228395463077861,-90.4999999944261));
#1564=CARTESIAN_POINT('',(14.,-1.7145055188063E-15,-203.4));
#1565=CARTESIAN_POINT('Ctrl Pts',(13.513602586903,-2.50185698322077E-6,
-137.5));
#1566=CARTESIAN_POINT('Ctrl Pts',(13.5121658398027,0.312871699238322,-137.315779656339));
#1567=CARTESIAN_POINT('Ctrl Pts',(13.4999392570248,0.625294052053158,-137.131771623813));
#1568=CARTESIAN_POINT('Ctrl Pts',(13.4770079031504,0.936698222304921,-136.947865224652));
#1569=CARTESIAN_POINT('Ctrl Pts',(13.4540343504339,1.24867544618,-136.763620396406));
#1570=CARTESIAN_POINT('Ctrl Pts',(13.4203165682808,1.55963134634198,-136.579477575926));
#1571=CARTESIAN_POINT('Ctrl Pts',(13.3758878061909,1.86899830472553,-136.395325473303));
#1572=CARTESIAN_POINT('Ctrl Pts',(13.3317212527508,2.17653944828493,-136.212260195337));
#1573=CARTESIAN_POINT('Ctrl Pts',(13.2769696950426,2.48251094011708,-136.029185744467));
#1574=CARTESIAN_POINT('Ctrl Pts',(13.2116150428532,2.78634801580537,-135.8459927896));
#1575=CARTESIAN_POINT('Ctrl Pts',(13.1823717763819,2.92230143718441,-135.764022184366));
#1576=CARTESIAN_POINT('Ctrl Pts',(13.1510049282148,3.0578273652737,-135.682027852738));
#1577=CARTESIAN_POINT('Ctrl Pts',(13.1175096166505,3.19287426088658,-135.6));
#1578=CARTESIAN_POINT('Ctrl Pts',(13.0423431124536,3.49593169106911,-135.415922090313));
#1579=CARTESIAN_POINT('Ctrl Pts',(12.9564608279714,3.79657834528026,-135.231675370286));
#1580=CARTESIAN_POINT('Ctrl Pts',(12.8600686383784,4.09428954901274,-135.047149148793));
#1581=CARTESIAN_POINT('Ctrl Pts',(12.8018041369322,4.27424183491549,-134.93561181009));
#1582=CARTESIAN_POINT('Ctrl Pts',(12.7396987949395,4.45312120037181,-134.823972351937));
#1583=CARTESIAN_POINT('Ctrl Pts',(12.6737901448852,4.63080699283162,-134.712206328808));
#1584=CARTESIAN_POINT('Ctrl Pts',(12.6561249971118,4.67843117840417,-134.68225027125));
#1585=CARTESIAN_POINT('Ctrl Pts',(12.6381865981678,4.7259695980976,-134.652285121612));
#1586=CARTESIAN_POINT('Ctrl Pts',(12.6199756012652,4.77341987675506,-134.622310409216));
#1587=CARTESIAN_POINT('Ctrl Pts',(12.6039738734036,4.81511371977163,-134.595972082267));
#1588=CARTESIAN_POINT('Ctrl Pts',(12.5877616757265,4.85673950992074,-134.569626372035));
#1589=CARTESIAN_POINT('Ctrl Pts',(12.5713394331394,4.89829562072968,-134.543272959203));
#1590=CARTESIAN_POINT('Ctrl Pts',(12.5614227748555,4.92338949864049,-134.527359311094));
#1591=CARTESIAN_POINT('Ctrl Pts',(12.551432467381,4.94845051498595,-134.511447580132));
#1592=CARTESIAN_POINT('Ctrl Pts',(12.541369311941,4.97347695079048,-134.495538595905));
#1593=CARTESIAN_POINT('Ctrl Pts',(12.4251458791607,5.26251733149515,-134.311799333412));
#1594=CARTESIAN_POINT('Ctrl Pts',(12.2991851792549,5.54700784933816,-134.128387015767));
#1595=CARTESIAN_POINT('Ctrl Pts',(12.1638283374286,5.82648386380229,-133.945192861536));
#1596=CARTESIAN_POINT('Ctrl Pts',(12.0276206556794,6.1077166372699,-133.760847166697));
#1597=CARTESIAN_POINT('Ctrl Pts',(11.8818981023284,6.38387221827277,-133.576722386598));
#1598=CARTESIAN_POINT('Ctrl Pts',(11.7269565030626,6.6544649172054,-133.392707675517));
#1599=CARTESIAN_POINT('Ctrl Pts',(11.5719600763602,6.92515336772516,-133.208627849225));
#1600=CARTESIAN_POINT('Ctrl Pts',(11.4077378046944,7.19027554083807,-133.024658169862));
#1601=CARTESIAN_POINT('Ctrl Pts',(11.2345380572426,7.44932483071194,-132.840687673989));
#1602=CARTESIAN_POINT('Ctrl Pts',(11.0872980638099,7.66954695170766,-132.684291287721));
#1603=CARTESIAN_POINT('Ctrl Pts',(10.9335691779166,7.88538005038941,-132.527894311363));
#1604=CARTESIAN_POINT('Ctrl Pts',(10.7734790463685,8.09649686956713,-132.371428571429));
#1605=CARTESIAN_POINT('Ctrl Pts',(10.5849804772775,8.34507695343133,-132.187197552288));
#1606=CARTESIAN_POINT('Ctrl Pts',(10.3876632404938,8.5871195365059,-132.002871199667));
#1607=CARTESIAN_POINT('Ctrl Pts',(10.1819435738579,8.82223766270419,-131.818338226165));
#1608=CARTESIAN_POINT('Ctrl Pts',(9.97705091493817,9.05641059728437,-131.634547088364));
#1609=CARTESIAN_POINT('Ctrl Pts',(9.7638227798027,9.28371502044052,-131.450550987604));
#1610=CARTESIAN_POINT('Ctrl Pts',(9.54263836041784,9.50372828763027,-131.266239973247));
#1611=CARTESIAN_POINT('Ctrl Pts',(9.43632804822381,9.60947569600025,-131.177652533266));
#1612=CARTESIAN_POINT('Ctrl Pts',(9.32817927665323,9.71353809774495,-131.088992343261));
#1613=CARTESIAN_POINT('Ctrl Pts',(9.21823198176771,9.81586482458973,-131.000247194788));
#1614=CARTESIAN_POINT('Ctrl Pts',(9.19530492065796,9.83720278585539,-130.98174136939));
#1615=CARTESIAN_POINT('Ctrl Pts',(9.1722996485396,9.85846526442609,-130.963231849672));
#1616=CARTESIAN_POINT('Ctrl Pts',(9.14921652083798,9.8796517865937,-130.944718524935));
#1617=CARTESIAN_POINT('Ctrl Pts',(9.12982117421298,9.89745353107698,-130.929162905475));
#1618=CARTESIAN_POINT('Ctrl Pts',(9.11037685539564,9.91519614667764,-130.913609407717));
#1619=CARTESIAN_POINT('Ctrl Pts',(9.090884410465,9.93287896997294,-130.898058395606));
#1620=CARTESIAN_POINT('Ctrl Pts',(8.86029756629714,10.142058805245,-130.71409692648));
#1621=CARTESIAN_POINT('Ctrl Pts',(8.62295488590047,10.3428966135011,-130.530463386597));
#1622=CARTESIAN_POINT('Ctrl Pts',(8.37934514773275,10.5350931456785,-130.347048601257));
#1623=CARTESIAN_POINT('Ctrl Pts',(8.13433075163284,10.7283978863598,-130.162576243115));
#1624=CARTESIAN_POINT('Ctrl Pts',(7.88297638127932,10.9129618279493,-129.978325169475));
#1625=CARTESIAN_POINT('Ctrl Pts',(7.62573837437195,11.0884472302718,-129.794184306215));
#1626=CARTESIAN_POINT('Ctrl Pts',(7.368440974549,11.2639731498949,-129.610000927222));
#1627=CARTESIAN_POINT('Ctrl Pts',(7.10525675465323,11.4304167298237,-129.425927809508));
#1628=CARTESIAN_POINT('Ctrl Pts',(6.8366083632304,11.5874007634186,-129.241853802));
#1629=CARTESIAN_POINT('Ctrl Pts',(6.78844820830732,11.6155430327184,-129.208855157668));
#1630=CARTESIAN_POINT('Ctrl Pts',(6.74011237295102,11.643381188619,-129.17585648474));
#1631=CARTESIAN_POINT('Ctrl Pts',(6.69160319443132,11.670912909597,-129.142857142857));
#1632=CARTESIAN_POINT('Ctrl Pts',(6.42082877290458,11.824592812019,-128.958657410314));
#1633=CARTESIAN_POINT('Ctrl Pts',(6.14465514648064,11.968728689418,-128.774436834543));
#1634=CARTESIAN_POINT('Ctrl Pts',(5.86362604505816,12.1031592394596,-128.590084043626));
#1635=CARTESIAN_POINT('Ctrl Pts',(5.58277253288245,12.2375057962105,-128.405846437818));
#1636=CARTESIAN_POINT('Ctrl Pts',(5.29706903236071,12.3621593366011,-128.221476782029));
#1637=CARTESIAN_POINT('Ctrl Pts',(5.00704111566455,12.4769098575681,-128.036863912969));
#1638=CARTESIAN_POINT('Ctrl Pts',(4.72948258320911,12.5867268247101,-127.860188241218));
#1639=CARTESIAN_POINT('Ctrl Pts',(4.44796293552474,12.6874738435398,-127.683289819921));
#1640=CARTESIAN_POINT('Ctrl Pts',(4.16293546278121,12.7789223303955,-127.506071216152));
#1641=CARTESIAN_POINT('Ctrl Pts',(4.10670077605934,12.7969647210466,-127.471106752663));
#1642=CARTESIAN_POINT('Ctrl Pts',(4.05032953565772,12.814645020606,-127.436129825885));
#1643=CARTESIAN_POINT('Ctrl Pts',(3.99382521445037,12.8319612645531,-127.401139687547));
#1644=CARTESIAN_POINT('Ctrl Pts',(3.96607169358741,12.8404665740124,-127.383953399603));
#1645=CARTESIAN_POINT('Ctrl Pts',(3.9382860665818,12.8488840528677,-127.36676392433));
#1646=CARTESIAN_POINT('Ctrl Pts',(3.91046874510172,12.8572134621007,-127.349571173059));
#1647=CARTESIAN_POINT('Ctrl Pts',(3.88268757911491,12.8655320452052,-127.332400768023));
#1648=CARTESIAN_POINT('Ctrl Pts',(3.85488122559757,12.8737608513783,-127.315231068228));
#1649=CARTESIAN_POINT('Ctrl Pts',(3.82705544190727,12.8818982465644,-127.298065255909));
#1650=CARTESIAN_POINT('Ctrl Pts',(3.52861540711392,12.9691742970612,-127.113956672198));
#1651=CARTESIAN_POINT('Ctrl Pts',(3.22775051779251,13.0459964425586,-126.930176604564));
#1652=CARTESIAN_POINT('Ctrl Pts',(2.92501990787931,13.11228145551,-126.746615616625));
#1653=CARTESIAN_POINT('Ctrl Pts',(2.62033108115346,13.1789952339134,-126.561867262093));
#1654=CARTESIAN_POINT('Ctrl Pts',(2.31375175411142,13.2350353317483,-126.377340830662));
#1655=CARTESIAN_POINT('Ctrl Pts',(2.00582977306581,13.2802691811353,-126.192924748511));
#1656=CARTESIAN_POINT('Ctrl Pts',(1.85070852069288,13.3030565487104,-126.100021820556));
#1657=CARTESIAN_POINT('Ctrl Pts',(1.69524623040157,13.3231007119173,-126.007146897288));
#1658=CARTESIAN_POINT('Ctrl Pts',(1.53951152379121,13.3403799182391,-125.914285714286));
#1659=CARTESIAN_POINT('Ctrl Pts',(1.23087798450181,13.3746236826463,-125.730254317584));
#1660=CARTESIAN_POINT('Ctrl Pts',(0.921174764970149,13.3980113826071,-125.546276885682));
#1661=CARTESIAN_POINT('Ctrl Pts',(0.610966479179591,13.4106294259878,-125.362242391922));
#1662=CARTESIAN_POINT('Ctrl Pts',(0.300071122996423,13.4232754166685,-125.177800286058));
#1663=CARTESIAN_POINT('Ctrl Pts',(-0.0113321480422152,13.4251039568351,
-124.993300865288));
#1664=CARTESIAN_POINT('Ctrl Pts',(-0.322675045605062,13.4161497809727,-124.80863236359));
#1665=CARTESIAN_POINT('Ctrl Pts',(-0.63116128839001,13.4072777620809,-124.625658245035));
#1666=CARTESIAN_POINT('Ctrl Pts',(-0.939588841311481,13.3878198687749,-124.442518134045));
#1667=CARTESIAN_POINT('Ctrl Pts',(-1.24739614006895,13.3577599458602,-124.259103312905));
#1668=CARTESIAN_POINT('Ctrl Pts',(-1.46724434313797,13.3362899545252,-124.128101159913));
#1669=CARTESIAN_POINT('Ctrl Pts',(-1.68677597051416,13.3094104256368,-123.996958866726));
#1670=CARTESIAN_POINT('Ctrl Pts',(-1.90578115103571,13.2771001088908,-123.865636820838));
#1671=CARTESIAN_POINT('Ctrl Pts',(-1.9670943135469,13.268054442954,-123.828871617742));
#1672=CARTESIAN_POINT('Ctrl Pts',(-2.02836618065145,13.2585830416266,-123.792092325844));
#1673=CARTESIAN_POINT('Ctrl Pts',(-2.0895920644938,13.2486852599054,-123.755298075922));
#1674=CARTESIAN_POINT('Ctrl Pts',(-2.11583959652828,13.2444420815879,-123.739524383606));
#1675=CARTESIAN_POINT('Ctrl Pts',(-2.14207714408652,13.2401207682291,-123.723748861459));
#1676=CARTESIAN_POINT('Ctrl Pts',(-2.16829441295298,13.2357230175099,-123.707977419085));
#1677=CARTESIAN_POINT('Ctrl Pts',(-2.47579798157572,13.1841415943288,-123.522993436316));
#1678=CARTESIAN_POINT('Ctrl Pts',(-2.7808896269362,13.1219883395321,-123.338343463517));
#1679=CARTESIAN_POINT('Ctrl Pts',(-3.08301674185713,13.0493951484273,-123.153916521658));
#1680=CARTESIAN_POINT('Ctrl Pts',(-3.33891072574701,12.9879105614516,-122.997711591488));
#1681=CARTESIAN_POINT('Ctrl Pts',(-3.59267839329607,12.9189357945757,-122.841666656115));
#1682=CARTESIAN_POINT('Ctrl Pts',(-3.84398381809183,12.842521760131,-122.685714285714));
#1683=CARTESIAN_POINT('Ctrl Pts',(-4.13978289397649,12.752578613095,-122.502150532229));
#1684=CARTESIAN_POINT('Ctrl Pts',(-4.43217136663228,12.6523299870007,-122.318715022601));
#1685=CARTESIAN_POINT('Ctrl Pts',(-4.72068212009442,12.5421043447371,-122.135297796284));
#1686=CARTESIAN_POINT('Ctrl Pts',(-5.01080656039982,12.4312621928059,-121.95085468805));
#1687=CARTESIAN_POINT('Ctrl Pts',(-5.29701032805812,12.3103308545159,-121.766430068222));
#1688=CARTESIAN_POINT('Ctrl Pts',(-5.57880117913086,12.1795945809239,-121.581912120836));
#1689=CARTESIAN_POINT('Ctrl Pts',(-5.85948400380117,12.0493723738544,-121.398119714241));
#1690=CARTESIAN_POINT('Ctrl Pts',(-6.13578906166023,11.9094218711702,-121.21423471259));
#1691=CARTESIAN_POINT('Ctrl Pts',(-6.40720493547383,11.7599791350974,-121.030146613746));
#1692=CARTESIAN_POINT('Ctrl Pts',(-6.67635964714849,11.6117814045284,-120.847592150475));
#1693=CARTESIAN_POINT('Ctrl Pts',(-6.94070677452395,11.4542486157572,-120.664837959917));
#1694=CARTESIAN_POINT('Ctrl Pts',(-7.19971565766275,11.2875716074738,-120.481776278768));
#1695=CARTESIAN_POINT('Ctrl Pts',(-7.32045355853161,11.2098745344647,-120.396441432937));
#1696=CARTESIAN_POINT('Ctrl Pts',(-7.44003096526318,11.1301899000292,-120.311039769677));
#1697=CARTESIAN_POINT('Ctrl Pts',(-7.55839127838701,11.0485343722759,-120.225560373135));
#1698=CARTESIAN_POINT('Ctrl Pts',(-7.5961996067534,11.0224508065541,-120.19825533306));
#1699=CARTESIAN_POINT('Ctrl Pts',(-7.63388373010187,10.9961661221035,-120.170942361222));
#1700=CARTESIAN_POINT('Ctrl Pts',(-7.67144176042089,10.969680827924,-120.143621101824));
#1701=CARTESIAN_POINT('Ctrl Pts',(-7.69445276683487,10.9534538514542,-120.126881947244));
#1702=CARTESIAN_POINT('Ctrl Pts',(-7.71741049865973,10.93715575076,-120.110144000527));
#1703=CARTESIAN_POINT('Ctrl Pts',(-7.74031140897832,10.9207890612812,-120.093409521042));
#1704=CARTESIAN_POINT('Ctrl Pts',(-7.99329319583853,10.7399895082621,-119.908547065215));
#1705=CARTESIAN_POINT('Ctrl Pts',(-8.23946845269092,10.5507352156806,-119.724016118929));
#1706=CARTESIAN_POINT('Ctrl Pts',(-8.47838602539275,10.3533581745646,-119.539705898761));
#1707=CARTESIAN_POINT('Ctrl Pts',(-8.51406717559885,10.3238808959716,-119.512180084833));
#1708=CARTESIAN_POINT('Ctrl Pts',(-8.5495864141074,10.2942223608663,-119.484659193966));
#1709=CARTESIAN_POINT('Ctrl Pts',(-8.58494219708252,10.2643835846069,-119.457142857143));
#1710=CARTESIAN_POINT('Ctrl Pts',(-8.82017567367787,10.0658565407632,-119.274067755152));
#1711=CARTESIAN_POINT('Ctrl Pts',(-9.04817586398752,9.8593544462136,-119.091194245729));
#1712=CARTESIAN_POINT('Ctrl Pts',(-9.26865992581446,9.64537567909989,-118.908413645516));
#1713=CARTESIAN_POINT('Ctrl Pts',(-9.49098213927813,9.42961299428378,-118.724109223324));
#1714=CARTESIAN_POINT('Ctrl Pts',(-9.70566278848698,9.20624802812473,-118.539899265948));
#1715=CARTESIAN_POINT('Ctrl Pts',(-9.91237899267973,8.97575018040454,-118.355672349062));
#1716=CARTESIAN_POINT('Ctrl Pts',(-10.1192286691857,8.74510350506312,-118.171326480724));
#1717=CARTESIAN_POINT('Ctrl Pts',(-10.3181039912226,8.50731425829721,-117.986963630968));
#1718=CARTESIAN_POINT('Ctrl Pts',(-10.5086427741771,8.26281817945052,-117.802472159497));
#1719=CARTESIAN_POINT('Ctrl Pts',(-10.6980194203385,8.01981333448584,-117.619105940972));
#1720=CARTESIAN_POINT('Ctrl Pts',(-10.8791612413069,7.77018272890687,-117.435612664929));
#1721=CARTESIAN_POINT('Ctrl Pts',(-11.051669211263,7.51432731690384,-117.251882721391));
#1722=CARTESIAN_POINT('Ctrl Pts',(-11.2114174774971,7.27739647547931,-117.081742524721));
#1723=CARTESIAN_POINT('Ctrl Pts',(-11.3637616746344,7.03512706339164,-116.911399376398));
#1724=CARTESIAN_POINT('Ctrl Pts',(-11.508347577542,6.78782216372092,-116.740766233982));
#1725=CARTESIAN_POINT('Ctrl Pts',(-11.5444940532689,6.72599593880324,-116.698107948378));
#1726=CARTESIAN_POINT('Ctrl Pts',(-11.5801554488437,6.66385493749975,-116.655431538143));
#1727=CARTESIAN_POINT('Ctrl Pts',(-11.6153258477911,6.60140378821647,-116.61273564324));
#1728=CARTESIAN_POINT('Ctrl Pts',(-11.6340508863197,6.56815423144476,-116.590003962593));
#1729=CARTESIAN_POINT('Ctrl Pts',(-11.652636744575,6.53481675968689,-116.567266758834));
#1730=CARTESIAN_POINT('Ctrl Pts',(-11.6710825112043,6.50139206741804,-116.544523826711));
#1731=CARTESIAN_POINT('Ctrl Pts',(-11.6828057907298,6.48014887279265,-116.530069466755));
#1732=CARTESIAN_POINT('Ctrl Pts',(-11.6944715174684,6.45887216791217,-116.515613968207));
#1733=CARTESIAN_POINT('Ctrl Pts',(-11.7060758811943,6.43756884612774,-116.501161810374));
#1734=CARTESIAN_POINT('Ctrl Pts',(-11.7790961248171,6.30351808872114,-116.410221875126));
#1735=CARTESIAN_POINT('Ctrl Pts',(-11.8497286171453,6.16833808838188,-116.319362809504));
#1736=CARTESIAN_POINT('Ctrl Pts',(-11.9179399369475,6.03208618209157,-116.228571428571));
#1737=CARTESIAN_POINT('Ctrl Pts',(-12.0549073835574,5.75849411915475,-116.046263511695));
#1738=CARTESIAN_POINT('Ctrl Pts',(-12.1821154246397,5.48058210410684,-115.864228500297));
#1739=CARTESIAN_POINT('Ctrl Pts',(-12.2995288264465,5.19892195024599,-115.682359646114));
#1740=CARTESIAN_POINT('Ctrl Pts',(-12.418253537014,4.91411612969281,-115.498459624978));
#1741=CARTESIAN_POINT('Ctrl Pts',(-12.5269638226615,4.62547745508286,-115.314729493171));
#1742=CARTESIAN_POINT('Ctrl Pts',(-12.6255781033704,4.33356866848753,-115.131058885749));
#1743=CARTESIAN_POINT('Ctrl Pts',(-12.7247744264129,4.03993697451905,-114.946304215571));
#1744=CARTESIAN_POINT('Ctrl Pts',(-12.8137554079609,3.74299588082347,-114.761609774502));
#1745=CARTESIAN_POINT('Ctrl Pts',(-12.892389554066,3.44329788506832,-114.576863231847));
#1746=CARTESIAN_POINT('Ctrl Pts',(-12.9707654499795,3.14458415720016,-114.392723433621));
#1747=CARTESIAN_POINT('Ctrl Pts',(-13.0388624878124,2.84313101402846,-114.208531875471));
#1748=CARTESIAN_POINT('Ctrl Pts',(-13.0965001802415,2.53947422393373,-114.024177329821));
#1749=CARTESIAN_POINT('Ctrl Pts',(-13.1533110639978,2.24017336928677,-113.842467337254));
#1750=CARTESIAN_POINT('Ctrl Pts',(-13.1999605622841,1.93873107611124,-113.660598999736));
#1751=CARTESIAN_POINT('Ctrl Pts',(-13.2362258572106,1.63565793911873,-113.478465808012));
#1752=CARTESIAN_POINT('Ctrl Pts',(-13.2679372442292,1.37064232125095,-113.319203456956));
#1753=CARTESIAN_POINT('Ctrl Pts',(-13.2917079421665,1.10437945829759,-113.15973859196));
#1754=CARTESIAN_POINT('Ctrl Pts',(-13.3073564394652,0.8372141649749,-113.));
#1755=CARTESIAN_POINT('Ctrl Pts',(-13.3092112397784,0.805547337146911,-112.981066348753));
#1756=CARTESIAN_POINT('Ctrl Pts',(-13.3109518943048,0.773867837747132,-112.962128851884));
#1757=CARTESIAN_POINT('Ctrl Pts',(-13.3125783925592,0.742176269375427,-112.943187390806));
#1758=CARTESIAN_POINT('Ctrl Pts',(-13.3139597251324,0.715261641235924,-112.927101018073));
#1759=CARTESIAN_POINT('Ctrl Pts',(-13.3152586778917,0.688338692071837,-112.911012016097));
#1760=CARTESIAN_POINT('Ctrl Pts',(-13.3164747877705,0.661419591719529,-112.894927360857));
#1761=CARTESIAN_POINT('Ctrl Pts',(-13.3302343395876,0.356846162449499,-112.712939161365));
#1762=CARTESIAN_POINT('Ctrl Pts',(-13.3334135916575,0.0523780387819815,
-112.531275115883));
#1763=CARTESIAN_POINT('Ctrl Pts',(-13.3262144483487,-0.251447649476441,
-112.349829559266));
#1764=CARTESIAN_POINT('Ctrl Pts',(-13.318925325114,-0.559070763586707,-112.166116169237));
#1765=CARTESIAN_POINT('Ctrl Pts',(-13.3009967534749,-0.866035842765472,
-111.982626763857));
#1766=CARTESIAN_POINT('Ctrl Pts',(-13.2725858301369,-1.17179560274952,-111.799251666226));
#1767=CARTESIAN_POINT('Ctrl Pts',(-13.2439351712734,-1.4801354082973,-111.614329222708));
#1768=CARTESIAN_POINT('Ctrl Pts',(-13.2046244842019,-1.78725006758082,-111.429523024168));
#1769=CARTESIAN_POINT('Ctrl Pts',(-13.1547620921794,-2.09257986116321,-111.244720593802));
#1770=CARTESIAN_POINT('Ctrl Pts',(-13.1049852459565,-2.39738581944085,-111.060235217452));
#1771=CARTESIAN_POINT('Ctrl Pts',(-13.0446927646006,-2.70041363271213,-110.875753596357));
#1772=CARTESIAN_POINT('Ctrl Pts',(-12.9739411573003,-3.0010989489187,-110.69116383163));
#1773=CARTESIAN_POINT('Ctrl Pts',(-12.9040067750629,-3.29831116273481,-110.508706193476));
#1774=CARTESIAN_POINT('Ctrl Pts',(-12.8238533201756,-3.5932352314063,-110.326142895513));
#1775=CARTESIAN_POINT('Ctrl Pts',(-12.7334874118638,-3.88531026885906,-110.143365871742));
#1776=CARTESIAN_POINT('Ctrl Pts',(-12.6722455772496,-4.08325229669672,-110.019496146198));
#1777=CARTESIAN_POINT('Ctrl Pts',(-12.6063122783756,-4.27988546106277,-109.895528258493));
#1778=CARTESIAN_POINT('Ctrl Pts',(-12.5356773811702,-4.47502902264568,-109.771428571429));
#1779=CARTESIAN_POINT('Ctrl Pts',(-12.4590407416616,-4.68675364281409,-109.636784318277));
#1780=CARTESIAN_POINT('Ctrl Pts',(-12.3768695939467,-4.89672493794815,-109.50198491663));
#1781=CARTESIAN_POINT('Ctrl Pts',(-12.2892527358894,-5.1047444407176,-109.366987405802));
#1782=CARTESIAN_POINT('Ctrl Pts',(-12.2787547804111,-5.12966863369951,-109.350812460823));
#1783=CARTESIAN_POINT('Ctrl Pts',(-12.2681785120088,-5.15456507749666,-109.334634488446));
#1784=CARTESIAN_POINT('Ctrl Pts',(-12.2575244379225,-5.17943256887814,-109.318453969589));
#1785=CARTESIAN_POINT('Ctrl Pts',(-12.137500280448,-5.45957889387819,-109.136171292789));
#1786=CARTESIAN_POINT('Ctrl Pts',(-12.0080372088569,-5.73504537775039,-108.954220117467));
#1787=CARTESIAN_POINT('Ctrl Pts',(-11.869532926972,-6.00542260249001,-108.772494334106));
#1788=CARTESIAN_POINT('Ctrl Pts',(-11.7276636678128,-6.2823686726429,-108.586353502179));
#1789=CARTESIAN_POINT('Ctrl Pts',(-11.5763084111736,-6.55397575587865,-108.400449147098));
#1790=CARTESIAN_POINT('Ctrl Pts',(-11.4158408425559,-6.81979020304978,-108.214667236102));
#1791=CARTESIAN_POINT('Ctrl Pts',(-11.2560338973184,-7.08451032792196,-108.029650164226));
#1792=CARTESIAN_POINT('Ctrl Pts',(-11.0871891385055,-7.34348591816466,-107.844754530339));
#1793=CARTESIAN_POINT('Ctrl Pts',(-10.9096272641005,-7.59624754267245,-107.65986770426));
#1794=CARTESIAN_POINT('Ctrl Pts',(-10.7309643593976,-7.85057649804798,-107.473834427132));
#1795=CARTESIAN_POINT('Ctrl Pts',(-10.5434756065301,-8.09861474566848,-107.287810067384));
#1796=CARTESIAN_POINT('Ctrl Pts',(-10.3474434987457,-8.33985433426414,-107.101679886616));
#1797=CARTESIAN_POINT('Ctrl Pts',(-10.1514113909614,-8.5810939228598,-106.915549705849));
#1798=CARTESIAN_POINT('Ctrl Pts',(-9.94683559746623,-8.81553539419427,-106.729313704062));
#1799=CARTESIAN_POINT('Ctrl Pts',(-9.73395928082791,-9.04263291732455,-106.542857142857));
#1800=CARTESIAN_POINT('Ctrl Pts',(-9.52313812721031,-9.26753798222836,-106.358200681521));
#1801=CARTESIAN_POINT('Ctrl Pts',(-9.30417526048905,-9.48524037721107,-106.173327898885));
#1802=CARTESIAN_POINT('Ctrl Pts',(-9.07749150653027,-9.69537090987735,-105.988127347715));
#1803=CARTESIAN_POINT('Ctrl Pts',(-9.0091731907049,-9.75870038913884,-105.932311306534));
#1804=CARTESIAN_POINT('Ctrl Pts',(-8.94015339859157,-9.82134180180386,-105.87646549385));
#1805=CARTESIAN_POINT('Ctrl Pts',(-8.87044321222764,-9.88328422080391,-105.820586858822));
#1806=CARTESIAN_POINT('Ctrl Pts',(-8.82690268367954,-9.92197305242931,-105.785685427186));
#1807=CARTESIAN_POINT('Ctrl Pts',(-8.78309281687183,-9.96038918694754,-105.750771190995));
#1808=CARTESIAN_POINT('Ctrl Pts',(-8.73901627761615,-9.99852988222096,-105.715843406866));
#1809=CARTESIAN_POINT('Ctrl Pts',(-8.7192560963578,-10.015628934566,-105.700184751332));
#1810=CARTESIAN_POINT('Ctrl Pts',(-8.69944527158443,-10.0326700524081,-105.684525720788));
#1811=CARTESIAN_POINT('Ctrl Pts',(-8.67958926847748,-10.0496486589544,-105.66887031344));
#1812=CARTESIAN_POINT('Ctrl Pts',(-8.44734763175908,-10.2482354214702,-105.485760076884));
#1813=CARTESIAN_POINT('Ctrl Pts',(-8.20871656186826,-10.4384569952191,-105.302977076266));
#1814=CARTESIAN_POINT('Ctrl Pts',(-7.96421180792044,-10.620081900808,-105.120413669312));
#1815=CARTESIAN_POINT('Ctrl Pts',(-7.71636358732631,-10.8041904260573,-104.935353809214));
#1816=CARTESIAN_POINT('Ctrl Pts',(-7.46247952863818,-10.9794659736183,-104.750519589486));
#1817=CARTESIAN_POINT('Ctrl Pts',(-7.20305644766139,-11.1456326253561,-104.565798891351));
#1818=CARTESIAN_POINT('Ctrl Pts',(-6.94310727941305,-11.3121362485002,-104.380703595831));
#1819=CARTESIAN_POINT('Ctrl Pts',(-6.67759610279147,-11.4694943499972,-104.195722282795));
#1820=CARTESIAN_POINT('Ctrl Pts',(-6.40698951933258,-11.6173889500878,-104.010742149983));
#1821=CARTESIAN_POINT('Ctrl Pts',(-6.1378035172305,-11.7645071599334,-103.82673309232));
#1822=CARTESIAN_POINT('Ctrl Pts',(-5.86357495041879,-11.9022612714537,-103.642725202521));
#1823=CARTESIAN_POINT('Ctrl Pts',(-5.58473788030552,-12.0302935131702,-103.458607445523));
#1824=CARTESIAN_POINT('Ctrl Pts',(-5.51189423733453,-12.0637407693065,-103.410508359738));
#1825=CARTESIAN_POINT('Ctrl Pts',(-5.43873596732518,-12.0965242869308,-103.362401775868));
#1826=CARTESIAN_POINT('Ctrl Pts',(-5.36527059029761,-12.1286371400597,-103.314285714286));
#1827=CARTESIAN_POINT('Ctrl Pts',(-5.08288283552963,-12.2520731974403,-103.129336189104));
#1828=CARTESIAN_POINT('Ctrl Pts',(-4.79595846117078,-12.3656041488139,-102.944246631101));
#1829=CARTESIAN_POINT('Ctrl Pts',(-4.50504221226519,-12.4690840727701,-102.758904612652));
#1830=CARTESIAN_POINT('Ctrl Pts',(-4.33029673361002,-12.5312416487424,-102.647574702925));
#1831=CARTESIAN_POINT('Ctrl Pts',(-4.15411070376289,-12.5897717679867,-102.536153703496));
#1832=CARTESIAN_POINT('Ctrl Pts',(-3.97660091258428,-12.6446338334415,-102.424617248214));
#1833=CARTESIAN_POINT('Ctrl Pts',(-3.82127984530298,-12.6926381407145,-102.327022849842));
#1834=CARTESIAN_POINT('Ctrl Pts',(-3.6649452414743,-12.7378339981141,-102.229340055582));
#1835=CARTESIAN_POINT('Ctrl Pts',(-3.50767525612867,-12.7801898532388,-102.131552542016));
#1836=CARTESIAN_POINT('Ctrl Pts',(-3.47053993537124,-12.7901911148436,-102.108462499283));
#1837=CARTESIAN_POINT('Ctrl Pts',(-3.43334767048735,-12.8000352210894,-102.085363650588));
#1838=CARTESIAN_POINT('Ctrl Pts',(-3.39612677038496,-12.8097147482475,-102.062272686023));
#1839=CARTESIAN_POINT('Ctrl Pts',(-3.09861398176212,-12.8870848040342,-101.877702800798));
#1840=CARTESIAN_POINT('Ctrl Pts',(-2.79900123724656,-12.954019869601,-101.693466728479));
#1841=CARTESIAN_POINT('Ctrl Pts',(-2.49786178544072,-13.01050570809,-101.509454246627));
#1842=CARTESIAN_POINT('Ctrl Pts',(-2.19482534719504,-13.0673473713273,-101.324282603527));
#1843=CARTESIAN_POINT('Ctrl Pts',(-1.8902423241595,-13.1136078976765,-101.139337376722));
#1844=CARTESIAN_POINT('Ctrl Pts',(-1.58467579053585,-13.1492241059299,-100.95450624763));
#1845=CARTESIAN_POINT('Ctrl Pts',(-1.27893098509743,-13.1848610931803,-100.769567285457));
#1846=CARTESIAN_POINT('Ctrl Pts',(-0.97220092064416,-13.2098414544096,-100.584742554169));
#1847=CARTESIAN_POINT('Ctrl Pts',(-0.665037548871776,-13.2240513775633,
-100.399919538486));
#1848=CARTESIAN_POINT('Ctrl Pts',(-0.4909853362027,-13.2321033420684,-100.295190727085));
#1849=CARTESIAN_POINT('Ctrl Pts',(-0.316793824871035,-13.2366961518258,
-100.190462466538));
#1850=CARTESIAN_POINT('Ctrl Pts',(-0.142562826843847,-13.2378016840146,
-100.085714285714));
#1851=CARTESIAN_POINT('Ctrl Pts',(0.16521172551353,-13.2397545780368,-99.9006793331034));
#1852=CARTESIAN_POINT('Ctrl Pts',(0.473109960216201,-13.2308285767838,-99.7155822206433));
#1853=CARTESIAN_POINT('Ctrl Pts',(0.780577884505665,-13.2111303822751,-99.5303101081657));
#1854=CARTESIAN_POINT('Ctrl Pts',(1.08726961713953,-13.191481915146,-99.3455057084358));
#1855=CARTESIAN_POINT('Ctrl Pts',(1.39353380412711,-13.1611154448955,-99.1605271911356));
#1856=CARTESIAN_POINT('Ctrl Pts',(1.69880972967326,-13.1200863401834,-98.9752625685239));
#1857=CARTESIAN_POINT('Ctrl Pts',(1.84423930169251,-13.1005405960244,-98.8870048563295));
#1858=CARTESIAN_POINT('Ctrl Pts',(1.9894443776812,-13.0785742941716,-98.798682214007));
#1859=CARTESIAN_POINT('Ctrl Pts',(2.1343628610789,-13.0541894983441,-98.7102825341537));
#1860=CARTESIAN_POINT('Ctrl Pts',(2.22345583902607,-13.0391982147897,-98.6559361834118));
#1861=CARTESIAN_POINT('Ctrl Pts',(2.31244047705918,-13.023292801628,-98.6015607159972));
#1862=CARTESIAN_POINT('Ctrl Pts',(2.40130211700264,-13.0064732717155,-98.5471533186485));
#1863=CARTESIAN_POINT('Ctrl Pts',(2.43524295520012,-13.0000490267467,-98.5263723306841));
#1864=CARTESIAN_POINT('Ctrl Pts',(2.46916584762328,-12.9934914203951,-98.5055866845587));
#1865=CARTESIAN_POINT('Ctrl Pts',(2.50306997000087,-12.9868004398132,-98.4847962235123));
#1866=CARTESIAN_POINT('Ctrl Pts',(2.53079027511523,-12.9813298359385,-98.4677977618724));
#1867=CARTESIAN_POINT('Ctrl Pts',(2.55849055995333,-12.9757715400216,-98.450800662819));
#1868=CARTESIAN_POINT('Ctrl Pts',(2.58616673011901,-12.9701264568781,-98.4338070979713));
#1869=CARTESIAN_POINT('Ctrl Pts',(2.8871701435507,-12.9087310656394,-98.2489866912853));
#1870=CARTESIAN_POINT('Ctrl Pts',(3.18546097317751,-12.8370467775688,-98.0644984527279));
#1871=CARTESIAN_POINT('Ctrl Pts',(3.48051062026536,-12.7552749503629,-97.8802316819593));
#1872=CARTESIAN_POINT('Ctrl Pts',(3.77755746753534,-12.6729496071308,-97.694717603723));
#1873=CARTESIAN_POINT('Ctrl Pts',(4.07131970362389,-12.5803996108535,-97.5094280016677));
#1874=CARTESIAN_POINT('Ctrl Pts',(4.36125530749739,-12.4777776945721,-97.3242499122002));
#1875=CARTESIAN_POINT('Ctrl Pts',(4.60512882981166,-12.3914593264385,-97.1684910735805));
#1876=CARTESIAN_POINT('Ctrl Pts',(4.84629514851908,-12.2980141261969,-97.0128111300728));
#1877=CARTESIAN_POINT('Ctrl Pts',(5.08442558654259,-12.1975050955282,-96.8571428571429));
#1878=CARTESIAN_POINT('Ctrl Pts',(5.36729152377537,-12.0781143053528,-96.6722305364619));
#1879=CARTESIAN_POINT('Ctrl Pts',(5.64587470286127,-11.9487573777581,-96.4873346831357));
#1880=CARTESIAN_POINT('Ctrl Pts',(5.91972031869665,-11.8097760745816,-96.3023426228233));
#1881=CARTESIAN_POINT('Ctrl Pts',(6.19378218987534,-11.6706850181437,-96.1172044746453));
#1882=CARTESIAN_POINT('Ctrl Pts',(6.46309952419988,-11.5219540403161,-95.9319699674721));
#1883=CARTESIAN_POINT('Ctrl Pts',(6.72718946276791,-11.3638811677809,-95.7465261598155));
#1884=CARTESIAN_POINT('Ctrl Pts',(6.97801413383513,-11.2137483135219,-95.5703972156038));
#1885=CARTESIAN_POINT('Ctrl Pts',(7.22412354359251,-11.0551879091411,-95.3940794692042));
#1886=CARTESIAN_POINT('Ctrl Pts',(7.4650751337271,-10.8884222872128,-95.2174761577572));
#1887=CARTESIAN_POINT('Ctrl Pts',(7.55543198002759,-10.8258851789897,-95.1512499159646));
#1888=CARTESIAN_POINT('Ctrl Pts',(7.64506319286175,-10.7621939090115,-95.0849835165872));
#1889=CARTESIAN_POINT('Ctrl Pts',(7.7339442328725,-10.6973591535854,-95.0186718568961));
#1890=CARTESIAN_POINT('Ctrl Pts',(7.7855153327312,-10.6597403358264,-94.9801961007245));
#1891=CARTESIAN_POINT('Ctrl Pts',(7.83683386480361,-10.6217365393634,-94.9417051071101));
#1892=CARTESIAN_POINT('Ctrl Pts',(7.88789492476088,-10.5833497675698,-94.9031978792843));
#1893=CARTESIAN_POINT('Ctrl Pts',(7.91964518013595,-10.5594805057783,-94.87925371678));
#1894=CARTESIAN_POINT('Ctrl Pts',(7.95130031934014,-10.5354597187304,-94.8552998902976));
#1895=CARTESIAN_POINT('Ctrl Pts',(7.98283533390583,-10.5113062652306,-94.8313542973588));
#1896=CARTESIAN_POINT('Ctrl Pts',(8.22645537542704,-10.3247116044848,-94.6463654388994));
#1897=CARTESIAN_POINT('Ctrl Pts',(8.46311617300372,-10.1300503806591,-94.4617122662644));
#1898=CARTESIAN_POINT('Ctrl Pts',(8.69240849187022,-9.92770957561726,-94.277283808184));
#1899=CARTESIAN_POINT('Ctrl Pts',(8.92309952119548,-9.72413446756149,-94.0917303145398));
#1900=CARTESIAN_POINT('Ctrl Pts',(9.14633241693115,-9.51278547666525,-93.9064042853832));
#1901=CARTESIAN_POINT('Ctrl Pts',(9.36166529478881,-9.29401065397843,-93.721192706217));
#1902=CARTESIAN_POINT('Ctrl Pts',(9.39756360529656,-9.25753853418778,-93.6903159406961));
#1903=CARTESIAN_POINT('Ctrl Pts',(9.43324228819368,-9.22085993539659,-93.6594423560245));
#1904=CARTESIAN_POINT('Ctrl Pts',(9.46869921297924,-9.18397635655705,-93.6285714285714));
#1905=CARTESIAN_POINT('Ctrl Pts',(9.68069744730736,-8.9634481060961,-93.4439930379833));
#1906=CARTESIAN_POINT('Ctrl Pts',(9.88477107860522,-8.73559509995388,-93.2595096399624));
#1907=CARTESIAN_POINT('Ctrl Pts',(10.0806637912253,-8.50092113682305,-93.075009311678));
#1908=CARTESIAN_POINT('Ctrl Pts',(10.2773622675052,-8.26528189147809,-92.8897500799217));
#1909=CARTESIAN_POINT('Ctrl Pts',(10.4658127344101,-8.0227649656468,-92.7044737783371));
#1910=CARTESIAN_POINT('Ctrl Pts',(10.6457153687834,-7.77384683184745,-92.5190670972916));
#1911=CARTESIAN_POINT('Ctrl Pts',(10.824491354482,-7.52648755952088,-92.334821534271));
#1912=CARTESIAN_POINT('Ctrl Pts',(10.9948265133177,-7.27280647276344,-92.150447219691));
#1913=CARTESIAN_POINT('Ctrl Pts',(11.1563822928709,-7.01324582124127,-91.9658329594352));
#1914=CARTESIAN_POINT('Ctrl Pts',(11.2703410491796,-6.83015606044187,-91.8356091348603));
#1915=CARTESIAN_POINT('Ctrl Pts',(11.3799305764356,-6.64414029272239,-91.7052659215558));
#1916=CARTESIAN_POINT('Ctrl Pts',(11.4850174869486,-6.45534822724751,-91.5747642932187));
#1917=CARTESIAN_POINT('Ctrl Pts',(11.5638326698333,-6.31375417814133,-91.4768880719659));
#1918=CARTESIAN_POINT('Ctrl Pts',(11.6401148872333,-6.17059836332487,-91.3789227422573));
#1919=CARTESIAN_POINT('Ctrl Pts',(11.7138030766233,-6.02594276627016,-91.2808518398712));
#1920=CARTESIAN_POINT('Ctrl Pts',(11.7308384517919,-5.99250101140467,-91.2581796229379));
#1921=CARTESIAN_POINT('Ctrl Pts',(11.7477371800517,-5.95897498400331,-91.2354989981839));
#1922=CARTESIAN_POINT('Ctrl Pts',(11.7644865088258,-5.92538969156242,-91.2128260972822));
#1923=CARTESIAN_POINT('Ctrl Pts',(11.9016684533529,-5.65031623717697,-91.0271283492891));
#1924=CARTESIAN_POINT('Ctrl Pts',(12.0289691644638,-5.3710061761684,-90.8417690141589));
#1925=CARTESIAN_POINT('Ctrl Pts',(12.1461615879496,-5.08796924276325,-90.656635841411));
#1926=CARTESIAN_POINT('Ctrl Pts',(12.2003414534596,-4.95711690154405,-90.5710459192763));
#1927=CARTESIAN_POINT('Ctrl Pts',(12.2523602613744,-4.82546751368946,-90.4855043360841));
#1928=CARTESIAN_POINT('Ctrl Pts',(12.3021925725062,-4.6930691917793,-90.4000000000001));
#1929=CARTESIAN_POINT('Ctrl Pts',(12.409358644898,-4.40834211755483,-90.2161200301072));
#1930=CARTESIAN_POINT('Ctrl Pts',(12.5064157826931,-4.12015284912358,-90.032412320487));
#1931=CARTESIAN_POINT('Ctrl Pts',(12.593347033884,-3.82907357753678,-89.8487665541948));
#1932=CARTESIAN_POINT('Ctrl Pts',(12.6810981970862,-3.53524892511419,-89.6633886907848));
#1933=CARTESIAN_POINT('Ctrl Pts',(12.7585317292592,-3.23847891895276,-89.4780739446786));
#1934=CARTESIAN_POINT('Ctrl Pts',(12.8255806362676,-2.93933327488049,-89.2927088479596));
#1935=CARTESIAN_POINT('Ctrl Pts',(12.8925280518554,-2.64064044529472,-89.1076243369779));
#1936=CARTESIAN_POINT('Ctrl Pts',(12.9491223430174,-2.33957855359221,-88.9224896276988));
#1937=CARTESIAN_POINT('Ctrl Pts',(12.995245884923,-2.03670504780441,-88.7371917666928));
#1938=CARTESIAN_POINT('Ctrl Pts',(13.0412182730462,-1.73482410403794,-88.5525011546405));
#1939=CARTESIAN_POINT('Ctrl Pts',(13.0767885079017,-1.4311427995335,-88.3676484584547));
#1940=CARTESIAN_POINT('Ctrl Pts',(13.1017882577763,-1.12621254871264,-88.1825218315668));
#1941=CARTESIAN_POINT('Ctrl Pts',(13.126788007651,-0.821282297891777,-87.9973952046788));
#1942=CARTESIAN_POINT('Ctrl Pts',(13.1412173917813,-0.515102497107676,-87.8119946470887));
#1943=CARTESIAN_POINT('Ctrl Pts',(13.1448545997306,-0.20823300546025,-87.626208312228));
#1944=CARTESIAN_POINT('Ctrl Pts',(13.1456785473534,-0.138716939381561,-87.5841215767191));
#1945=CARTESIAN_POINT('Ctrl Pts',(13.1459477135642,-0.0692275337215246,
-87.5420525746132));
#1946=CARTESIAN_POINT('Ctrl Pts',(13.1456621022618,0.000228635207789648,
-87.5));
#1947=CARTESIAN_POINT('Ctrl Pts',(12.7982848725047,0.000188765363045476,
-40.5000000000001));
#1948=CARTESIAN_POINT('Ctrl Pts',(12.7994742606024,-0.299691814955346,-40.6864412924897));
#1949=CARTESIAN_POINT('Ctrl Pts',(12.7901870389383,-0.599336389618095,-40.8726680032914));
#1950=CARTESIAN_POINT('Ctrl Pts',(12.7705195050554,-0.898187776196104,-41.0587948871864));
#1951=CARTESIAN_POINT('Ctrl Pts',(12.7507895806935,-1.19798719628155,-41.2455122134567));
#1952=CARTESIAN_POINT('Ctrl Pts',(12.7206133590133,-1.49698900395804,-41.4321290784625));
#1953=CARTESIAN_POINT('Ctrl Pts',(12.6800359239838,-1.79463139658146,-41.618761332548));
#1954=CARTESIAN_POINT('Ctrl Pts',(12.6396501489653,-2.09086793040168,-41.8045120636924));
#1955=CARTESIAN_POINT('Ctrl Pts',(12.5889611058777,-2.38575846416648,-41.9902780388849));
#1956=CARTESIAN_POINT('Ctrl Pts',(12.5279625470192,-2.6787406893434,-42.1761734746184));
#1957=CARTESIAN_POINT('Ctrl Pts',(12.4678507862837,-2.96746353377012,-42.3593663592328));
#1958=CARTESIAN_POINT('Ctrl Pts',(12.3977269464376,-3.25433369278174,-42.542684967551));
#1959=CARTESIAN_POINT('Ctrl Pts',(12.3175374769303,-3.53879639236867,-42.726238606691));
#1960=CARTESIAN_POINT('Ctrl Pts',(12.2844509504639,-3.65616694858284,-42.8019736424349));
#1961=CARTESIAN_POINT('Ctrl Pts',(12.2496502736398,-3.77312740970985,-42.8777486903841));
#1962=CARTESIAN_POINT('Ctrl Pts',(12.2131293564232,-3.88963763498008,-42.9535714285714));
#1963=CARTESIAN_POINT('Ctrl Pts',(12.1765700140263,-4.00627044551757,-43.0294739430239));
#1964=CARTESIAN_POINT('Ctrl Pts',(12.1382867933114,-4.12245207432406,-43.1054242481209));
#1965=CARTESIAN_POINT('Ctrl Pts',(12.0982941706649,-4.23814834043931,-43.1814300461558));
#1966=CARTESIAN_POINT('Ctrl Pts',(12.0863123833496,-4.27281093473871,-43.2042013786296));
#1967=CARTESIAN_POINT('Ctrl Pts',(12.0741771520149,-4.30742995716461,-43.2269776921563));
#1968=CARTESIAN_POINT('Ctrl Pts',(12.0618888459092,-4.34200447360828,-43.2497591938671));
#1969=CARTESIAN_POINT('Ctrl Pts',(12.0531635559753,-4.36655404762618,-43.265935158711));
#1970=CARTESIAN_POINT('Ctrl Pts',(12.0443612769134,-4.39108058866452,-43.2821133528096));
#1971=CARTESIAN_POINT('Ctrl Pts',(12.0354860801212,-4.41557312020539,-43.2982868063586));
#1972=CARTESIAN_POINT('Ctrl Pts',(11.9344684969336,-4.69434737167762,-43.4823732246741));
#1973=CARTESIAN_POINT('Ctrl Pts',(11.8238805102981,-4.96907901694527,-43.6660844870669));
#1974=CARTESIAN_POINT('Ctrl Pts',(11.7041149076334,-5.23935030073237,-43.8495294465228));
#1975=CARTESIAN_POINT('Ctrl Pts',(11.5828418973523,-5.51302330406684,-44.0352833020467));
#1976=CARTESIAN_POINT('Ctrl Pts',(11.4521585821112,-5.78212348527311,-44.2207641089019));
#1977=CARTESIAN_POINT('Ctrl Pts',(11.3124201195812,-6.04620722684925,-44.406084882197));
#1978=CARTESIAN_POINT('Ctrl Pts',(11.1715156250614,-6.31249458570485,-44.5929520439817));
#1979=CARTESIAN_POINT('Ctrl Pts',(11.0214039798741,-6.57368199010386,-44.7796564902991));
#1980=CARTESIAN_POINT('Ctrl Pts',(10.8623996840139,-6.82929646787101,-44.9663140890565));
#1981=CARTESIAN_POINT('Ctrl Pts',(10.703735611814,-7.08436400385403,-45.1525722940042));
#1982=CARTESIAN_POINT('Ctrl Pts',(10.5362165746503,-7.33388296064076,-45.3387838516583));
#1983=CARTESIAN_POINT('Ctrl Pts',(10.3601103584602,-7.57735735212369,-45.5250638877441));
#1984=CARTESIAN_POINT('Ctrl Pts',(10.1863464381778,-7.81759341912754,-45.7088663113091));
#1985=CARTESIAN_POINT('Ctrl Pts',(10.004221870685,-8.05194508432941,-45.8927354038288));
#1986=CARTESIAN_POINT('Ctrl Pts',(9.81395568343949,-8.27990343118341,-46.0767817581761));
#1987=CARTESIAN_POINT('Ctrl Pts',(9.63876351203598,-8.48980156575508,-46.246246868734));
#1988=CARTESIAN_POINT('Ctrl Pts',(9.45666809913433,-8.69427924572959,-46.4158622662808));
#1989=CARTESIAN_POINT('Ctrl Pts',(9.26781507970332,-8.89290939352317,-46.5857142857143));
#1990=CARTESIAN_POINT('Ctrl Pts',(9.18343004917233,-8.98166312982263,-46.6616091159311));
#1991=CARTESIAN_POINT('Ctrl Pts',(9.09769550226394,-9.06924894481637,-46.7375511891918));
#1992=CARTESIAN_POINT('Ctrl Pts',(9.01063941775374,-9.15564260422584,-46.8135482076258));
#1993=CARTESIAN_POINT('Ctrl Pts',(8.97609040594743,-9.18992872650806,-46.8437083268396));
#1994=CARTESIAN_POINT('Ctrl Pts',(8.94133324802551,-9.22402707369777,-46.8738770997677));
#1995=CARTESIAN_POINT('Ctrl Pts',(8.90636966408118,-9.25793607547657,-46.9040550078257));
#1996=CARTESIAN_POINT('Ctrl Pts',(8.88861785533527,-9.27515244881234,-46.9193770198097));
#1997=CARTESIAN_POINT('Ctrl Pts',(8.87081510146603,-9.29231779309101,-46.9346994208689));
#1998=CARTESIAN_POINT('Ctrl Pts',(8.85296674297333,-9.30942712782043,-46.9500179398862));
#1999=CARTESIAN_POINT('Ctrl Pts',(8.63850907522774,-9.51500502588042,-47.1340782198889));
#2000=CARTESIAN_POINT('Ctrl Pts',(8.41725517029181,-9.7127086592211,-47.317764514629));
#2001=CARTESIAN_POINT('Ctrl Pts',(8.18973923932911,-9.90233617653413,-47.5011856438645));
#2002=CARTESIAN_POINT('Ctrl Pts',(7.95940116534402,-10.094315863089,-47.686881957338));
#2003=CARTESIAN_POINT('Ctrl Pts',(7.72264433165007,-10.2780182137278,-47.8723064861993));
#2004=CARTESIAN_POINT('Ctrl Pts',(7.47998033055056,-10.4532015460546,-48.0575721500955));
#2005=CARTESIAN_POINT('Ctrl Pts',(7.23535542253224,-10.629800490944,-48.2443348993463));
#2006=CARTESIAN_POINT('Ctrl Pts',(6.98472702219996,-10.7977425632919,-48.4309362057625));
#2007=CARTESIAN_POINT('Ctrl Pts',(6.7285828504698,-10.9567418997667,-48.6174917485975));
#2008=CARTESIAN_POINT('Ctrl Pts',(6.4730053514237,-11.1153894789474,-48.8036345710122));
#2009=CARTESIAN_POINT('Ctrl Pts',(6.21193593544819,-11.2651341707589,-48.9897318321089));
#2010=CARTESIAN_POINT('Ctrl Pts',(5.94583058686257,-11.4056488492159,-49.1758984450799));
#2011=CARTESIAN_POINT('Ctrl Pts',(5.6832381100767,-11.5443085854329,-49.3596074620339));
#2012=CARTESIAN_POINT('Ctrl Pts',(5.41574125303712,-11.6739806221548,-49.5433840119118));
#2013=CARTESIAN_POINT('Ctrl Pts',(5.14375826858739,-11.7943045639192,-49.7273385167919));
#2014=CARTESIAN_POINT('Ctrl Pts',(4.90225433034908,-11.901144724745,-49.890678651746));
#2015=CARTESIAN_POINT('Ctrl Pts',(4.65721288547172,-12.0006140573776,-50.0541590923515));
#2016=CARTESIAN_POINT('Ctrl Pts',(4.40891824644556,-12.0924268273222,-50.2178571428571));
#2017=CARTESIAN_POINT('Ctrl Pts',(4.29381162682676,-12.1349902013347,-50.2937457295209));
#2018=CARTESIAN_POINT('Ctrl Pts',(4.17800575635029,-12.1759075917561,-50.3696810837288));
#2019=CARTESIAN_POINT('Ctrl Pts',(4.06153690442321,-12.2151695088241,-50.4456709074581));
#2020=CARTESIAN_POINT('Ctrl Pts',(4.0117030407456,-12.2319686185476,-50.4781848925618));
#2021=CARTESIAN_POINT('Ctrl Pts',(3.9617478007761,-12.2484646343416,-50.5107088496844));
#2022=CARTESIAN_POINT('Ctrl Pts',(3.91167402393876,-12.2646567325723,-50.5432433821442));
#2023=CARTESIAN_POINT('Ctrl Pts',(3.88685754632298,-12.2726815085862,-50.5593674404342));
#2024=CARTESIAN_POINT('Ctrl Pts',(3.8620127200957,-12.2806313647813,-50.5754935939031));
#2025=CARTESIAN_POINT('Ctrl Pts',(3.83715049426504,-12.2885029263863,-50.5916150570536));
#2026=CARTESIAN_POINT('Ctrl Pts',(3.55347187891488,-12.378317640159,-50.7755613527354));
#2027=CARTESIAN_POINT('Ctrl Pts',(3.26716636819896,-12.4580613696996,-50.9591336550441));
#2028=CARTESIAN_POINT('Ctrl Pts',(2.97880812041527,-12.5277867189481,-51.1424405755526));
#2029=CARTESIAN_POINT('Ctrl Pts',(2.68684559780912,-12.5983835859102,-51.3280387033473));
#2030=CARTESIAN_POINT('Ctrl Pts',(2.39277815487308,-12.6587102177613,-51.5133647737097));
#2031=CARTESIAN_POINT('Ctrl Pts',(2.09717751004342,-12.7087734803084,-51.6985315220347));
#2032=CARTESIAN_POINT('Ctrl Pts',(1.79918933806442,-12.7592410971781,-51.8851938375938));
#2033=CARTESIAN_POINT('Ctrl Pts',(1.49964250200184,-12.7992790203839,-52.0716942470763));
#2034=CARTESIAN_POINT('Ctrl Pts',(1.19910689471669,-12.8288439067617,-52.258148239646));
#2035=CARTESIAN_POINT('Ctrl Pts',(0.899261089809391,-12.8583409345284,-52.4441742749144));
#2036=CARTESIAN_POINT('Ctrl Pts',(0.598430430101619,-12.8774130070624,-52.6301541061018));
#2037=CARTESIAN_POINT('Ctrl Pts',(0.297174384288116,-12.8859657837121,-52.8162024289689));
#2038=CARTESIAN_POINT('Ctrl Pts',(-4.99666070851723E-5,-12.8944040989704,
-52.9997608762358));
#2039=CARTESIAN_POINT('Ctrl Pts',(-0.297688973955828,-12.8926027659828,
-53.1833859942078));
#2040=CARTESIAN_POINT('Ctrl Pts',(-0.595202791494885,-12.8804210890705,
-53.3671879350946));
#2041=CARTESIAN_POINT('Ctrl Pts',(-0.855447718059378,-12.8697653835987,
-53.527965417647));
#2042=CARTESIAN_POINT('Ctrl Pts',(-1.11559705721654,-12.851166386028,-53.688878197399));
#2043=CARTESIAN_POINT('Ctrl Pts',(-1.37528265940118,-12.824497895803,-53.85));
#2044=CARTESIAN_POINT('Ctrl Pts',(-1.49758646646069,-12.8119378699271,-53.9258833362058));
#2045=CARTESIAN_POINT('Ctrl Pts',(-1.61978728686664,-12.797587485419,-54.0018130360993));
#2046=CARTESIAN_POINT('Ctrl Pts',(-1.74184915210482,-12.7814545246524,-54.0777968015281));
#2047=CARTESIAN_POINT('Ctrl Pts',(-1.79281165606816,-12.7747187921171,-54.1095210664265));
#2048=CARTESIAN_POINT('Ctrl Pts',(-1.8437499309085,-12.7676723092139,-54.1412547559053));
#2049=CARTESIAN_POINT('Ctrl Pts',(-1.89466132793336,-12.7603155750912,-54.172998430505));
#2050=CARTESIAN_POINT('Ctrl Pts',(-1.92766679755077,-12.755546260581,-54.1935776121573));
#2051=CARTESIAN_POINT('Ctrl Pts',(-1.96066363650686,-12.7506461095921,-54.2141626577431));
#2052=CARTESIAN_POINT('Ctrl Pts',(-1.9936297137492,-12.7456186210716,-54.2347403492344));
#2053=CARTESIAN_POINT('Ctrl Pts',(-2.28810289728401,-12.7007100158128,-54.4185528871564));
#2054=CARTESIAN_POINT('Ctrl Pts',(-2.58046390773088,-12.6455976127355,-54.6019921985058));
#2055=CARTESIAN_POINT('Ctrl Pts',(-2.870232711778,-12.5805848870086,-54.7851666606601));
#2056=CARTESIAN_POINT('Ctrl Pts',(-3.16362644695445,-12.5147588692711,-54.9706325869082));
#2057=CARTESIAN_POINT('Ctrl Pts',(-3.45436326394144,-12.4387831749151,-55.1558269961271));
#2058=CARTESIAN_POINT('Ctrl Pts',(-3.7419453110883,-12.3529192771656,-55.3408623841046));
#2059=CARTESIAN_POINT('Ctrl Pts',(-4.0319636522026,-12.2663279706707,-55.5274653268164));
#2060=CARTESIAN_POINT('Ctrl Pts',(-4.31877412988008,-12.169680073314,-55.7139065425298));
#2061=CARTESIAN_POINT('Ctrl Pts',(-4.60185795254673,-12.0631915482551,-55.9003014103963));
#2062=CARTESIAN_POINT('Ctrl Pts',(-4.8844089819057,-11.9569034457175,-56.0863454636622));
#2063=CARTESIAN_POINT('Ctrl Pts',(-5.16324794367703,-11.8408115048817,-56.27234334338));
#2064=CARTESIAN_POINT('Ctrl Pts',(-5.4378421787222,-11.7150814925675,-56.4584097784595));
#2065=CARTESIAN_POINT('Ctrl Pts',(-5.70899578543041,-11.5909268601701,-56.642144826469));
#2066=CARTESIAN_POINT('Ctrl Pts',(-5.97601087638949,-11.4573738930532,-56.8259467226246));
#2067=CARTESIAN_POINT('Ctrl Pts',(-6.23835022995944,-11.3145382054962,-57.0099259370341));
#2068=CARTESIAN_POINT('Ctrl Pts',(-6.46258032840477,-11.1924518320773,-57.1671790399238));
#2069=CARTESIAN_POINT('Ctrl Pts',(-6.68339427774436,-11.0635830189684,-57.3245616859395));
#2070=CARTESIAN_POINT('Ctrl Pts',(-6.90043801487737,-10.9279801234549,-57.4821428571429));
#2071=CARTESIAN_POINT('Ctrl Pts',(-7.00494969096644,-10.8626841325184,-57.558021905947));
#2072=CARTESIAN_POINT('Ctrl Pts',(-7.1085868983695,-10.7958264127434,-57.6339469857843));
#2073=CARTESIAN_POINT('Ctrl Pts',(-7.21131892641358,-10.7274293855849,-57.7099257983944));
#2074=CARTESIAN_POINT('Ctrl Pts',(-7.24768628479202,-10.7032166911989,-57.7368224611));
#2075=CARTESIAN_POINT('Ctrl Pts',(-7.28394019830444,-10.6788110861056,-57.7637258574634));
#2076=CARTESIAN_POINT('Ctrl Pts',(-7.32007927086885,-10.654213537536,-57.7906363291543));
#2077=CARTESIAN_POINT('Ctrl Pts',(-7.34236804161014,-10.6390430009958,-57.8072333608847));
#2078=CARTESIAN_POINT('Ctrl Pts',(-7.3646131287435,-10.6237994526267,-57.8238330839316));
#2079=CARTESIAN_POINT('Ctrl Pts',(-7.386814201288,-10.6084831167225,-57.8404355784506));
#2080=CARTESIAN_POINT('Ctrl Pts',(-7.40887916399713,-10.5932606818654,-57.8569362867703));
#2081=CARTESIAN_POINT('Ctrl Pts',(-7.43089351040456,-10.5779712720814,-57.873434394489));
#2082=CARTESIAN_POINT('Ctrl Pts',(-7.45285609525903,-10.5626158843013,-57.889929293926));
#2083=CARTESIAN_POINT('Ctrl Pts',(-7.69797389161616,-10.3912390249838,-58.074023899726));
#2084=CARTESIAN_POINT('Ctrl Pts',(-7.93668343534816,-10.2116219950958,-58.2577470696293));
#2085=CARTESIAN_POINT('Ctrl Pts',(-8.16865833267449,-10.0242432864782,-58.4412077171895));
#2086=CARTESIAN_POINT('Ctrl Pts',(-8.4033462908282,-9.83467309145371,-58.6268140275002));
#2087=CARTESIAN_POINT('Ctrl Pts',(-8.63114162045741,-9.63715826394155,-58.8121516389021));
#2088=CARTESIAN_POINT('Ctrl Pts',(-8.85168325659469,-9.43214611996764,-58.9973333312092));
#2089=CARTESIAN_POINT('Ctrl Pts',(-9.07363402476027,-9.22582406833492,-59.1836982261907));
#2090=CARTESIAN_POINT('Ctrl Pts',(-9.28823858533859,-9.01190819633821,-59.3699052032484));
#2091=CARTESIAN_POINT('Ctrl Pts',(-9.49509853892458,-8.7908115413552,-59.5560692178293));
#2092=CARTESIAN_POINT('Ctrl Pts',(-9.70128876777759,-8.57043070350187,-59.7416305123439));
#2093=CARTESIAN_POINT('Ctrl Pts',(-9.89978488452409,-8.34291505813647,-59.9271491221199));
#2094=CARTESIAN_POINT('Ctrl Pts',(-10.0901555630047,-8.10863752708269,-60.1127388896845));
#2095=CARTESIAN_POINT('Ctrl Pts',(-10.2777786539455,-7.87774128368468,-60.2956500717814));
#2096=CARTESIAN_POINT('Ctrl Pts',(-10.457509492515,-7.64027646523782,-60.478630372473));
#2097=CARTESIAN_POINT('Ctrl Pts',(-10.6288938522532,-7.39657179460663,-60.6617887758773));
#2098=CARTESIAN_POINT('Ctrl Pts',(-10.7698984135211,-7.19606650804628,-60.8124802996196));
#2099=CARTESIAN_POINT('Ctrl Pts',(-10.9052526146109,-6.9913368616265,-60.9632923809317));
#2100=CARTESIAN_POINT('Ctrl Pts',(-11.0346795701572,-6.78255448634932,-61.1142857142857));
#2101=CARTESIAN_POINT('Ctrl Pts',(-11.1213709488797,-6.64271010934651,-61.215422453469));
#2102=CARTESIAN_POINT('Ctrl Pts',(-11.2054025947172,-6.50104725880549,-61.3166405103842));
#2103=CARTESIAN_POINT('Ctrl Pts',(-11.2867425507648,-6.35764774408994,-61.4179581241001));
#2104=CARTESIAN_POINT('Ctrl Pts',(-11.3031517452556,-6.32871890467085,-61.4383975306303));
#2105=CARTESIAN_POINT('Ctrl Pts',(-11.3194513807529,-6.2997193841652,-61.4588409888635));
#2106=CARTESIAN_POINT('Ctrl Pts',(-11.3356411732034,-6.27064984949795,-61.4792886485446));
#2107=CARTESIAN_POINT('Ctrl Pts',(-11.3483104685274,-6.24790153318949,-61.4952899308327));
#2108=CARTESIAN_POINT('Ctrl Pts',(-11.3609085609842,-6.22511740540221,-61.5112888164752));
#2109=CARTESIAN_POINT('Ctrl Pts',(-11.3734348863971,-6.20229888189587,-61.5272846614954));
#2110=CARTESIAN_POINT('Ctrl Pts',(-11.5186433785385,-5.93778049505768,-61.712712746695));
#2111=CARTESIAN_POINT('Ctrl Pts',(-11.6542362828668,-5.66859811225535,-61.8977639106201));
#2112=CARTESIAN_POINT('Ctrl Pts',(-11.7801948900462,-5.39535148410762,-62.0825494494343));
#2113=CARTESIAN_POINT('Ctrl Pts',(-11.906718509427,-5.12087915426032,-62.2681638802663));
#2114=CARTESIAN_POINT('Ctrl Pts',(-12.0235213768755,-4.84230546773788,-62.4535102976149));
#2115=CARTESIAN_POINT('Ctrl Pts',(-12.1305412097491,-4.56020484520889,-62.6387015020945));
#2116=CARTESIAN_POINT('Ctrl Pts',(-12.2383402749986,-4.27605019276344,-62.8252411200263));
#2117=CARTESIAN_POINT('Ctrl Pts',(-12.3362135313325,-3.98831648614486,-63.0116232565898));
#2118=CARTESIAN_POINT('Ctrl Pts',(-12.4240505646149,-3.6975655098558,-63.1979631943539));
#2119=CARTESIAN_POINT('Ctrl Pts',(-12.5119551314669,-3.40659098945834,-63.3844463997204));
#2120=CARTESIAN_POINT('Ctrl Pts',(-12.5898082068547,-3.11259395666813,-63.5708873413735));
#2121=CARTESIAN_POINT('Ctrl Pts',(-12.6574496830078,-2.8161211293314,-63.7574015679917));
#2122=CARTESIAN_POINT('Ctrl Pts',(-12.7242846284693,-2.52318332884616,-63.9416918714087));
#2123=CARTESIAN_POINT('Ctrl Pts',(-12.7811501087192,-2.22782782983126,-64.1260537225671));
#2124=CARTESIAN_POINT('Ctrl Pts',(-12.8278418219986,-1.93057497497363,-64.3105985859605));
#2125=CARTESIAN_POINT('Ctrl Pts',(-12.8625003481073,-1.70992884512787,-64.4475833422892));
#2126=CARTESIAN_POINT('Ctrl Pts',(-12.8915522646712,-1.48823710918341,-64.5846689357963));
#2127=CARTESIAN_POINT('Ctrl Pts',(-12.9148955183362,-1.26571290490862,-64.7219009541509));
#2128=CARTESIAN_POINT('Ctrl Pts',(-12.932402958585,-1.09881975170253,-64.8248249679168));
#2129=CARTESIAN_POINT('Ctrl Pts',(-12.9466989556217,-0.931458332623147,
-64.9278313456594));
#2130=CARTESIAN_POINT('Ctrl Pts',(-12.9577344069513,-0.763719404941785,
-65.0309393196767));
#2131=CARTESIAN_POINT('Ctrl Pts',(-12.9607522404152,-0.717848317839234,
-65.0591359638457));
#2132=CARTESIAN_POINT('Ctrl Pts',(-12.9635262058396,-0.67194900494187,-65.0873402058193));
#2133=CARTESIAN_POINT('Ctrl Pts',(-12.9660552297831,-0.626023337051343,
-65.1155524389182));
#2134=CARTESIAN_POINT('Ctrl Pts',(-12.9675523798943,-0.598835923911498,
-65.1322537232345));
#2135=CARTESIAN_POINT('Ctrl Pts',(-12.9689632232967,-0.571647676197374,
-65.1489526470353));
#2136=CARTESIAN_POINT('Ctrl Pts',(-12.9702876129515,-0.544460862101876,
-65.1656481432004));
#2137=CARTESIAN_POINT('Ctrl Pts',(-12.9851491367736,-0.239386382033325,
-65.3529952076333));
#2138=CARTESIAN_POINT('Ctrl Pts',(-12.9891327606481,0.0655833463021716,
-65.5399580323358));
#2139=CARTESIAN_POINT('Ctrl Pts',(-12.9821495295448,0.369894253809968,-65.726651411119));
#2140=CARTESIAN_POINT('Ctrl Pts',(-12.9792740907685,0.495198338777211,-65.8035249060241));
#2141=CARTESIAN_POINT('Ctrl Pts',(-12.974538646433,0.620390902552613,-65.8803527166233));
#2142=CARTESIAN_POINT('Ctrl Pts',(-12.9679344918284,0.745433871990685,-65.9571428571429));
#2143=CARTESIAN_POINT('Ctrl Pts',(-12.952188182503,1.04357426900329,-66.1402338624513));
#2144=CARTESIAN_POINT('Ctrl Pts',(-12.9258221153854,1.34086409623607,-66.3231107169939));
#2145=CARTESIAN_POINT('Ctrl Pts',(-12.8891245430697,1.6368064660873,-66.5058820498868));
#2146=CARTESIAN_POINT('Ctrl Pts',(-12.8517976524395,1.93782388427777,-66.6917876867657));
#2147=CARTESIAN_POINT('Ctrl Pts',(-12.8037818051185,2.23744780809509,-66.8775841518295));
#2148=CARTESIAN_POINT('Ctrl Pts',(-12.745326548525,2.53515344361415,-67.0633857591471));
#2149=CARTESIAN_POINT('Ctrl Pts',(-12.6867155565314,2.83365222091274,-67.2496823756276));
#2150=CARTESIAN_POINT('Ctrl Pts',(-12.6176092630411,3.13022306932163,-67.4359841617983));
#2151=CARTESIAN_POINT('Ctrl Pts',(-12.5382077647197,3.42432625954606,-67.6224063478244));
#2152=CARTESIAN_POINT('Ctrl Pts',(-12.4591367112332,3.71720548193356,-67.8080527015325));
#2153=CARTESIAN_POINT('Ctrl Pts',(-12.3698557277244,4.00763811871822,-67.9938184550464));
#2154=CARTESIAN_POINT('Ctrl Pts',(-12.270514780066,4.29507178884019,-68.1798174058518));
#2155=CARTESIAN_POINT('Ctrl Pts',(-12.2121439096933,4.46396240137158,-68.2891068872073));
#2156=CARTESIAN_POINT('Ctrl Pts',(-12.1502989402899,4.6318172082465,-68.3984768803085));
#2157=CARTESIAN_POINT('Ctrl Pts',(-12.0850030631572,4.79851978958069,-68.5079504704955));
#2158=CARTESIAN_POINT('Ctrl Pts',(-12.0564361169116,4.8714521689144,-68.5558451662023));
#2159=CARTESIAN_POINT('Ctrl Pts',(-12.0272085781184,4.94416395798696,-68.6037596910388));
#2160=CARTESIAN_POINT('Ctrl Pts',(-11.9973220795328,5.0166451739835,-68.6516959781769));
#2161=CARTESIAN_POINT('Ctrl Pts',(-11.9823100455493,5.05305259971743,-68.675774448577));
#2162=CARTESIAN_POINT('Ctrl Pts',(-11.9671317485915,5.08940184792762,-68.6998584097545));
#2163=CARTESIAN_POINT('Ctrl Pts',(-11.9517873780455,5.12569163870266,-68.7239481067079));
#2164=CARTESIAN_POINT('Ctrl Pts',(-11.9386479543227,5.15676667930947,-68.7445761757887));
#2165=CARTESIAN_POINT('Ctrl Pts',(-11.9253855672827,5.18780079004816,-68.7652102361498));
#2166=CARTESIAN_POINT('Ctrl Pts',(-11.9120091499903,5.21877299307725,-68.7858369834339));
#2167=CARTESIAN_POINT('Ctrl Pts',(-11.7908602294143,5.4992852470558,-68.9726514430795));
#2168=CARTESIAN_POINT('Ctrl Pts',(-11.6602267478492,5.7750448037487,-69.1590811813242));
#2169=CARTESIAN_POINT('Ctrl Pts',(-11.5203953664059,6.04554487510293,-69.345239981755));
#2170=CARTESIAN_POINT('Ctrl Pts',(-11.3800894232007,6.31696297350618,-69.5320305706115));
#2171=CARTESIAN_POINT('Ctrl Pts',(-11.2305228289378,6.58308641981414,-69.7185483795081));
#2172=CARTESIAN_POINT('Ctrl Pts',(-11.0719340625449,6.8433908376799,-69.9049083544493));
#2173=CARTESIAN_POINT('Ctrl Pts',(-10.9140717347788,7.10250289376537,-70.0904146807535));
#2174=CARTESIAN_POINT('Ctrl Pts',(-10.7472694365136,7.355849671534,-70.2757646157527));
#2175=CARTESIAN_POINT('Ctrl Pts',(-10.5717154976998,7.60289307209649,-70.4610715330956));
#2176=CARTESIAN_POINT('Ctrl Pts',(-10.4646784099234,7.75351803858419,-70.5740551147301));
#2177=CARTESIAN_POINT('Ctrl Pts',(-10.3543870311701,7.90179930137347,-70.6870227046821));
#2178=CARTESIAN_POINT('Ctrl Pts',(-10.2408760514616,8.04760970013353,-70.8));
#2179=CARTESIAN_POINT('Ctrl Pts',(-10.0544424546795,8.28709276299561,-70.9855570586646));
#2180=CARTESIAN_POINT('Ctrl Pts',(-9.85932559071648,8.51991250883826,-71.1711402982265));
#2181=CARTESIAN_POINT('Ctrl Pts',(-9.65599597510812,8.74576062975887,-71.3568635710784));
#2182=CARTESIAN_POINT('Ctrl Pts',(-9.46050952723513,8.96289696174603,-71.5354228172982));
#2183=CARTESIAN_POINT('Ctrl Pts',(-9.25743107428673,9.17358922541774,-71.7141115019739));
#2184=CARTESIAN_POINT('Ctrl Pts',(-9.04714969561899,9.3775290093039,-71.8930308040651));
#2185=CARTESIAN_POINT('Ctrl Pts',(-8.86315348928471,9.55597632020429,-72.0495851933949));
#2186=CARTESIAN_POINT('Ctrl Pts',(-8.67364194962607,9.72925338771178,-72.2063161491835));
#2187=CARTESIAN_POINT('Ctrl Pts',(-8.47886156113386,9.89712961428064,-72.3632914534291));
#2188=CARTESIAN_POINT('Ctrl Pts',(-8.45787554055583,9.91521692775511,-72.3802042801805));
#2189=CARTESIAN_POINT('Ctrl Pts',(-8.43682714839171,9.93324251590356,-72.3971208929367));
#2190=CARTESIAN_POINT('Ctrl Pts',(-8.41572783869769,9.95119666503566,-72.4140324697283));
#2191=CARTESIAN_POINT('Ctrl Pts',(-8.18512345552111,10.147426093681,-72.5988671297768));
#2192=CARTESIAN_POINT('Ctrl Pts',(-7.94816301405446,10.3353652438824,-72.7833245141017));
#2193=CARTESIAN_POINT('Ctrl Pts',(-7.70537691468514,10.5147847920528,-72.9675148183545));
#2194=CARTESIAN_POINT('Ctrl Pts',(-7.46011656223796,10.6960328195737,-73.1535822211248));
#2195=CARTESIAN_POINT('Ctrl Pts',(-7.20891076055749,10.8685871033126,-73.3393770724147));
#2196=CARTESIAN_POINT('Ctrl Pts',(-6.95226543670786,11.032177139805,-73.5250129713653));
#2197=CARTESIAN_POINT('Ctrl Pts',(-6.69474371822672,11.1963258049433,-73.7112827813602));
#2198=CARTESIAN_POINT('Ctrl Pts',(-6.43174476558264,11.3514492659558,-73.8973925515787));
#2199=CARTESIAN_POINT('Ctrl Pts',(-6.16374598717833,11.4972343937166,-74.0834570488985));
#2200=CARTESIAN_POINT('Ctrl Pts',(-5.89705598134713,11.6423075795129,-74.2686128998716));
#2201=CARTESIAN_POINT('Ctrl Pts',(-5.62541433862703,11.7781337314057,-74.4537239190468));
#2202=CARTESIAN_POINT('Ctrl Pts',(-5.34926590041402,11.9043598603165,-74.6389032001067));
#2203=CARTESIAN_POINT('Ctrl Pts',(-5.07768510615659,12.028498141045,-74.8210195160841));
#2204=CARTESIAN_POINT('Ctrl Pts',(-4.80174485586084,12.1433515587209,-75.0032018544453));
#2205=CARTESIAN_POINT('Ctrl Pts',(-4.52185121674628,12.2485375653194,-75.1855577892933));
#2206=CARTESIAN_POINT('Ctrl Pts',(-4.28810326386462,12.3363816970831,-75.3378489474682));
#2207=CARTESIAN_POINT('Ctrl Pts',(-4.05159761297487,12.4174826309832,-75.490261179536));
#2208=CARTESIAN_POINT('Ctrl Pts',(-3.81256524558867,12.4915901822542,-75.6428571428572));
#2209=CARTESIAN_POINT('Ctrl Pts',(-3.6541491514394,12.540704153503,-75.7439884530501));
#2210=CARTESIAN_POINT('Ctrl Pts',(-3.49462314741805,12.5867458843941,-75.8452004622546));
#2211=CARTESIAN_POINT('Ctrl Pts',(-3.33407649505792,12.6297065336289,-75.9465114094217));
#2212=CARTESIAN_POINT('Ctrl Pts',(-3.2995966484329,12.6389329894581,-75.96826948328));
#2213=CARTESIAN_POINT('Ctrl Pts',(-3.2650697256157,12.6480173164823,-75.9900321205653));
#2214=CARTESIAN_POINT('Ctrl Pts',(-3.23049661184664,12.656959399839,-76.01179950195));
#2215=CARTESIAN_POINT('Ctrl Pts',(-3.20397601833886,12.6638187576451,-76.0284969818846));
#2216=CARTESIAN_POINT('Ctrl Pts',(-3.17743501076722,12.6705926571385,-76.0451929923463));
#2217=CARTESIAN_POINT('Ctrl Pts',(-3.15087791356796,12.6772802192668,-76.0618851735877));
#2218=CARTESIAN_POINT('Ctrl Pts',(-2.85627043995549,12.7514677619967,-76.2470575705447));
#2219=CARTESIAN_POINT('Ctrl Pts',(-2.55953250189915,12.8150740753784,-76.4318548494786));
#2220=CARTESIAN_POINT('Ctrl Pts',(-2.26126008321134,12.8682419719698,-76.6163878554019));
#2221=CARTESIAN_POINT('Ctrl Pts',(-1.96220960643211,12.9215485596018,-76.801402224634));
#2222=CARTESIAN_POINT('Ctrl Pts',(-1.66161603011898,12.9643622017531,-76.9861509403193));
#2223=CARTESIAN_POINT('Ctrl Pts',(-1.36005844078128,12.9967763572986,-77.1707457171687));
#2224=CARTESIAN_POINT('Ctrl Pts',(-1.05614044788395,13.0294442305114,-77.3567853860845));
#2225=CARTESIAN_POINT('Ctrl Pts',(-0.751242684865362,13.0515492339508,-77.5426686968598));
#2226=CARTESIAN_POINT('Ctrl Pts',(-0.445945164962239,13.063135352131,-77.7285100080907));
#2227=CARTESIAN_POINT('Ctrl Pts',(-0.140254257735888,13.0747363994597,-77.9145907828324));
#2228=CARTESIAN_POINT('Ctrl Pts',(0.165838066579217,13.0757914460821,-78.100629449724));
#2229=CARTESIAN_POINT('Ctrl Pts',(0.471752983544549,13.0662926217966,-78.2867408099974));
#2230=CARTESIAN_POINT('Ctrl Pts',(0.774187964768264,13.0569018514055,-78.4707350601248));
#2231=CARTESIAN_POINT('Ctrl Pts',(1.07645014937711,13.0371958686365,-78.6548003591932));
#2232=CARTESIAN_POINT('Ctrl Pts',(1.37797447014321,13.0071169935737,-78.8390476350674));
#2233=CARTESIAN_POINT('Ctrl Pts',(1.60217188596392,12.984751945067,-78.9760440903385));
#2234=CARTESIAN_POINT('Ctrl Pts',(1.82596129623512,12.9566510987656,-79.1131411536169));
#2235=CARTESIAN_POINT('Ctrl Pts',(2.04910536429497,12.9227728342749,-79.2503844249626));
#2236=CARTESIAN_POINT('Ctrl Pts',(2.21646341533985,12.8973641359069,-79.353316878472));
#2237=CARTESIAN_POINT('Ctrl Pts',(2.38345838182166,12.8687053271943,-79.4563315740193));
#2238=CARTESIAN_POINT('Ctrl Pts',(2.5499877603119,12.8367731826936,-79.55944774913));
#2239=CARTESIAN_POINT('Ctrl Pts',(2.58303695808404,12.8304359719957,-79.5799120473555));
#2240=CARTESIAN_POINT('Ctrl Pts',(2.61606781079117,12.8239698228537,-79.600380342439));
#2241=CARTESIAN_POINT('Ctrl Pts',(2.64907950567079,12.8173745308854,-79.6208527847498));
#2242=CARTESIAN_POINT('Ctrl Pts',(2.68015860861191,12.8111653447544,-79.6401267161354));
#2243=CARTESIAN_POINT('Ctrl Pts',(2.71122233293271,12.8048413273138,-79.6594053225285));
#2244=CARTESIAN_POINT('Ctrl Pts',(2.74225166857743,12.7984062060381,-79.6786773329084));
#2245=CARTESIAN_POINT('Ctrl Pts',(3.0432125805123,12.7359904331152,-79.8656011486543));
#2246=CARTESIAN_POINT('Ctrl Pts',(3.34131914650285,12.6630522031958,-80.0521405798984));
#2247=CARTESIAN_POINT('Ctrl Pts',(3.63600371057472,12.5796554333293,-80.238409619434));
#2248=CARTESIAN_POINT('Ctrl Pts',(3.76649744064262,12.5427252479639,-80.3208942308751));
#2249=CARTESIAN_POINT('Ctrl Pts',(3.89632017429121,12.5037435186839,-80.4033258200989));
#2250=CARTESIAN_POINT('Ctrl Pts',(4.0254225785517,12.4627125330547,-80.4857142857144));
#2251=CARTESIAN_POINT('Ctrl Pts',(4.31376941216926,12.3710709028763,-80.6697267626539));
#2252=CARTESIAN_POINT('Ctrl Pts',(4.59852377653122,12.2692103278697,-80.8535241215664));
#2253=CARTESIAN_POINT('Ctrl Pts',(4.87927270487338,12.1575333757252,-81.0372166475257));
#2254=CARTESIAN_POINT('Ctrl Pts',(5.16258822689167,12.044835478066,-81.222588482034));
#2255=CARTESIAN_POINT('Ctrl Pts',(5.44182526034127,11.9221406302628,-81.4078535580717));
#2256=CARTESIAN_POINT('Ctrl Pts',(5.71654378424113,11.7898111306341,-81.5931252131113));
#2257=CARTESIAN_POINT('Ctrl Pts',(5.99211531385331,11.6570707456473,-81.7789721398065));
#2258=CARTESIAN_POINT('Ctrl Pts',(6.26314075210502,11.5146354616571,-81.9648256864229));
#2259=CARTESIAN_POINT('Ctrl Pts',(6.52915250038983,11.3628240219816,-82.1508002494588));
#2260=CARTESIAN_POINT('Ctrl Pts',(6.79423368809754,11.2115436481024,-82.3361242374814));
#2261=CARTESIAN_POINT('Ctrl Pts',(7.05433669822228,11.0509522416064,-82.5215683967268));
#2262=CARTESIAN_POINT('Ctrl Pts',(7.30896797601157,10.8813238712038,-82.7072459273449));
#2263=CARTESIAN_POINT('Ctrl Pts',(7.54712548339651,10.7226698746186,-82.8809107585209));
#2264=CARTESIAN_POINT('Ctrl Pts',(7.78049642474704,10.5561098151966,-83.0547797412247));
#2265=CARTESIAN_POINT('Ctrl Pts',(8.00864656738771,10.3818391461499,-83.228945495415));
#2266=CARTESIAN_POINT('Ctrl Pts',(8.02825848843656,10.3668587364823,-83.2439168865395));
#2267=CARTESIAN_POINT('Ctrl Pts',(8.04783254354632,10.3518207700284,-83.2588910316926));
#2268=CARTESIAN_POINT('Ctrl Pts',(8.06736617028969,10.3367271208672,-83.273866245332));
#2269=CARTESIAN_POINT('Ctrl Pts',(8.30999866164072,10.1492447988346,-83.4598774475315));
#2270=CARTESIAN_POINT('Ctrl Pts',(8.54567634801586,9.95373182651695,-83.6455020620887));
#2271=CARTESIAN_POINT('Ctrl Pts',(8.7739893451163,9.75058336057715,-83.8308523443363));
#2272=CARTESIAN_POINT('Ctrl Pts',(9.00353768724372,9.54633570865002,-84.0172055110117));
#2273=CARTESIAN_POINT('Ctrl Pts',(9.22564194789249,9.33436938268949,-84.2032813686579));
#2274=CARTESIAN_POINT('Ctrl Pts',(9.43986111515152,9.11503944202477,-84.389194004642));
#2275=CARTESIAN_POINT('Ctrl Pts',(9.59406898678744,8.95715252756841,-84.523025128496));
#2276=CARTESIAN_POINT('Ctrl Pts',(9.74419032484217,8.79544881102091,-84.6567716710749));
#2277=CARTESIAN_POINT('Ctrl Pts',(9.89005054570119,8.630047390892,-84.7904761904762));
#2278=CARTESIAN_POINT('Ctrl Pts',(10.0919481941821,8.4011010916011,-84.975548089445));
#2279=CARTESIAN_POINT('Ctrl Pts',(10.2856834684353,8.16507131007234,-85.160539473251));
#2280=CARTESIAN_POINT('Ctrl Pts',(10.470975512053,7.92245537307285,-85.3455632084802));
#2281=CARTESIAN_POINT('Ctrl Pts',(10.6560899512619,7.68007198604807,-85.530409596477));
#2282=CARTESIAN_POINT('Ctrl Pts',(10.8327776626188,7.43111454427506,-85.7152882739084));
#2283=CARTESIAN_POINT('Ctrl Pts',(11.0007160028168,7.17604922517197,-85.9003117831197));
#2284=CARTESIAN_POINT('Ctrl Pts',(11.1580881337134,6.93703190049369,-86.0736941321187));
#2285=CARTESIAN_POINT('Ctrl Pts',(11.307777079229,6.69265049515031,-86.2472036614063));
#2286=CARTESIAN_POINT('Ctrl Pts',(11.4494794680134,6.44327095012995,-86.4209329792732));
#2287=CARTESIAN_POINT('Ctrl Pts',(11.5203306624057,6.31858117761976,-86.5077976382066));
#2288=CARTESIAN_POINT('Ctrl Pts',(11.5891846207836,6.19264163950993,-86.5947172442849));
#2289=CARTESIAN_POINT('Ctrl Pts',(11.6559996793359,6.06549692899259,-86.6817033735443));
#2290=CARTESIAN_POINT('Ctrl Pts',(11.6894072086121,6.00192457373392,-86.725196438174));
#2291=CARTESIAN_POINT('Ctrl Pts',(11.7223049726389,5.93805091530146,-86.7687061335989));
#2292=CARTESIAN_POINT('Ctrl Pts',(11.7546875165176,5.87388147478336,-86.8122339068237));
#2293=CARTESIAN_POINT('Ctrl Pts',(11.773667938538,5.83626975822387,-86.8377468964303));
#2294=CARTESIAN_POINT('Ctrl Pts',(11.7924713536027,5.79855642515724,-86.8632660966629));
#2295=CARTESIAN_POINT('Ctrl Pts',(11.8110966362734,5.76074258271703,-86.888791798898));
#2296=CARTESIAN_POINT('Ctrl Pts',(11.8228093320309,5.73696296875051,-86.9048438926871));
#2297=CARTESIAN_POINT('Ctrl Pts',(11.8344496085562,5.71314758352643,-86.9208958694138));
#2298=CARTESIAN_POINT('Ctrl Pts',(11.8460144102903,5.68930269467259,-86.9369438041707));
#2299=CARTESIAN_POINT('Ctrl Pts',(11.8474349059297,5.6863738454438,-86.9389149595669));
#2300=CARTESIAN_POINT('Ctrl Pts',(11.8488542763441,5.68344452378689,-86.9408860724178));
#2301=CARTESIAN_POINT('Ctrl Pts',(11.8502725212792,5.68051473034428,-86.9428571428572));
#2302=CARTESIAN_POINT('Ctrl Pts',(11.9820086122097,5.40837588760048,-87.1259433702087));
#2303=CARTESIAN_POINT('Ctrl Pts',(12.1040375509291,5.1321693530767,-87.30866367296));
#2304=CARTESIAN_POINT('Ctrl Pts',(12.2163334282558,4.85246315681228,-87.4911252008478));
#2305=CARTESIAN_POINT('Ctrl Pts',(12.3299911467621,4.56936489108518,-87.6757994869266));
#2306=CARTESIAN_POINT('Ctrl Pts',(12.4336785271929,4.28268105573411,-87.8602086836242));
#2307=CARTESIAN_POINT('Ctrl Pts',(12.5273247263236,3.99297016216087,-88.0444638864419));
#2308=CARTESIAN_POINT('Ctrl Pts',(12.621710210035,3.70097216245296,-88.230173681455));
#2309=CARTESIAN_POINT('Ctrl Pts',(12.7058955618821,3.40589856355612,-88.4157270415991));
#2310=CARTESIAN_POINT('Ctrl Pts',(12.7797605508668,3.10829861325005,-88.6012377143126));
#2311=CARTESIAN_POINT('Ctrl Pts',(12.8534692783255,2.81132823621023,-88.7863559388418));
#2312=CARTESIAN_POINT('Ctrl Pts',(12.9169014067485,2.51184159531517,-88.9714316563601));
#2313=CARTESIAN_POINT('Ctrl Pts',(12.969887583039,2.21037073017719,-89.1565778939331));
#2314=CARTESIAN_POINT('Ctrl Pts',(13.0222014923473,1.91272480435201,-89.3393750715982));
#2315=CARTESIAN_POINT('Ctrl Pts',(13.0643328936746,1.61314411695582,-89.5222409912107));
#2316=CARTESIAN_POINT('Ctrl Pts',(13.096068757764,1.31213593289331,-89.7052844320652));
#2317=CARTESIAN_POINT('Ctrl Pts',(13.1229826347187,1.05686331118762,-89.8605160221247));
#2318=CARTESIAN_POINT('Ctrl Pts',(13.1424192243182,0.800563768800866,-90.0158752861056));
#2319=CARTESIAN_POINT('Ctrl Pts',(13.1542192190016,0.543548469871251,-90.1714285714286));
#2320=CARTESIAN_POINT('Ctrl Pts',(13.1625196330824,0.362757421784591,-90.2808486783404));
#2321=CARTESIAN_POINT('Ctrl Pts',(13.1670407740992,0.181612238529473,-90.3903647883834));
#2322=CARTESIAN_POINT('Ctrl Pts',(13.1677852610576,0.000228395463077727,
-90.4999999944261));
#2323=CARTESIAN_POINT('Origin',(0.,0.,-203.4));
#2324=CARTESIAN_POINT('',(13.8803670282087,-0.000164630166469855,-187.5));
#2325=CARTESIAN_POINT('',(13.5357257702712,-2.44049333917263E-6,-140.5));
#2326=CARTESIAN_POINT('',(14.,-1.7145055188063E-15,-203.4));
#2327=CARTESIAN_POINT('Ctrl Pts',(13.8803670282087,-0.000164630166470574,
-187.5));
#2328=CARTESIAN_POINT('Ctrl Pts',(13.8784625407705,0.319090143688696,-187.317035289569));
#2329=CARTESIAN_POINT('Ctrl Pts',(13.8656654279245,0.637954975330748,-187.134247164713));
#2330=CARTESIAN_POINT('Ctrl Pts',(13.8421134816648,0.955864948480548,-186.951526989272));
#2331=CARTESIAN_POINT('Ctrl Pts',(13.8184654343228,1.27507211771678,-186.768061244593));
#2332=CARTESIAN_POINT('Ctrl Pts',(13.7839745539823,1.59331722715785,-186.584664004981));
#2333=CARTESIAN_POINT('Ctrl Pts',(13.738727777714,1.91002867956932,-186.401225299011));
#2334=CARTESIAN_POINT('Ctrl Pts',(13.6935893144153,2.22598197945076,-186.218225713628));
#2335=CARTESIAN_POINT('Ctrl Pts',(13.6377462910482,2.54040955760391,-186.035184860176));
#2336=CARTESIAN_POINT('Ctrl Pts',(13.5712340461954,2.85273511451795,-185.851993555098));
#2337=CARTESIAN_POINT('Ctrl Pts',(13.5056792557003,3.16056469529759,-185.671439318032));
#2338=CARTESIAN_POINT('Ctrl Pts',(13.4297600235387,3.4663528729137,-185.490738929715));
#2339=CARTESIAN_POINT('Ctrl Pts',(13.3434628169467,3.76953093740755,-185.309787854183));
#2340=CARTESIAN_POINT('Ctrl Pts',(13.2926304462543,3.94811446715017,-185.203200717566));
#2341=CARTESIAN_POINT('Ctrl Pts',(13.2381963857754,4.12579201591735,-185.096526600943));
#2342=CARTESIAN_POINT('Ctrl Pts',(13.1801503614459,4.30244340341012,-184.989744139623));
#2343=CARTESIAN_POINT('Ctrl Pts',(13.1353852799264,4.43867691557542,-184.907393528344));
#2344=CARTESIAN_POINT('Ctrl Pts',(13.0884718741433,4.57430006338781,-184.824978479153));
#2345=CARTESIAN_POINT('Ctrl Pts',(13.03940319677,4.70925625096207,-184.742489192699));
#2346=CARTESIAN_POINT('Ctrl Pts',(13.0292471786679,4.73718888655284,-184.725415924551));
#2347=CARTESIAN_POINT('Ctrl Pts',(13.0189984547407,4.76509386692749,-184.708338905891));
#2348=CARTESIAN_POINT('Ctrl Pts',(13.0086622649278,4.79295658975121,-184.691266702044));
#2349=CARTESIAN_POINT('Ctrl Pts',(12.89724368672,5.09330178640411,-184.507237508129));
#2350=CARTESIAN_POINT('Ctrl Pts',(12.7755299960349,5.38911514318426,-184.323537047508));
#2351=CARTESIAN_POINT('Ctrl Pts',(12.6436449116859,5.67984865106936,-184.140056034469));
#2352=CARTESIAN_POINT('Ctrl Pts',(12.6169271605171,5.73874648290868,-184.102885795887));
#2353=CARTESIAN_POINT('Ctrl Pts',(12.5897918049006,5.79743581411226,-184.065724563457));
#2354=CARTESIAN_POINT('Ctrl Pts',(12.5622396166371,5.85591204509025,-184.028571428571));
#2355=CARTESIAN_POINT('Ctrl Pts',(12.4289141713723,6.1388793890269,-183.848786861035));
#2356=CARTESIAN_POINT('Ctrl Pts',(12.2858321496811,6.41685810606874,-183.669191906113));
#2357=CARTESIAN_POINT('Ctrl Pts',(12.133459240149,6.6894948024987,-183.489683608938));
#2358=CARTESIAN_POINT('Ctrl Pts',(11.9782944464244,6.96712694126402,-183.306886233811));
#2359=CARTESIAN_POINT('Ctrl Pts',(11.81349490844,7.23922000242879,-183.124178721133));
#2360=CARTESIAN_POINT('Ctrl Pts',(11.6395028698428,7.50537922735434,-182.941452352476));
#2361=CARTESIAN_POINT('Ctrl Pts',(11.4648737678542,7.77251298134355,-182.758056940103));
#2362=CARTESIAN_POINT('Ctrl Pts',(11.2809843297237,8.03366983734128,-182.574642533418));
#2363=CARTESIAN_POINT('Ctrl Pts',(11.0882374684682,8.28842188650009,-182.391099215412));
#2364=CARTESIAN_POINT('Ctrl Pts',(10.8960632882322,8.5424170275448,-182.208101233262));
#2365=CARTESIAN_POINT('Ctrl Pts',(10.6950838077184,8.79004580503687,-182.024975104685));
#2366=CARTESIAN_POINT('Ctrl Pts',(10.4856607789739,9.03084876082963,-181.841611889507));
#2367=CARTESIAN_POINT('Ctrl Pts',(10.2781675455365,9.26943276096698,-181.65993833317));
#2368=CARTESIAN_POINT('Ctrl Pts',(10.0623852161898,9.50131654573591,-181.478032039521));
#2369=CARTESIAN_POINT('Ctrl Pts',(9.83863524689601,9.72601238379056,-181.29578705231));
#2370=CARTESIAN_POINT('Ctrl Pts',(9.79636869399539,9.76845761207667,-181.261360824601));
#2371=CARTESIAN_POINT('Ctrl Pts',(9.75381775072082,9.81064622122246,-181.226922511114));
#2372=CARTESIAN_POINT('Ctrl Pts',(9.71098448046353,9.8525747401143,-181.192471397634));
#2373=CARTESIAN_POINT('Ctrl Pts',(9.69016280018831,9.87295661171867,-181.175724367447));
#2374=CARTESIAN_POINT('Ctrl Pts',(9.66927274160413,9.89327862836716,-181.15897298364));
#2375=CARTESIAN_POINT('Ctrl Pts',(9.64831998874367,9.91353512312317,-181.142221518832));
#2376=CARTESIAN_POINT('Ctrl Pts',(9.41843711157338,10.1357790128358,-180.958433023232));
#2377=CARTESIAN_POINT('Ctrl Pts',(9.18144088278139,10.3497253414027,-180.774977195139));
#2378=CARTESIAN_POINT('Ctrl Pts',(8.93778984021865,10.5550078589406,-180.591745229706));
#2379=CARTESIAN_POINT('Ctrl Pts',(8.69337161179244,10.7609367510798,-180.40793632041));
#2380=CARTESIAN_POINT('Ctrl Pts',(8.44225617486826,10.9581476432565,-180.224352685749));
#2381=CARTESIAN_POINT('Ctrl Pts',(8.18486438352403,11.1462392813365,-180.040884489853));
#2382=CARTESIAN_POINT('Ctrl Pts',(7.92863406019049,11.3334821649961,-179.858244185317));
#2383=CARTESIAN_POINT('Ctrl Pts',(7.6661834459123,11.511688318218,-179.675718280072));
#2384=CARTESIAN_POINT('Ctrl Pts',(7.39789274734974,11.6804242811723,-179.493198418434));
#2385=CARTESIAN_POINT('Ctrl Pts',(7.24723970136984,11.7751744418062,-179.390708196988));
#2386=CARTESIAN_POINT('Ctrl Pts',(7.09474459756817,11.8669377978808,-179.288219881181));
#2387=CARTESIAN_POINT('Ctrl Pts',(6.94047068677257,11.9556316264456,-179.185714285714));
#2388=CARTESIAN_POINT('Ctrl Pts',(6.66535690543968,12.1137976730021,-179.00291797342));
#2389=CARTESIAN_POINT('Ctrl Pts',(6.38458741912953,12.2622051103093,-178.820066710212));
#2390=CARTESIAN_POINT('Ctrl Pts',(6.09872746795778,12.4007474074964,-178.637051696271));
#2391=CARTESIAN_POINT('Ctrl Pts',(5.81979964817693,12.5359300406126,-178.458474814073));
#2392=CARTESIAN_POINT('Ctrl Pts',(5.53602465582971,12.6617201359481,-178.279742026789));
#2393=CARTESIAN_POINT('Ctrl Pts',(5.24791299324193,12.7779736358773,-178.100752259424));
#2394=CARTESIAN_POINT('Ctrl Pts',(4.99581528847761,12.8796954483153,-177.94413621298));
#2395=CARTESIAN_POINT('Ctrl Pts',(4.74039688766009,12.9741151951832,-177.787323416163));
#2396=CARTESIAN_POINT('Ctrl Pts',(4.48199550918333,13.0611072186523,-177.630246156622));
#2397=CARTESIAN_POINT('Ctrl Pts',(4.45436612340851,13.070408779619,-177.613450781048));
#2398=CARTESIAN_POINT('Ctrl Pts',(4.42670263249958,13.0796253946179,-177.596652381924));
#2399=CARTESIAN_POINT('Ctrl Pts',(4.3990054487196,13.088756891081,-177.579850876474));
#2400=CARTESIAN_POINT('Ctrl Pts',(4.37045682967426,13.0981690976037,-177.562532878287));
#2401=CARTESIAN_POINT('Ctrl Pts',(4.34187894190378,13.1074887066196,-177.54521554178));
#2402=CARTESIAN_POINT('Ctrl Pts',(4.31327787088532,13.1167138875522,-177.527902155026));
#2403=CARTESIAN_POINT('Ctrl Pts',(4.01240119108238,13.2137606662476,-177.345769313945));
#2404=CARTESIAN_POINT('Ctrl Pts',(3.70876716951675,13.300425297885,-177.163955822803));
#2405=CARTESIAN_POINT('Ctrl Pts',(3.40296006198659,13.3766924696536,-176.982355710664));
#2406=CARTESIAN_POINT('Ctrl Pts',(3.09419499608567,13.4536973453983,-176.798999048208));
#2407=CARTESIAN_POINT('Ctrl Pts',(2.78321404041577,13.5201028295413,-176.61585991259));
#2408=CARTESIAN_POINT('Ctrl Pts',(2.47059474805267,13.5758456453771,-176.432829227983));
#2409=CARTESIAN_POINT('Ctrl Pts',(2.1571082010704,13.6317431004681,-176.249290787742));
#2410=CARTESIAN_POINT('Ctrl Pts',(1.84197361739659,13.6769187861002,-176.065861401067));
#2411=CARTESIAN_POINT('Ctrl Pts',(1.52575831684144,13.7112589901687,-175.882431081827));
#2412=CARTESIAN_POINT('Ctrl Pts',(1.21113590331906,13.7454262106222,-175.699924765241));
#2413=CARTESIAN_POINT('Ctrl Pts',(0.895443037018048,13.7688669213008,-175.517417525462));
#2414=CARTESIAN_POINT('Ctrl Pts',(0.57923257865016,13.7814182121548,-175.334801030119));
#2415=CARTESIAN_POINT('Ctrl Pts',(0.268216437765687,13.7937633258006,-175.155184334528));
#2416=CARTESIAN_POINT('Ctrl Pts',(-0.043300976585101,13.7955738260191,-174.975461943323));
#2417=CARTESIAN_POINT('Ctrl Pts',(-0.354790908972157,13.7866449510641,-174.795530775571));
#2418=CARTESIAN_POINT('Ctrl Pts',(-0.615719403404962,13.7791654223323,-174.64480626148));
#2419=CARTESIAN_POINT('Ctrl Pts',(-0.876628727680434,13.7641491931393,-174.493935247702));
#2420=CARTESIAN_POINT('Ctrl Pts',(-1.13720243418011,13.7414482592835,-174.342857142857));
#2421=CARTESIAN_POINT('Ctrl Pts',(-1.31131541612706,13.7262797016431,-174.24190812657));
#2422=CARTESIAN_POINT('Ctrl Pts',(-1.48527843206059,13.7076794879482,-174.140866648452));
#2423=CARTESIAN_POINT('Ctrl Pts',(-1.65900088337963,13.6856741931906,-174.039714632079));
#2424=CARTESIAN_POINT('Ctrl Pts',(-1.68634116106938,13.6822110203839,-174.023795421894));
#2425=CARTESIAN_POINT('Ctrl Pts',(-1.71367738467942,13.6786632467098,-174.007872361868));
#2426=CARTESIAN_POINT('Ctrl Pts',(-1.74100300924945,13.6750317912219,-173.991948987258));
#2427=CARTESIAN_POINT('Ctrl Pts',(-2.06314232645787,13.63222089084,-173.804229763806));
#2428=CARTESIAN_POINT('Ctrl Pts',(-2.38313681825725,13.5778762876666,-173.616858104745));
#2429=CARTESIAN_POINT('Ctrl Pts',(-2.70044060520015,13.5123915001535,-173.429718079109));
#2430=CARTESIAN_POINT('Ctrl Pts',(-3.00972394048473,13.4485619641507,-173.247308370572));
#2431=CARTESIAN_POINT('Ctrl Pts',(-3.3164514542721,13.3741477983758,-173.065118733513));
#2432=CARTESIAN_POINT('Ctrl Pts',(-3.62011837235321,13.2894576422787,-172.883041807748));
#2433=CARTESIAN_POINT('Ctrl Pts',(-3.92618465857104,13.2040983225356,-172.699526234742));
#2434=CARTESIAN_POINT('Ctrl Pts',(-4.22914236519915,13.1082998034161,-172.516125161203));
#2435=CARTESIAN_POINT('Ctrl Pts',(-4.52846686020088,13.0023253556087,-172.332728661927));
#2436=CARTESIAN_POINT('Ctrl Pts',(-4.82825932006438,12.8961852270146,-172.149045439985));
#2437=CARTESIAN_POINT('Ctrl Pts',(-5.12440777517618,12.7798370979373,-171.96536680662));
#2438=CARTESIAN_POINT('Ctrl Pts',(-5.41636869765117,12.6534959366513,-171.78158232025));
#2439=CARTESIAN_POINT('Ctrl Pts',(-5.71745739904333,12.5232048831038,-171.592052050692));
#2440=CARTESIAN_POINT('Ctrl Pts',(-6.01409342440081,12.3822861912029,-171.402409205953));
#2441=CARTESIAN_POINT('Ctrl Pts',(-6.30565264567222,12.2309244038786,-171.212532658796));
#2442=CARTESIAN_POINT('Ctrl Pts',(-6.52432206162576,12.1174030633854,-171.070125248428));
#2443=CARTESIAN_POINT('Ctrl Pts',(-6.74013525849061,11.998006391161,-170.92758638045));
#2444=CARTESIAN_POINT('Ctrl Pts',(-6.9528149930967,11.8727943967443,-170.784864954308));
#2445=CARTESIAN_POINT('Ctrl Pts',(-7.11232479405127,11.7788854009318,-170.677823884702));
#2446=CARTESIAN_POINT('Ctrl Pts',(-7.27007178811963,11.6817049691516,-170.570680126128));
#2447=CARTESIAN_POINT('Ctrl Pts',(-7.42593367475282,11.5812731228228,-170.463412120541));
#2448=CARTESIAN_POINT('Ctrl Pts',(-7.45015241454532,11.5656674298233,-170.446744184772));
#2449=CARTESIAN_POINT('Ctrl Pts',(-7.47432740187257,11.5499820640149,-170.430072023495));
#2450=CARTESIAN_POINT('Ctrl Pts',(-7.49845241490386,11.5342208528271,-170.413399532209));
#2451=CARTESIAN_POINT('Ctrl Pts',(-7.76530381532389,11.3598830701982,-170.228981905478));
#2452=CARTESIAN_POINT('Ctrl Pts',(-8.02549925114431,11.1766265608845,-170.044899808087));
#2453=CARTESIAN_POINT('Ctrl Pts',(-8.27853689981039,10.9847270960085,-169.861043319781));
#2454=CARTESIAN_POINT('Ctrl Pts',(-8.44428795563288,10.8590243040223,-169.740609039677));
#2455=CARTESIAN_POINT('Ctrl Pts',(-8.60696743427712,10.7296119181381,-169.620271564821));
#2456=CARTESIAN_POINT('Ctrl Pts',(-8.76642948410167,10.596556323618,-169.5));
#2457=CARTESIAN_POINT('Ctrl Pts',(-9.00616816616879,10.3965176755071,-169.319181137631));
#2458=CARTESIAN_POINT('Ctrl Pts',(-9.23863623821529,10.188246362153,-169.138511250156));
#2459=CARTESIAN_POINT('Ctrl Pts',(-9.46359903963805,9.97227014504964,-168.957885351059));
#2460=CARTESIAN_POINT('Ctrl Pts',(-9.69203307045112,9.75296136368378,-168.774472351493));
#2461=CARTESIAN_POINT('Ctrl Pts',(-9.9127288339898,9.52570765835926,-168.591104708281));
#2462=CARTESIAN_POINT('Ctrl Pts',(-10.1254057384395,9.29102087315766,-168.407672499633));
#2463=CARTESIAN_POINT('Ctrl Pts',(-10.3384199620851,9.0559618596793,-168.22394935575));
#2464=CARTESIAN_POINT('Ctrl Pts',(-10.5433902145416,8.81344565935732,-168.040161441459));
#2465=CARTESIAN_POINT('Ctrl Pts',(-10.7399942648002,8.56395309048906,-167.856198311111));
#2466=CARTESIAN_POINT('Ctrl Pts',(-10.9356221901413,8.31569923421524,-167.673148544425));
#2467=CARTESIAN_POINT('Ctrl Pts',(-11.1229670840333,8.06053758388161,-167.489925297233));
#2468=CARTESIAN_POINT('Ctrl Pts',(-11.3016668546596,7.79891653046847,-167.306419760794));
#2469=CARTESIAN_POINT('Ctrl Pts',(-11.4092333144062,7.64143647096873,-167.195960520531));
#2470=CARTESIAN_POINT('Ctrl Pts',(-11.5136664964137,7.48161551654893,-167.08539899806));
#2471=CARTESIAN_POINT('Ctrl Pts',(-11.6148788609025,7.31954821541208,-166.974711462033));
#2472=CARTESIAN_POINT('Ctrl Pts',(-11.655639925804,7.25427915650392,-166.930134479146));
#2473=CARTESIAN_POINT('Ctrl Pts',(-11.6958785303913,7.18864573979837,-166.885537058128));
#2474=CARTESIAN_POINT('Ctrl Pts',(-11.7355886423541,7.12265405715359,-166.840917648884));
#2475=CARTESIAN_POINT('Ctrl Pts',(-11.7495838868213,7.0993962599387,-166.825192194851));
#2476=CARTESIAN_POINT('Ctrl Pts',(-11.7635092179898,7.07610104953495,-166.809468802437));
#2477=CARTESIAN_POINT('Ctrl Pts',(-11.7773639838479,7.0527696306056,-166.793747985256));
#2478=CARTESIAN_POINT('Ctrl Pts',(-11.9396526497176,6.77947559664766,-166.609601210581));
#2479=CARTESIAN_POINT('Ctrl Pts',(-12.0922857755962,6.50117763962753,-166.425781428847));
#2480=CARTESIAN_POINT('Ctrl Pts',(-12.2350276323035,6.21840799579386,-166.242179119981));
#2481=CARTESIAN_POINT('Ctrl Pts',(-12.3782050490816,5.93477551348421,-166.058016570156));
#2482=CARTESIAN_POINT('Ctrl Pts',(-12.5114310749808,5.64664349400793,-165.87407282241));
#2483=CARTESIAN_POINT('Ctrl Pts',(-12.6344271169458,5.35451567971052,-165.690237351046));
#2484=CARTESIAN_POINT('Ctrl Pts',(-12.7567710399109,5.06393671279945,-165.507376566362));
#2485=CARTESIAN_POINT('Ctrl Pts',(-12.8689934440693,4.76940366996295,-165.324622912952));
#2486=CARTESIAN_POINT('Ctrl Pts',(-12.9707754675219,4.47138732985758,-165.14186761382));
#2487=CARTESIAN_POINT('Ctrl Pts',(-13.0607468241852,4.20795245680664,-164.980319025547));
#2488=CARTESIAN_POINT('Ctrl Pts',(-13.1425597086872,3.94179519860091,-164.818769151328));
#2489=CARTESIAN_POINT('Ctrl Pts',(-13.2159619084532,3.67322932364768,-164.657142857143));
#2490=CARTESIAN_POINT('Ctrl Pts',(-13.2992798506391,3.36838347279071,-164.473682820828));
#2491=CARTESIAN_POINT('Ctrl Pts',(-13.3717621886337,3.0604339609919,-164.290124323169));
#2492=CARTESIAN_POINT('Ctrl Pts',(-13.4334309688526,2.74995950597516,-164.106357482557));
#2493=CARTESIAN_POINT('Ctrl Pts',(-13.4933610773696,2.44823847768709,-163.927771710947));
#2494=CARTESIAN_POINT('Ctrl Pts',(-13.543078547979,2.14413231058698,-163.748989178696));
#2495=CARTESIAN_POINT('Ctrl Pts',(-13.5825567113672,1.838171374365,-163.569909038542));
#2496=CARTESIAN_POINT('Ctrl Pts',(-13.5998284078496,1.70431346476787,-163.491561477224));
#2497=CARTESIAN_POINT('Ctrl Pts',(-13.6151396411821,1.57010058004009,-163.413156951894));
#2498=CARTESIAN_POINT('Ctrl Pts',(-13.6284853976426,1.43557749612646,-163.334687017577));
#2499=CARTESIAN_POINT('Ctrl Pts',(-13.6327147167393,1.39294663818845,-163.309819608022));
#2500=CARTESIAN_POINT('Ctrl Pts',(-13.6367466343155,1.35028463015912,-163.284945629578));
#2501=CARTESIAN_POINT('Ctrl Pts',(-13.6405809553227,1.30759290493141,-163.260064813475));
#2502=CARTESIAN_POINT('Ctrl Pts',(-13.6430059176215,1.28059312480103,-163.24432929188));
#2503=CARTESIAN_POINT('Ctrl Pts',(-13.645351154637,1.25358911395371,-163.228595497039));
#2504=CARTESIAN_POINT('Ctrl Pts',(-13.6476166034067,1.22658311001905,-163.212864445534));
#2505=CARTESIAN_POINT('Ctrl Pts',(-13.6738622815434,0.913713140724252,-163.030617060356));
#2506=CARTESIAN_POINT('Ctrl Pts',(-13.6894105524144,0.600495392773685,-162.848690251564));
#2507=CARTESIAN_POINT('Ctrl Pts',(-13.6943963383259,0.287504701888631,-162.666977856146));
#2508=CARTESIAN_POINT('Ctrl Pts',(-13.6994336083396,-0.0287179859180724,
-162.483389066575));
#2509=CARTESIAN_POINT('Ctrl Pts',(-13.6936891690268,-0.344709493038716,
-162.300019141382));
#2510=CARTESIAN_POINT('Ctrl Pts',(-13.677250307333,-0.65988958087858,-162.116758594705));
#2511=CARTESIAN_POINT('Ctrl Pts',(-13.6600559155525,-0.989555345619631,
-161.925075393265));
#2512=CARTESIAN_POINT('Ctrl Pts',(-13.6311618789195,-1.31833408092814,-161.733511855457));
#2513=CARTESIAN_POINT('Ctrl Pts',(-13.5906078019419,-1.64556568351828,-161.54194269507));
#2514=CARTESIAN_POINT('Ctrl Pts',(-13.5519011139242,-1.95789067017788,-161.359100222067));
#2515=CARTESIAN_POINT('Ctrl Pts',(-13.5025720654366,-2.26880686969626,-161.176252627077));
#2516=CARTESIAN_POINT('Ctrl Pts',(-13.4426032064118,-2.57773421454499,-160.99329097753));
#2517=CARTESIAN_POINT('Ctrl Pts',(-13.383195093784,-2.88377289520455,-160.812040134015));
#2518=CARTESIAN_POINT('Ctrl Pts',(-13.3133451264201,-3.18786030640625,-160.630677358935));
#2519=CARTESIAN_POINT('Ctrl Pts',(-13.2329876047572,-3.48941781017687,-160.449096746999));
#2520=CARTESIAN_POINT('Ctrl Pts',(-13.1540989736839,-3.785463011299,-160.270835327176));
#2521=CARTESIAN_POINT('Ctrl Pts',(-13.0650832758368,-4.07907043274945,-160.092363961583));
#2522=CARTESIAN_POINT('Ctrl Pts',(-12.9658330179781,-4.36967070437572,-159.913582447083));
#2523=CARTESIAN_POINT('Ctrl Pts',(-12.9474642282715,-4.4234536908722,-159.880494371403));
#2524=CARTESIAN_POINT('Ctrl Pts',(-12.9287447511156,-4.47713360080204,-159.847395672212));
#2525=CARTESIAN_POINT('Ctrl Pts',(-12.9096737364682,-4.53070672016436,-159.814285714286));
#2526=CARTESIAN_POINT('Ctrl Pts',(-12.8850995946088,-4.59973888543671,-159.77162155519));
#2527=CARTESIAN_POINT('Ctrl Pts',(-12.8599417671433,-4.6685937398781,-159.728938702243));
#2528=CARTESIAN_POINT('Ctrl Pts',(-12.8342038453867,-4.73726534507162,-159.686235796377));
#2529=CARTESIAN_POINT('Ctrl Pts',(-12.8256595022442,-4.76006259204725,-159.672059504897));
#2530=CARTESIAN_POINT('Ctrl Pts',(-12.8170515957807,-4.78283861616864,-159.657881638403));
#2531=CARTESIAN_POINT('Ctrl Pts',(-12.8083833281854,-4.80558531331367,-159.643707074846));
#2532=CARTESIAN_POINT('Ctrl Pts',(-12.6991134818194,-5.09232405032585,-159.4650263448));
#2533=CARTESIAN_POINT('Ctrl Pts',(-12.5801277651866,-5.37474744976077,-159.286656508515));
#2534=CARTESIAN_POINT('Ctrl Pts',(-12.4518781879055,-5.65249835811222,-159.108497543669));
#2535=CARTESIAN_POINT('Ctrl Pts',(-12.3205324987226,-5.93695453529431,-158.926037589273));
#2536=CARTESIAN_POINT('Ctrl Pts',(-12.1794701030338,-6.21651038876303,-158.743798810635));
#2537=CARTESIAN_POINT('Ctrl Pts',(-12.0291232029405,-6.49077009531579,-158.561673765138));
#2538=CARTESIAN_POINT('Ctrl Pts',(-11.8774365668837,-6.76747372051244,-158.377925809735));
#2539=CARTESIAN_POINT('Ctrl Pts',(-11.7162989100797,-7.03878689128608,-158.194293623448));
#2540=CARTESIAN_POINT('Ctrl Pts',(-11.5461042591591,-7.30428335025583,-158.010666865737));
#2541=CARTESIAN_POINT('Ctrl Pts',(-11.3754342566424,-7.57052133761574,-157.826527240718));
#2542=CARTESIAN_POINT('Ctrl Pts',(-11.1956562357581,-7.8309105732244,-157.642393074641));
#2543=CARTESIAN_POINT('Ctrl Pts',(-11.0071227942401,-8.08499394015718,-157.458153099842));
#2544=CARTESIAN_POINT('Ctrl Pts',(-10.8192999613742,-8.33811963169049,-157.274607551024));
#2545=CARTESIAN_POINT('Ctrl Pts',(-10.6227871893172,-8.5849873655093,-157.090956989597));
#2546=CARTESIAN_POINT('Ctrl Pts',(-10.4178944963147,-8.8251109812866,-156.90709140131));
#2547=CARTESIAN_POINT('Ctrl Pts',(-10.2384988911091,-9.03535333178371,-156.746106263169));
#2548=CARTESIAN_POINT('Ctrl Pts',(-10.0526784856355,-9.24042531742478,-156.584956284737));
#2549=CARTESIAN_POINT('Ctrl Pts',(-9.8606204408115,-9.4399746969016,-156.423567623764));
#2550=CARTESIAN_POINT('Ctrl Pts',(-9.7885986740025,-9.51480571420542,-156.363046875899));
#2551=CARTESIAN_POINT('Ctrl Pts',(-9.71569955801088,-9.58885984996577,-156.302492563302));
#2552=CARTESIAN_POINT('Ctrl Pts',(-9.64193234114762,-9.66211753214302,-156.241900791947));
#2553=CARTESIAN_POINT('Ctrl Pts',(-9.5812459417367,-9.72238475042195,-156.192053494003));
#2554=CARTESIAN_POINT('Ctrl Pts',(-9.51997201127429,-9.78211292470598,-156.14218084423));
#2555=CARTESIAN_POINT('Ctrl Pts',(-9.45811554222363,-9.84129086047618,-156.09228067451));
#2556=CARTESIAN_POINT('Ctrl Pts',(-9.43804756550789,-9.86048984572944,-156.076091657267));
#2557=CARTESIAN_POINT('Ctrl Pts',(-9.41792375966108,-9.87962565793961,-156.059904172189));
#2558=CARTESIAN_POINT('Ctrl Pts',(-9.39774637511349,-9.89869615300283,-156.043719731431));
#2559=CARTESIAN_POINT('Ctrl Pts',(-9.16727327963643,-10.1165259722808,-155.858855426974));
#2560=CARTESIAN_POINT('Ctrl Pts',(-8.92973021845547,-10.3259158347466,-155.674321157897));
#2561=CARTESIAN_POINT('Ctrl Pts',(-8.68551592085495,-10.5264601046969,-155.490006123544));
#2562=CARTESIAN_POINT('Ctrl Pts',(-8.45626493547518,-10.7147167790607,-155.31698429943));
#2563=CARTESIAN_POINT('Ctrl Pts',(-8.22113450121495,-10.8951787123657,-155.144155667518));
#2564=CARTESIAN_POINT('Ctrl Pts',(-7.98042152186833,-11.0674846236349,-154.971428571428));
#2565=CARTESIAN_POINT('Ctrl Pts',(-7.7262390288451,-11.2494322120363,-154.789036230077));
#2566=CARTESIAN_POINT('Ctrl Pts',(-7.46583178104695,-11.4222863139831,-154.6067571057));
#2567=CARTESIAN_POINT('Ctrl Pts',(-7.19976146543609,-11.5858940043947,-154.42448327851));
#2568=CARTESIAN_POINT('Ctrl Pts',(-6.93197017926396,-11.7505599264175,-154.241030485189));
#2569=CARTESIAN_POINT('Ctrl Pts',(-6.65844179216953,-11.9058597038876,-154.057583057802));
#2570=CARTESIAN_POINT('Ctrl Pts',(-6.3797203892943,-12.0515930569135,-153.874030968879));
#2571=CARTESIAN_POINT('Ctrl Pts',(-6.10173843687455,-12.1969397780082,-153.690965845342));
#2572=CARTESIAN_POINT('Ctrl Pts',(-5.8185904137591,-12.3327709749762,-153.507796614869));
#2573=CARTESIAN_POINT('Ctrl Pts',(-5.53079615098721,-12.4588405022327,-153.324414123379));
#2574=CARTESIAN_POINT('Ctrl Pts',(-5.24525005273333,-12.583925211254,-153.14246416222));
#2575=CARTESIAN_POINT('Ctrl Pts',(-4.9551294602933,-12.6994003331589,-152.960304258896));
#2576=CARTESIAN_POINT('Ctrl Pts',(-4.66093092610564,-12.8049759336722,-152.777827797435));
#2577=CARTESIAN_POINT('Ctrl Pts',(-4.5831579816793,-12.8328854041737,-152.729589176071));
#2578=CARTESIAN_POINT('Ctrl Pts',(-4.50510001987994,-12.8601027814227,-152.681328432445));
#2579=CARTESIAN_POINT('Ctrl Pts',(-4.42676615800744,-12.8866221011174,-152.633043596917));
#2580=CARTESIAN_POINT('Ctrl Pts',(-4.37855293360354,-12.9029443132605,-152.603325061983));
#2581=CARTESIAN_POINT('Ctrl Pts',(-4.33023519239751,-12.91900208193,-152.573597400547));
#2582=CARTESIAN_POINT('Ctrl Pts',(-4.28181505915551,-12.9347939671043,-152.543860153372));
#2583=CARTESIAN_POINT('Ctrl Pts',(-4.25603765271391,-12.9432010865269,-152.528028947311));
#2584=CARTESIAN_POINT('Ctrl Pts',(-4.23022934459983,-12.9515334496594,-152.512193871032));
#2585=CARTESIAN_POINT('Ctrl Pts',(-4.20439659330097,-12.9597888765598,-152.496358617143));
#2586=CARTESIAN_POINT('Ctrl Pts',(-3.90458080993286,-13.0556016397668,-152.312574126105));
#2587=CARTESIAN_POINT('Ctrl Pts',(-3.60205928279451,-13.1408698058373,-152.129123612368));
#2588=CARTESIAN_POINT('Ctrl Pts',(-3.297392957789,-13.2154629568631,-151.9458982911));
#2589=CARTESIAN_POINT('Ctrl Pts',(-3.18480619817726,-13.2430281994709,-151.878188985846));
#2590=CARTESIAN_POINT('Ctrl Pts',(-3.07192627282092,-13.2691352160207,-151.810510433034));
#2591=CARTESIAN_POINT('Ctrl Pts',(-2.95878062667202,-13.2937758521113,-151.742857142857));
#2592=CARTESIAN_POINT('Ctrl Pts',(-2.65324116445196,-13.3603156347378,-151.560165624433));
#2593=CARTESIAN_POINT('Ctrl Pts',(-2.34576518174623,-13.4161659226179,-151.377658326354));
#2594=CARTESIAN_POINT('Ctrl Pts',(-2.03691699430507,-13.4613892005622,-151.195227143734));
#2595=CARTESIAN_POINT('Ctrl Pts',(-1.72592385327509,-13.5069265546006,-151.011528974821));
#2596=CARTESIAN_POINT('Ctrl Pts',(-1.4135387967371,-13.541688841744,-150.827907982283));
#2597=CARTESIAN_POINT('Ctrl Pts',(-1.1003260223913,-13.5656883945801,-150.644253793187));
#2598=CARTESIAN_POINT('Ctrl Pts',(-0.787563189099563,-13.5896534712232,
-150.460863429727));
#2599=CARTESIAN_POINT('Ctrl Pts',(-0.473974415463392,-13.6028867171505,
-150.277439965017));
#2600=CARTESIAN_POINT('Ctrl Pts',(-0.160118503700763,-13.6053488657699,
-150.093873501103));
#2601=CARTESIAN_POINT('Ctrl Pts',(0.151546222878582,-13.6077938248976,-149.911588606537));
#2602=CARTESIAN_POINT('Ctrl Pts',(0.463474947769817,-13.5996175250059,-149.729162702495));
#2603=CARTESIAN_POINT('Ctrl Pts',(0.775114655044786,-13.5807309450357,-149.546488176751));
#2604=CARTESIAN_POINT('Ctrl Pts',(1.06796837414167,-13.5629828691128,-149.374825474601));
#2605=CARTESIAN_POINT('Ctrl Pts',(1.36056721675441,-13.535776440079,-149.202943221689));
#2606=CARTESIAN_POINT('Ctrl Pts',(1.65244068963443,-13.498996866332,-149.030752117187));
#2607=CARTESIAN_POINT('Ctrl Pts',(1.69700999429341,-13.493380597024,-149.004458402584));
#2608=CARTESIAN_POINT('Ctrl Pts',(1.74156235639753,-13.4875410299512,-148.978157486326));
#2609=CARTESIAN_POINT('Ctrl Pts',(1.7860960675519,-13.4814776743632,-148.951849050448));
#2610=CARTESIAN_POINT('Ctrl Pts',(1.82660985966948,-13.4759616389497,-148.927915394922));
#2611=CARTESIAN_POINT('Ctrl Pts',(1.86711374234447,-13.4702595461183,-148.903972243224));
#2612=CARTESIAN_POINT('Ctrl Pts',(1.90757597901656,-13.4643755664387,-148.880037375262));
#2613=CARTESIAN_POINT('Ctrl Pts',(2.11390595764668,-13.4343712586838,-148.757985773539));
#2614=CARTESIAN_POINT('Ctrl Pts',(2.31927225486186,-13.399623225438,-148.636079179482));
#2615=CARTESIAN_POINT('Ctrl Pts',(2.52351518550244,-13.3601479644402,-148.514285714286));
#2616=CARTESIAN_POINT('Ctrl Pts',(2.82801746864388,-13.3012949747003,-148.332705925415));
#2617=CARTESIAN_POINT('Ctrl Pts',(3.13002307823332,-13.2319372173263,-148.151377591648));
#2618=CARTESIAN_POINT('Ctrl Pts',(3.42904813195418,-13.1523968961984,-147.970195071961));
#2619=CARTESIAN_POINT('Ctrl Pts',(3.73129240803676,-13.0720002656166,-147.787061990569));
#2620=CARTESIAN_POINT('Ctrl Pts',(4.03049215986001,-12.9812004887734,-147.604077879747));
#2621=CARTESIAN_POINT('Ctrl Pts',(4.32614196969707,-12.8802772771013,-147.421133649703));
#2622=CARTESIAN_POINT('Ctrl Pts',(4.62328276950724,-12.7788451001208,-147.237266814592));
#2623=CARTESIAN_POINT('Ctrl Pts',(4.91683830294956,-12.6671869185328,-147.053440263518));
#2624=CARTESIAN_POINT('Ctrl Pts',(5.20628121024671,-12.5455362508638,-146.869543247902));
#2625=CARTESIAN_POINT('Ctrl Pts',(5.49461877513092,-12.4243501502619,-146.686348509542));
#2626=CARTESIAN_POINT('Ctrl Pts',(5.77887560965766,-12.2932474718782,-146.5030838438));
#2627=CARTESIAN_POINT('Ctrl Pts',(6.05850793356318,-12.1524127753025,-146.319639766058));
#2628=CARTESIAN_POINT('Ctrl Pts',(6.32052399743224,-12.0204503743269,-146.147752287104));
#2629=CARTESIAN_POINT('Ctrl Pts',(6.57848004208753,-11.8799429621546,-145.975707289281));
#2630=CARTESIAN_POINT('Ctrl Pts',(6.83190431198293,-11.7310082658536,-145.803414703714));
#2631=CARTESIAN_POINT('Ctrl Pts',(6.95861644693065,-11.6565409177031,-145.71726841093));
#2632=CARTESIAN_POINT('Ctrl Pts',(7.08419522926068,-11.5799662491702,-145.631060221209));
#2633=CARTESIAN_POINT('Ctrl Pts',(7.20857897439299,-11.5012960816147,-145.544778875943));
#2634=CARTESIAN_POINT('Ctrl Pts',(7.27077084695913,-11.4619609978369,-145.50163820331));
#2635=CARTESIAN_POINT('Ctrl Pts',(7.3326639298224,-11.4221020099743,-145.45847924179));
#2636=CARTESIAN_POINT('Ctrl Pts',(7.39425032170202,-11.3817204228582,-145.415300584057));
#2637=CARTESIAN_POINT('Ctrl Pts',(7.42486747509738,-11.3616450586527,-145.393834679872));
#2638=CARTESIAN_POINT('Ctrl Pts',(7.45540882786796,-11.3414405324342,-145.372363907774));
#2639=CARTESIAN_POINT('Ctrl Pts',(7.48587339685152,-11.3211069941722,-145.350888094846));
#2640=CARTESIAN_POINT('Ctrl Pts',(7.51490503520089,-11.3017298636603,-145.330422417669));
#2641=CARTESIAN_POINT('Ctrl Pts',(7.54386916500431,-11.2822340194484,-145.309950573312));
#2642=CARTESIAN_POINT('Ctrl Pts',(7.57274661165055,-11.2626321518442,-145.289485437078));
#2643=CARTESIAN_POINT('Ctrl Pts',(7.57452040152715,-11.2614281120707,-145.288228371246));
#2644=CARTESIAN_POINT('Ctrl Pts',(7.57629387846957,-11.2602236629462,-145.286971320803));
#2645=CARTESIAN_POINT('Ctrl Pts',(7.5780670423248,-11.2590188045659,-145.285714285714));
#2646=CARTESIAN_POINT('Ctrl Pts',(7.83352168489237,-11.0854383055112,-145.104616837526));
#2647=CARTESIAN_POINT('Ctrl Pts',(8.08247969067573,-10.9033677159335,-144.92383805982));
#2648=CARTESIAN_POINT('Ctrl Pts',(8.32464175877496,-10.7132963101436,-144.743273808294));
#2649=CARTESIAN_POINT('Ctrl Pts',(8.56984488986968,-10.5208379941196,-144.560442037053));
#2650=CARTESIAN_POINT('Ctrl Pts',(8.8080807637896,-10.3201763170444,-144.377830213847));
#2651=CARTESIAN_POINT('Ctrl Pts',(9.03901514654626,-10.1117710934855,-144.195330221374));
#2652=CARTESIAN_POINT('Ctrl Pts',(9.27199696654235,-9.90151817357882,-144.011212205304));
#2653=CARTESIAN_POINT('Ctrl Pts',(9.49754770874119,-9.68338341193848,-143.827208011713));
#2654=CARTESIAN_POINT('Ctrl Pts',(9.7152936209338,-9.45779575421616,-143.643206622061));
#2655=CARTESIAN_POINT('Ctrl Pts',(9.9327089079302,-9.23255062858938,-143.459484619953));
#2656=CARTESIAN_POINT('Ctrl Pts',(10.1423434580996,-8.99987477687685,-143.275765413277));
#2657=CARTESIAN_POINT('Ctrl Pts',(10.3437884734583,-8.76015862487466,-143.091938488435));
#2658=CARTESIAN_POINT('Ctrl Pts',(10.5428388842964,-8.5232920116423,-142.910296739457));
#2659=CARTESIAN_POINT('Ctrl Pts',(10.7338936291627,-8.2795510119962,-142.728549818014));
#2660=CARTESIAN_POINT('Ctrl Pts',(10.916517055315,-8.0292834454112,-142.546591104919));
#2661=CARTESIAN_POINT('Ctrl Pts',(11.080066370979,-7.80515508405985,-142.383637076332));
#2662=CARTESIAN_POINT('Ctrl Pts',(11.2368532714615,-7.57579171812683,-142.220513186882));
#2663=CARTESIAN_POINT('Ctrl Pts',(11.3865328956338,-7.34142764646915,-142.057142857143));
#2664=CARTESIAN_POINT('Ctrl Pts',(11.448259427769,-7.24477800908191,-141.989770401043));
#2665=CARTESIAN_POINT('Ctrl Pts',(11.5087768664835,-7.1472777632111,-141.922356033743));
#2666=CARTESIAN_POINT('Ctrl Pts',(11.56807193033,-7.04895119977749,-141.854894384434));
#2667=CARTESIAN_POINT('Ctrl Pts',(11.6039931775303,-6.98938447428074,-141.814025778783));
#2668=CARTESIAN_POINT('Ctrl Pts',(11.6394657961019,-6.92951448565251,-141.773139820648));
#2669=CARTESIAN_POINT('Ctrl Pts',(11.6744866699778,-6.8693465965144,-141.732235315936));
#2670=CARTESIAN_POINT('Ctrl Pts',(11.6882104536495,-6.84576834151586,-141.716205888005));
#2671=CARTESIAN_POINT('Ctrl Pts',(11.7018604858301,-6.82215185724406,-141.70017872357));
#2672=CARTESIAN_POINT('Ctrl Pts',(11.715436346826,-6.79849818844381,-141.684154185835));
#2673=CARTESIAN_POINT('Ctrl Pts',(11.8692736128866,-6.53046246373975,-141.502569306936));
#2674=CARTESIAN_POINT('Ctrl Pts',(12.0136058115854,-6.25762778817354,-141.321303208334));
#2675=CARTESIAN_POINT('Ctrl Pts',(12.1483439455151,-5.98056207277969,-141.140250884965));
#2676=CARTESIAN_POINT('Ctrl Pts',(12.2846807592727,-5.70020894826666,-140.957050359831));
#2677=CARTESIAN_POINT('Ctrl Pts',(12.4111947588766,-5.41552328789047,-140.774068712948));
#2678=CARTESIAN_POINT('Ctrl Pts',(12.5277519917003,-5.12706047832564,-140.591197157044));
#2679=CARTESIAN_POINT('Ctrl Pts',(12.6451521422597,-4.83651156554434,-140.407003111971));
#2680=CARTESIAN_POINT('Ctrl Pts',(12.7524512532903,-4.54213013075415,-140.222920755945));
#2681=CARTESIAN_POINT('Ctrl Pts',(12.8494663805455,-4.24445836305684,-140.038838924402));
#2682=CARTESIAN_POINT('Ctrl Pts',(12.9462846643967,-3.94739057048855,-139.855130594346));
#2683=CARTESIAN_POINT('Ctrl Pts',(13.0328608504926,-3.64704520832259,-139.671422786646));
#2684=CARTESIAN_POINT('Ctrl Pts',(13.1089640875181,-3.3439444950268,-139.487605012026));
#2685=CARTESIAN_POINT('Ctrl Pts',(13.1842849187198,-3.04395991413902,-139.305677040033));
#2686=CARTESIAN_POINT('Ctrl Pts',(13.2493471626128,-2.74127578624596,-139.123641350603));
#2687=CARTESIAN_POINT('Ctrl Pts',(13.3038766541849,-2.43639049566813,-138.941390827313));
#2688=CARTESIAN_POINT('Ctrl Pts',(13.3151257074689,-2.37349478950352,-138.903793817174));
#2689=CARTESIAN_POINT('Ctrl Pts',(13.3259263439995,-2.31050539814017,-138.866187664391));
#2690=CARTESIAN_POINT('Ctrl Pts',(13.3362758785079,-2.24742668807278,-138.828571428571));
#2691=CARTESIAN_POINT('Ctrl Pts',(13.3868722137373,-1.93905034923145,-138.644674879788));
#2692=CARTESIAN_POINT('Ctrl Pts',(13.4266913427601,-1.62853877802108,-138.460537347205));
#2693=CARTESIAN_POINT('Ctrl Pts',(13.4556898122638,-1.3164540615806,-138.276048954436));
#2694=CARTESIAN_POINT('Ctrl Pts',(13.4616702534774,-1.25209189584291,-138.238001360668));
#2695=CARTESIAN_POINT('Ctrl Pts',(13.4671902951616,-1.187662847984,-138.199938844099));
#2696=CARTESIAN_POINT('Ctrl Pts',(13.4722492838008,-1.12317189926187,-138.161860440945));
#2697=CARTESIAN_POINT('Ctrl Pts',(13.4748234829279,-1.09035653719175,-138.142484751622));
#2698=CARTESIAN_POINT('Ctrl Pts',(13.4772783930768,-1.05752344855561,-138.123103947266));
#2699=CARTESIAN_POINT('Ctrl Pts',(13.479612646887,-1.02469265495913,-138.10372932347));
#2700=CARTESIAN_POINT('Ctrl Pts',(13.5015408048816,-0.716277680582921,-137.921722632578));
#2701=CARTESIAN_POINT('Ctrl Pts',(13.5128562801129,-0.407689987330117,-137.740038943048));
#2702=CARTESIAN_POINT('Ctrl Pts',(13.5136955653393,-0.0994824682227087,
-137.558572542021));
#2703=CARTESIAN_POINT('Ctrl Pts',(13.513785876444,-0.0663178650042841,-137.539045889313));
#2704=CARTESIAN_POINT('Ctrl Pts',(13.5137548383907,-0.0331576497065331,
-137.519521752543));
#2705=CARTESIAN_POINT('Ctrl Pts',(13.513602586903,-2.50185698322077E-6,
-137.5));
#2706=CARTESIAN_POINT('Ctrl Pts',(13.1677852610576,0.000228395463077727,
-90.4999999944261));
#2707=CARTESIAN_POINT('Ctrl Pts',(13.1678268205583,-0.00989699597004109,
-90.5061201612352));
#2708=CARTESIAN_POINT('Ctrl Pts',(13.1678566096367,-0.0200231306527387,
-90.5122406991728));
#2709=CARTESIAN_POINT('Ctrl Pts',(13.167874628186,-0.0301499883252701,-90.518361612256));
#2710=CARTESIAN_POINT('Ctrl Pts',(13.1684125598041,-0.332480483026515,-90.7010973374267));
#2711=CARTESIAN_POINT('Ctrl Pts',(13.158461832869,-0.634283524647788,-90.8834598279972));
#2712=CARTESIAN_POINT('Ctrl Pts',(13.1382368931977,-0.935024166666507,-91.0655555107416));
#2713=CARTESIAN_POINT('Ctrl Pts',(13.1177568982746,-1.23955742717809,-91.2499475889756));
#2714=CARTESIAN_POINT('Ctrl Pts',(13.086741915883,-1.54300188650892,-91.4340660875632));
#2715=CARTESIAN_POINT('Ctrl Pts',(13.045362093771,-1.84481117566599,-91.6180215106901));
#2716=CARTESIAN_POINT('Ctrl Pts',(13.0036315991663,-2.14917814173818,-91.8035358604505));
#2717=CARTESIAN_POINT('Ctrl Pts',(12.9513598117062,-2.45188270994227,-91.9888843590791));
#2718=CARTESIAN_POINT('Ctrl Pts',(12.8886685366933,-2.75236480688765,-92.1741803440334));
#2719=CARTESIAN_POINT('Ctrl Pts',(12.8260651991541,-3.05242541557195,-92.3592164130616));
#2720=CARTESIAN_POINT('Ctrl Pts',(12.7530714732029,-3.35027038977231,-92.5442001156349));
#2721=CARTESIAN_POINT('Ctrl Pts',(12.6697575503616,-3.64533321395476,-92.729244312942));
#2722=CARTESIAN_POINT('Ctrl Pts',(12.5872569076615,-3.93751574241802,-92.9124821762561));
#2723=CARTESIAN_POINT('Ctrl Pts',(12.4946364036483,-4.2269707345114,-93.0957793590133));
#2724=CARTESIAN_POINT('Ctrl Pts',(12.3919162120017,-4.51313081023938,-93.2792454494317));
#2725=CARTESIAN_POINT('Ctrl Pts',(12.3693846960632,-4.57589958241423,-93.3194884539878));
#2726=CARTESIAN_POINT('Ctrl Pts',(12.3463670668293,-4.63850973882947,-93.3597395853243));
#2727=CARTESIAN_POINT('Ctrl Pts',(12.3228632360696,-4.70095513745831,-93.4));
#2728=CARTESIAN_POINT('Ctrl Pts',(12.2442754206459,-4.90974865336055,-93.5346154194929));
#2729=CARTESIAN_POINT('Ctrl Pts',(12.1602528762469,-5.11670084587661,-93.6693346246443));
#2730=CARTESIAN_POINT('Ctrl Pts',(12.070890217773,-5.3216209329125,-93.8042008486494));
#2731=CARTESIAN_POINT('Ctrl Pts',(12.0317940546907,-5.41127347099071,-93.8632048216517));
#2732=CARTESIAN_POINT('Ctrl Pts',(11.9916756070784,-5.50053694319842,-93.9222369349814));
#2733=CARTESIAN_POINT('Ctrl Pts',(11.9505421027428,-5.58939483260428,-93.9813008089966));
#2734=CARTESIAN_POINT('Ctrl Pts',(11.9172390758662,-5.66133707839338,-94.0291208480507));
#2735=CARTESIAN_POINT('Ctrl Pts',(11.8832706661828,-5.73301345664081,-94.0769617063922));
#2736=CARTESIAN_POINT('Ctrl Pts',(11.8486405157324,-5.80441502672237,-94.124825305411));
#2737=CARTESIAN_POINT('Ctrl Pts',(11.837087931098,-5.82823452131499,-94.1407925556648));
#2738=CARTESIAN_POINT('Ctrl Pts',(11.8254619686615,-5.85202282821693,-94.1567619388008));
#2739=CARTESIAN_POINT('Ctrl Pts',(11.8137677997854,-5.87576955625806,-94.172726742751));
#2740=CARTESIAN_POINT('Ctrl Pts',(11.6794003951885,-6.14862231290573,-94.356164257158));
#2741=CARTESIAN_POINT('Ctrl Pts',(11.5358629574399,-6.41633748625722,-94.5392322633125));
#2742=CARTESIAN_POINT('Ctrl Pts',(11.3835467622617,-6.67850618024982,-94.7220385014508));
#2743=CARTESIAN_POINT('Ctrl Pts',(11.229050622387,-6.94442702452016,-94.9074610568417));
#2744=CARTESIAN_POINT('Ctrl Pts',(11.0655224282239,-7.20464202666961,-95.0926142977662));
#2745=CARTESIAN_POINT('Ctrl Pts',(10.8933193274127,-7.45870899453717,-95.2776106569071));
#2746=CARTESIAN_POINT('Ctrl Pts',(10.7207227059308,-7.71335655940403,-95.463029772032));
#2747=CARTESIAN_POINT('Ctrl Pts',(10.5394111684328,-7.96182848112628,-95.6482912875376));
#2748=CARTESIAN_POINT('Ctrl Pts',(10.3496974512479,-8.20365613357377,-95.8335084086674));
#2749=CARTESIAN_POINT('Ctrl Pts',(10.1609900970661,-8.44420097734424,-96.0177430196181));
#2750=CARTESIAN_POINT('Ctrl Pts',(9.96396911208399,-8.67817233837919,-96.201933705936));
#2751=CARTESIAN_POINT('Ctrl Pts',(9.75890107456285,-8.90507842360989,-96.386191880865));
#2752=CARTESIAN_POINT('Ctrl Pts',(9.66900113966166,-9.00455195706497,-96.4669689640778));
#2753=CARTESIAN_POINT('Ctrl Pts',(9.57755416696409,-9.10266719987425,-96.5477590176884));
#2754=CARTESIAN_POINT('Ctrl Pts',(9.48458036369616,-9.19938048371133,-96.6285714285715));
#2755=CARTESIAN_POINT('Ctrl Pts',(9.27174606454954,-9.42077514823112,-96.8135660424099));
#2756=CARTESIAN_POINT('Ctrl Pts',(9.05091253386908,-9.63482591884899,-96.9986778166528));
#2757=CARTESIAN_POINT('Ctrl Pts',(8.82252100928681,-9.84118670361475,-97.1840193579626));
#2758=CARTESIAN_POINT('Ctrl Pts',(8.68512062395448,-9.96533339161537,-97.2955208650375));
#2759=CARTESIAN_POINT('Ctrl Pts',(8.54498422902512,-10.0866960988294,-97.4071055300509));
#2760=CARTESIAN_POINT('Ctrl Pts',(8.4022032963057,-10.2051916022853,-97.5187978711691));
#2761=CARTESIAN_POINT('Ctrl Pts',(8.33973663824095,-10.2570333850472,-97.5676632704083));
#2762=CARTESIAN_POINT('Ctrl Pts',(8.27676375952234,-10.3083262871162,-97.616549279527));
#2763=CARTESIAN_POINT('Ctrl Pts',(8.21329214817437,-10.359062956275,-97.6654579516822));
#2764=CARTESIAN_POINT('Ctrl Pts',(8.1805015317845,-10.3852744643801,-97.6907250824942));
#2765=CARTESIAN_POINT('Ctrl Pts',(8.14757780466019,-10.4113375129217,-97.7159982619528));
#2766=CARTESIAN_POINT('Ctrl Pts',(8.11452198955083,-10.437251062837,-97.741277773153));
#2767=CARTESIAN_POINT('Ctrl Pts',(8.09319649092577,-10.4539688285693,-97.757586497641));
#2768=CARTESIAN_POINT('Ctrl Pts',(8.07181590413547,-10.4706244284436,-97.7738979316597));
#2769=CARTESIAN_POINT('Ctrl Pts',(8.05039051088289,-10.4872099265722,-97.7902045689999));
#2770=CARTESIAN_POINT('Ctrl Pts',(7.80754137495555,-10.675200589893,-97.975034445458));
#2771=CARTESIAN_POINT('Ctrl Pts',(7.55862461639029,-10.854435445053,-98.1594891363016));
#2772=CARTESIAN_POINT('Ctrl Pts',(7.30416958714346,-11.0246813099362,-98.3436788529868));
#2773=CARTESIAN_POINT('Ctrl Pts',(7.04807251640169,-11.196025800283,-98.5290571771781));
#2774=CARTESIAN_POINT('Ctrl Pts',(6.78636499152183,-11.3582652805745,-98.7141670963301));
#2775=CARTESIAN_POINT('Ctrl Pts',(6.51954760603413,-11.5111259848373,-98.8991209693367));
#2776=CARTESIAN_POINT('Ctrl Pts',(6.25256115805761,-11.6640835456488,-99.0841920339651));
#2777=CARTESIAN_POINT('Ctrl Pts',(5.98045786454512,-11.8076507856124,-99.2691068546357));
#2778=CARTESIAN_POINT('Ctrl Pts',(5.70370771312465,-11.9415121320283,-99.4539780039585));
#2779=CARTESIAN_POINT('Ctrl Pts',(5.50251690687006,-12.03882616085,-99.5883749515105));
#2780=CARTESIAN_POINT('Ctrl Pts',(5.29886957939773,-12.1310098400058,-99.7227488189925));
#2781=CARTESIAN_POINT('Ctrl Pts',(5.09293814804603,-12.2179266555391,-99.8571428571429));
#2782=CARTESIAN_POINT('Ctrl Pts',(4.80946311359945,-12.3375720497151,-100.042143050382));
#2783=CARTESIAN_POINT('Ctrl Pts',(4.52166024889817,-12.4472393390091,-100.22718146485));
#2784=CARTESIAN_POINT('Ctrl Pts',(4.23007857368628,-12.5468114525233,-100.412370916383));
#2785=CARTESIAN_POINT('Ctrl Pts',(3.93942305892222,-12.6460672918643,-100.596972144581));
#2786=CARTESIAN_POINT('Ctrl Pts',(3.64501210484909,-12.73529209497,-100.781723451878));
#2787=CARTESIAN_POINT('Ctrl Pts',(3.3473804631465,-12.8143190873243,-100.9667365825));
#2788=CARTESIAN_POINT('Ctrl Pts',(3.20513765730047,-12.8520873201161,-101.05515724459));
#2789=CARTESIAN_POINT('Ctrl Pts',(3.06215915811342,-12.8875255811752,-101.143637707997));
#2790=CARTESIAN_POINT('Ctrl Pts',(2.91850321199716,-12.9206114293813,-101.232190170443));
#2791=CARTESIAN_POINT('Ctrl Pts',(2.87489042596817,-12.930656025915,-101.25907398348));
#2792=CARTESIAN_POINT('Ctrl Pts',(2.83121520175872,-12.9404837856769,-101.285964432528));
#2793=CARTESIAN_POINT('Ctrl Pts',(2.78747917224913,-12.9500940296238,-101.312861858899));
#2794=CARTESIAN_POINT('Ctrl Pts',(2.75626431220865,-12.9569529608784,-101.332058832402));
#2795=CARTESIAN_POINT('Ctrl Pts',(2.72501847904498,-12.9637010928717,-101.351259360031));
#2796=CARTESIAN_POINT('Ctrl Pts',(2.69374226712692,-12.9703381712466,-101.37046356587));
#2797=CARTESIAN_POINT('Ctrl Pts',(2.66552250170158,-12.9763266456609,-101.387791053782));
#2798=CARTESIAN_POINT('Ctrl Pts',(2.63728513830372,-12.9822231866775,-101.405117154857));
#2799=CARTESIAN_POINT('Ctrl Pts',(2.60903536629087,-12.9880268035945,-101.422439068142));
#2800=CARTESIAN_POINT('Ctrl Pts',(2.3074970420608,-13.0499746635219,-101.607333328599));
#2801=CARTESIAN_POINT('Ctrl Pts',(2.00437613431778,-13.1013754715586,-101.791855325978));
#2802=CARTESIAN_POINT('Ctrl Pts',(1.7002429509392,-13.1422156791515,-101.976115426428));
#2803=CARTESIAN_POINT('Ctrl Pts',(1.39396082435752,-13.1833444553431,-102.161677471263));
#2804=CARTESIAN_POINT('Ctrl Pts',(1.08665148364467,-13.213763024053,-102.346973905074));
#2805=CARTESIAN_POINT('Ctrl Pts',(0.778878448537014,-13.2334081431361,-102.532117450054));
#2806=CARTESIAN_POINT('Ctrl Pts',(0.471930717859039,-13.253000583128,-102.716764525978));
#2807=CARTESIAN_POINT('Ctrl Pts',(0.164521173743744,-13.2618773617945,-102.901259531926));
#2808=CARTESIAN_POINT('Ctrl Pts',(-0.142801038870535,-13.2599250576925,
-103.085714285714));
#2809=CARTESIAN_POINT('Ctrl Pts',(-0.450701459422702,-13.2579690804498,
-103.270516079835));
#2810=CARTESIAN_POINT('Ctrl Pts',(-0.758514815905923,-13.2451432825965,
-103.455277470189));
#2811=CARTESIAN_POINT('Ctrl Pts',(-1.06569113196082,-13.2215834763327,-103.640110906917));
#2812=CARTESIAN_POINT('Ctrl Pts',(-1.37288636622775,-13.1980222190801,-103.824955727069));
#2813=CARTESIAN_POINT('Ctrl Pts',(-1.6794450819115,-13.1637255171489,-104.00987260247));
#2814=CARTESIAN_POINT('Ctrl Pts',(-1.98480914794368,-13.118777842429,-104.194974004037));
#2815=CARTESIAN_POINT('Ctrl Pts',(-2.27591392496399,-13.0759290455915,-104.371431905354));
#2816=CARTESIAN_POINT('Ctrl Pts',(-2.56593341535656,-13.0234003346222,-104.548057501922));
#2817=CARTESIAN_POINT('Ctrl Pts',(-2.85436971309781,-12.9612228059806,-104.724948233107));
#2818=CARTESIAN_POINT('Ctrl Pts',(-2.96253332475078,-12.93790623274,-104.791282257301));
#2819=CARTESIAN_POINT('Ctrl Pts',(-3.07047412070681,-12.9132323873319,-104.857653566051));
#2820=CARTESIAN_POINT('Ctrl Pts',(-3.17816511907258,-12.8872014565938,-104.924067297761));
#2821=CARTESIAN_POINT('Ctrl Pts',(-3.2090303860659,-12.8797407436326,-104.943102106541));
#2822=CARTESIAN_POINT('Ctrl Pts',(-3.23987513058577,-12.8721685479392,-104.962140400157));
#2823=CARTESIAN_POINT('Ctrl Pts',(-3.27069871033505,-12.8644848620755,-104.981182299583));
#2824=CARTESIAN_POINT('Ctrl Pts',(-3.29459698386038,-12.8585275129308,-104.995945948862));
#2825=CARTESIAN_POINT('Ctrl Pts',(-3.31847997110726,-12.8525037692526,-105.010710184064));
#2826=CARTESIAN_POINT('Ctrl Pts',(-3.34234046054511,-12.8464154748169,-105.025470773834));
#2827=CARTESIAN_POINT('Ctrl Pts',(-3.641238917024,-12.7701478938792,-105.210375509771));
#2828=CARTESIAN_POINT('Ctrl Pts',(-3.93692686190044,-12.6836755972344,-105.394905846796));
#2829=CARTESIAN_POINT('Ctrl Pts',(-4.22887438765694,-12.5872025602451,-105.579172143506));
#2830=CARTESIAN_POINT('Ctrl Pts',(-4.5226560072748,-12.4901234533655,-105.764596051272));
#2831=CARTESIAN_POINT('Ctrl Pts',(-4.8126506641566,-12.3829174652412,-105.949752590755));
#2832=CARTESIAN_POINT('Ctrl Pts',(-5.09831402171975,-12.2657400861918,-106.134754213554));
#2833=CARTESIAN_POINT('Ctrl Pts',(-5.19074272807982,-12.2278263906706,-106.194612995639));
#2834=CARTESIAN_POINT('Ctrl Pts',(-5.28271791919961,-12.1888683904279,-106.254455559515));
#2835=CARTESIAN_POINT('Ctrl Pts',(-5.37422089767303,-12.1488702134524,-106.314285714286));
#2836=CARTESIAN_POINT('Ctrl Pts',(-5.65621963411152,-12.0256017083709,-106.498673461305));
#2837=CARTESIAN_POINT('Ctrl Pts',(-5.93373490265337,-11.8924574306612,-106.682943348892));
#2838=CARTESIAN_POINT('Ctrl Pts',(-6.20633257305459,-11.7498028250734,-106.86720687283));
#2839=CARTESIAN_POINT('Ctrl Pts',(-6.47987037546602,-11.6066562337657,-107.052105882893));
#2840=CARTESIAN_POINT('Ctrl Pts',(-6.7484571147149,-11.4539332811075,-107.236998485338));
#2841=CARTESIAN_POINT('Ctrl Pts',(-7.01162958683757,-11.2919569253072,-107.421997333508));
#2842=CARTESIAN_POINT('Ctrl Pts',(-7.27288073172926,-11.1311631004177,-107.60564557186));
#2843=CARTESIAN_POINT('Ctrl Pts',(-7.52879683434564,-10.9612501069929,-107.789398510277));
#2844=CARTESIAN_POINT('Ctrl Pts',(-7.77889341308237,-10.7824937459915,-107.973366352748));
#2845=CARTESIAN_POINT('Ctrl Pts',(-7.95653219356002,-10.6555265474345,-108.104035166166));
#2846=CARTESIAN_POINT('Ctrl Pts',(-8.13123439745627,-10.524097039164,-108.234812398403));
#2847=CARTESIAN_POINT('Ctrl Pts',(-8.30281475988901,-10.3882931804038,-108.365737539484));
#2848=CARTESIAN_POINT('Ctrl Pts',(-8.36715739580129,-10.3373667333687,-108.414834467389));
#2849=CARTESIAN_POINT('Ctrl Pts',(-8.43106091655178,-10.2858250580101,-108.463952194975));
#2850=CARTESIAN_POINT('Ctrl Pts',(-8.4945151547639,-10.2336724954569,-108.513092804725));
#2851=CARTESIAN_POINT('Ctrl Pts',(-8.52819560747967,-10.2059907839342,-108.539175821868));
#2852=CARTESIAN_POINT('Ctrl Pts',(-8.56174947958968,-10.1781369639371,-108.565265285624));
#2853=CARTESIAN_POINT('Ctrl Pts',(-8.59517522425684,-10.1501116670847,-108.591361507405));
#2854=CARTESIAN_POINT('Ctrl Pts',(-8.61540491440738,-10.1331503973405,-108.60715527613));
#2855=CARTESIAN_POINT('Ctrl Pts',(-8.63558620079835,-10.1161275282039,-108.622950380137));
#2856=CARTESIAN_POINT('Ctrl Pts',(-8.65571146903825,-10.0990494845208,-108.638741139704));
#2857=CARTESIAN_POINT('Ctrl Pts',(-8.89211934668697,-9.89843680133111,-108.824232329747));
#2858=CARTESIAN_POINT('Ctrl Pts',(-9.12108509560775,-9.68997554038991,-109.009347002716));
#2859=CARTESIAN_POINT('Ctrl Pts',(-9.34219892602995,-9.47405803088691,-109.194196573627));
#2860=CARTESIAN_POINT('Ctrl Pts',(-9.48133398037123,-9.33819274213238,-109.310512477723));
#2861=CARTESIAN_POINT('Ctrl Pts',(-9.61735965026208,-9.19937416554212,-109.426723414426));
#2862=CARTESIAN_POINT('Ctrl Pts',(-9.75016859988909,-9.05769087957697,-109.542857142857));
#2863=CARTESIAN_POINT('Ctrl Pts',(-9.96042556645476,-8.83338447549987,-109.726714672974));
#2864=CARTESIAN_POINT('Ctrl Pts',(-10.1626221792484,-8.60189995346566,-109.910378690181));
#2865=CARTESIAN_POINT('Ctrl Pts',(-10.3565196856759,-8.36375696433112,-110.093959342028));
#2866=CARTESIAN_POINT('Ctrl Pts',(-10.551636489715,-8.12411644599566,-110.278694415376));
#2867=CARTESIAN_POINT('Ctrl Pts',(-10.7383498415073,-7.87773297630994,-110.463345071605));
#2868=CARTESIAN_POINT('Ctrl Pts',(-10.9163778369245,-7.62510014903898,-110.648023549301));
#2869=CARTESIAN_POINT('Ctrl Pts',(-11.0939029132271,-7.37318099535348,-110.832180320643));
#2870=CARTESIAN_POINT('Ctrl Pts',(-11.262791940688,-7.11504721877534,-111.016364756486));
#2871=CARTESIAN_POINT('Ctrl Pts',(-11.4227222292433,-6.85116023779208,-111.200688146899));
#2872=CARTESIAN_POINT('Ctrl Pts',(-11.5813970161848,-6.58934485021046,-111.383564542397));
#2873=CARTESIAN_POINT('Ctrl Pts',(-11.731253434719,-6.32186571359605,-111.566577719358));
#2874=CARTESIAN_POINT('Ctrl Pts',(-11.8719295929292,-6.04915364946586,-111.749836367386));
#2875=CARTESIAN_POINT('Ctrl Pts',(-11.9372144485621,-5.92259369813786,-111.834882863766));
#2876=CARTESIAN_POINT('Ctrl Pts',(-12.0005214717931,-5.79490650206462,-111.919982227091));
#2877=CARTESIAN_POINT('Ctrl Pts',(-12.0618107830571,-5.6661341274254,-112.005145320713));
#2878=CARTESIAN_POINT('Ctrl Pts',(-12.0898904502278,-5.60713712866508,-112.044162749279));
#2879=CARTESIAN_POINT('Ctrl Pts',(-12.1175465640373,-5.54791234289983,-112.083193554896));
#2880=CARTESIAN_POINT('Ctrl Pts',(-12.1447751155386,-5.48846378442246,-112.122238782249));
#2881=CARTESIAN_POINT('Ctrl Pts',(-12.1618717153281,-5.45113648802526,-112.146754982669));
#2882=CARTESIAN_POINT('Ctrl Pts',(-12.1787997469794,-5.41372096914349,-112.171276868841));
#2883=CARTESIAN_POINT('Ctrl Pts',(-12.1955581955166,-5.37621821837141,-112.195804699374));
#2884=CARTESIAN_POINT('Ctrl Pts',(-12.2069111986214,-5.35081199744303,-112.212421066668));
#2885=CARTESIAN_POINT('Ctrl Pts',(-12.21818655136,-5.32536527449554,-112.229040460612));
#2886=CARTESIAN_POINT('Ctrl Pts',(-12.2293785699013,-5.29989075306363,-112.245654896824));
#2887=CARTESIAN_POINT('Ctrl Pts',(-12.3476442898852,-5.03070225884463,-112.421219139631));
#2888=CARTESIAN_POINT('Ctrl Pts',(-12.4567557511887,-4.75808246258536,-112.596445544239));
#2889=CARTESIAN_POINT('Ctrl Pts',(-12.5565158919471,-4.48246806783635,-112.771428571429));
#2890=CARTESIAN_POINT('Ctrl Pts',(-12.6608386979651,-4.19424807515588,-112.954414684551));
#2891=CARTESIAN_POINT('Ctrl Pts',(-12.7549360727139,-3.90275311984021,-113.137134648762));
#2892=CARTESIAN_POINT('Ctrl Pts',(-12.8388263836056,-3.60855713417771,-113.319696487535));
#2893=CARTESIAN_POINT('Ctrl Pts',(-12.9235158058521,-3.31155873486084,-113.503997350002));
#2894=CARTESIAN_POINT('Ctrl Pts',(-12.997802929889,-3.01180704176543,-113.688137060183));
#2895=CARTESIAN_POINT('Ctrl Pts',(-13.06165796582,-2.70987122062085,-113.872226758039));
#2896=CARTESIAN_POINT('Ctrl Pts',(-13.1256950113321,-2.40707477491386,-114.056841177059));
#2897=CARTESIAN_POINT('Ctrl Pts',(-13.1792405226432,-2.10208113536528,-114.241405298243));
#2898=CARTESIAN_POINT('Ctrl Pts',(-13.2222138473913,-1.79545176855094,-114.426031214627));
#2899=CARTESIAN_POINT('Ctrl Pts',(-13.2649737686507,-1.49034510860216,-114.609740287483));
#2900=CARTESIAN_POINT('Ctrl Pts',(-13.2972662963338,-1.18361832915661,-114.79351054332));
#2901=CARTESIAN_POINT('Ctrl Pts',(-13.3189608373113,-0.875821091948109,
-114.97745241351));
#2902=CARTESIAN_POINT('Ctrl Pts',(-13.3390171426321,-0.591266771450156,
-115.147504147429));
#2903=CARTESIAN_POINT('Ctrl Pts',(-13.3500151515195,-0.305797158545219,
-115.317702555822));
#2904=CARTESIAN_POINT('Ctrl Pts',(-13.351811791729,-0.0198505334287077,
-115.4881348944));
#2905=CARTESIAN_POINT('Ctrl Pts',(-13.3527101118337,0.123122779129553,-115.57335106369));
#2906=CARTESIAN_POINT('Ctrl Pts',(-13.3513074840594,0.266215245189112,-115.658625715525));
#2907=CARTESIAN_POINT('Ctrl Pts',(-13.3475823415684,0.409371225013357,-115.743969756871));
#2908=CARTESIAN_POINT('Ctrl Pts',(-13.3465624039776,0.448567085449327,-115.767336808236));
#2909=CARTESIAN_POINT('Ctrl Pts',(-13.3453683435503,0.487767702984687,-115.790709061419));
#2910=CARTESIAN_POINT('Ctrl Pts',(-13.343999685002,0.526971925432905,-115.814086740291));
#2911=CARTESIAN_POINT('Ctrl Pts',(-13.3430602871018,0.553880290773526,-115.830132336521));
#2912=CARTESIAN_POINT('Ctrl Pts',(-13.3420387364174,0.58078701345757,-115.846178497031));
#2913=CARTESIAN_POINT('Ctrl Pts',(-13.3409353232389,0.607683521432657,-115.862220402076));
#2914=CARTESIAN_POINT('Ctrl Pts',(-13.337774804489,0.684723491060497,-115.90816941072));
#2915=CARTESIAN_POINT('Ctrl Pts',(-13.3339419973423,0.761699562866978,-115.954095378776));
#2916=CARTESIAN_POINT('Ctrl Pts',(-13.3294369968885,0.838603119772705,-116.));
#2917=CARTESIAN_POINT('Ctrl Pts',(-13.3115503681325,1.1439405745567,-116.182259452897));
#2918=CARTESIAN_POINT('Ctrl Pts',(-13.2830713967877,1.44813424757003,-116.36418239366));
#2919=CARTESIAN_POINT('Ctrl Pts',(-13.2442600419189,1.75067117008698,-116.545874833527));
#2920=CARTESIAN_POINT('Ctrl Pts',(-13.2049901907371,2.0567820998505,-116.729713689411));
#2921=CARTESIAN_POINT('Ctrl Pts',(-13.1551423293012,2.36119746137314,-116.913316566206));
#2922=CARTESIAN_POINT('Ctrl Pts',(-13.094932430313,2.66338982252514,-117.096793276784));
#2923=CARTESIAN_POINT('Ctrl Pts',(-13.0342844476257,2.96778091760009,-117.281604953163));
#2924=CARTESIAN_POINT('Ctrl Pts',(-12.9631229930853,3.26991713743839,-117.466288620691));
#2925=CARTESIAN_POINT('Ctrl Pts',(-12.8816162973045,3.56925470825385,-117.650956506701));
#2926=CARTESIAN_POINT('Ctrl Pts',(-12.8003134725478,3.8678435521514,-117.835162486721));
#2927=CARTESIAN_POINT('Ctrl Pts',(-12.7087169220257,4.16364831249329,-118.019352764072));
#2928=CARTESIAN_POINT('Ctrl Pts',(-12.6069437409075,4.45611578014348,-118.203638726055));
#2929=CARTESIAN_POINT('Ctrl Pts',(-12.5065288555244,4.74467988828741,-118.38546515171));
#2930=CARTESIAN_POINT('Ctrl Pts',(-12.3962069297995,5.02999570719978,-118.567384724969));
#2931=CARTESIAN_POINT('Ctrl Pts',(-12.2760449949145,5.31151061687722,-118.749504432566));
#2932=CARTESIAN_POINT('Ctrl Pts',(-12.1707998698552,5.55807848301053,-118.909015940267));
#2933=CARTESIAN_POINT('Ctrl Pts',(-12.0580054344704,5.80173047120682,-119.068680977441));
#2934=CARTESIAN_POINT('Ctrl Pts',(-11.9376794648717,6.04207686409701,-119.228571428571));
#2935=CARTESIAN_POINT('Ctrl Pts',(-11.8966607278208,6.12401017844274,-119.28307757046));
#2936=CARTESIAN_POINT('Ctrl Pts',(-11.8547665294375,6.20555917702744,-119.337609907845));
#2937=CARTESIAN_POINT('Ctrl Pts',(-11.8120040442393,6.28671143181977,-119.39217128849));
#2938=CARTESIAN_POINT('Ctrl Pts',(-11.7931179895053,6.32255233111967,-119.416268326266));
#2939=CARTESIAN_POINT('Ctrl Pts',(-11.7740598493199,6.35832079640353,-119.440374391047));
#2940=CARTESIAN_POINT('Ctrl Pts',(-11.7548449605274,6.39398865361049,-119.464471388898));
#2941=CARTESIAN_POINT('Ctrl Pts',(-11.6096679407671,6.66347515787662,-119.646534911144));
#2942=CARTESIAN_POINT('Ctrl Pts',(-11.4554282824062,6.92745160639041,-119.828235951087));
#2943=CARTESIAN_POINT('Ctrl Pts',(-11.2925723905303,7.18555496559039,-120.009679863075));
#2944=CARTESIAN_POINT('Ctrl Pts',(-11.1277052048089,7.446845938649,-120.193364633648));
#2945=CARTESIAN_POINT('Ctrl Pts',(-10.9540073711714,7.70211834454783,-120.376785885912));
#2946=CARTESIAN_POINT('Ctrl Pts',(-10.771891640829,7.95097802291646,-120.560052926046));
#2947=CARTESIAN_POINT('Ctrl Pts',(-10.5882721699602,8.20189255059998,-120.744833213139));
#2948=CARTESIAN_POINT('Ctrl Pts',(-10.3960948927539,8.44628851881784,-120.92945673091));
#2949=CARTESIAN_POINT('Ctrl Pts',(-10.1957365376785,8.68373673455223,-121.114035515598));
#2950=CARTESIAN_POINT('Ctrl Pts',(-9.99569992729002,8.92080364499098,-121.298317895161));
#2951=CARTESIAN_POINT('Ctrl Pts',(-9.78750810455593,9.15094556947842,-121.482555685195));
#2952=CARTESIAN_POINT('Ctrl Pts',(-9.57149544211301,9.37370310199731,-121.666860383067));
#2953=CARTESIAN_POINT('Ctrl Pts',(-9.35777788906258,9.59409386166431,-121.849206864978));
#2954=CARTESIAN_POINT('Ctrl Pts',(-9.13640438766212,9.80725671287339,-122.031618840505));
#2955=CARTESIAN_POINT('Ctrl Pts',(-8.90766511849264,10.0127087254965,-122.214204290701));
#2956=CARTESIAN_POINT('Ctrl Pts',(-8.80626228938815,10.1037880377669,-122.295146584827));
#2957=CARTESIAN_POINT('Ctrl Pts',(-8.70341149142508,10.1933514348445,-122.376122971131));
#2958=CARTESIAN_POINT('Ctrl Pts',(-8.59913617711106,10.2813540988138,-122.457142857143));
#2959=CARTESIAN_POINT('Ctrl Pts',(-8.42574651676364,10.4276854919693,-122.591863242398));
#2960=CARTESIAN_POINT('Ctrl Pts',(-8.248418447504,10.5697022858621,-122.72670390109));
#2961=CARTESIAN_POINT('Ctrl Pts',(-8.06732922398159,10.7072774819821,-122.861708084666));
#2962=CARTESIAN_POINT('Ctrl Pts',(-7.99082092841002,10.7654015578566,-122.918745934735));
#2963=CARTESIAN_POINT('Ctrl Pts',(-7.91364120325924,10.822732654056,-122.975812973567));
#2964=CARTESIAN_POINT('Ctrl Pts',(-7.83580312422615,10.8792604451228,-123.032912462896));
#2965=CARTESIAN_POINT('Ctrl Pts',(-7.8133478200601,10.8955679999598,-123.049384945471));
#2966=CARTESIAN_POINT('Ctrl Pts',(-7.79084387294858,10.9118042232343,-123.065855615066));
#2967=CARTESIAN_POINT('Ctrl Pts',(-7.76829413830216,10.9279672340988,-123.082322761231));
#2968=CARTESIAN_POINT('Ctrl Pts',(-7.51829126054541,11.1071622132285,-123.26488960711));
#2969=CARTESIAN_POINT('Ctrl Pts',(-7.26256676734807,11.27743147893,-123.447094506413));
#2970=CARTESIAN_POINT('Ctrl Pts',(-7.00166729373074,11.4386071351953,-123.629043720654));
#2971=CARTESIAN_POINT('Ctrl Pts',(-6.73688679731605,11.6021803677671,-123.813699529272));
#2972=CARTESIAN_POINT('Ctrl Pts',(-6.46677577055036,11.7563877990508,-123.998091989337));
#2973=CARTESIAN_POINT('Ctrl Pts',(-6.19186777457099,11.9010158968903,-124.182332175346));
#2974=CARTESIAN_POINT('Ctrl Pts',(-5.91632325999814,12.0459788648491,-124.366998948816));
#2975=CARTESIAN_POINT('Ctrl Pts',(-5.635959007248,12.1813183911814,-124.551512742267));
#2976=CARTESIAN_POINT('Ctrl Pts',(-5.35128203653086,12.3067765981811,-124.735985403525));
#2977=CARTESIAN_POINT('Ctrl Pts',(-5.06829533915856,12.4314898953884,-124.919362755874));
#2978=CARTESIAN_POINT('Ctrl Pts',(-4.78104643839199,12.5464391093475,-125.102699463027));
#2979=CARTESIAN_POINT('Ctrl Pts',(-4.49001161615154,12.6513246350126,-125.286105392322));
#2980=CARTESIAN_POINT('Ctrl Pts',(-4.27872071472564,12.7274713898707,-125.419257857821));
#2981=CARTESIAN_POINT('Ctrl Pts',(-4.06543387461336,12.7983128933609,-125.552446808519));
#2982=CARTESIAN_POINT('Ctrl Pts',(-3.85032854899078,12.8637179304799,-125.685714285714));
#2983=CARTESIAN_POINT('Ctrl Pts',(-3.55306313307719,12.9541046073589,-125.869883654472));
#2984=CARTESIAN_POINT('Ctrl Pts',(-3.25232463311479,13.034110744967,-126.054202992636));
#2985=CARTESIAN_POINT('Ctrl Pts',(-2.94866542632054,13.1036412031122,-126.238783257485));
#2986=CARTESIAN_POINT('Ctrl Pts',(-2.76486761510605,13.1457263621783,-126.350505371992));
#2987=CARTESIAN_POINT('Ctrl Pts',(-2.57999967157115,13.1839726575151,-126.462323079537));
#2988=CARTESIAN_POINT('Ctrl Pts',(-2.39418419572079,13.2183496822777,-126.574260984783));
#2989=CARTESIAN_POINT('Ctrl Pts',(-2.35952128814625,13.2247625368937,-126.595142416999));
#2990=CARTESIAN_POINT('Ctrl Pts',(-2.3248254092856,13.2310407250604,-126.616028031969));
#2991=CARTESIAN_POINT('Ctrl Pts',(-2.29009735804643,13.237184021974,-126.636917989417));
#2992=CARTESIAN_POINT('Ctrl Pts',(-2.26315517911313,13.2419500194539,-126.653124512714));
#2993=CARTESIAN_POINT('Ctrl Pts',(-2.23620118499666,13.2466334889776,-126.669329108556));
#2994=CARTESIAN_POINT('Ctrl Pts',(-2.20923823354769,13.2512340555273,-126.685530375047));
#2995=CARTESIAN_POINT('Ctrl Pts',(-1.89862829059494,13.3042320263261,-126.872167007537));
#2996=CARTESIAN_POINT('Ctrl Pts',(-1.58672569324544,13.34625118129,-127.058425512911));
#2997=CARTESIAN_POINT('Ctrl Pts',(-1.27413443144335,13.3773542546615,-127.244419420089));
#2998=CARTESIAN_POINT('Ctrl Pts',(-0.963872874913851,13.4082255205486,-127.42902713693));
#2999=CARTESIAN_POINT('Ctrl Pts',(-0.652932237519275,13.4283427828388,-127.613374184917));
#3000=CARTESIAN_POINT('Ctrl Pts',(-0.341885688893572,13.4377165515365,-127.797571573488));
#3001=CARTESIAN_POINT('Ctrl Pts',(-0.0273357407855351,13.4471958994684,
-127.983843625927));
#3002=CARTESIAN_POINT('Ctrl Pts',(0.287323133495301,13.4456885228034,-128.169962628658));
#3003=CARTESIAN_POINT('Ctrl Pts',(0.601506646389547,13.4331519973081,-128.356043384513));
#3004=CARTESIAN_POINT('Ctrl Pts',(0.915690159283783,13.4206154718127,-128.542124140369));
#3005=CARTESIAN_POINT('Ctrl Pts',(1.22939895054093,13.3970498557625,-128.728166649348));
#3006=CARTESIAN_POINT('Ctrl Pts',(1.54204767201775,13.362358343583,-128.914285714286));
#3007=CARTESIAN_POINT('Ctrl Pts',(1.85154550509971,13.3280164540811,-129.098529062607));
#3008=CARTESIAN_POINT('Ctrl Pts',(2.16000509737543,13.2827714992366,-129.282847431593));
#3009=CARTESIAN_POINT('Ctrl Pts',(2.46688502565376,13.2267738823928,-129.467352187974));
#3010=CARTESIAN_POINT('Ctrl Pts',(2.77228162437401,13.1710469346693,-129.650965125329));
#3011=CARTESIAN_POINT('Ctrl Pts',(3.07611435770978,13.1046708209187,-129.834762652596));
#3012=CARTESIAN_POINT('Ctrl Pts',(3.37783113668951,13.0277457860462,-130.018854529398));
#3013=CARTESIAN_POINT('Ctrl Pts',(3.45056741565916,13.0092011071086,-130.063234421535));
#3014=CARTESIAN_POINT('Ctrl Pts',(3.52318061505445,12.9900431443003,-130.107631420386));
#3015=CARTESIAN_POINT('Ctrl Pts',(3.59566278110041,12.9702729018636,-130.152047063742));
#3016=CARTESIAN_POINT('Ctrl Pts',(3.63854254003287,12.9585770147789,-130.178322935227));
#3017=CARTESIAN_POINT('Ctrl Pts',(3.68137643823353,12.946666839601,-130.204605331902));
#3018=CARTESIAN_POINT('Ctrl Pts',(3.72416281276666,12.9345425591981,-130.230894572159));
#3019=CARTESIAN_POINT('Ctrl Pts',(3.74741005420896,12.9279550397619,-130.245178379148));
#3020=CARTESIAN_POINT('Ctrl Pts',(3.77064164529697,12.9213047586718,-130.259463213005));
#3021=CARTESIAN_POINT('Ctrl Pts',(3.79384984576143,12.9145939750405,-130.273744515324));
#3022=CARTESIAN_POINT('Ctrl Pts',(4.09307697068903,12.8280707439488,-130.457875682218));
#3023=CARTESIAN_POINT('Ctrl Pts',(4.38876852368215,12.7313947986655,-130.641636415574));
#3024=CARTESIAN_POINT('Ctrl Pts',(4.6804168426795,12.6248361741233,-130.825135703479));
#3025=CARTESIAN_POINT('Ctrl Pts',(4.97380431478399,12.5176421207071,-131.009729231728));
#3026=CARTESIAN_POINT('Ctrl Pts',(5.26310076719369,12.4004470205764,-131.194058187135));
#3027=CARTESIAN_POINT('Ctrl Pts',(5.54778328343607,12.2734732283689,-131.378233519186));
#3028=CARTESIAN_POINT('Ctrl Pts',(5.83257035781152,12.1464528012545,-131.562476495114));
#3029=CARTESIAN_POINT('Ctrl Pts',(6.11274068349471,12.0096463069065,-131.74656573482));
#3030=CARTESIAN_POINT('Ctrl Pts',(6.3877559767983,11.8632265698949,-131.930612310086));
#3031=CARTESIAN_POINT('Ctrl Pts',(6.49347929069502,11.8069388644703,-132.001364789393));
#3032=CARTESIAN_POINT('Ctrl Pts',(6.5984405715375,11.7492299669823,-132.072110963572));
#3033=CARTESIAN_POINT('Ctrl Pts',(6.70260837892508,11.6901078295623,-132.142857142857));
#3034=CARTESIAN_POINT('Ctrl Pts',(6.97372950695644,11.5362286130275,-132.326990652171));
#3035=CARTESIAN_POINT('Ctrl Pts',(7.23947760648542,11.3727788264204,-132.511124196078));
#3036=CARTESIAN_POINT('Ctrl Pts',(7.49943029062774,11.200138142401,-132.695369033547));
#3037=CARTESIAN_POINT('Ctrl Pts',(7.75900068863862,11.0277513435818,-132.87934292076));
#3038=CARTESIAN_POINT('Ctrl Pts',(8.01279316272569,10.8462002600431,-133.063427774437));
#3039=CARTESIAN_POINT('Ctrl Pts',(8.26035371359105,10.6558233413102,-133.247734363416));
#3040=CARTESIAN_POINT('Ctrl Pts',(8.49812154070419,10.4729771400823,-133.424750358214));
#3041=CARTESIAN_POINT('Ctrl Pts',(8.73014089803353,10.2819890018975,-133.601970892959));
#3042=CARTESIAN_POINT('Ctrl Pts',(8.95597444086593,10.0831294456252,-133.779494104595));
#3043=CARTESIAN_POINT('Ctrl Pts',(8.97967261510656,10.0622618262501,-133.798122763333));
#3044=CARTESIAN_POINT('Ctrl Pts',(9.00330263877024,10.0413075059991,-133.816754755048));
#3045=CARTESIAN_POINT('Ctrl Pts',(9.02686398172069,10.0202667813595,-133.835390193137));
#3046=CARTESIAN_POINT('Ctrl Pts',(9.0488093738494,10.0006691313504,-133.852747522778));
#3047=CARTESIAN_POINT('Ctrl Pts',(9.07069018625718,9.98100096755481,-133.870103897003));
#3048=CARTESIAN_POINT('Ctrl Pts',(9.09250169908593,9.9612666344621,-133.887455906705));
#3049=CARTESIAN_POINT('Ctrl Pts',(9.32390927828523,9.75189673499886,-134.071550728143));
#3050=CARTESIAN_POINT('Ctrl Pts',(9.54767511138408,9.53494295087897,-134.255278118469));
#3051=CARTESIAN_POINT('Ctrl Pts',(9.76343690625843,9.3108496095038,-134.438747036309));
#3052=CARTESIAN_POINT('Ctrl Pts',(9.98065131884074,9.08524755822886,-134.62345115985));
#3053=CARTESIAN_POINT('Ctrl Pts',(10.1897540344664,8.8524091226218,-134.807893318852));
#3054=CARTESIAN_POINT('Ctrl Pts',(10.3903468761474,8.61274330477892,-134.992184687486));
#3055=CARTESIAN_POINT('Ctrl Pts',(10.5280077584001,8.44826780478808,-135.118658355165));
#3056=CARTESIAN_POINT('Ctrl Pts',(10.6616601796996,8.28057591187008,-135.245061005596));
#3057=CARTESIAN_POINT('Ctrl Pts',(10.7911659770831,8.1097892338526,-135.371428571429));
#3058=CARTESIAN_POINT('Ctrl Pts',(10.9796036288302,7.86128575983447,-135.555299933511));
#3059=CARTESIAN_POINT('Ctrl Pts',(11.1592641783307,7.60623128676072,-135.739097015325));
#3060=CARTESIAN_POINT('Ctrl Pts',(11.3299309323135,7.34515137041664,-135.922930511019));
#3061=CARTESIAN_POINT('Ctrl Pts',(11.5008604569479,7.08366947689695,-136.107047049815));
#3062=CARTESIAN_POINT('Ctrl Pts',(11.6627687511926,6.81614303435203,-136.291200114708));
#3063=CARTESIAN_POINT('Ctrl Pts',(11.8153931835013,6.54307352285438,-136.475500911931));
#3064=CARTESIAN_POINT('Ctrl Pts',(11.961780149899,6.28116383513809,-136.65226969136));
#3065=CARTESIAN_POINT('Ctrl Pts',(12.0996265178572,6.01415430558183,-136.829174374791));
#3066=CARTESIAN_POINT('Ctrl Pts',(12.2286581580098,5.74247144918895,-137.006313083724));
#3067=CARTESIAN_POINT('Ctrl Pts',(12.3254318881243,5.5387093068943,-137.139167115424));
#3068=CARTESIAN_POINT('Ctrl Pts',(12.4172465049726,5.33231805810658,-137.272152786468));
#3069=CARTESIAN_POINT('Ctrl Pts',(12.5039698247983,5.12347416922326,-137.405311491866));
#3070=CARTESIAN_POINT('Ctrl Pts',(12.5185237173719,5.08842602381593,-137.427658162836));
#3071=CARTESIAN_POINT('Ctrl Pts',(12.5329358356912,5.05330463505958,-137.45001234394));
#3072=CARTESIAN_POINT('Ctrl Pts',(12.5471955508395,5.01813570249327,-137.472358455547));
#3073=CARTESIAN_POINT('Ctrl Pts',(12.6675212689311,4.72137472083641,-137.660918458163));
#3074=CARTESIAN_POINT('Ctrl Pts',(12.77712329687,4.42093963735234,-137.849090555497));
#3075=CARTESIAN_POINT('Ctrl Pts',(12.8758252015325,4.11741264144516,-138.036991796567));
#3076=CARTESIAN_POINT('Ctrl Pts',(12.974527106195,3.81388564553799,-138.224893037637));
#3077=CARTESIAN_POINT('Ctrl Pts',(13.06232915849,3.50726612231507,-138.412523422442));
#3078=CARTESIAN_POINT('Ctrl Pts',(13.1390067279006,3.19810691838212,-138.6));
#3079=CARTESIAN_POINT('Ctrl Pts',(13.2140956866825,2.89535289397036,-138.783592426221));
#3080=CARTESIAN_POINT('Ctrl Pts',(13.2785165202181,2.5901627266201,-138.967037352351));
#3081=CARTESIAN_POINT('Ctrl Pts',(13.3323029837706,2.28310925521453,-139.150444702004));
#3082=CARTESIAN_POINT('Ctrl Pts',(13.3862812097509,1.97496106005759,-139.334505945525));
#3083=CARTESIAN_POINT('Ctrl Pts',(13.4295491590194,1.66493565090902,-139.518529344153));
#3084=CARTESIAN_POINT('Ctrl Pts',(13.4620893965526,1.35360171397109,-139.702626001418));
#3085=CARTESIAN_POINT('Ctrl Pts',(13.4945196089064,1.04332046056707,-139.886100190339));
#3086=CARTESIAN_POINT('Ctrl Pts',(13.5162945394962,0.731738909787027,-140.06964714333));
#3087=CARTESIAN_POINT('Ctrl Pts',(13.5273454239675,0.419418813334129,-140.253376840733));
#3088=CARTESIAN_POINT('Ctrl Pts',(13.5322876182723,0.279742518103337,-140.33554473114));
#3089=CARTESIAN_POINT('Ctrl Pts',(13.5350842375789,0.139918547368716,-140.417749171739));
#3090=CARTESIAN_POINT('Ctrl Pts',(13.5357257702712,-2.44049333899139E-6,
-140.5));
#3091=CARTESIAN_POINT('Origin',(0.,0.,-203.4));
#3092=CARTESIAN_POINT('',(14.2538890776783,0.000390129794122955,-237.5));
#3093=CARTESIAN_POINT('',(13.9024862335605,-0.00016535230450331,-190.5));
#3094=CARTESIAN_POINT('',(14.,-1.7145055188063E-15,-203.4));
#3095=CARTESIAN_POINT('Ctrl Pts',(14.2538890776783,0.000390129794123133,
-237.5));
#3096=CARTESIAN_POINT('Ctrl Pts',(14.2534471991441,0.119742414634075,-237.433307427138));
#3097=CARTESIAN_POINT('Ctrl Pts',(14.2514670642708,0.239028251775003,-237.366642510999));
#3098=CARTESIAN_POINT('Ctrl Pts',(14.2479419154725,0.358220145035854,-237.3));
#3099=CARTESIAN_POINT('Ctrl Pts',(14.2384757787654,0.678287983454021,-237.121043832273));
#3100=CARTESIAN_POINT('Ctrl Pts',(14.2178724966228,0.997678213417972,-236.942249226204));
#3101=CARTESIAN_POINT('Ctrl Pts',(14.1864144793874,1.3158842461815,-236.763514492282));
#3102=CARTESIAN_POINT('Ctrl Pts',(14.1544294843228,1.63942079685808,-236.581785633161));
#3103=CARTESIAN_POINT('Ctrl Pts',(14.1112229742971,1.96173370185645,-236.400118668918));
#3104=CARTESIAN_POINT('Ctrl Pts',(14.0570379802502,2.28228899501479,-236.218406713511));
#3105=CARTESIAN_POINT('Ctrl Pts',(14.0027051593558,2.6037188232587,-236.036199013739));
#3106=CARTESIAN_POINT('Ctrl Pts',(13.9373336876956,2.92338201469165,-235.853946076978));
#3107=CARTESIAN_POINT('Ctrl Pts',(13.8611169649196,3.24073013681369,-235.671540139984));
#3108=CARTESIAN_POINT('Ctrl Pts',(13.7851819126413,3.55690545065602,-235.489808311888));
#3109=CARTESIAN_POINT('Ctrl Pts',(13.6984813971929,3.87078333661009,-235.30792461234));
#3110=CARTESIAN_POINT('Ctrl Pts',(13.6011586338895,4.18180291008442,-235.12578246845));
#3111=CARTESIAN_POINT('Ctrl Pts',(13.5417373802144,4.37169859682831,-235.014574009405));
#3112=CARTESIAN_POINT('Ctrl Pts',(13.4783554236784,4.56052836081227,-234.903269207));
#3113=CARTESIAN_POINT('Ctrl Pts',(13.411037033745,4.74815976164574,-234.791843804694));
#3114=CARTESIAN_POINT('Ctrl Pts',(13.3815852381491,4.83024849951037,-234.743095191185));
#3115=CARTESIAN_POINT('Ctrl Pts',(13.3513799051764,4.91210781021439,-234.694323494101));
#3116=CARTESIAN_POINT('Ctrl Pts',(13.3204227016793,4.99372633954124,-234.645526682194));
#3117=CARTESIAN_POINT('Ctrl Pts',(13.3083839830505,5.02546636765954,-234.626550449778));
#3118=CARTESIAN_POINT('Ctrl Pts',(13.2962315569251,5.05716998065325,-234.607570419254));
#3119=CARTESIAN_POINT('Ctrl Pts',(13.2839655124293,5.08883650363208,-234.588586471164));
#3120=CARTESIAN_POINT('Ctrl Pts',(13.2738596729658,5.11492615280127,-234.572945835599));
#3121=CARTESIAN_POINT('Ctrl Pts',(13.2636769261225,5.14099000734326,-234.55730290652));
#3122=CARTESIAN_POINT('Ctrl Pts',(13.2534215852548,5.16701707272865,-234.541664012662));
#3123=CARTESIAN_POINT('Ctrl Pts',(13.1337057912626,5.47084420418199,-234.359103274855));
#3124=CARTESIAN_POINT('Ctrl Pts',(13.0039548536928,5.77004004494567,-234.176863876295));
#3125=CARTESIAN_POINT('Ctrl Pts',(12.86444845486,6.06409152643967,-233.994839106214));
#3126=CARTESIAN_POINT('Ctrl Pts',(12.7244847681549,6.35910687896356,-233.812217677339));
#3127=CARTESIAN_POINT('Ctrl Pts',(12.5747013581581,6.64894466692365,-233.629812286309));
#3128=CARTESIAN_POINT('Ctrl Pts',(12.4153293169103,6.93307510670346,-233.447515169552));
#3129=CARTESIAN_POINT('Ctrl Pts',(12.2566882307728,7.21590239070202,-233.266054153079));
#3130=CARTESIAN_POINT('Ctrl Pts',(12.0885460151686,7.49307510447296,-233.084700419963));
#3131=CARTESIAN_POINT('Ctrl Pts',(11.9110833040316,7.76405083796621,-232.903347682602));
#3132=CARTESIAN_POINT('Ctrl Pts',(11.7655571978208,7.98626114412153,-232.754631608394));
#3133=CARTESIAN_POINT('Ctrl Pts',(11.6137624994234,8.20430399144924,-232.605916203793));
#3134=CARTESIAN_POINT('Ctrl Pts',(11.4557766375489,8.41786634528921,-232.457142857143));
#3135=CARTESIAN_POINT('Ctrl Pts',(11.2628873390783,8.67861051646473,-232.275501372735));
#3136=CARTESIAN_POINT('Ctrl Pts',(11.0607698218327,8.93267700902159,-232.093773516189));
#3137=CARTESIAN_POINT('Ctrl Pts',(10.8498706599681,9.17968996352153,-231.911852614699));
#3138=CARTESIAN_POINT('Ctrl Pts',(10.6394128191729,9.4261860263455,-231.730312395266));
#3139=CARTESIAN_POINT('Ctrl Pts',(10.4202095771546,9.66565842277897,-231.548579937962));
#3140=CARTESIAN_POINT('Ctrl Pts',(10.1926717228242,9.8976937877592,-231.366549238242));
#3141=CARTESIAN_POINT('Ctrl Pts',(10.0811958618618,10.0113730793259,-231.277368345539));
#3142=CARTESIAN_POINT('Ctrl Pts',(9.96771903745051,10.123266663815,-231.18811586755));
#3143=CARTESIAN_POINT('Ctrl Pts',(9.85228717760794,10.2333219990341,-231.09877933888));
#3144=CARTESIAN_POINT('Ctrl Pts',(9.82732828509791,10.2571183693398,-231.079462827656));
#3145=CARTESIAN_POINT('Ctrl Pts',(9.80227798580322,10.2808287878299,-231.060142386903));
#3146=CARTESIAN_POINT('Ctrl Pts',(9.77713673566753,10.3044527063213,-231.040817890612));
#3147=CARTESIAN_POINT('Ctrl Pts',(9.75601720677745,10.324297623594,-231.024584638267));
#3148=CARTESIAN_POINT('Ctrl Pts',(9.73483328516964,10.3440816637514,-231.008348374953));
#3149=CARTESIAN_POINT('Ctrl Pts',(9.71359504146959,10.3637955042214,-230.992116477714));
#3150=CARTESIAN_POINT('Ctrl Pts',(9.47677775267044,10.5836149166863,-230.811122514637));
#3151=CARTESIAN_POINT('Ctrl Pts',(9.23291576231755,10.794986302495,-230.630444700504));
#3152=CARTESIAN_POINT('Ctrl Pts',(8.98252516551928,10.9976215206713,-230.44997905149));
#3153=CARTESIAN_POINT('Ctrl Pts',(8.73036759585725,11.2016867084086,-230.268239880592));
#3154=CARTESIAN_POINT('Ctrl Pts',(8.47158851774422,11.3968923978783,-230.086715879821));
#3155=CARTESIAN_POINT('Ctrl Pts',(8.20667344497974,11.5829114902063,-229.90530084838));
#3156=CARTESIAN_POINT('Ctrl Pts',(7.94116558250878,11.7693468299075,-229.723479871886));
#3157=CARTESIAN_POINT('Ctrl Pts',(7.66949376787529,11.9465548038866,-229.54176835294));
#3158=CARTESIAN_POINT('Ctrl Pts',(7.39211198797429,12.1141673194306,-229.360059376225));
#3159=CARTESIAN_POINT('Ctrl Pts',(7.32520634481794,12.1545961578263,-229.316230412554));
#3160=CARTESIAN_POINT('Ctrl Pts',(7.25796835860345,12.1944665456281,-229.272401596788));
#3161=CARTESIAN_POINT('Ctrl Pts',(7.19040414498366,12.2337729409068,-229.228571428572));
#3162=CARTESIAN_POINT('Ctrl Pts',(6.91002167155459,12.3968892378245,-229.046682077436));
#3163=CARTESIAN_POINT('Ctrl Pts',(6.62402286647917,12.5502965100282,-228.864769435217));
#3164=CARTESIAN_POINT('Ctrl Pts',(6.3329451309661,12.6938127266683,-228.682726276732));
#3165=CARTESIAN_POINT('Ctrl Pts',(6.04230354587206,12.8371138988362,-228.500955891429));
#3166=CARTESIAN_POINT('Ctrl Pts',(5.74659767732802,12.9705538274573,-228.319055380699));
#3167=CARTESIAN_POINT('Ctrl Pts',(5.44634499437879,13.0939025341236,-228.136918000634));
#3168=CARTESIAN_POINT('Ctrl Pts',(5.1530750868219,13.2143826025979,-227.959016467534));
#3169=CARTESIAN_POINT('Ctrl Pts',(4.85546684260319,13.3252353698047,-227.78088895441));
#3170=CARTESIAN_POINT('Ctrl Pts',(4.5539939797634,13.4261987728047,-227.602435992914));
#3171=CARTESIAN_POINT('Ctrl Pts',(4.48343525467462,13.4498289228925,-227.560669668301));
#3172=CARTESIAN_POINT('Ctrl Pts',(4.41266481651147,13.47291714395,-227.518885516324));
#3173=CARTESIAN_POINT('Ctrl Pts',(4.34168871818534,13.4954596848087,-227.477082261744));
#3174=CARTESIAN_POINT('Ctrl Pts',(4.31268539063143,13.5046713590461,-227.459999983146));
#3175=CARTESIAN_POINT('Ctrl Pts',(4.28365415403237,13.5137898560934,-227.442918305504));
#3176=CARTESIAN_POINT('Ctrl Pts',(4.25460112403323,13.5228133167908,-227.42584046519));
#3177=CARTESIAN_POINT('Ctrl Pts',(3.94511390730406,13.6189356743064,-227.243918880187));
#3178=CARTESIAN_POINT('Ctrl Pts',(3.63295456774353,13.7043414772739,-227.062314125437));
#3179=CARTESIAN_POINT('Ctrl Pts',(3.31867930895669,13.7789280096644,-226.880920582367));
#3180=CARTESIAN_POINT('Ctrl Pts',(3.00275992181918,13.8539047408664,-226.698578080515));
#3181=CARTESIAN_POINT('Ctrl Pts',(2.68470186757024,13.9179489196688,-226.516449006028));
#3182=CARTESIAN_POINT('Ctrl Pts',(2.36504739088811,13.9709088528566,-226.334426074021));
#3183=CARTESIAN_POINT('Ctrl Pts',(2.1692275479162,14.0033520268371,-226.222919104581));
#3184=CARTESIAN_POINT('Ctrl Pts',(1.97280819531525,14.0316346016288,-226.111451967959));
#3185=CARTESIAN_POINT('Ctrl Pts',(1.77591116782935,14.0557124625519,-226.));
#3186=CARTESIAN_POINT('Ctrl Pts',(1.45512927665317,14.0949397777685,-225.818424008154));
#3187=CARTESIAN_POINT('Ctrl Pts',(1.13307963811267,14.1230095094069,-225.636888277689));
#3188=CARTESIAN_POINT('Ctrl Pts',(0.810340018852559,14.1400043421236,-225.455286154317));
#3189=CARTESIAN_POINT('Ctrl Pts',(0.486960070917892,14.1570328932872,-225.273323724865));
#3190=CARTESIAN_POINT('Ctrl Pts',(0.162886796932903,14.1629425234688,-225.091294638792));
#3191=CARTESIAN_POINT('Ctrl Pts',(-0.161298780093786,14.1577641798472,-224.909091605732));
#3192=CARTESIAN_POINT('Ctrl Pts',(-0.477490177329359,14.1527135304011,-224.731381566525));
#3193=CARTESIAN_POINT('Ctrl Pts',(-0.7937889319618,14.1371147716077,-224.553506053369));
#3194=CARTESIAN_POINT('Ctrl Pts',(-1.10964783754882,14.1109493168634,-224.375365518888));
#3195=CARTESIAN_POINT('Ctrl Pts',(-1.34654201673907,14.0913252258051,-224.241760118027));
#3196=CARTESIAN_POINT('Ctrl Pts',(-1.5831886664736,14.0657564089863,-224.108005642672));
#3197=CARTESIAN_POINT('Ctrl Pts',(-1.81935118200559,14.0342179453009,-223.974060096273));
#3198=CARTESIAN_POINT('Ctrl Pts',(-1.84910711027505,14.0302441721514,-223.957183268628));
#3199=CARTESIAN_POINT('Ctrl Pts',(-1.87885534454063,14.0261756094067,-223.940303407652));
#3200=CARTESIAN_POINT('Ctrl Pts',(-1.90859540414061,14.0220121908171,-223.923420429339));
#3201=CARTESIAN_POINT('Ctrl Pts',(-1.93826489841788,14.0178586509224,-223.906577509885));
#3202=CARTESIAN_POINT('Ctrl Pts',(-1.96791976762399,14.0136116009658,-223.889735170554));
#3203=CARTESIAN_POINT('Ctrl Pts',(-1.99755385793868,14.0092719648519,-223.872896566126));
#3204=CARTESIAN_POINT('Ctrl Pts',(-2.3215168981825,13.9618305993807,-223.688815144159));
#3205=CARTESIAN_POINT('Ctrl Pts',(-2.64321054971298,13.9032987609006,-223.505058382037));
#3206=CARTESIAN_POINT('Ctrl Pts',(-2.96205239909527,13.8338128460214,-223.321516857131));
#3207=CARTESIAN_POINT('Ctrl Pts',(-3.28089424847755,13.7643269311422,-223.137975332225));
#3208=CARTESIAN_POINT('Ctrl Pts',(-3.59688492383189,13.6838868607226,-222.954649044534));
#3209=CARTESIAN_POINT('Ctrl Pts',(-3.9094421650299,13.592575083248,-222.771428571429));
#3210=CARTESIAN_POINT('Ctrl Pts',(-4.21876168999774,13.5022091857114,-222.590106041552));
#3211=CARTESIAN_POINT('Ctrl Pts',(-4.5247191557409,13.401195575699,-222.408887145392));
#3212=CARTESIAN_POINT('Ctrl Pts',(-4.82683462328056,13.2898529630077,-222.227665825675));
#3213=CARTESIAN_POINT('Ctrl Pts',(-5.13031300811982,13.1780080563615,-222.045626971941));
#3214=CARTESIAN_POINT('Ctrl Pts',(-5.42991519197993,13.0557404955044,-221.863585672735));
#3215=CARTESIAN_POINT('Ctrl Pts',(-5.72513706016268,12.9233238327705,-221.681434428946));
#3216=CARTESIAN_POINT('Ctrl Pts',(-6.01877911796626,12.7916157666573,-221.500257924689));
#3217=CARTESIAN_POINT('Ctrl Pts',(-6.30808811741868,12.6498666164602,-221.318972649386));
#3218=CARTESIAN_POINT('Ctrl Pts',(-6.59254282030423,12.4983010302217,-221.137472820477));
#3219=CARTESIAN_POINT('Ctrl Pts',(-6.80035521729777,12.3875726525276,-221.004875559413));
#3220=CARTESIAN_POINT('Ctrl Pts',(-7.00557627200556,12.2716040721448,-220.872163785957));
#3221=CARTESIAN_POINT('Ctrl Pts',(-7.20799183029978,12.1504691442641,-220.739296253423));
#3222=CARTESIAN_POINT('Ctrl Pts',(-7.35980349902044,12.0596179483535,-220.639645604023));
#3223=CARTESIAN_POINT('Ctrl Pts',(-7.51003689389442,11.9658604410375,-220.539907340141));
#3224=CARTESIAN_POINT('Ctrl Pts',(-7.65859763183947,11.8692238112708,-220.440064060831));
#3225=CARTESIAN_POINT('Ctrl Pts',(-7.69353928806545,11.846494764937,-220.416580806841));
#3226=CARTESIAN_POINT('Ctrl Pts',(-7.72838839737592,11.8236064325065,-220.393091743441));
#3227=CARTESIAN_POINT('Ctrl Pts',(-7.76314370112558,11.8005591417534,-220.369596644225));
#3228=CARTESIAN_POINT('Ctrl Pts',(-7.78653010704526,11.7850509102392,-220.353787088038));
#3229=CARTESIAN_POINT('Ctrl Pts',(-7.80987011954301,11.7694732897354,-220.337977444048));
#3230=CARTESIAN_POINT('Ctrl Pts',(-7.83315798390882,11.7538301315458,-220.322171333647));
#3231=CARTESIAN_POINT('Ctrl Pts',(-8.10203070953031,11.573220243335,-220.139680061881));
#3232=CARTESIAN_POINT('Ctrl Pts',(-8.36417688868722,11.38373021628,-219.957508847005));
#3233=CARTESIAN_POINT('Ctrl Pts',(-8.61913571080997,11.1856922480998,-219.775551087956));
#3234=CARTESIAN_POINT('Ctrl Pts',(-8.72786966765735,11.1012337002175,-219.697950372061));
#3235=CARTESIAN_POINT('Ctrl Pts',(-8.83529614681409,11.0152198232128,-219.62038847999));
#3236=CARTESIAN_POINT('Ctrl Pts',(-8.94137824795019,10.927673751206,-219.542857142857));
#3237=CARTESIAN_POINT('Ctrl Pts',(-9.18891491793816,10.7233898719934,-219.361942089252));
#3238=CARTESIAN_POINT('Ctrl Pts',(-9.42913359090459,10.5107662375374,-219.18119340613));
#3239=CARTESIAN_POINT('Ctrl Pts',(-9.66173356738379,10.2902998305908,-219.000506033035));
#3240=CARTESIAN_POINT('Ctrl Pts',(-9.89598032431283,10.0682725474382,-218.818539414611));
#3241=CARTESIAN_POINT('Ctrl Pts',(-10.1225005306857,9.83829062247836,-218.636634977423));
#3242=CARTESIAN_POINT('Ctrl Pts',(-10.3409535646415,9.60082076611339,-218.454685413734));
#3243=CARTESIAN_POINT('Ctrl Pts',(-10.5591326571348,9.36364869842448,-218.272964015928));
#3244=CARTESIAN_POINT('Ctrl Pts',(-10.7692651649203,9.11900699350247,-218.091197604728));
#3245=CARTESIAN_POINT('Ctrl Pts',(-10.9709727081255,8.86732678473613,-217.909279275584));
#3246=CARTESIAN_POINT('Ctrl Pts',(-11.1712841904621,8.61738850830049,-217.728620041943));
#3247=CARTESIAN_POINT('Ctrl Pts',(-11.3632872512016,8.36050834009399,-217.547810985993));
#3248=CARTESIAN_POINT('Ctrl Pts',(-11.5465676867457,8.09708230518808,-217.366747407584));
#3249=CARTESIAN_POINT('Ctrl Pts',(-11.7238003091697,7.84234869522848,-217.191658491347));
#3250=CARTESIAN_POINT('Ctrl Pts',(-11.8928765526117,7.58149359245371,-217.016331572773));
#3251=CARTESIAN_POINT('Ctrl Pts',(-12.0533782256271,7.31485775220108,-216.840671978028));
#3252=CARTESIAN_POINT('Ctrl Pts',(-12.0739048591527,7.28075757072112,-216.81820679085));
#3253=CARTESIAN_POINT('Ctrl Pts',(-12.0942936070128,7.2465586455496,-216.795733437758));
#3254=CARTESIAN_POINT('Ctrl Pts',(-12.1145294369088,7.21228578447048,-216.773267487212));
#3255=CARTESIAN_POINT('Ctrl Pts',(-12.252521430835,6.97857259048821,-216.620067874086));
#3256=CARTESIAN_POINT('Ctrl Pts',(-12.383513032127,6.74124537882082,-216.46709496898));
#3257=CARTESIAN_POINT('Ctrl Pts',(-12.5073292380396,6.50059045412013,-216.314285714286));
#3258=CARTESIAN_POINT('Ctrl Pts',(-12.6534657080081,6.21655282821251,-216.133929638156));
#3259=CARTESIAN_POINT('Ctrl Pts',(-12.7896080167398,5.92788010897637,-215.953801532889));
#3260=CARTESIAN_POINT('Ctrl Pts',(-12.9156986352296,5.63514999122983,-215.773797721856));
#3261=CARTESIAN_POINT('Ctrl Pts',(-13.0429891162476,5.33963429035759,-215.592081017109));
#3262=CARTESIAN_POINT('Ctrl Pts',(-13.1600359104575,5.03998307299068,-215.410490983388));
#3263=CARTESIAN_POINT('Ctrl Pts',(-13.2667341691715,4.73676342451173,-215.22892095609));
#3264=CARTESIAN_POINT('Ctrl Pts',(-13.3737642169211,4.4326008838435,-215.046786318414));
#3265=CARTESIAN_POINT('Ctrl Pts',(-13.4703814497555,4.12484711377872,-214.864671811778));
#3266=CARTESIAN_POINT('Ctrl Pts',(-13.5564313995641,3.81405556808408,-214.682469773431));
#3267=CARTESIAN_POINT('Ctrl Pts',(-13.6420788031358,3.50471792175163,-214.501120085898));
#3268=CARTESIAN_POINT('Ctrl Pts',(-13.7172576845763,3.19237027618294,-214.319683683693));
#3269=CARTESIAN_POINT('Ctrl Pts',(-13.7817654473429,2.87754825769691,-214.138054407963));
#3270=CARTESIAN_POINT('Ctrl Pts',(-13.8438960917463,2.57432746624447,-213.963118191611));
#3271=CARTESIAN_POINT('Ctrl Pts',(-13.8961274475157,2.26881079567323,-213.788003054647));
#3272=CARTESIAN_POINT('Ctrl Pts',(-13.9382323263562,1.96147537317496,-213.612614146956));
#3273=CARTESIAN_POINT('Ctrl Pts',(-13.9592847657764,1.80780766192584,-213.524919693111));
#3274=CARTESIAN_POINT('Ctrl Pts',(-13.9778048643581,1.65368528598085,-213.437156796584));
#3275=CARTESIAN_POINT('Ctrl Pts',(-13.9937597984369,1.49916832663114,-213.349313601111));
#3276=CARTESIAN_POINT('Ctrl Pts',(-13.9980094613824,1.45801209287,-213.325916201224));
#3277=CARTESIAN_POINT('Ctrl Pts',(-14.0020771233845,1.41682786824144,-213.302513104566));
#3278=CARTESIAN_POINT('Ctrl Pts',(-14.0059621279702,1.37561679446332,-213.279104087096));
#3279=CARTESIAN_POINT('Ctrl Pts',(-14.0095124274091,1.33795618200285,-213.257711828798));
#3280=CARTESIAN_POINT('Ctrl Pts',(-14.0129104888912,1.30026920814823,-213.236312391568));
#3281=CARTESIAN_POINT('Ctrl Pts',(-14.0161537421748,1.26258193752911,-213.214919898561));
#3282=CARTESIAN_POINT('Ctrl Pts',(-14.0226858860288,1.18667708162811,-213.171833889082));
#3283=CARTESIAN_POINT('Ctrl Pts',(-14.0285918906267,1.11075302824647,-213.128765819037));
#3284=CARTESIAN_POINT('Ctrl Pts',(-14.033870815928,1.03481714405152,-213.085714285714));
#3285=CARTESIAN_POINT('Ctrl Pts',(-14.0559051779348,0.717858925062457,-212.906016143376));
#3286=CARTESIAN_POINT('Ctrl Pts',(-14.0670183202288,0.400695726031024,-212.726606111724));
#3287=CARTESIAN_POINT('Ctrl Pts',(-14.0674066779966,0.0838761432619693,
-212.547382183028));
#3288=CARTESIAN_POINT('Ctrl Pts',(-14.0677996238871,-0.236686398313582,
-212.366040873277));
#3289=CARTESIAN_POINT('Ctrl Pts',(-14.0572128813575,-0.556897713058838,
-212.18489008976));
#3290=CARTESIAN_POINT('Ctrl Pts',(-14.0357974172648,-0.876199678602236,
-212.003824166456));
#3291=CARTESIAN_POINT('Ctrl Pts',(-14.014221899317,-1.19788802766354,-211.821405001451));
#3292=CARTESIAN_POINT('Ctrl Pts',(-13.9816551639799,-1.51865397787099,-211.639071969848));
#3293=CARTESIAN_POINT('Ctrl Pts',(-13.9381988595791,-1.83792831210202,-211.45671701871));
#3294=CARTESIAN_POINT('Ctrl Pts',(-13.8948431946627,-2.15646324603606,-211.27478437933));
#3295=CARTESIAN_POINT('Ctrl Pts',(-13.8406482366927,-2.47351405769707,-211.092829921825));
#3296=CARTESIAN_POINT('Ctrl Pts',(-13.7756637602549,-2.78850806437807,-210.910746342233));
#3297=CARTESIAN_POINT('Ctrl Pts',(-13.711532625109,-3.09936573870206,-210.731053786553));
#3298=CARTESIAN_POINT('Ctrl Pts',(-13.6368932993283,-3.40822080665564,-210.551235477646));
#3299=CARTESIAN_POINT('Ctrl Pts',(-13.5517459415824,-3.71450728830708,-210.37118828346));
#3300=CARTESIAN_POINT('Ctrl Pts',(-13.4708240771114,-4.00559410313807,-210.200076048952));
#3301=CARTESIAN_POINT('Ctrl Pts',(-13.3804108495606,-4.29436124247569,-210.028757082651));
#3302=CARTESIAN_POINT('Ctrl Pts',(-13.2804675498601,-4.5803029511407,-209.857142857143));
#3303=CARTESIAN_POINT('Ctrl Pts',(-13.2600529727059,-4.6387098587635,-209.822088662836));
#3304=CARTESIAN_POINT('Ctrl Pts',(-13.2392406488069,-4.69699880347206,-209.787022149489));
#3305=CARTESIAN_POINT('Ctrl Pts',(-13.2180321074247,-4.75516608357049,-209.75194256264));
#3306=CARTESIAN_POINT('Ctrl Pts',(-13.2072991194153,-4.78460274819472,-209.734189866769));
#3307=CARTESIAN_POINT('Ctrl Pts',(-13.196464656856,-4.81400825309772,-209.716433822695));
#3308=CARTESIAN_POINT('Ctrl Pts',(-13.185528912524,-4.84338211418154,-209.698674332636));
#3309=CARTESIAN_POINT('Ctrl Pts',(-13.1759500524842,-4.86911132799701,-209.683118402972));
#3310=CARTESIAN_POINT('Ctrl Pts',(-13.1662942225148,-4.89481422923668,-209.667561055225));
#3311=CARTESIAN_POINT('Ctrl Pts',(-13.1565649738418,-4.92048172317869,-209.652007556842));
#3312=CARTESIAN_POINT('Ctrl Pts',(-13.0440920274231,-5.21720542383438,-209.472204588588));
#3313=CARTESIAN_POINT('Ctrl Pts',(-12.9216874376463,-5.50953279327608,-209.292713619855));
#3314=CARTESIAN_POINT('Ctrl Pts',(-12.7897467320383,-5.79704284629789,-209.113432704772));
#3315=CARTESIAN_POINT('Ctrl Pts',(-12.656225379422,-6.08799726399143,-208.932004007921));
#3316=CARTESIAN_POINT('Ctrl Pts',(-12.5129378415472,-6.3740187609384,-208.750790427745));
#3317=CARTESIAN_POINT('Ctrl Pts',(-12.3602419314086,-6.65465951731511,-208.569686310378));
#3318=CARTESIAN_POINT('Ctrl Pts',(-12.2063445093542,-6.93750853986282,-208.387157146624));
#3319=CARTESIAN_POINT('Ctrl Pts',(-12.0428898133648,-7.21489234315502,-208.204739175109));
#3320=CARTESIAN_POINT('Ctrl Pts',(-11.8701951950569,-7.48633292459603,-208.022324228226));
#3321=CARTESIAN_POINT('Ctrl Pts',(-11.6978017146524,-7.75730017890988,-207.840227369163));
#3322=CARTESIAN_POINT('Ctrl Pts',(-11.5162001838827,-8.02234542495272,-207.658133524194));
#3323=CARTESIAN_POINT('Ctrl Pts',(-11.325662166326,-8.28096602619405,-207.475935090582));
#3324=CARTESIAN_POINT('Ctrl Pts',(-11.1372045327284,-8.53676288571058,-207.295725985419));
#3325=CARTESIAN_POINT('Ctrl Pts',(-10.9400041313478,-8.78627506546014,-207.115414563041));
#3326=CARTESIAN_POINT('Ctrl Pts',(-10.7342857088689,-9.02898272990292,-206.934896706942));
#3327=CARTESIAN_POINT('Ctrl Pts',(-10.6180050968362,-9.16617120056264,-206.832860503587));
#3328=CARTESIAN_POINT('Ctrl Pts',(-10.4990023326516,-9.30118499752824,-206.730758345055));
#3329=CARTESIAN_POINT('Ctrl Pts',(-10.3773131861317,-9.43392462211705,-206.628571428571));
#3330=CARTESIAN_POINT('Ctrl Pts',(-10.2170260142344,-9.60876732282213,-206.493972310109));
#3331=CARTESIAN_POINT('Ctrl Pts',(-10.0520782046853,-9.77966485809823,-206.359226138508));
#3332=CARTESIAN_POINT('Ctrl Pts',(-9.88263830726248,-9.9464583306845,-206.224289944029));
#3333=CARTESIAN_POINT('Ctrl Pts',(-9.851466187266,-9.97714358381065,-206.199465523629));
#3334=CARTESIAN_POINT('Ctrl Pts',(-9.82014200973313,-10.0076898958041,-206.174634671804));
#3335=CARTESIAN_POINT('Ctrl Pts',(-9.78866679750108,-10.0380962264942,-206.149797120998));
#3336=CARTESIAN_POINT('Ctrl Pts',(-9.76426130251776,-10.06167292379,-206.130538387582));
#3337=CARTESIAN_POINT('Ctrl Pts',(-9.73976372662379,-10.0851666253177,-206.111274646632));
#3338=CARTESIAN_POINT('Ctrl Pts',(-9.71518888124304,-10.1085633349641,-206.092016951963));
#3339=CARTESIAN_POINT('Ctrl Pts',(-9.48519326418179,-10.3275327969879,-205.911784470335));
#3340=CARTESIAN_POINT('Ctrl Pts',(-9.2481609096215,-10.5382740802154,-205.731865908207));
#3341=CARTESIAN_POINT('Ctrl Pts',(-9.00462286402938,-10.7405459666962,-205.552158591729));
#3342=CARTESIAN_POINT('Ctrl Pts',(-8.75733172027845,-10.9459350098531,-205.369681854986));
#3343=CARTESIAN_POINT('Ctrl Pts',(-8.50333243252728,-11.1425920224403,-205.18742292496));
#3344=CARTESIAN_POINT('Ctrl Pts',(-8.2431384541107,-11.3302315049659,-205.005274307433));
#3345=CARTESIAN_POINT('Ctrl Pts',(-7.98231979807774,-11.5183214751829,-204.822688384766));
#3346=CARTESIAN_POINT('Ctrl Pts',(-7.7152761814231,-11.6973509272991,-204.640213304915));
#3347=CARTESIAN_POINT('Ctrl Pts',(-7.4424891726946,-11.8669936501341,-204.457740797583));
#3348=CARTESIAN_POINT('Ctrl Pts',(-7.17141460574228,-12.0355714275122,-204.276413775683));
#3349=CARTESIAN_POINT('Ctrl Pts',(-6.89466801441847,-12.1948802595672,-204.095089294105));
#3350=CARTESIAN_POINT('Ctrl Pts',(-6.61269443004,-12.3445570407116,-203.913661108803));
#3351=CARTESIAN_POINT('Ctrl Pts',(-6.34677522373907,-12.485711861761,-203.74256267367));
#3352=CARTESIAN_POINT('Ctrl Pts',(-6.07620672958007,-12.6183001181489,-203.571372007539));
#3353=CARTESIAN_POINT('Ctrl Pts',(-5.80134561985628,-12.7419781413476,-203.4));
#3354=CARTESIAN_POINT('Ctrl Pts',(-5.50865838549433,-12.8736773060559,-203.217513656319));
#3355=CARTESIAN_POINT('Ctrl Pts',(-5.21110321093095,-12.9952734501725,-203.034821686673));
#3356=CARTESIAN_POINT('Ctrl Pts',(-4.90921333293084,-13.1066064079586,-202.851816494129));
#3357=CARTESIAN_POINT('Ctrl Pts',(-4.81692400005466,-13.1406414821694,-202.795870838565));
#3358=CARTESIAN_POINT('Ctrl Pts',(-4.72422951089323,-13.1737170400446,-202.739895910528));
#3359=CARTESIAN_POINT('Ctrl Pts',(-4.63114499869311,-13.2058275375509,-202.683888635983));
#3360=CARTESIAN_POINT('Ctrl Pts',(-4.57361553560114,-13.2256729408032,-202.649274194143));
#3361=CARTESIAN_POINT('Ctrl Pts',(-4.51593709606838,-13.2451497138746,-202.614647397006));
#3362=CARTESIAN_POINT('Ctrl Pts',(-4.45811325049986,-13.2642564597108,-202.580007518888));
#3363=CARTESIAN_POINT('Ctrl Pts',(-4.43110735785577,-13.2731800226761,-202.563829403779));
#3364=CARTESIAN_POINT('Ctrl Pts',(-4.40406952546137,-13.2820229188557,-202.54764830651));
#3365=CARTESIAN_POINT('Ctrl Pts',(-4.37701253082706,-13.2907810615732,-202.531471561318));
#3366=CARTESIAN_POINT('Ctrl Pts',(-4.07499854700932,-13.38854068376,-202.350904453752));
#3367=CARTESIAN_POINT('Ctrl Pts',(-3.77022149554186,-13.4758700566897,-202.170653061465));
#3368=CARTESIAN_POINT('Ctrl Pts',(-3.4632458896956,-13.5527721331206,-201.99061414418));
#3369=CARTESIAN_POINT('Ctrl Pts',(-3.15185436931965,-13.6307804635671,-201.807985325757));
#3370=CARTESIAN_POINT('Ctrl Pts',(-2.83820006133571,-13.6980595463379,-201.625575139308));
#3371=CARTESIAN_POINT('Ctrl Pts',(-2.52284839798962,-13.7545646125411,-201.44327582475));
#3372=CARTESIAN_POINT('Ctrl Pts',(-2.20662901949762,-13.8112251569214,-201.260474899151));
#3373=CARTESIAN_POINT('Ctrl Pts',(-1.88870234940954,-13.8570524379515,-201.077785456428));
#3374=CARTESIAN_POINT('Ctrl Pts',(-1.56962318533773,-13.8919511826209,-200.895098844518));
#3375=CARTESIAN_POINT('Ctrl Pts',(-1.25182722073447,-13.9267095795157,-200.713146919764));
#3376=CARTESIAN_POINT('Ctrl Pts',(-0.932887430065925,-13.9506272400314,
-200.5311978031));
#3377=CARTESIAN_POINT('Ctrl Pts',(-0.613345519530708,-13.9635589408578,
-200.349144148055));
#3378=CARTESIAN_POINT('Ctrl Pts',(-0.50939120675239,-13.967765919749,-200.289917918333));
#3379=CARTESIAN_POINT('Ctrl Pts',(-0.405373154664544,-13.9708097901745,
-200.230680624791));
#3380=CARTESIAN_POINT('Ctrl Pts',(-0.301310025369956,-13.9726843573594,
-200.171428571429));
#3381=CARTESIAN_POINT('Ctrl Pts',(0.0170684025331229,-13.9784195467332,
-199.990148460717));
#3382=CARTESIAN_POINT('Ctrl Pts',(0.335869478623414,-13.9732133521652,-199.808730192475));
#3383=CARTESIAN_POINT('Ctrl Pts',(0.654507331230682,-13.957062279852,-199.627067921279));
#3384=CARTESIAN_POINT('Ctrl Pts',(0.889203580764208,-13.9451660281454,-199.493262557659));
#3385=CARTESIAN_POINT('Ctrl Pts',(1.12381121092563,-13.9273308875233,-199.359324817003));
#3386=CARTESIAN_POINT('Ctrl Pts',(1.35809137966656,-13.9035380531389,-199.225212403396));
#3387=CARTESIAN_POINT('Ctrl Pts',(1.44594644294442,-13.8946157402448,-199.174920248293));
#3388=CARTESIAN_POINT('Ctrl Pts',(1.53375540432871,-13.8848554785642,-199.124603529807));
#3389=CARTESIAN_POINT('Ctrl Pts',(1.62150545735377,-13.8742557441916,-199.074260017488));
#3390=CARTESIAN_POINT('Ctrl Pts',(1.65653315694852,-13.8700245865046,-199.054164104549));
#3391=CARTESIAN_POINT('Ctrl Pts',(1.69155146855629,-13.8656596628823,-199.034063922244));
#3392=CARTESIAN_POINT('Ctrl Pts',(1.72655957162252,-13.8611608635126,-199.013959328706));
#3393=CARTESIAN_POINT('Ctrl Pts',(1.75426815615974,-13.8576001060956,-198.998046731883));
#3394=CARTESIAN_POINT('Ctrl Pts',(1.7819701971486,-13.8539554754232,-198.98213145479));
#3395=CARTESIAN_POINT('Ctrl Pts',(1.80965318129489,-13.8502286202882,-198.966220390561));
#3396=CARTESIAN_POINT('Ctrl Pts',(2.12720766303353,-13.8074774651145,-198.783702865405));
#3397=CARTESIAN_POINT('Ctrl Pts',(2.44265759209555,-13.7538599666587,-198.601507970442));
#3398=CARTESIAN_POINT('Ctrl Pts',(2.75542613918086,-13.6895106102025,-198.419529084044));
#3399=CARTESIAN_POINT('Ctrl Pts',(2.98503894202074,-13.6422698111051,-198.285932907084));
#3400=CARTESIAN_POINT('Ctrl Pts',(3.21320687274892,-13.5892440058287,-198.152453147291));
#3401=CARTESIAN_POINT('Ctrl Pts',(3.43970232107611,-13.5304685605098,-198.019047619048));
#3402=CARTESIAN_POINT('Ctrl Pts',(3.74861616659581,-13.4503055860674,-197.837097760683));
#3403=CARTESIAN_POINT('Ctrl Pts',(4.0544195841599,-13.3594492986004,-197.655285986623));
#3404=CARTESIAN_POINT('Ctrl Pts',(4.3566537582898,-13.2582420946785,-197.473505268701));
#3405=CARTESIAN_POINT('Ctrl Pts',(4.66068693978666,-13.1564324687903,-197.290642526049));
#3406=CARTESIAN_POINT('Ctrl Pts',(4.96110879280539,-13.0441480890854,-197.10781121035));
#3407=CARTESIAN_POINT('Ctrl Pts',(5.2574374401002,-12.921686428288,-196.924902370827));
#3408=CARTESIAN_POINT('Ctrl Pts',(5.55372134532991,-12.7992432577298,-196.742021148341));
#3409=CARTESIAN_POINT('Ctrl Pts',(5.84591380548003,-12.6666255892534,-196.55906242544));
#3410=CARTESIAN_POINT('Ctrl Pts',(6.13351046957454,-12.5240839567338,-196.375917300691));
#3411=CARTESIAN_POINT('Ctrl Pts',(6.4192990971437,-12.3824384419726,-196.193923556038));
#3412=CARTESIAN_POINT('Ctrl Pts',(6.70055002141178,-12.2309930302113,-196.011745745879));
#3413=CARTESIAN_POINT('Ctrl Pts',(6.97673840647597,-12.0699519509254,-195.829277009788));
#3414=CARTESIAN_POINT('Ctrl Pts',(7.11021726361251,-11.9921225403579,-195.741091844613));
#3415=CARTESIAN_POINT('Ctrl Pts',(7.24251317768774,-11.9120512917289,-195.652838728325));
#3416=CARTESIAN_POINT('Ctrl Pts',(7.37356385294298,-11.8297580737416,-195.564505598403));
#3417=CARTESIAN_POINT('Ctrl Pts',(7.41989221010717,-11.8006662007872,-195.533278527009));
#3418=CARTESIAN_POINT('Ctrl Pts',(7.46606492664645,-11.7712966241454,-195.502041456092));
#3419=CARTESIAN_POINT('Ctrl Pts',(7.51207918385239,-11.7416501631172,-195.470793852733));
#3420=CARTESIAN_POINT('Ctrl Pts',(7.54805659580447,-11.7184703269947,-195.446362122944));
#3421=CARTESIAN_POINT('Ctrl Pts',(7.58394217229059,-11.6951178602615,-195.421920497356));
#3422=CARTESIAN_POINT('Ctrl Pts',(7.61970734090427,-11.671611183288,-195.39748735951));
#3423=CARTESIAN_POINT('Ctrl Pts',(7.88809941722507,-11.4952103417747,-195.214134090061));
#3424=CARTESIAN_POINT('Ctrl Pts',(8.14993876972275,-11.309987110973,-195.031106117075));
#3425=CARTESIAN_POINT('Ctrl Pts',(8.40477967003886,-11.1162832406891,-194.848295344109));
#3426=CARTESIAN_POINT('Ctrl Pts',(8.66867693799958,-10.9156956501652,-194.658987962604));
#3427=CARTESIAN_POINT('Ctrl Pts',(8.9250702178599,-10.7060139039735,-194.469913492844));
#3428=CARTESIAN_POINT('Ctrl Pts',(9.17343993178389,-10.4875643434089,-194.280951899613));
#3429=CARTESIAN_POINT('Ctrl Pts',(9.42180964570787,-10.2691147828444,-194.091990306381));
#3430=CARTESIAN_POINT('Ctrl Pts',(9.6621563985849,-10.0418970521748,-193.903141589678));
#3431=CARTESIAN_POINT('Ctrl Pts',(9.89392658652765,-9.80618879491272,-193.714285714286));
#3432=CARTESIAN_POINT('Ctrl Pts',(10.1176353911763,-9.5786788940667,-193.531998585342));
#3433=CARTESIAN_POINT('Ctrl Pts',(10.3333541019875,-9.34325816195642,-193.349704787032));
#3434=CARTESIAN_POINT('Ctrl Pts',(10.5407883740623,-9.10052433545319,-193.167296378666));
#3435=CARTESIAN_POINT('Ctrl Pts',(10.7490062320123,-8.85687357851228,-192.984198919976));
#3436=CARTESIAN_POINT('Ctrl Pts',(10.9488773041676,-8.60585379559078,-192.800985983712));
#3437=CARTESIAN_POINT('Ctrl Pts',(11.1400608449494,-8.34804000581971,-192.617548401312));
#3438=CARTESIAN_POINT('Ctrl Pts',(11.1796470838458,-8.29465738600353,-192.57956603144));
#3439=CARTESIAN_POINT('Ctrl Pts',(11.2188607016316,-8.24098340088695,-192.541574030234));
#3440=CARTESIAN_POINT('Ctrl Pts',(11.2576984215973,-8.18702303319948,-192.503571428571));
#3441=CARTESIAN_POINT('Ctrl Pts',(11.4431872165938,-7.92930853325602,-192.322071155246));
#3442=CARTESIAN_POINT('Ctrl Pts',(11.6201056034232,-7.6650630456834,-192.140329084047));
#3443=CARTESIAN_POINT('Ctrl Pts',(11.7880997942871,-7.39463762039959,-191.958239637646));
#3444=CARTESIAN_POINT('Ctrl Pts',(11.809105218722,-7.36082454146602,-191.935471790216));
#3445=CARTESIAN_POINT('Ctrl Pts',(11.8299710575161,-7.3269148228256,-191.912698511868));
#3446=CARTESIAN_POINT('Ctrl Pts',(11.8506965639741,-7.29290913321378,-191.889919596216));
#3447=CARTESIAN_POINT('Ctrl Pts',(11.86878136003,-7.26323622931561,-191.870043023125));
#3448=CARTESIAN_POINT('Ctrl Pts',(11.8867605805326,-7.23348805934916,-191.850160706833));
#3449=CARTESIAN_POINT('Ctrl Pts',(11.904622854158,-7.20368339702283,-191.830284700335));
#3450=CARTESIAN_POINT('Ctrl Pts',(12.0658654562099,-6.93463694708295,-191.650864147649));
#3451=CARTESIAN_POINT('Ctrl Pts',(12.2177668963231,-6.66068866201089,-191.471755390459));
#3452=CARTESIAN_POINT('Ctrl Pts',(12.3601412657011,-6.38226547021377,-191.292857142857));
#3453=CARTESIAN_POINT('Ctrl Pts',(12.5050214268301,-6.09894202466766,-191.110810282517));
#3454=CARTESIAN_POINT('Ctrl Pts',(12.6400366517736,-5.81098455859629,-190.928981406919));
#3455=CARTESIAN_POINT('Ctrl Pts',(12.7650157676128,-5.51896537238499,-190.747263787579));
#3456=CARTESIAN_POINT('Ctrl Pts',(12.8907636973883,-5.22514981868848,-190.564428325172));
#3457=CARTESIAN_POINT('Ctrl Pts',(13.0063519427369,-4.92722186920113,-190.381705492026));
#3458=CARTESIAN_POINT('Ctrl Pts',(13.111560904557,-4.62573787090523,-190.198986577884));
#3459=CARTESIAN_POINT('Ctrl Pts',(13.2164455207188,-4.3251833088872,-190.016830962584));
#3460=CARTESIAN_POINT('Ctrl Pts',(13.3110149667583,-4.02109401146804,-189.834679242162));
#3461=CARTESIAN_POINT('Ctrl Pts',(13.3950032259444,-3.71400338570948,-189.652423708679));
#3462=CARTESIAN_POINT('Ctrl Pts',(13.4779279378147,-3.41080146313281,-189.472476085674));
#3463=CARTESIAN_POINT('Ctrl Pts',(13.5505378788606,-3.10467318413924,-189.292427262142));
#3464=CARTESIAN_POINT('Ctrl Pts',(13.6125272509688,-2.79612302459955,-189.112173570283));
#3465=CARTESIAN_POINT('Ctrl Pts',(13.6401097136437,-2.65883217990474,-189.031968842301));
#3466=CARTESIAN_POINT('Ctrl Pts',(13.6655887905839,-2.52106177105883,-188.951723553528));
#3467=CARTESIAN_POINT('Ctrl Pts',(13.688934205258,-2.38285609870782,-188.871428571429));
#3468=CARTESIAN_POINT('Ctrl Pts',(13.722111970637,-2.18644256588642,-188.757315881018));
#3469=CARTESIAN_POINT('Ctrl Pts',(13.750980624803,-1.9891498603179,-188.643102824025));
#3470=CARTESIAN_POINT('Ctrl Pts',(13.775545875755,-1.79111400309717,-188.528763186774));
#3471=CARTESIAN_POINT('Ctrl Pts',(13.7850539778783,-1.71446324311815,-188.484507463522));
#3472=CARTESIAN_POINT('Ctrl Pts',(13.7939172985094,-1.63770116037497,-188.440232777088));
#3473=CARTESIAN_POINT('Ctrl Pts',(13.8021358587456,-1.56083569048771,-188.395937607462));
#3474=CARTESIAN_POINT('Ctrl Pts',(13.8079005781799,-1.50692018030602,-188.364867782839));
#3475=CARTESIAN_POINT('Ctrl Pts',(13.8133480720772,-1.45295380430373,-188.333787880492));
#3476=CARTESIAN_POINT('Ctrl Pts',(13.8184782971984,-1.3989393120327,-188.302697375863));
#3477=CARTESIAN_POINT('Ctrl Pts',(13.820954006902,-1.37287335985851,-188.28769392822));
#3478=CARTESIAN_POINT('Ctrl Pts',(13.8233555148527,-1.34679939230315,-188.272689848146));
#3479=CARTESIAN_POINT('Ctrl Pts',(13.8256822736711,-1.320724832891,-188.257689164402));
#3480=CARTESIAN_POINT('Ctrl Pts',(13.8536094235305,-1.00776238811635,-188.07764199338));
#3481=CARTESIAN_POINT('Ctrl Pts',(13.8708014142348,-0.69441087067492,-187.897908420485));
#3482=CARTESIAN_POINT('Ctrl Pts',(13.8774580161681,-0.381216967964651,-187.718386087317));
#3483=CARTESIAN_POINT('Ctrl Pts',(13.880158437841,-0.254161811113349,-187.645558238493));
#3484=CARTESIAN_POINT('Ctrl Pts',(13.8811244437868,-0.127132408396696,-187.572765153979));
#3485=CARTESIAN_POINT('Ctrl Pts',(13.8803670282087,-0.000164630166470574,
-187.5));
#3486=CARTESIAN_POINT('Ctrl Pts',(13.5357257702712,-2.44049333899139E-6,
-140.5));
#3487=CARTESIAN_POINT('Ctrl Pts',(13.5365885769826,-0.188184225368723,-140.610620342996));
#3488=CARTESIAN_POINT('Ctrl Pts',(13.5335535313006,-0.376541590344944,-140.721324594085));
#3489=CARTESIAN_POINT('Ctrl Pts',(13.5265915149151,-0.564949892596248,-140.832136685626));
#3490=CARTESIAN_POINT('Ctrl Pts',(13.5239807587706,-0.635603005940487,-140.873691219953));
#3491=CARTESIAN_POINT('Ctrl Pts',(13.5208177030259,-0.706263262917003,-140.915260919345));
#3492=CARTESIAN_POINT('Ctrl Pts',(13.5171005617665,-0.776924012679874,-140.956847045857));
#3493=CARTESIAN_POINT('Ctrl Pts',(13.5150234097326,-0.816409496239698,-140.980085524365));
#3494=CARTESIAN_POINT('Ctrl Pts',(13.5127732356742,-0.855895132838656,-141.00332913243));
#3495=CARTESIAN_POINT('Ctrl Pts',(13.5103497092935,-0.895379755169621,-141.026578090273));
#3496=CARTESIAN_POINT('Ctrl Pts',(13.508691073631,-0.922402610475444,-141.042489429593));
#3497=CARTESIAN_POINT('Ctrl Pts',(13.506951413644,-0.949421908236279,-141.05840146043));
#3498=CARTESIAN_POINT('Ctrl Pts',(13.5051312952585,-0.976428831105988,-141.074309276929));
#3499=CARTESIAN_POINT('Ctrl Pts',(13.4840094875455,-1.28983428667223,-141.258913665252));
#3500=CARTESIAN_POINT('Ctrl Pts',(13.4520365356797,-1.60190703567021,-141.443147557008));
#3501=CARTESIAN_POINT('Ctrl Pts',(13.4092675513166,-1.91208172237761,-141.627120804925));
#3502=CARTESIAN_POINT('Ctrl Pts',(13.3936492125841,-2.02535103179383,-141.694303987936));
#3503=CARTESIAN_POINT('Ctrl Pts',(13.3765906645053,-2.13836731423976,-141.761452412589));
#3504=CARTESIAN_POINT('Ctrl Pts',(13.3580928779721,-2.25110326135603,-141.828571428572));
#3505=CARTESIAN_POINT('Ctrl Pts',(13.3077233682267,-2.55808347094733,-142.011336643403));
#3506=CARTESIAN_POINT('Ctrl Pts',(13.2466861286617,-2.86298528899689,-142.193883800598));
#3507=CARTESIAN_POINT('Ctrl Pts',(13.1752615332675,-3.16530533526499,-142.376320912263));
#3508=CARTESIAN_POINT('Ctrl Pts',(13.1032969182266,-3.46991113147216,-142.560137375452));
#3509=CARTESIAN_POINT('Ctrl Pts',(13.020787127599,-3.77189653782528,-142.743842122779));
#3510=CARTESIAN_POINT('Ctrl Pts',(12.9279665525961,-4.07073927833157,-142.92754563486));
#3511=CARTESIAN_POINT('Ctrl Pts',(12.8352023052929,-4.36940066762183,-143.111137667386));
#3512=CARTESIAN_POINT('Ctrl Pts',(12.7321395669667,-4.66492376987582,-143.294728466166));
#3513=CARTESIAN_POINT('Ctrl Pts',(12.6189630730912,-4.95677138532626,-143.478428310802));
#3514=CARTESIAN_POINT('Ctrl Pts',(12.5065479496784,-5.24665565886349,-143.660892354337));
#3515=CARTESIAN_POINT('Ctrl Pts',(12.3841544398621,-5.53291426459502,-143.8434639815));
#3516=CARTESIAN_POINT('Ctrl Pts',(12.2519185432429,-5.81499693964198,-144.026251261186));
#3517=CARTESIAN_POINT('Ctrl Pts',(12.1278259939243,-6.07970840725471,-144.197782139708));
#3518=CARTESIAN_POINT('Ctrl Pts',(11.9950654386648,-6.34074260455775,-144.369502927966));
#3519=CARTESIAN_POINT('Ctrl Pts',(11.8537156036787,-6.59761915956487,-144.541502933833));
#3520=CARTESIAN_POINT('Ctrl Pts',(11.8320675489809,-6.63696039907823,-144.567845133209));
#3521=CARTESIAN_POINT('Ctrl Pts',(11.8102179674799,-6.6762040638797,-144.594193881811));
#3522=CARTESIAN_POINT('Ctrl Pts',(11.7881670777369,-6.71534836706447,-144.620549500458));
#3523=CARTESIAN_POINT('Ctrl Pts',(11.7747197430129,-6.73921980960471,-144.636621995941));
#3524=CARTESIAN_POINT('Ctrl Pts',(11.7611992200821,-6.76305128744771,-144.652695023827));
#3525=CARTESIAN_POINT('Ctrl Pts',(11.747609753098,-6.78683527399814,-144.668763809945));
#3526=CARTESIAN_POINT('Ctrl Pts',(11.6379812475894,-6.97870467576389,-144.798393398035));
#3527=CARTESIAN_POINT('Ctrl Pts',(11.5237888445427,-7.16762250145934,-144.927840401428));
#3528=CARTESIAN_POINT('Ctrl Pts',(11.4051273651573,-7.35341633511275,-145.057142857143));
#3529=CARTESIAN_POINT('Ctrl Pts',(11.2380918902196,-7.61495159833001,-145.23915724979));
#3530=CARTESIAN_POINT('Ctrl Pts',(11.0622029333235,-7.87029776919621,-145.420885218681));
#3531=CARTESIAN_POINT('Ctrl Pts',(10.8779299727332,-8.1191254760172,-145.602432860875));
#3532=CARTESIAN_POINT('Ctrl Pts',(10.6917810169623,-8.37048637912087,-145.785828753082));
#3533=CARTESIAN_POINT('Ctrl Pts',(10.4970761400353,-8.61519587504247,-145.96904062826));
#3534=CARTESIAN_POINT('Ctrl Pts',(10.2942521102647,-8.85288977129417,-146.152177856941));
#3535=CARTESIAN_POINT('Ctrl Pts',(10.0905538142628,-9.09160823917636,-146.336104492552));
#3536=CARTESIAN_POINT('Ctrl Pts',(9.87866582680559,-9.32325094886004,-146.519955836756));
#3537=CARTESIAN_POINT('Ctrl Pts',(9.65898884446502,-9.5474174076755,-146.703842680501));
#3538=CARTESIAN_POINT('Ctrl Pts',(9.44020694551616,-9.77067049053265,-146.886980269327));
#3539=CARTESIAN_POINT('Ctrl Pts',(9.21369895920496,-9.98650853161868,-147.070153068994));
#3540=CARTESIAN_POINT('Ctrl Pts',(8.97982568550388,-10.1944982854713,-147.253470521695));
#3541=CARTESIAN_POINT('Ctrl Pts',(8.76080970017872,-10.3892750556285,-147.425142350183));
#3542=CARTESIAN_POINT('Ctrl Pts',(8.53533391036045,-10.5771689795833,-147.596941036707));
#3543=CARTESIAN_POINT('Ctrl Pts',(8.30367161989864,-10.7577892701787,-147.768956462794));
#3544=CARTESIAN_POINT('Ctrl Pts',(8.18784047466773,-10.8480994154765,-147.854964175837));
#3545=CARTESIAN_POINT('Ctrl Pts',(8.07046238535342,-10.9365905925869,-147.941026073771));
#3546=CARTESIAN_POINT('Ctrl Pts',(7.95156978635849,-11.0232103873508,-148.027153391786));
#3547=CARTESIAN_POINT('Ctrl Pts',(7.89212348686101,-11.0665202847327,-148.070217050794));
#3548=CARTESIAN_POINT('Ctrl Pts',(7.83229854343568,-11.1093622977081,-148.113297064822));
#3549=CARTESIAN_POINT('Ctrl Pts',(7.77209891712937,-11.1517296350017,-148.156394838269));
#3550=CARTESIAN_POINT('Ctrl Pts',(7.74679165050933,-11.1695404017233,-148.174512672387));
#3551=CARTESIAN_POINT('Ctrl Pts',(7.72141816659678,-11.1872672784565,-148.192633645073));
#3552=CARTESIAN_POINT('Ctrl Pts',(7.69597875664907,-11.2049097519337,-148.210757860667));
#3553=CARTESIAN_POINT('Ctrl Pts',(7.67392446217405,-11.2202046155383,-148.226470362988));
#3554=CARTESIAN_POINT('Ctrl Pts',(7.65182223100585,-11.2354349026279,-148.242184146594));
#3555=CARTESIAN_POINT('Ctrl Pts',(7.6296802219523,-11.2505949314617,-148.257893662367));
#3556=CARTESIAN_POINT('Ctrl Pts',(7.61660817999688,-11.2595450015516,-148.267168134652));
#3557=CARTESIAN_POINT('Ctrl Pts',(7.6035215000287,-11.2684711216671,-148.276441671125));
#3558=CARTESIAN_POINT('Ctrl Pts',(7.59042023931088,-11.2773732489571,-148.285714285714));
#3559=CARTESIAN_POINT('Ctrl Pts',(7.3343628906709,-11.4513607117063,-148.466942730667));
#3560=CARTESIAN_POINT('Ctrl Pts',(7.07273919313798,-11.6161861977348,-148.647819028638));
#3561=CARTESIAN_POINT('Ctrl Pts',(6.80612337907862,-11.7717427459389,-148.828447174054));
#3562=CARTESIAN_POINT('Ctrl Pts',(6.53618875984955,-11.9292356454363,-149.011323759327));
#3563=CARTESIAN_POINT('Ctrl Pts',(6.26113649404341,-12.0772277075072,-149.193945975641));
#3564=CARTESIAN_POINT('Ctrl Pts',(5.98152600506303,-12.2155687650286,-149.376421749502));
#3565=CARTESIAN_POINT('Ctrl Pts',(5.69955036613252,-12.3550800123611,-149.560441036873));
#3566=CARTESIAN_POINT('Ctrl Pts',(5.41293854051654,-12.4847765863807,-149.744311393877));
#3567=CARTESIAN_POINT('Ctrl Pts',(5.12223496018723,-12.6044604857623,-149.928143509016));
#3568=CARTESIAN_POINT('Ctrl Pts',(4.83207984632409,-12.723918579169,-150.111628790618));
#3569=CARTESIAN_POINT('Ctrl Pts',(4.53784783454615,-12.8334019695744,-150.29507597452));
#3570=CARTESIAN_POINT('Ctrl Pts',(4.24005948780669,-12.9326663554126,-150.478595123898));
#3571=CARTESIAN_POINT('Ctrl Pts',(3.94603941518952,-13.0306746295846,-150.659791984748));
#3572=CARTESIAN_POINT('Ctrl Pts',(3.64855188373064,-13.1187210248384,-150.841059001268));
#3573=CARTESIAN_POINT('Ctrl Pts',(3.3480860697426,-13.196521582524,-151.022502110999));
#3574=CARTESIAN_POINT('Ctrl Pts',(3.07690563612386,-13.2667391846163,-151.186260578297));
#3575=CARTESIAN_POINT('Ctrl Pts',(2.80329877201445,-13.3286103881264,-151.350162485234));
#3576=CARTESIAN_POINT('Ctrl Pts',(2.52762222444483,-13.3818900546941,-151.514285714286));
#3577=CARTESIAN_POINT('Ctrl Pts',(2.41429474663935,-13.4037927166495,-151.58175489787));
#3578=CARTESIAN_POINT('Ctrl Pts',(2.30061750035463,-13.4242430343253,-151.649261483521));
#3579=CARTESIAN_POINT('Ctrl Pts',(2.18661758690789,-13.4432382262442,-151.716810881848));
#3580=CARTESIAN_POINT('Ctrl Pts',(2.14272084245398,-13.4505525044774,-151.742821416301));
#3581=CARTESIAN_POINT('Ctrl Pts',(2.09877625702504,-13.4576510201848,-151.768838298623));
#3582=CARTESIAN_POINT('Ctrl Pts',(2.05478538293552,-13.4645335773859,-151.794861837721));
#3583=CARTESIAN_POINT('Ctrl Pts',(2.02683095734036,-13.4689071647984,-151.811398746854));
#3584=CARTESIAN_POINT('Ctrl Pts',(1.99885735479567,-13.4731935929239,-151.827938628521));
#3585=CARTESIAN_POINT('Ctrl Pts',(1.97087841354421,-13.4773908680999,-151.84447362659));
#3586=CARTESIAN_POINT('Ctrl Pts',(1.66421891354097,-13.5233945497722,-152.025703294809));
#3587=CARTESIAN_POINT('Ctrl Pts',(1.35653324809488,-13.55875380941,-152.20657503571));
#3588=CARTESIAN_POINT('Ctrl Pts',(1.04837375970019,-13.5836111794338,-152.387192775849));
#3589=CARTESIAN_POINT('Ctrl Pts',(0.736414929237547,-13.6087750195005,-152.57003737774));
#3590=CARTESIAN_POINT('Ctrl Pts',(0.423969975201217,-13.6231764821712,-152.752621677037));
#3591=CARTESIAN_POINT('Ctrl Pts',(0.111595870254079,-13.6269126148353,-152.93505349186));
#3592=CARTESIAN_POINT('Ctrl Pts',(-0.203450102462762,-13.6306807042215,
-153.119045723114));
#3593=CARTESIAN_POINT('Ctrl Pts',(-0.518424596958271,-13.6236002795183,
-153.30288285021));
#3594=CARTESIAN_POINT('Ctrl Pts',(-0.832763844118584,-13.6057187065999,
-153.486675481643));
#3595=CARTESIAN_POINT('Ctrl Pts',(-1.14674990863039,-13.5878572249089,-153.670261608895));
#3596=CARTESIAN_POINT('Ctrl Pts',(-1.46010275406979,-13.5592188261169,-153.853803340416));
#3597=CARTESIAN_POINT('Ctrl Pts',(-1.77225911631967,-13.5197988427551,-154.037410912289));
#3598=CARTESIAN_POINT('Ctrl Pts',(-2.08150745408503,-13.4807460929039,-154.219308010248));
#3599=CARTESIAN_POINT('Ctrl Pts',(-2.38958206586107,-13.4311116185154,-154.401269727545));
#3600=CARTESIAN_POINT('Ctrl Pts',(-2.69592522017793,-13.3708408819186,-154.583403248023));
#3601=CARTESIAN_POINT('Ctrl Pts',(-2.78529803309566,-13.3532574458589,-154.636539036509));
#3602=CARTESIAN_POINT('Ctrl Pts',(-2.8745233808085,-13.3347684058785,-154.689689447631));
#3603=CARTESIAN_POINT('Ctrl Pts',(-2.96358714382012,-13.3153716102657,-154.742857142857));
#3604=CARTESIAN_POINT('Ctrl Pts',(-3.18916667173132,-13.2662436613741,-154.877519582257));
#3605=CARTESIAN_POINT('Ctrl Pts',(-3.41371013092297,-13.2112933812136,-155.012292899341));
#3606=CARTESIAN_POINT('Ctrl Pts',(-3.63699824570174,-13.1505791137526,-155.147220337229));
#3607=CARTESIAN_POINT('Ctrl Pts',(-3.73468679591746,-13.1240166217384,-155.206251091305));
#3608=CARTESIAN_POINT('Ctrl Pts',(-3.83213497454458,-13.0963506933962,-155.265311345065));
#3609=CARTESIAN_POINT('Ctrl Pts',(-3.92932395429602,-13.0675854205753,-155.324404719699));
#3610=CARTESIAN_POINT('Ctrl Pts',(-3.96957532262886,-13.0556721193505,-155.348878576659));
#3611=CARTESIAN_POINT('Ctrl Pts',(-4.00978222823203,-13.043570247523,-155.373358114673));
#3612=CARTESIAN_POINT('Ctrl Pts',(-4.04994331760727,-13.0312800721142,-155.397843590985));
#3613=CARTESIAN_POINT('Ctrl Pts',(-4.07731451357297,-13.0229038849938,-155.414531304912));
#3614=CARTESIAN_POINT('Ctrl Pts',(-4.10465760754509,-13.0144423103529,-155.431217620398));
#3615=CARTESIAN_POINT('Ctrl Pts',(-4.1319681464803,-13.0058968562419,-155.447900133252));
#3616=CARTESIAN_POINT('Ctrl Pts',(-4.43030220895579,-12.9125482758024,-155.630136076809));
#3617=CARTESIAN_POINT('Ctrl Pts',(-4.72490712383405,-12.8091472952329,-155.812013005238));
#3618=CARTESIAN_POINT('Ctrl Pts',(-5.01529164804056,-12.6960060121576,-155.993636621));
#3619=CARTESIAN_POINT('Ctrl Pts',(-5.30938316886033,-12.5814203878099,-156.177578811179));
#3620=CARTESIAN_POINT('Ctrl Pts',(-5.59914643230807,-12.456844056196,-156.361261179921));
#3621=CARTESIAN_POINT('Ctrl Pts',(-5.88406374833626,-12.3225484122031,-156.544793529723));
#3622=CARTESIAN_POINT('Ctrl Pts',(-6.16926181030611,-12.1881204387415,-156.728506724843));
#3623=CARTESIAN_POINT('Ctrl Pts',(-6.44960494226091,-12.0439537615667,-156.912069605231));
#3624=CARTESIAN_POINT('Ctrl Pts',(-6.72455793272522,-11.8902708669575,-157.095592298289));
#3625=CARTESIAN_POINT('Ctrl Pts',(-6.99740564952711,-11.7377646991401,-157.27770978571));
#3626=CARTESIAN_POINT('Ctrl Pts',(-7.2649459787838,-11.5758872062842,-157.459787698862));
#3627=CARTESIAN_POINT('Ctrl Pts',(-7.52663201595028,-11.4048107538829,-157.641933654777));
#3628=CARTESIAN_POINT('Ctrl Pts',(-7.68437847641547,-11.3016844842222,-157.751732710717));
#3629=CARTESIAN_POINT('Ctrl Pts',(-7.83999712221602,-11.1952146689736,-157.861556491873));
#3630=CARTESIAN_POINT('Ctrl Pts',(-7.99336268946516,-11.0854316848279,-157.971428571429));
#3631=CARTESIAN_POINT('Ctrl Pts',(-8.25018297224638,-10.9015931770155,-158.155416275105));
#3632=CARTESIAN_POINT('Ctrl Pts',(-8.50068737856251,-10.7084657003464,-158.339539415257));
#3633=CARTESIAN_POINT('Ctrl Pts',(-8.74451058707202,-10.5064799994903,-158.523908685509));
#3634=CARTESIAN_POINT('Ctrl Pts',(-8.86292084194586,-10.4083877035786,-158.613445741537));
#3635=CARTESIAN_POINT('Ctrl Pts',(-8.97975478436792,-10.3082057027034,-158.703040846369));
#3636=CARTESIAN_POINT('Ctrl Pts',(-9.0949670764065,-10.2059805992014,-158.792706678433));
#3637=CARTESIAN_POINT('Ctrl Pts',(-9.14897283829958,-10.1580625819348,-158.834737537213));
#3638=CARTESIAN_POINT('Ctrl Pts',(-9.20262224614185,-10.1096956172692,-158.876783936645));
#3639=CARTESIAN_POINT('Ctrl Pts',(-9.2559104431726,-10.0608843866502,-158.918847182566));
#3640=CARTESIAN_POINT('Ctrl Pts',(-9.28178280556237,-10.0371856706562,-158.939269632609));
#3641=CARTESIAN_POINT('Ctrl Pts',(-9.30757001882112,-10.0133822279055,-158.959696053832));
#3642=CARTESIAN_POINT('Ctrl Pts',(-9.33327151656443,-9.98947458819792,-158.980126595687));
#3643=CARTESIAN_POINT('Ctrl Pts',(-9.35146047807046,-9.97255514083012,-158.994585299342));
#3644=CARTESIAN_POINT('Ctrl Pts',(-9.36960477667324,-9.95558510137863,-159.009044696334));
#3645=CARTESIAN_POINT('Ctrl Pts',(-9.38769893492959,-9.93856972366814,-159.023500583332));
#3646=CARTESIAN_POINT('Ctrl Pts',(-9.61588279354038,-9.72399027284802,-159.205802519017));
#3647=CARTESIAN_POINT('Ctrl Pts',(-9.8363426275473,-9.50197410441435,-159.38774317383));
#3648=CARTESIAN_POINT('Ctrl Pts',(-10.0488243989659,-9.27305104783865,-159.569428340441));
#3649=CARTESIAN_POINT('Ctrl Pts',(-10.2636401306983,-9.04161343518884,-159.753109188684));
#3650=CARTESIAN_POINT('Ctrl Pts',(-10.470301978295,-8.8031159599062,-159.93652890519));
#3651=CARTESIAN_POINT('Ctrl Pts',(-10.6685175032249,-8.55806148450053,-160.119796807232));
#3652=CARTESIAN_POINT('Ctrl Pts',(-10.8677729688522,-8.31172132714761,-160.304026227046));
#3653=CARTESIAN_POINT('Ctrl Pts',(-11.0584936527221,-8.05875472710909,-160.488102235224));
#3654=CARTESIAN_POINT('Ctrl Pts',(-11.2403463292215,-7.79963427382985,-160.672135878687));
#3655=CARTESIAN_POINT('Ctrl Pts',(-11.421328653151,-7.54175397910514,-160.855288731404));
#3656=CARTESIAN_POINT('Ctrl Pts',(-11.5935279915334,-7.27777809078213,-161.038399623954));
#3657=CARTESIAN_POINT('Ctrl Pts',(-11.7565747064176,-7.00814198966388,-161.221578016455));
#3658=CARTESIAN_POINT('Ctrl Pts',(-11.9181850738877,-6.74088122690702,-161.403142713086));
#3659=CARTESIAN_POINT('Ctrl Pts',(-12.0708036674657,-6.4680590469195,-161.584773725635));
#3660=CARTESIAN_POINT('Ctrl Pts',(-12.2140252650607,-6.19007685863804,-161.766577646789));
#3661=CARTESIAN_POINT('Ctrl Pts',(-12.351290068946,-5.92365635224211,-161.940820079506));
#3662=CARTESIAN_POINT('Ctrl Pts',(-12.4799232994491,-5.65249564791655,-162.115221336895));
#3663=CARTESIAN_POINT('Ctrl Pts',(-12.5995246451633,-5.37693454097549,-162.289875257108));
#3664=CARTESIAN_POINT('Ctrl Pts',(-12.6616346568953,-5.23383327833662,-162.380574546223));
#3665=CARTESIAN_POINT('Ctrl Pts',(-12.7213082078739,-5.08954512540952,-162.471341973817));
#3666=CARTESIAN_POINT('Ctrl Pts',(-12.7784842705366,-4.9441167634603,-162.562190681727));
#3667=CARTESIAN_POINT('Ctrl Pts',(-12.7883501185385,-4.91902279848014,-162.577866814389));
#3668=CARTESIAN_POINT('Ctrl Pts',(-12.7981410464555,-4.89389622799923,-162.593544522594));
#3669=CARTESIAN_POINT('Ctrl Pts',(-12.8078531276831,-4.86874686434444,-162.609217927425));
#3670=CARTESIAN_POINT('Ctrl Pts',(-12.8502404684729,-4.75898515386271,-162.677622828119));
#3671=CARTESIAN_POINT('Ctrl Pts',(-12.891145663086,-4.64873951361347,-162.745976893987));
#3672=CARTESIAN_POINT('Ctrl Pts',(-12.9305537575385,-4.53803432299878,-162.814285714286));
#3673=CARTESIAN_POINT('Ctrl Pts',(-13.0338398667895,-4.24788305911963,-162.993318787926));
#3674=CARTESIAN_POINT('Ctrl Pts',(-13.1268452578328,-3.95457693407701,-163.172041055825));
#3675=CARTESIAN_POINT('Ctrl Pts',(-13.2096800203701,-3.65869028071423,-163.350553147041));
#3676=CARTESIAN_POINT('Ctrl Pts',(-13.2944271336944,-3.35597268998738,-163.53318642757));
#3677=CARTESIAN_POINT('Ctrl Pts',(-13.3685287826273,-3.05055355186091,-163.71559971498));
#3678=CARTESIAN_POINT('Ctrl Pts',(-13.4320538798917,-2.74302363418659,-163.897900769931));
#3679=CARTESIAN_POINT('Ctrl Pts',(-13.4960628139856,-2.43315142493353,-164.081590314917));
#3680=CARTESIAN_POINT('Ctrl Pts',(-13.5493335510055,-2.12113556649799,-164.265165911305));
#3681=CARTESIAN_POINT('Ctrl Pts',(-13.5918855562492,-1.80756444337363,-164.448737800826));
#3682=CARTESIAN_POINT('Ctrl Pts',(-13.634491036874,-1.49359925338474,-164.632540386331));
#3683=CARTESIAN_POINT('Ctrl Pts',(-13.6663508653115,-1.1780742677194,-164.816339255646));
#3684=CARTESIAN_POINT('Ctrl Pts',(-13.6874328103892,-0.861573287624583,
-165.000245066649));
#3685=CARTESIAN_POINT('Ctrl Pts',(-13.7084014626657,-0.546773160201411,
-165.183162581533));
#3686=CARTESIAN_POINT('Ctrl Pts',(-13.7187077493818,-0.231006889358799,
-165.366185891801));
#3687=CARTESIAN_POINT('Ctrl Pts',(-13.7182686574652,0.0851486145655297,
-165.549423880897));
#3688=CARTESIAN_POINT('Ctrl Pts',(-13.7178477179417,0.388234009991523,-165.725086672444));
#3689=CARTESIAN_POINT('Ctrl Pts',(-13.7075511983441,0.691677580904588,-165.900946759746));
#3690=CARTESIAN_POINT('Ctrl Pts',(-13.6872612941199,0.994961097898518,-166.07710007285));
#3691=CARTESIAN_POINT('Ctrl Pts',(-13.6843612714091,1.03830921218216,-166.102277550424));
#3692=CARTESIAN_POINT('Ctrl Pts',(-13.6812570223601,1.08165403296511,-166.127461018249));
#3693=CARTESIAN_POINT('Ctrl Pts',(-13.6779481292826,1.12499402135166,-166.152650756428));
#3694=CARTESIAN_POINT('Ctrl Pts',(-13.6756755487675,1.15476035433033,-166.169951317924));
#3695=CARTESIAN_POINT('Ctrl Pts',(-13.6733069265191,1.18451780472549,-166.187251000198));
#3696=CARTESIAN_POINT('Ctrl Pts',(-13.670842796135,1.21425977269144,-166.204546339118));
#3697=CARTESIAN_POINT('Ctrl Pts',(-13.6445711677582,1.53135741275476,-166.388942716721));
#3698=CARTESIAN_POINT('Ctrl Pts',(-13.6074308151533,1.84691242605702,-166.572972120596));
#3699=CARTESIAN_POINT('Ctrl Pts',(-13.5594771393632,2.1603441963147,-166.756744064025));
#3700=CARTESIAN_POINT('Ctrl Pts',(-13.5114527721222,2.47423801554491,-166.940786916934));
#3701=CARTESIAN_POINT('Ctrl Pts',(-13.4525831922475,2.78600294843542,-167.12457154976));
#3702=CARTESIAN_POINT('Ctrl Pts',(-13.3828721534608,3.0950599276369,-167.308207960821));
#3703=CARTESIAN_POINT('Ctrl Pts',(-13.3386995240479,3.29089490079672,-167.424569777739));
#3704=CARTESIAN_POINT('Ctrl Pts',(-13.2901728307833,3.48564263790981,-167.540872081174));
#3705=CARTESIAN_POINT('Ctrl Pts',(-13.237282217828,3.67915494533511,-167.657142857143));
#3706=CARTESIAN_POINT('Ctrl Pts',(-13.1543910943067,3.98243092724167,-167.839364516418));
#3707=CARTESIAN_POINT('Ctrl Pts',(-13.0607839227742,4.28267338049275,-168.021508738802));
#3708=CARTESIAN_POINT('Ctrl Pts',(-12.9568131437258,4.57942890212258,-168.203683252498));
#3709=CARTESIAN_POINT('Ctrl Pts',(-12.851998678996,4.87859248866021,-168.387336047208));
#3710=CARTESIAN_POINT('Ctrl Pts',(-12.7366514745475,5.17421286479482,-168.57101962683));
#3711=CARTESIAN_POINT('Ctrl Pts',(-12.6110835630476,5.46580619723215,-168.754844363431));
#3712=CARTESIAN_POINT('Ctrl Pts',(-12.4859434960439,5.75640599078755,-168.93804275847));
#3713=CARTESIAN_POINT('Ctrl Pts',(-12.3506519132998,6.0430066442824,-169.121381350206));
#3714=CARTESIAN_POINT('Ctrl Pts',(-12.2054737508103,6.32510234356377,-169.30496938634));
#3715=CARTESIAN_POINT('Ctrl Pts',(-12.0999668822419,6.53011274841682,-169.438390270494));
#3716=CARTESIAN_POINT('Ctrl Pts',(-11.9892374709577,6.73274332522841,-169.57194289919));
#3717=CARTESIAN_POINT('Ctrl Pts',(-11.8733740979032,6.93278862440634,-169.705669204916));
#3718=CARTESIAN_POINT('Ctrl Pts',(-11.8537659399722,6.96664332513036,-169.72830039934));
#3719=CARTESIAN_POINT('Ctrl Pts',(-11.8340082582299,7.00042804965179,-169.750939329695));
#3720=CARTESIAN_POINT('Ctrl Pts',(-11.8141157084515,7.03411785187785,-169.773570093248));
#3721=CARTESIAN_POINT('Ctrl Pts',(-11.653326626646,7.30642846195415,-169.956491826897));
#3722=CARTESIAN_POINT('Ctrl Pts',(-11.4835852431983,7.57279451005226,-170.139050158612));
#3723=CARTESIAN_POINT('Ctrl Pts',(-11.3052884943028,7.83278937297771,-170.321351967252));
#3724=CARTESIAN_POINT('Ctrl Pts',(-11.125101239825,8.09554099811423,-170.505586747689));
#3725=CARTESIAN_POINT('Ctrl Pts',(-10.9361759684011,8.35178615348402,-170.68955953631));
#3726=CARTESIAN_POINT('Ctrl Pts',(-10.7388727347261,8.60106550360338,-170.873380647909));
#3727=CARTESIAN_POINT('Ctrl Pts',(-10.5417271042723,8.85014573266502,-171.057054925627));
#3728=CARTESIAN_POINT('Ctrl Pts',(-10.3362165431581,9.09227179146197,-171.240577768541));
#3729=CARTESIAN_POINT('Ctrl Pts',(-10.1226556719122,9.32695871409397,-171.424059227298));
#3730=CARTESIAN_POINT('Ctrl Pts',(-9.9115321326184,9.55896719693545,-171.605446645048));
#3731=CARTESIAN_POINT('Ctrl Pts',(-9.69254059620959,9.78370581232351,-171.78679361787));
#3732=CARTESIAN_POINT('Ctrl Pts',(-9.46594706424536,10.0006729298694,-171.968206471289));
#3733=CARTESIAN_POINT('Ctrl Pts',(-9.24465473329394,10.2125640582936,-172.145375134708));
#3734=CARTESIAN_POINT('Ctrl Pts',(-9.01611154170661,10.4170433773709,-172.322606632202));
#3735=CARTESIAN_POINT('Ctrl Pts',(-8.78053477107589,10.6136065771411,-172.5));
#3736=CARTESIAN_POINT('Ctrl Pts',(-8.53669990852054,10.8170602566829,-172.683611853322));
#3737=CARTESIAN_POINT('Ctrl Pts',(-8.28532913318102,11.0120333694722,-172.867397124516));
#3738=CARTESIAN_POINT('Ctrl Pts',(-8.02693416607429,11.1982753360161,-173.051465634253));
#3739=CARTESIAN_POINT('Ctrl Pts',(-7.94635097742405,11.2563568524352,-173.108869335303));
#3740=CARTESIAN_POINT('Ctrl Pts',(-7.86508447919774,11.313588856752,-173.16630058328));
#3741=CARTESIAN_POINT('Ctrl Pts',(-7.78314980483883,11.3699627851189,-173.223762709112));
#3742=CARTESIAN_POINT('Ctrl Pts',(-7.74850274982047,11.3938011736036,-173.248061254883));
#3743=CARTESIAN_POINT('Ctrl Pts',(-7.71373621483924,11.4174861218562,-173.272365321992));
#3744=CARTESIAN_POINT('Ctrl Pts',(-7.67885133626497,11.441016956752,-173.296675162299));
#3745=CARTESIAN_POINT('Ctrl Pts',(-7.65123924997817,11.4596420880437,-173.315916892115));
#3746=CARTESIAN_POINT('Ctrl Pts',(-7.62355147400383,11.4781716526042,-173.335163298222));
#3747=CARTESIAN_POINT('Ctrl Pts',(-7.5958048739833,11.4965946068417,-173.354403239774));
#3748=CARTESIAN_POINT('Ctrl Pts',(-7.33420543386611,11.6702892040278,-173.535800525719));
#3749=CARTESIAN_POINT('Ctrl Pts',(-7.0670690659186,11.834721950925,-173.716840727901));
#3750=CARTESIAN_POINT('Ctrl Pts',(-6.79498308317917,11.989790493911,-173.897628078497));
#3751=CARTESIAN_POINT('Ctrl Pts',(-6.51963825742008,12.1467163322777,-174.080580765175));
#3752=CARTESIAN_POINT('Ctrl Pts',(-6.23922405234197,12.2940525978962,-174.263274507058));
#3753=CARTESIAN_POINT('Ctrl Pts',(-5.95431229933627,12.4316536581901,-174.445817326608));
#3754=CARTESIAN_POINT('Ctrl Pts',(-5.66756462936003,12.57014139346,-174.629536417255));
#3755=CARTESIAN_POINT('Ctrl Pts',(-5.37626071967248,12.6987683290012,-174.813102634272));
#3756=CARTESIAN_POINT('Ctrl Pts',(-5.08095429443692,12.8173419597987,-174.996626101832));
#3757=CARTESIAN_POINT('Ctrl Pts',(-4.78565778683789,12.9359116083931,-175.1801434059));
#3758=CARTESIAN_POINT('Ctrl Pts',(-4.48635845991891,13.0444288643186,-175.363617963383));
#3759=CARTESIAN_POINT('Ctrl Pts',(-4.1835892737685,13.1426535826662,-175.547159887358));
#3760=CARTESIAN_POINT('Ctrl Pts',(-3.88432958420335,13.2397397462025,-175.72857431691));
#3761=CARTESIAN_POINT('Ctrl Pts',(-3.58167943899847,13.3267707390428,-175.910054560272));
#3762=CARTESIAN_POINT('Ctrl Pts',(-3.27614179700473,13.4034654416477,-176.091706945666));
#3763=CARTESIAN_POINT('Ctrl Pts',(-2.97424462228269,13.4792463303181,-176.271194951052));
#3764=CARTESIAN_POINT('Ctrl Pts',(-2.66952782385896,13.5449359081271,-176.450851020779));
#3765=CARTESIAN_POINT('Ctrl Pts',(-2.36247321845352,13.6002126118071,-176.630777727485));
#3766=CARTESIAN_POINT('Ctrl Pts',(-2.26124438851544,13.6184360676285,-176.690095417804));
#3767=CARTESIAN_POINT('Ctrl Pts',(-2.15976147578078,13.6355273610403,-176.749442522818));
#3768=CARTESIAN_POINT('Ctrl Pts',(-2.05804181128103,13.6514737096455,-176.808822717864));
#3769=CARTESIAN_POINT('Ctrl Pts',(-2.0145399487747,13.6582933926233,-176.834217503554));
#3770=CARTESIAN_POINT('Ctrl Pts',(-1.97099478597038,13.6649036610033,-176.859618341303));
#3771=CARTESIAN_POINT('Ctrl Pts',(-1.92740768274413,13.6713034789324,-176.885025518588));
#3772=CARTESIAN_POINT('Ctrl Pts',(-1.90045480661337,13.675260922468,-176.900736507654));
#3773=CARTESIAN_POINT('Ctrl Pts',(-1.87348661559387,13.6791377649728,-176.916449498037));
#3774=CARTESIAN_POINT('Ctrl Pts',(-1.8465145124746,13.6829322798911,-176.932158110855));
#3775=CARTESIAN_POINT('Ctrl Pts',(-1.61112975419114,13.7160469010564,-177.069246717367));
#3776=CARTESIAN_POINT('Ctrl Pts',(-1.37522553117507,13.7429256141799,-177.206131398095));
#3777=CARTESIAN_POINT('Ctrl Pts',(-1.13902763530409,13.7635013226725,-177.342857142857));
#3778=CARTESIAN_POINT('Ctrl Pts',(-0.829080100048477,13.7905015214249,-177.522273675925));
#3779=CARTESIAN_POINT('Ctrl Pts',(-0.518627093169003,13.8066503113233,-177.701416526821));
#3780=CARTESIAN_POINT('Ctrl Pts',(-0.208197976046336,13.8121854184429,-177.880387355692));
#3781=CARTESIAN_POINT('Ctrl Pts',(0.108637105476007,13.8178347471261,-178.063051397264));
#3782=CARTESIAN_POINT('Ctrl Pts',(0.425447841169149,13.8124278719531,-178.245536243921));
#3783=CARTESIAN_POINT('Ctrl Pts',(0.74168051294026,13.7961639728754,-178.427949980101));
#3784=CARTESIAN_POINT('Ctrl Pts',(1.05971894425835,13.7798072032828,-178.611405339666));
#3785=CARTESIAN_POINT('Ctrl Pts',(1.37717328748618,13.75246898053,-178.794788774321));
#3786=CARTESIAN_POINT('Ctrl Pts',(1.69348072402692,13.7142987852728,-178.978210230659));
#3787=CARTESIAN_POINT('Ctrl Pts',(2.00956151302035,13.6761559405616,-179.16150025783));
#3788=CARTESIAN_POINT('Ctrl Pts',(2.32449763932486,13.627196510775,-179.344828252214));
#3789=CARTESIAN_POINT('Ctrl Pts',(2.63771893657925,13.5675184389378,-179.528303924228));
#3790=CARTESIAN_POINT('Ctrl Pts',(2.94870999300639,13.508265295014,-179.71047318784));
#3791=CARTESIAN_POINT('Ctrl Pts',(3.25801112614972,13.4384454367684,-179.892788033541));
#3792=CARTESIAN_POINT('Ctrl Pts',(3.56504709627153,13.3581065371706,-180.075355844869));
#3793=CARTESIAN_POINT('Ctrl Pts',(3.71314618437978,13.3193549936125,-180.163417599864));
#3794=CARTESIAN_POINT('Ctrl Pts',(3.860717944488,13.2781553604003,-180.251538210457));
#3795=CARTESIAN_POINT('Ctrl Pts',(4.0076957736789,13.234509107053,-180.339729727757));
#3796=CARTESIAN_POINT('Ctrl Pts',(4.05620981695786,13.2201024701098,-180.368839744626));
#3797=CARTESIAN_POINT('Ctrl Pts',(4.10465913846311,13.2054292512659,-180.397957486853));
#3798=CARTESIAN_POINT('Ctrl Pts',(4.15304130486344,13.1904894440456,-180.427083387823));
#3799=CARTESIAN_POINT('Ctrl Pts',(4.17914057229052,13.1824303170374,-180.442795058776));
#3800=CARTESIAN_POINT('Ctrl Pts',(4.20522029755522,13.1742936135541,-180.458509103885));
#3801=CARTESIAN_POINT('Ctrl Pts',(4.23128009623477,13.1660793290485,-180.47422559118));
#3802=CARTESIAN_POINT('Ctrl Pts',(4.25721682545632,13.1579038371505,-180.489867856123));
#3803=CARTESIAN_POINT('Ctrl Pts',(4.28312639653636,13.1496538304751,-180.505508066377));
#3804=CARTESIAN_POINT('Ctrl Pts',(4.30900687925466,13.1413299536313,-180.52114532589));
#3805=CARTESIAN_POINT('Ctrl Pts',(4.61361747276301,13.0433587877429,-180.705194246185));
#3806=CARTESIAN_POINT('Ctrl Pts',(4.91427112828281,12.9351358682048,-180.888878115971));
#3807=CARTESIAN_POINT('Ctrl Pts',(5.21042315467761,12.8168632305303,-181.07230583633));
#3808=CARTESIAN_POINT('Ctrl Pts',(5.51063663538855,12.6969685917485,-181.258249100194));
#3809=CARTESIAN_POINT('Ctrl Pts',(5.80622481117261,12.5667466625642,-181.443929140744));
#3810=CARTESIAN_POINT('Ctrl Pts',(6.09661215441924,12.4263541286761,-181.629459401227));
#3811=CARTESIAN_POINT('Ctrl Pts',(6.38699949766587,12.2859615947879,-181.814989661709));
#3812=CARTESIAN_POINT('Ctrl Pts',(6.67218664276955,12.1353983066888,-182.000370142124));
#3813=CARTESIAN_POINT('Ctrl Pts',(6.95158039862075,11.9747691274035,-182.185714285714));
#3814=CARTESIAN_POINT('Ctrl Pts',(7.22632676520419,11.8168118271716,-182.367975445646));
#3815=CARTESIAN_POINT('Ctrl Pts',(7.49547133427722,11.6491203377282,-182.550201467542));
#3816=CARTESIAN_POINT('Ctrl Pts',(7.75864802981688,11.4721447500727,-182.7325002273));
#3817=CARTESIAN_POINT('Ctrl Pts',(8.02320042638235,11.2942440596189,-182.915751915624));
#3818=CARTESIAN_POINT('Ctrl Pts',(8.28172284728959,11.1069615499768,-183.099077104241));
#3819=CARTESIAN_POINT('Ctrl Pts',(8.53381096456841,10.9107133355022,-183.282585369606));
#3820=CARTESIAN_POINT('Ctrl Pts',(8.74836725692267,10.7436832916694,-183.438772235762));
#3821=CARTESIAN_POINT('Ctrl Pts',(8.95826215371171,10.5701576682733,-183.595091722506));
#3822=CARTESIAN_POINT('Ctrl Pts',(9.16322425315238,10.3903731373072,-183.751611388942));
#3823=CARTESIAN_POINT('Ctrl Pts',(9.25289517165768,10.3117174050096,-183.820088743008));
#3824=CARTESIAN_POINT('Ctrl Pts',(9.3416216400875,10.2318634625562,-183.888604412718));
#3825=CARTESIAN_POINT('Ctrl Pts',(9.42937954964969,10.1508301856083,-183.957164055487));
#3826=CARTESIAN_POINT('Ctrl Pts',(9.46670622961176,10.1163637402474,-183.986325003562));
#3827=CARTESIAN_POINT('Ctrl Pts',(9.50385767523492,10.0816839331201,-184.01549390687));
#3828=CARTESIAN_POINT('Ctrl Pts',(9.54083198205102,10.0467921883408,-184.044671200739));
#3829=CARTESIAN_POINT('Ctrl Pts',(9.56296076709038,10.0259097976659,-184.06213354472));
#3830=CARTESIAN_POINT('Ctrl Pts',(9.58502149670713,10.0049558176246,-184.079595268232));
#3831=CARTESIAN_POINT('Ctrl Pts',(9.60700883888186,9.98393548567316,-184.09705246783));
#3832=CARTESIAN_POINT('Ctrl Pts',(9.83672806881073,9.7643193797173,-184.279441699623));
#3833=CARTESIAN_POINT('Ctrl Pts',(10.0586106433924,9.53730224939057,-184.461472760153));
#3834=CARTESIAN_POINT('Ctrl Pts',(10.2723402011674,9.30338340560712,-184.643251634607));
#3835=CARTESIAN_POINT('Ctrl Pts',(10.4880041250952,9.06734747189656,-184.826675704539));
#3836=CARTESIAN_POINT('Ctrl Pts',(10.6953672333311,8.82428393323893,-185.009843002902));
#3837=CARTESIAN_POINT('Ctrl Pts',(10.8940747792899,8.57466197412213,-185.192862418673));
#3838=CARTESIAN_POINT('Ctrl Pts',(11.0931355103227,8.32459633406872,-185.376207135255));
#3839=CARTESIAN_POINT('Ctrl Pts',(11.2835103074332,8.06794848890992,-185.559403443082));
#3840=CARTESIAN_POINT('Ctrl Pts',(11.4648063223918,7.80515283307312,-185.742560812784));
#3841=CARTESIAN_POINT('Ctrl Pts',(11.6451149025977,7.54378850248361,-185.924720609804));
#3842=CARTESIAN_POINT('Ctrl Pts',(11.8164437028753,7.27634267436978,-186.106841891699));
#3843=CARTESIAN_POINT('Ctrl Pts',(11.978364565051,7.00321278626607,-186.28903235012));
#3844=CARTESIAN_POINT('Ctrl Pts',(12.1378424399635,6.73420375590014,-186.468474002961));
#3845=CARTESIAN_POINT('Ctrl Pts',(12.2881944033708,6.4596804169514,-186.647982760668));
#3846=CARTESIAN_POINT('Ctrl Pts',(12.4289660711275,6.18000045385483,-186.827661513658));
#3847=CARTESIAN_POINT('Ctrl Pts',(12.4814146929691,6.07579746432658,-186.89460611351));
#3848=CARTESIAN_POINT('Ctrl Pts',(12.5325329440985,5.97087846940247,-186.961574311325));
#3849=CARTESIAN_POINT('Ctrl Pts',(12.5822955565226,5.86526136857423,-187.028571428571));
#3850=CARTESIAN_POINT('Ctrl Pts',(12.6898792719514,5.63692367554679,-187.173415086194));
#3851=CARTESIAN_POINT('Ctrl Pts',(12.7911280338283,5.40532322964654,-187.31839391262));
#3852=CARTESIAN_POINT('Ctrl Pts',(12.8859853422568,5.17073032748883,-187.463561680508));
#3853=CARTESIAN_POINT('Ctrl Pts',(12.9093085000398,5.11304950813553,-187.499254984604));
#3854=CARTESIAN_POINT('Ctrl Pts',(12.9322451667487,5.05518776535441,-187.534959711179));
#3855=CARTESIAN_POINT('Ctrl Pts',(12.9547943158024,4.99714909464268,-187.570676659536));
#3856=CARTESIAN_POINT('Ctrl Pts',(12.9658021432992,4.96881633255857,-187.58811261711));
#3857=CARTESIAN_POINT('Ctrl Pts',(12.9767176202017,4.94044140663342,-187.605551487261));
#3858=CARTESIAN_POINT('Ctrl Pts',(12.9875406206315,4.91202478130805,-187.622993362976));
#3859=CARTESIAN_POINT('Ctrl Pts',(12.9975553894278,4.88573023069317,-187.639132727823));
#3860=CARTESIAN_POINT('Ctrl Pts',(13.0074880083525,4.85940776267811,-187.655269886093));
#3861=CARTESIAN_POINT('Ctrl Pts',(13.0173379220933,4.83305942491304,-187.671403918915));
#3862=CARTESIAN_POINT('Ctrl Pts',(13.1270786095738,4.5395051079516,-187.851157762486));
#3863=CARTESIAN_POINT('Ctrl Pts',(13.2265819543668,4.24267627993845,-188.030564052064));
#3864=CARTESIAN_POINT('Ctrl Pts',(13.3159078317189,3.94315227104643,-188.209724247687));
#3865=CARTESIAN_POINT('Ctrl Pts',(13.406485601697,3.63943046517578,-188.391395354307));
#3866=CARTESIAN_POINT('Ctrl Pts',(13.486598794748,3.33293689063269,-188.572813420674));
#3867=CARTESIAN_POINT('Ctrl Pts',(13.5562632941898,3.02424931453904,-188.754084232746));
#3868=CARTESIAN_POINT('Ctrl Pts',(13.6267365919043,2.71197790478103,-188.93745958186));
#3869=CARTESIAN_POINT('Ctrl Pts',(13.6865173329675,2.39746068811166,-189.120684237613));
#3870=CARTESIAN_POINT('Ctrl Pts',(13.7355722228706,2.08127731959011,-189.3038677134));
#3871=CARTESIAN_POINT('Ctrl Pts',(13.7846657042797,1.76484520945697,-189.487195299717));
#3872=CARTESIAN_POINT('Ctrl Pts',(13.8230165366106,1.44674371774705,-189.670481641249));
#3873=CARTESIAN_POINT('Ctrl Pts',(13.8505400909894,1.127544365639,-189.853836510056));
#3874=CARTESIAN_POINT('Ctrl Pts',(13.8778771896659,0.810507399194388,-190.035949258738));
#3875=CARTESIAN_POINT('Ctrl Pts',(13.8945332385365,0.492386800770639,-190.218129609377));
#3876=CARTESIAN_POINT('Ctrl Pts',(13.9003740278257,0.173742173646752,-190.400485118192));
#3877=CARTESIAN_POINT('Ctrl Pts',(13.9014363120745,0.115789189621047,-190.433650735904));
#3878=CARTESIAN_POINT('Ctrl Pts',(13.9021407115598,0.0578188846183589,-190.466822147488));
#3879=CARTESIAN_POINT('Ctrl Pts',(13.9024862335605,-0.000165352304504547,
-190.5));
#3880=CARTESIAN_POINT('Origin',(0.,0.,-203.4));
#3881=CARTESIAN_POINT('',(14.618225609516,0.000749897690335317,-287.5));
#3882=CARTESIAN_POINT('',(14.2760145203077,0.000391244204633318,-240.5));
#3883=CARTESIAN_POINT('',(14.,-1.7145055188063E-15,-203.4));
#3884=CARTESIAN_POINT('Ctrl Pts',(14.618225609516,0.000749897690334852,
-287.5));
#3885=CARTESIAN_POINT('Ctrl Pts',(14.6172943480189,0.334070654665757,-287.318637564805));
#3886=CARTESIAN_POINT('Ctrl Pts',(14.6051195892224,0.666732994972886,-287.137568292343));
#3887=CARTESIAN_POINT('Ctrl Pts',(14.5817294641783,0.998148991569918,-286.956687315851));
#3888=CARTESIAN_POINT('Ctrl Pts',(14.5583021336332,1.33009215500111,-286.775518621046));
#3889=CARTESIAN_POINT('Ctrl Pts',(14.5236237670814,1.66078561541211,-286.594538821712));
#3890=CARTESIAN_POINT('Ctrl Pts',(14.4776707837642,1.98964510079999,-286.413642549873));
#3891=CARTESIAN_POINT('Ctrl Pts',(14.4319808248608,2.31662226936911,-286.233781687106));
#3892=CARTESIAN_POINT('Ctrl Pts',(14.3751449306953,2.64178698915729,-286.054003398385));
#3893=CARTESIAN_POINT('Ctrl Pts',(14.3070886389325,2.96456237343175,-285.874204114702));
#3894=CARTESIAN_POINT('Ctrl Pts',(14.2887148737863,3.05170492780833,-285.825662095643));
#3895=CARTESIAN_POINT('Ctrl Pts',(14.2695229796633,3.13867328432383,-285.77711854629));
#3896=CARTESIAN_POINT('Ctrl Pts',(14.2495108469346,3.22545597215924,-285.728571428571));
#3897=CARTESIAN_POINT('Ctrl Pts',(14.1751993588914,3.54770801580034,-285.548300359676));
#3898=CARTESIAN_POINT('Ctrl Pts',(14.0895816163533,3.86740124310907,-285.367980087449));
#3899=CARTESIAN_POINT('Ctrl Pts',(13.992970365991,4.18404102677047,-285.187506258346));
#3900=CARTESIAN_POINT('Ctrl Pts',(13.8972068792834,4.49790229655054,-285.008616086968));
#3901=CARTESIAN_POINT('Ctrl Pts',(13.7906416210493,4.80876395132236,-284.829575041813));
#3902=CARTESIAN_POINT('Ctrl Pts',(13.6735336553997,5.11612342254508,-284.650281492409));
#3903=CARTESIAN_POINT('Ctrl Pts',(13.5710641854564,5.38506295986497,-284.49339963668));
#3904=CARTESIAN_POINT('Ctrl Pts',(13.4605221633285,5.65132103904873,-284.336324457385));
#3905=CARTESIAN_POINT('Ctrl Pts',(13.3420552186714,5.91454336187364,-284.178987870048));
#3906=CARTESIAN_POINT('Ctrl Pts',(13.3288169058485,5.94395763824922,-284.161405995478));
#3907=CARTESIAN_POINT('Ctrl Pts',(13.3154796081302,5.97333398655094,-284.143820856609));
#3908=CARTESIAN_POINT('Ctrl Pts',(13.302043514032,6.00267189725904,-284.126232358436));
#3909=CARTESIAN_POINT('Ctrl Pts',(13.2891394682506,6.03084807257763,-284.109340337287));
#3910=CARTESIAN_POINT('Ctrl Pts',(13.2761473400218,6.05898212075561,-284.092449215623));
#3911=CARTESIAN_POINT('Ctrl Pts',(13.2630696013577,6.08706903509864,-284.07556168982));
#3912=CARTESIAN_POINT('Ctrl Pts',(13.1239231035671,6.38591242576157,-283.895879243774));
#3913=CARTESIAN_POINT('Ctrl Pts',(12.9750127448589,6.67958751834623,-283.716503877946));
#3914=CARTESIAN_POINT('Ctrl Pts',(12.8167300331632,6.96764668849107,-283.537333808267));
#3915=CARTESIAN_POINT('Ctrl Pts',(12.6569542750747,7.2584230581346,-283.356473666291));
#3916=CARTESIAN_POINT('Ctrl Pts',(12.4876282692718,7.54347758840478,-283.175822711759));
#3917=CARTESIAN_POINT('Ctrl Pts',(12.3091036869392,7.82233496174999,-282.995276253026));
#3918=CARTESIAN_POINT('Ctrl Pts',(12.1301133869784,8.10191979118461,-282.81425880219));
#3919=CARTESIAN_POINT('Ctrl Pts',(11.9418761548273,8.37527561589571,-282.633346393061));
#3920=CARTESIAN_POINT('Ctrl Pts',(11.7446995825386,8.64190052118385,-282.452433512527));
#3921=CARTESIAN_POINT('Ctrl Pts',(11.5485137405427,8.90718574718135,-282.272429643997));
#3922=CARTESIAN_POINT('Ctrl Pts',(11.343477824349,9.16580801185402,-282.092425308788));
#3923=CARTESIAN_POINT('Ctrl Pts',(11.1298533900648,9.41724277447625,-281.912316576287));
#3924=CARTESIAN_POINT('Ctrl Pts',(10.9197756287863,9.66450312283614,-281.735198076537));
#3925=CARTESIAN_POINT('Ctrl Pts',(10.7013917839531,9.90481303395161,-281.557978617205));
#3926=CARTESIAN_POINT('Ctrl Pts',(10.4749158655503,10.1376380688273,-281.380559358699));
#3927=CARTESIAN_POINT('Ctrl Pts',(10.2646126621567,10.3538369963332,-281.215809664027));
#3928=CARTESIAN_POINT('Ctrl Pts',(10.0473313260814,10.5635818288883,-281.050887686758));
#3929=CARTESIAN_POINT('Ctrl Pts',(9.82321970612004,10.7664119271306,-280.885714285714));
#3930=CARTESIAN_POINT('Ctrl Pts',(9.7480608642419,10.8344337248604,-280.83032116717));
#3931=CARTESIAN_POINT('Ctrl Pts',(9.67213364948606,10.9016775414339,-280.774899771339));
#3932=CARTESIAN_POINT('Ctrl Pts',(9.59545223462407,10.9681350834658,-280.719447113183));
#3933=CARTESIAN_POINT('Ctrl Pts',(9.54340546042742,11.0132425021282,-280.681809153804));
#3934=CARTESIAN_POINT('Ctrl Pts',(9.49101123080538,11.0579876847061,-280.644156792232));
#3935=CARTESIAN_POINT('Ctrl Pts',(9.4382739305896,11.1023679286465,-280.60648909508));
#3936=CARTESIAN_POINT('Ctrl Pts',(9.41645869222646,11.1207261987174,-280.590907527791));
#3937=CARTESIAN_POINT('Ctrl Pts',(9.39458518967827,11.1390216210033,-280.575323661402));
#3938=CARTESIAN_POINT('Ctrl Pts',(9.37266272133,11.1572466306952,-280.559743782212));
#3939=CARTESIAN_POINT('Ctrl Pts',(9.12444813743251,11.3635971713984,-280.383342422254));
#3940=CARTESIAN_POINT('Ctrl Pts',(8.8696625057863,11.5611747238953,-280.207239580607));
#3941=CARTESIAN_POINT('Ctrl Pts',(8.60888340808305,11.7498626770368,-280.031338974017));
#3942=CARTESIAN_POINT('Ctrl Pts',(8.34222314906788,11.9428059723426,-279.851471408988));
#3943=CARTESIAN_POINT('Ctrl Pts',(8.06929565676647,12.1264545400925,-279.671815303594));
#3944=CARTESIAN_POINT('Ctrl Pts',(7.79067804216073,12.3006472172759,-279.492267712347));
#3945=CARTESIAN_POINT('Ctrl Pts',(7.5098738809068,12.4762069308363,-279.311311060211));
#3946=CARTESIAN_POINT('Ctrl Pts',(7.22328942433854,12.6421620477672,-279.130464632108));
#3947=CARTESIAN_POINT('Ctrl Pts',(6.93148184803106,12.7983061349046,-278.949623039779));
#3948=CARTESIAN_POINT('Ctrl Pts',(6.63917261913526,12.9547186526512,-278.768470558837));
#3949=CARTESIAN_POINT('Ctrl Pts',(6.34162174664284,13.1012866426397,-278.587322930311));
#3950=CARTESIAN_POINT('Ctrl Pts',(6.03936372411328,13.2377570489672,-278.406074221482));
#3951=CARTESIAN_POINT('Ctrl Pts',(5.73852015231285,13.373588826536,-278.225673686562));
#3952=CARTESIAN_POINT('Ctrl Pts',(5.43301282349867,13.4994175232352,-278.045173015158));
#3953=CARTESIAN_POINT('Ctrl Pts',(5.12335179359665,13.6149449976373,-277.864467754777));
#3954=CARTESIAN_POINT('Ctrl Pts',(4.86374406123057,13.7117987272299,-277.712971511));
#3955=CARTESIAN_POINT('Ctrl Pts',(4.60121644756083,13.8014114870807,-277.561331472029));
#3956=CARTESIAN_POINT('Ctrl Pts',(4.33606452562167,13.8835793171505,-277.409486090136));
#3957=CARTESIAN_POINT('Ctrl Pts',(4.23110038591308,13.9161066152063,-277.349375947382));
#3958=CARTESIAN_POINT('Ctrl Pts',(4.12572496561237,13.9474669358787,-277.289233625663));
#3959=CARTESIAN_POINT('Ctrl Pts',(4.01995653247251,13.9776464461182,-277.22905530685));
#3960=CARTESIAN_POINT('Ctrl Pts',(3.96454010066896,13.9934587326521,-277.197525410816));
#3961=CARTESIAN_POINT('Ctrl Pts',(3.9090157810305,14.0089468584956,-277.165985633064));
#3962=CARTESIAN_POINT('Ctrl Pts',(3.8533862015148,14.0241087582697,-277.134435424437));
#3963=CARTESIAN_POINT('Ctrl Pts',(3.81375093329561,14.0349113918595,-277.111956358584));
#3964=CARTESIAN_POINT('Ctrl Pts',(3.77406223143005,14.045548420404,-277.089471997647));
#3965=CARTESIAN_POINT('Ctrl Pts',(3.73432104699737,14.0560190805069,-277.066982143005));
#3966=CARTESIAN_POINT('Ctrl Pts',(3.70318210352572,14.0642232973089,-277.049360365437));
#3967=CARTESIAN_POINT('Ctrl Pts',(3.67201787291256,14.0723235313796,-277.031739140985));
#3968=CARTESIAN_POINT('Ctrl Pts',(3.64083529235284,14.0803179418862,-277.01412200942));
#3969=CARTESIAN_POINT('Ctrl Pts',(3.31897460543271,14.1628347320624,-276.832281316152));
#3970=CARTESIAN_POINT('Ctrl Pts',(2.99494630813259,14.2341375638444,-276.650755176406));
#3971=CARTESIAN_POINT('Ctrl Pts',(2.66930048444892,14.2940412837363,-276.46943809428));
#3972=CARTESIAN_POINT('Ctrl Pts',(2.41371967117297,14.3410562930954,-276.327132669366));
#3973=CARTESIAN_POINT('Ctrl Pts',(2.15714184480609,14.3810488531178,-276.184956019425));
#3974=CARTESIAN_POINT('Ctrl Pts',(1.89982407795634,14.4139087875806,-276.042857142857));
#3975=CARTESIAN_POINT('Ctrl Pts',(1.57632897993489,14.4552196844152,-275.864213085096));
#3976=CARTESIAN_POINT('Ctrl Pts',(1.2516644244991,14.4852592528949,-275.685691948536));
#3977=CARTESIAN_POINT('Ctrl Pts',(0.926389043515364,14.504209772877,-275.507192393948));
#3978=CARTESIAN_POINT('Ctrl Pts',(0.596597541218782,14.5234234017576,-275.326214552683));
#3979=CARTESIAN_POINT('Ctrl Pts',(0.266177557985773,14.5312379337921,-275.145258896838));
#3980=CARTESIAN_POINT('Ctrl Pts',(-0.0642937180168421,14.5277901191081,
-274.964219807329));
#3981=CARTESIAN_POINT('Ctrl Pts',(-0.394958017074998,14.5243402906099,-274.783074975745));
#3982=CARTESIAN_POINT('Ctrl Pts',(-0.725674270078657,14.5096148563163,-274.601846613004));
#3983=CARTESIAN_POINT('Ctrl Pts',(-1.05586038296876,14.4836987308933,-274.420428914842));
#3984=CARTESIAN_POINT('Ctrl Pts',(-1.38413584508341,14.4579325713931,-274.240061006033));
#3985=CARTESIAN_POINT('Ctrl Pts',(-1.71188786618874,14.4211047169929,-274.059505946675));
#3986=CARTESIAN_POINT('Ctrl Pts',(-2.0385317309567,14.3732490305855,-273.878659758634));
#3987=CARTESIAN_POINT('Ctrl Pts',(-2.24279227481066,14.3433233849928,-273.765571025896));
#3988=CARTESIAN_POINT('Ctrl Pts',(-2.44661920419744,14.3090844526641,-273.652368450519));
#3989=CARTESIAN_POINT('Ctrl Pts',(-2.64986545990837,14.2705309233568,-273.53902660686));
#3990=CARTESIAN_POINT('Ctrl Pts',(-2.67501032830605,14.265761224563,-273.525004376867));
#3991=CARTESIAN_POINT('Ctrl Pts',(-2.7001447167728,14.2609257654948,-273.510980899024));
#3992=CARTESIAN_POINT('Ctrl Pts',(-2.72526042108734,14.2560261497786,-273.496960554619));
#3993=CARTESIAN_POINT('Ctrl Pts',(-3.04898238551298,14.1928739003056,-273.316249180742));
#3994=CARTESIAN_POINT('Ctrl Pts',(-3.36997120092483,14.1189974739179,-273.135851434344));
#3995=CARTESIAN_POINT('Ctrl Pts',(-3.68767310282838,14.0345897945021,-272.955663804092));
#3996=CARTESIAN_POINT('Ctrl Pts',(-4.00792480581789,13.9495046788125,-272.774030030104));
#3997=CARTESIAN_POINT('Ctrl Pts',(-4.32483722260366,13.8537185270907,-272.592609758482));
#3998=CARTESIAN_POINT('Ctrl Pts',(-4.63784104380115,13.7473763220964,-272.411296965565));
#3999=CARTESIAN_POINT('Ctrl Pts',(-4.95035814082097,13.6411994803303,-272.230266115916));
#4000=CARTESIAN_POINT('Ctrl Pts',(-5.2589793812329,13.524499254641,-272.049342410971));
#4001=CARTESIAN_POINT('Ctrl Pts',(-5.56312706924633,13.3973693051267,-271.868420320903));
#4002=CARTESIAN_POINT('Ctrl Pts',(-5.86432112137605,13.2714739386639,-271.689255199566));
#4003=CARTESIAN_POINT('Ctrl Pts',(-6.16112862918206,13.1353502502624,-271.510091661893));
#4004=CARTESIAN_POINT('Ctrl Pts',(-6.45296931659996,12.9890419677738,-271.33082722276));
#4005=CARTESIAN_POINT('Ctrl Pts',(-6.52395392837349,12.9534553032699,-271.287224609536));
#4006=CARTESIAN_POINT('Ctrl Pts',(-6.59464458586966,12.9172658924142,-271.243616026863));
#4007=CARTESIAN_POINT('Ctrl Pts',(-6.66503270864315,12.8804739547343,-271.2));
#4008=CARTESIAN_POINT('Ctrl Pts',(-6.9573138697108,12.7276983181741,-271.018887868147));
#4009=CARTESIAN_POINT('Ctrl Pts',(-7.24438106464664,12.5645367655647,-270.837647379065));
#4010=CARTESIAN_POINT('Ctrl Pts',(-7.52581732687441,12.3913953925424,-270.656172943364));
#4011=CARTESIAN_POINT('Ctrl Pts',(-7.80337261808057,12.2206416175006,-270.477201017542));
#4012=CARTESIAN_POINT('Ctrl Pts',(-8.0754515472233,12.0401808819203,-270.298001552803));
#4013=CARTESIAN_POINT('Ctrl Pts',(-8.34161993648375,11.8503669287117,-270.118473267992));
#4014=CARTESIAN_POINT('Ctrl Pts',(-8.38557631651056,11.8190201024233,-270.088825068465));
#4015=CARTESIAN_POINT('Ctrl Pts',(-8.42937141586466,11.7874181161294,-270.059167901069));
#4016=CARTESIAN_POINT('Ctrl Pts',(-8.47300317749277,11.7555624814399,-270.029501309638));
#4017=CARTESIAN_POINT('Ctrl Pts',(-8.50602079072176,11.731456257302,-270.007051607742));
#4018=CARTESIAN_POINT('Ctrl Pts',(-8.53894880832445,11.707201806664,-269.984593798258));
#4019=CARTESIAN_POINT('Ctrl Pts',(-8.57176352878029,11.6828168618221,-269.962143328208));
#4020=CARTESIAN_POINT('Ctrl Pts',(-8.83411713947464,11.4878592867769,-269.782651874448));
#4021=CARTESIAN_POINT('Ctrl Pts',(-9.08946706534925,11.2843951622245,-269.603469770379));
#4022=CARTESIAN_POINT('Ctrl Pts',(-9.3374866391468,11.0729243281161,-269.424495586042));
#4023=CARTESIAN_POINT('Ctrl Pts',(-9.58817470314357,10.8591782387139,-269.243595784102));
#4024=CARTESIAN_POINT('Ctrl Pts',(-9.83137427866648,10.6372518640667,-269.062908400059));
#4025=CARTESIAN_POINT('Ctrl Pts',(-10.066722986936,10.4076139629753,-268.882328694685));
#4026=CARTESIAN_POINT('Ctrl Pts',(-10.3032632173578,10.1768134523749,-268.700834751367));
#4027=CARTESIAN_POINT('Ctrl Pts',(-10.5318733316646,9.93822272537485,-268.519449579788));
#4028=CARTESIAN_POINT('Ctrl Pts',(-10.7521535025042,9.6922759407581,-268.338066841835));
#4029=CARTESIAN_POINT('Ctrl Pts',(-10.9714297111053,9.44745009809215,-268.157510784827));
#4030=CARTESIAN_POINT('Ctrl Pts',(-11.1824521259661,9.19533464086878,-267.976957139311));
#4031=CARTESIAN_POINT('Ctrl Pts',(-11.3847886069865,8.93632312688064,-267.796301014518));
#4032=CARTESIAN_POINT('Ctrl Pts',(-11.5853999705,8.67951994079779,-267.617185160871));
#4033=CARTESIAN_POINT('Ctrl Pts',(-11.7774732339318,8.415937339417,-267.43796856797));
#4034=CARTESIAN_POINT('Ctrl Pts',(-11.9605445179697,8.14593147978503,-267.258549005125));
#4035=CARTESIAN_POINT('Ctrl Pts',(-12.1134788303659,7.92037365566876,-267.108665272031));
#4036=CARTESIAN_POINT('Ctrl Pts',(-12.2601303804432,7.69033268986431,-266.95863989397));
#4037=CARTESIAN_POINT('Ctrl Pts',(-12.4002028256752,7.45600468903064,-266.808413272431));
#4038=CARTESIAN_POINT('Ctrl Pts',(-12.4702390482913,7.33884068861381,-266.733299961662));
#4039=CARTESIAN_POINT('Ctrl Pts',(-12.538630107859,7.2206047830775,-266.658136340024));
#4040=CARTESIAN_POINT('Ctrl Pts',(-12.6053365300475,7.10132071108749,-266.582914957702));
#4041=CARTESIAN_POINT('Ctrl Pts',(-12.6380757310129,7.04277664476338,-266.545996654008));
#4042=CARTESIAN_POINT('Ctrl Pts',(-12.6704091108316,6.98398008899885,-266.509064436916));
#4043=CARTESIAN_POINT('Ctrl Pts',(-12.7023318515525,6.92493381249495,-266.47211742569));
#4044=CARTESIAN_POINT('Ctrl Pts',(-12.7156718332093,6.90025935699162,-266.456677885071));
#4045=CARTESIAN_POINT('Ctrl Pts',(-12.7289394515929,6.87554245821579,-266.441236495992));
#4046=CARTESIAN_POINT('Ctrl Pts',(-12.7421294897237,6.85079262120822,-266.425798972333));
#4047=CARTESIAN_POINT('Ctrl Pts',(-12.7616873122005,6.81409424977636,-266.40290864069));
#4048=CARTESIAN_POINT('Ctrl Pts',(-12.7810775702988,6.77731792107466,-266.380023339085));
#4049=CARTESIAN_POINT('Ctrl Pts',(-12.8002995576856,6.74046452602452,-266.357142857143));
#4050=CARTESIAN_POINT('Ctrl Pts',(-12.9484525370276,6.45641792014024,-266.180792123979));
#4051=CARTESIAN_POINT('Ctrl Pts',(-13.0866127223828,6.16779592718926,-266.004727703675));
#4052=CARTESIAN_POINT('Ctrl Pts',(-13.2148121702071,5.87518613952742,-265.828853272909));
#4053=CARTESIAN_POINT('Ctrl Pts',(-13.3460334716581,5.57567909947436,-265.648833217529));
#4054=CARTESIAN_POINT('Ctrl Pts',(-13.466819175969,5.27199360182484,-265.469012213926));
#4055=CARTESIAN_POINT('Ctrl Pts',(-13.577158657577,4.96472856122665,-265.289286965505));
#4056=CARTESIAN_POINT('Ctrl Pts',(-13.6883964036667,4.65496210165823,-265.108098588884));
#4057=CARTESIAN_POINT('Ctrl Pts',(-13.7890173104028,4.34155701524938,-264.92700753286));
#4058=CARTESIAN_POINT('Ctrl Pts',(-13.8789623030472,4.02510346138773,-264.745907957456));
#4059=CARTESIAN_POINT('Ctrl Pts',(-13.9690921889186,3.70799939750799,-264.564436109135));
#4060=CARTESIAN_POINT('Ctrl Pts',(-14.0485023468735,3.38783372311268,-264.382955706373));
#4061=CARTESIAN_POINT('Ctrl Pts',(-14.1170830953353,3.06518553560699,-264.20136025515));
#4062=CARTESIAN_POINT('Ctrl Pts',(-14.1853644046081,2.74394610367475,-264.020557691083));
#4063=CARTESIAN_POINT('Ctrl Pts',(-14.2429107419954,2.42024519206447,-263.839641081018));
#4064=CARTESIAN_POINT('Ctrl Pts',(-14.2895626939715,2.0946487371029,-263.658505319782));
#4065=CARTESIAN_POINT('Ctrl Pts',(-14.3355221125831,1.77388565778456,-263.480058461214));
#4066=CARTESIAN_POINT('Ctrl Pts',(-14.3709081841852,1.45128233961893,-263.301398909641));
#4067=CARTESIAN_POINT('Ctrl Pts',(-14.3955183582679,1.1273829651892,-263.12242617151));
#4068=CARTESIAN_POINT('Ctrl Pts',(-14.4027572090911,1.03211101606239,-263.069783026915));
#4069=CARTESIAN_POINT('Ctrl Pts',(-14.4090634093798,0.936726984235702,-263.017112785833));
#4070=CARTESIAN_POINT('Ctrl Pts',(-14.4144309619145,0.841244876951629,-262.964412890837));
#4071=CARTESIAN_POINT('Ctrl Pts',(-14.416063822769,0.812198306046897,-262.948381078384));
#4072=CARTESIAN_POINT('Ctrl Pts',(-14.4176099207157,0.783140535018813,-262.932345349377));
#4073=CARTESIAN_POINT('Ctrl Pts',(-14.4190687350953,0.754078893617717,-262.916309457615));
#4074=CARTESIAN_POINT('Ctrl Pts',(-14.4356194336165,0.424365619550448,-262.734377325747));
#4075=CARTESIAN_POINT('Ctrl Pts',(-14.440909964325,0.0947789901222834,-262.55276823971));
#4076=CARTESIAN_POINT('Ctrl Pts',(-14.4349100386985,-0.234100759094861,
-262.371376631366));
#4077=CARTESIAN_POINT('Ctrl Pts',(-14.4289030885668,-0.563365549331365,
-262.189772656011));
#4078=CARTESIAN_POINT('Ctrl Pts',(-14.4115793234089,-0.891922404474617,
-262.008386667878));
#4079=CARTESIAN_POINT('Ctrl Pts',(-14.3828573918929,-1.21919953563783,-261.827112727612));
#4080=CARTESIAN_POINT('Ctrl Pts',(-14.3663306314527,-1.40751663197559,-261.722806685966));
#4081=CARTESIAN_POINT('Ctrl Pts',(-14.3460290864207,-1.59541016770148,-261.618537742429));
#4082=CARTESIAN_POINT('Ctrl Pts',(-14.3219294351954,-1.78277160479841,-261.514285714286));
#4083=CARTESIAN_POINT('Ctrl Pts',(-14.280359650481,-2.10595365133964,-261.334460109115));
#4084=CARTESIAN_POINT('Ctrl Pts',(-14.2274921796988,-2.42755307087013,-261.154684832693));
#4085=CARTESIAN_POINT('Ctrl Pts',(-14.1636234711257,-2.74706363511508,-260.974856303887));
#4086=CARTESIAN_POINT('Ctrl Pts',(-14.0991695932543,-3.069501576112,-260.793380174301));
#4087=CARTESIAN_POINT('Ctrl Pts',(-14.0235117894215,-3.38981277758509,-260.611849812057));
#4088=CARTESIAN_POINT('Ctrl Pts',(-13.9369032892814,-3.70746480374953,-260.430158762807));
#4089=CARTESIAN_POINT('Ctrl Pts',(-13.8505276009083,-4.02426295149122,-260.248956116129));
#4090=CARTESIAN_POINT('Ctrl Pts',(-13.7532597419983,-4.33841674827319,-260.067593645167));
#4091=CARTESIAN_POINT('Ctrl Pts',(-13.6453034653893,-4.64937765801437,-259.885965751744));
#4092=CARTESIAN_POINT('Ctrl Pts',(-13.5656493116264,-4.87881617605867,-259.751953940623));
#4093=CARTESIAN_POINT('Ctrl Pts',(-13.4801753483745,-5.10651609529124,-259.617797632534));
#4094=CARTESIAN_POINT('Ctrl Pts',(-13.3889480554729,-5.33224728009245,-259.483454410668));
#4095=CARTESIAN_POINT('Ctrl Pts',(-13.373500477684,-5.37047049077541,-259.460705984137));
#4096=CARTESIAN_POINT('Ctrl Pts',(-13.3578879063868,-5.40863722989593,-259.437952198251));
#4097=CARTESIAN_POINT('Ctrl Pts',(-13.3421106292225,-5.44674635196322,-259.415192847068));
#4098=CARTESIAN_POINT('Ctrl Pts',(-13.3274798075098,-5.48208627562614,-259.394087303571));
#4099=CARTESIAN_POINT('Ctrl Pts',(-13.3127058117665,-5.51738018821463,-259.37297484672));
#4100=CARTESIAN_POINT('Ctrl Pts',(-13.2977987293859,-5.55260412929921,-259.351869142472));
#4101=CARTESIAN_POINT('Ctrl Pts',(-13.1701927715774,-5.85412421385558,-259.171202427352));
#4102=CARTESIAN_POINT('Ctrl Pts',(-13.0327157499904,-6.15082167554348,-258.990849520259));
#4103=CARTESIAN_POINT('Ctrl Pts',(-12.8857043510693,-6.44221204887114,-258.810706989303));
#4104=CARTESIAN_POINT('Ctrl Pts',(-12.7371958366544,-6.73656984544541,-258.628729946356));
#4105=CARTESIAN_POINT('Ctrl Pts',(-12.5789575724396,-7.02551247844568,-258.446967586165));
#4106=CARTESIAN_POINT('Ctrl Pts',(-12.4112851346824,-7.30852762353452,-258.265313284601));
#4107=CARTESIAN_POINT('Ctrl Pts',(-12.2437676564127,-7.59128121173037,-258.083826864281));
#4108=CARTESIAN_POINT('Ctrl Pts',(-12.0668331555039,-7.86811880891516,-257.902448302949));
#4109=CARTESIAN_POINT('Ctrl Pts',(-11.8807289421286,-8.13850835849757,-257.721071271824));
#4110=CARTESIAN_POINT('Ctrl Pts',(-11.6967269783976,-8.40584356382764,-257.541743091673));
#4111=CARTESIAN_POINT('Ctrl Pts',(-11.5037609655008,-8.66687604971273,-257.362416407354));
#4112=CARTESIAN_POINT('Ctrl Pts',(-11.3020281712936,-8.92106337683649,-257.182988452829));
#4113=CARTESIAN_POINT('Ctrl Pts',(-11.1104464076159,-9.16246020389326,-257.012589167399));
#4114=CARTESIAN_POINT('Ctrl Pts',(-10.9109574600893,-9.3976836016819,-256.842098547014));
#4115=CARTESIAN_POINT('Ctrl Pts',(-10.7036986305708,-9.62623906902346,-256.671428571429));
#4116=CARTESIAN_POINT('Ctrl Pts',(-10.4830202397597,-9.86959300893131,-256.489708083768));
#4117=CARTESIAN_POINT('Ctrl Pts',(-10.2535328655939,-10.1053881157232,-256.307784263275));
#4118=CARTESIAN_POINT('Ctrl Pts',(-10.0157155578159,-10.3333003660956,-256.12555086143));
#4119=CARTESIAN_POINT('Ctrl Pts',(-9.9485035056618,-10.3977130457348,-256.074047961899));
#4120=CARTESIAN_POINT('Ctrl Pts',(-9.88062593699303,-10.4614958160383,-256.022520334756));
#4121=CARTESIAN_POINT('Ctrl Pts',(-9.81209329367595,-10.5246407049495,-255.970965581532));
#4122=CARTESIAN_POINT('Ctrl Pts',(-9.76699071548721,-10.566197504038,-255.937036461397));
#4123=CARTESIAN_POINT('Ctrl Pts',(-9.72160440856059,-10.6074780181518,-255.903095592427));
#4124=CARTESIAN_POINT('Ctrl Pts',(-9.67593731600966,-10.6484799029083,-255.869142290952));
#4125=CARTESIAN_POINT('Ctrl Pts',(-9.65007378359261,-10.6717012974907,-255.849912857583));
#4126=CARTESIAN_POINT('Ctrl Pts',(-9.6241186023874,-10.6948346779844,-255.830678281659));
#4127=CARTESIAN_POINT('Ctrl Pts',(-9.59808753993453,-10.717866265453,-255.811449643916));
#4128=CARTESIAN_POINT('Ctrl Pts',(-9.3552385683926,-10.932732536849,-255.632061848718));
#4129=CARTESIAN_POINT('Ctrl Pts',(-9.10551103611648,-11.1389935573737,-255.452983439063));
#4130=CARTESIAN_POINT('Ctrl Pts',(-8.84947416292418,-11.3364640018644,-255.274113163937));
#4131=CARTESIAN_POINT('Ctrl Pts',(-8.59045910469943,-11.5362313948953,-255.093162294835));
#4132=CARTESIAN_POINT('Ctrl Pts',(-8.32498662701975,-11.7270028678508,-254.912424430406));
#4133=CARTESIAN_POINT('Ctrl Pts',(-8.05360463003639,-11.9085518668227,-254.731794745164));
#4134=CARTESIAN_POINT('Ctrl Pts',(-7.78055467406952,-12.0912166962002,-254.550054879772));
#4135=CARTESIAN_POINT('Ctrl Pts',(-7.50152183524609,-12.2645456739328,-254.36842452743));
#4136=CARTESIAN_POINT('Ctrl Pts',(-7.21702970286724,-12.4282680059753,-254.186796917922));
#4137=CARTESIAN_POINT('Ctrl Pts',(-6.93259274764787,-12.591958584123,-254.005204535033));
#4138=CARTESIAN_POINT('Ctrl Pts',(-6.64269808573993,-12.7460465462204,-253.823614893915));
#4139=CARTESIAN_POINT('Ctrl Pts',(-6.34784243417954,-12.8902166098939,-253.641921286467));
#4140=CARTESIAN_POINT('Ctrl Pts',(-6.05640067397005,-13.0327174468429,-253.46233136003));
#4141=CARTESIAN_POINT('Ctrl Pts',(-5.76011159800699,-13.165528927595,-253.282639860807));
#4142=CARTESIAN_POINT('Ctrl Pts',(-5.45943693142173,-13.2882992944789,-253.102743744406));
#4143=CARTESIAN_POINT('Ctrl Pts',(-5.16227924705622,-13.4096336202013,-252.924951867281));
#4144=CARTESIAN_POINT('Ctrl Pts',(-4.86083747267836,-13.5211605569504,-252.746960131783));
#4145=CARTESIAN_POINT('Ctrl Pts',(-4.55554733929468,-13.6224910735804,-252.56866906731));
#4146=CARTESIAN_POINT('Ctrl Pts',(-4.45000018254702,-13.6575238072084,-252.507028965417));
#4147=CARTESIAN_POINT('Ctrl Pts',(-4.34399298701211,-13.6913373373904,-252.445353085505));
#4148=CARTESIAN_POINT('Ctrl Pts',(-4.23754364069798,-13.7239141212545,-252.383637317059));
#4149=CARTESIAN_POINT('Ctrl Pts',(-4.19567231809689,-13.7367280376731,-252.359361725526));
#4150=CARTESIAN_POINT('Ctrl Pts',(-4.15373258552856,-13.7493505958314,-252.335079962425));
#4151=CARTESIAN_POINT('Ctrl Pts',(-4.11172553110875,-13.7617806948322,-252.310791777599));
#4152=CARTESIAN_POINT('Ctrl Pts',(-4.08539559913715,-13.7695718543318,-252.295567995236));
#4153=CARTESIAN_POINT('Ctrl Pts',(-4.0590429258993,-13.7772862898173,-252.280343835845));
#4154=CARTESIAN_POINT('Ctrl Pts',(-4.03267441436095,-13.7849219173963,-252.265123050897));
#4155=CARTESIAN_POINT('Ctrl Pts',(-3.78025884265612,-13.8580148296707,-252.119420358166));
#4156=CARTESIAN_POINT('Ctrl Pts',(-3.52621015261173,-13.9239418636312,-251.973921236601));
#4157=CARTESIAN_POINT('Ctrl Pts',(-3.27079288918794,-13.9825801243577,-251.828571428572));
#4158=CARTESIAN_POINT('Ctrl Pts',(-2.95853849567421,-14.0542669566979,-251.650877424865));
#4159=CARTESIAN_POINT('Ctrl Pts',(-2.64423898230351,-14.115061982952,-251.473406580872));
#4160=CARTESIAN_POINT('Ctrl Pts',(-2.32845876375148,-14.1651260261146,-251.296059759595));
#4161=CARTESIAN_POINT('Ctrl Pts',(-2.00628922492861,-14.2162030371169,-251.115124601957));
#4162=CARTESIAN_POINT('Ctrl Pts',(-1.68257792215506,-14.2561105315067,-250.934318536619));
#4163=CARTESIAN_POINT('Ctrl Pts',(-1.35790871528216,-14.2849672564394,-250.753536286357));
#4164=CARTESIAN_POINT('Ctrl Pts',(-1.03150303812147,-14.3139783195242,-250.571787135016));
#4165=CARTESIAN_POINT('Ctrl Pts',(-0.704128581211845,-14.3318200796705,
-250.390062054177));
#4166=CARTESIAN_POINT('Ctrl Pts',(-0.376371773396125,-14.3385605583415,
-250.20825406836));
#4167=CARTESIAN_POINT('Ctrl Pts',(-0.0489562975935693,-14.3452940173531,
-250.026635420748));
#4168=CARTESIAN_POINT('Ctrl Pts',(0.278841342410457,-14.3409492504662,-249.844934040745));
#4169=CARTESIAN_POINT('Ctrl Pts',(0.606434262554026,-14.3255422352201,-249.663043286742));
#4170=CARTESIAN_POINT('Ctrl Pts',(0.931626379861166,-14.3102481320781,-249.482485540295));
#4171=CARTESIAN_POINT('Ctrl Pts',(1.25661735060128,-14.284053232197,-249.301741185375));
#4172=CARTESIAN_POINT('Ctrl Pts',(1.5808219654228,-14.2469232679354,-249.120705907838));
#4173=CARTESIAN_POINT('Ctrl Pts',(1.740285663325,-14.2286604760644,-249.031661663903));
#4174=CARTESIAN_POINT('Ctrl Pts',(1.89955889488156,-14.2077514347023,-248.942547037781));
#4175=CARTESIAN_POINT('Ctrl Pts',(2.05857036671028,-14.1841876884988,-248.853349616632));
#4176=CARTESIAN_POINT('Ctrl Pts',(2.10430769785638,-14.1774099205129,-248.827693279126));
#4177=CARTESIAN_POINT('Ctrl Pts',(2.15002336421747,-14.1704124996272,-248.802030091646));
#4178=CARTESIAN_POINT('Ctrl Pts',(2.19571564811692,-14.1631951805822,-248.776359758799));
#4179=CARTESIAN_POINT('Ctrl Pts',(2.22409933272319,-14.1587118391952,-248.760413551495));
#4180=CARTESIAN_POINT('Ctrl Pts',(2.2524738236896,-14.1541436451121,-248.744464680443));
#4181=CARTESIAN_POINT('Ctrl Pts',(2.28082637990237,-14.1494926361973,-248.728520014766));
#4182=CARTESIAN_POINT('Ctrl Pts',(2.60488140872154,-14.0963340138634,-248.546280746587));
#4183=CARTESIAN_POINT('Ctrl Pts',(2.92647942514344,-14.0322975999684,-248.364361249907));
#4184=CARTESIAN_POINT('Ctrl Pts',(3.24504907337487,-13.9575102761532,-248.182655372861));
#4185=CARTESIAN_POINT('Ctrl Pts',(3.56441383702438,-13.8825362912592,-248.00049597758));
#4186=CARTESIAN_POINT('Ctrl Pts',(3.8807357070271,-13.7967576110338,-247.818551269607));
#4187=CARTESIAN_POINT('Ctrl Pts',(4.1934383956446,-13.7002497236181,-247.636714300257));
#4188=CARTESIAN_POINT('Ctrl Pts',(4.50475823597551,-13.604168617844,-247.45568145876));
#4189=CARTESIAN_POINT('Ctrl Pts',(4.81249142483215,-13.4974528893925,-247.274755405101));
#4190=CARTESIAN_POINT('Ctrl Pts',(5.11605966851381,-13.3801264398726,-247.093830603191));
#4191=CARTESIAN_POINT('Ctrl Pts',(5.17652764985796,-13.3567560982496,-247.05779205906));
#4192=CARTESIAN_POINT('Ctrl Pts',(5.23683033197443,-13.3329645969807,-247.021753564595));
#4193=CARTESIAN_POINT('Ctrl Pts',(5.29696306685927,-13.308751888952,-246.985714285714));
#4194=CARTESIAN_POINT('Ctrl Pts',(5.59883708329097,-13.1872009993191,-246.804792498507));
#4195=CARTESIAN_POINT('Ctrl Pts',(5.89642999804892,-13.0550387509058,-246.623850942703));
#4196=CARTESIAN_POINT('Ctrl Pts',(6.18930976969577,-12.9126560967302,-246.442784093944));
#4197=CARTESIAN_POINT('Ctrl Pts',(6.4833265921897,-12.7697206685728,-246.261014287064));
#4198=CARTESIAN_POINT('Ctrl Pts',(6.77259409718892,-12.6164849734555,-246.079118212489));
#4199=CARTESIAN_POINT('Ctrl Pts',(7.05664757803501,-12.4533002239799,-245.896989112045));
#4200=CARTESIAN_POINT('Ctrl Pts',(7.30049349305802,-12.3132141583731,-245.740640254719));
#4201=CARTESIAN_POINT('Ctrl Pts',(7.54049672636161,-12.1657954086268,-245.58411967186));
#4202=CARTESIAN_POINT('Ctrl Pts',(7.77634296817745,-12.0112432452523,-245.427359825618));
#4203=CARTESIAN_POINT('Ctrl Pts',(7.85145000851972,-11.9620249262315,-245.377438453095));
#4204=CARTESIAN_POINT('Ctrl Pts',(7.92613530854279,-11.9120830210638,-245.32749281561));
#4205=CARTESIAN_POINT('Ctrl Pts',(8.00038825572599,-11.8614235618195,-245.277520731929));
#4206=CARTESIAN_POINT('Ctrl Pts',(8.02745333262091,-11.8429582724012,-245.259305989771));
#4207=CARTESIAN_POINT('Ctrl Pts',(8.05446096526217,-11.8243976476538,-245.241087733997));
#4208=CARTESIAN_POINT('Ctrl Pts',(8.08141063180775,-11.8057419736584,-245.222865858975));
#4209=CARTESIAN_POINT('Ctrl Pts',(8.10719941806728,-11.7878899090184,-245.205428907042));
#4210=CARTESIAN_POINT('Ctrl Pts',(8.13292990185221,-11.7699544036639,-245.187992166055));
#4211=CARTESIAN_POINT('Ctrl Pts',(8.15859577471498,-11.751940018127,-245.170559581743));
#4212=CARTESIAN_POINT('Ctrl Pts',(8.42470096348428,-11.5651658729625,-244.989817583841));
#4213=CARTESIAN_POINT('Ctrl Pts',(8.68406156247723,-11.3697786428002,-244.809387698178));
#4214=CARTESIAN_POINT('Ctrl Pts',(8.93629602350546,-11.1662281812442,-244.629166341873));
#4215=CARTESIAN_POINT('Ctrl Pts',(9.19079881116989,-10.9608472048098,-244.44732426768));
#4216=CARTESIAN_POINT('Ctrl Pts',(9.43804720381869,-10.7471551824109,-244.26569449029));
#4217=CARTESIAN_POINT('Ctrl Pts',(9.67762575464288,-10.5255667178068,-244.084170607076));
#4218=CARTESIAN_POINT('Ctrl Pts',(9.91765294223506,-10.3035633048185,-243.902306800744));
#4219=CARTESIAN_POINT('Ctrl Pts',(10.1499820093005,-10.0736334633734,-243.720549285555));
#4220=CARTESIAN_POINT('Ctrl Pts',(10.3741644639242,-9.83615215346171,-243.538791060014));
#4221=CARTESIAN_POINT('Ctrl Pts',(10.5971567971226,-9.59993156484735,-243.357997737631));
#4222=CARTESIAN_POINT('Ctrl Pts',(10.8120892125003,-9.35623905837405,-243.177203712417));
#4223=CARTESIAN_POINT('Ctrl Pts',(11.018483291328,-9.10540820063693,-242.996303677967));
#4224=CARTESIAN_POINT('Ctrl Pts',(11.2216580807612,-8.85848974738697,-242.81822528242));
#4225=CARTESIAN_POINT('Ctrl Pts',(11.4165591455491,-8.60465346346675,-242.640044158864));
#4226=CARTESIAN_POINT('Ctrl Pts',(11.6026886224584,-8.34418940397434,-242.461659852069));
#4227=CARTESIAN_POINT('Ctrl Pts',(11.713487669651,-8.18914050952247,-242.355471345256));
#4228=CARTESIAN_POINT('Ctrl Pts',(11.821177622674,-8.03174250534582,-242.24921083892));
#4229=CARTESIAN_POINT('Ctrl Pts',(11.9256455677918,-7.87205264393124,-242.142857142857));
#4230=CARTESIAN_POINT('Ctrl Pts',(12.0206398754599,-7.72684419927779,-242.04614809288));
#4231=CARTESIAN_POINT('Ctrl Pts',(12.1129699480665,-7.57974064043988,-241.949361988564));
#4232=CARTESIAN_POINT('Ctrl Pts',(12.2026052881707,-7.43082289321966,-241.852482897599));
#4233=CARTESIAN_POINT('Ctrl Pts',(12.2463866397751,-7.35808573125203,-241.805163419147));
#4234=CARTESIAN_POINT('Ctrl Pts',(12.2895250432573,-7.28491573649076,-241.757821756668));
#4235=CARTESIAN_POINT('Ctrl Pts',(12.3320165969462,-7.21132225026905,-241.710456053604));
#4236=CARTESIAN_POINT('Ctrl Pts',(12.346117083701,-7.18690083265497,-241.694738118845));
#4237=CARTESIAN_POINT('Ctrl Pts',(12.360147427758,-7.16243086340062,-241.679016307831));
#4238=CARTESIAN_POINT('Ctrl Pts',(12.374103877132,-7.13791902026931,-241.663294616278));
#4239=CARTESIAN_POINT('Ctrl Pts',(12.532941545154,-6.85895093192627,-241.484366813309));
#4240=CARTESIAN_POINT('Ctrl Pts',(12.6819486682045,-6.57502710209168,-241.305752077396));
#4241=CARTESIAN_POINT('Ctrl Pts',(12.8210983734759,-6.28675020536563,-241.127349989613));
#4242=CARTESIAN_POINT('Ctrl Pts',(12.962072435179,-5.99469378348997,-240.946608917383));
#4243=CARTESIAN_POINT('Ctrl Pts',(13.0929291370318,-5.69816889991983,-240.766086105787));
#4244=CARTESIAN_POINT('Ctrl Pts',(13.213597803042,-5.39776852164429,-240.585677134185));
#4245=CARTESIAN_POINT('Ctrl Pts',(13.3352287582495,-5.09497255842975,-240.403829465943));
#4246=CARTESIAN_POINT('Ctrl Pts',(13.446508749097,-4.78823848551096,-240.222097460601));
#4247=CARTESIAN_POINT('Ctrl Pts',(13.5473189787297,-4.47814760997634,-240.040374179396));
#4248=CARTESIAN_POINT('Ctrl Pts',(13.6483049763815,-4.16751607443973,-239.858334053946));
#4249=CARTESIAN_POINT('Ctrl Pts',(13.7387848474149,-3.85351543065328,-239.676302683081));
#4250=CARTESIAN_POINT('Ctrl Pts',(13.8185899367331,-3.53671276626697,-239.494172567702));
#4251=CARTESIAN_POINT('Ctrl Pts',(13.8976243819339,-3.22296933170871,-239.313801206097));
#4252=CARTESIAN_POINT('Ctrl Pts',(13.9661892983519,-2.90647714367798,-239.133332997839));
#4253=CARTESIAN_POINT('Ctrl Pts',(14.0240708285619,-2.5877789130997,-238.952663528071));
#4254=CARTESIAN_POINT('Ctrl Pts',(14.0813198457792,-2.27256332665482,-238.773968363174));
#4255=CARTESIAN_POINT('Ctrl Pts',(14.128117765971,-1.95518910211165,-238.595076311393));
#4256=CARTESIAN_POINT('Ctrl Pts',(14.1642073107755,-1.63618176847165,-238.41588634365));
#4257=CARTESIAN_POINT('Ctrl Pts',(14.1795727626776,-1.50036149509305,-238.339594585314));
#4258=CARTESIAN_POINT('Ctrl Pts',(14.1929964647456,-1.36424523943893,-238.263248823511));
#4259=CARTESIAN_POINT('Ctrl Pts',(14.2044556896793,-1.22787395375948,-238.18684126105));
#4260=CARTESIAN_POINT('Ctrl Pts',(14.2070873268519,-1.19655597660608,-238.169294089858));
#4261=CARTESIAN_POINT('Ctrl Pts',(14.2096153498751,-1.16522455056739,-238.151743659289));
#4262=CARTESIAN_POINT('Ctrl Pts',(14.2120394703856,-1.13388017440011,-238.134189874903));
#4263=CARTESIAN_POINT('Ctrl Pts',(14.2139835650389,-1.10874263117587,-238.120112101864));
#4264=CARTESIAN_POINT('Ctrl Pts',(14.2158606957387,-1.08359834146999,-238.106033058556));
#4265=CARTESIAN_POINT('Ctrl Pts',(14.2176702018083,-1.05845559842012,-238.091957192401));
#4266=CARTESIAN_POINT('Ctrl Pts',(14.2411462502388,-0.732260365689735,-237.909340664551));
#4267=CARTESIAN_POINT('Ctrl Pts',(14.2532737783944,-0.405946352292811,-237.727045811669));
#4268=CARTESIAN_POINT('Ctrl Pts',(14.2539539917353,-0.0800823525346838,
-237.544965823141));
#4269=CARTESIAN_POINT('Ctrl Pts',(14.2540099914532,-0.0532550456112194,
-237.529975779011));
#4270=CARTESIAN_POINT('Ctrl Pts',(14.2539883768625,-0.0264307804195885,
-237.514987191163));
#4271=CARTESIAN_POINT('Ctrl Pts',(14.2538890776783,0.000390129794123133,
-237.5));
#4272=CARTESIAN_POINT('Ctrl Pts',(13.9024862335605,-0.000165352304504547,
-190.5));
#4273=CARTESIAN_POINT('Ctrl Pts',(13.9043525368688,-0.313361538822507,-190.679206926489));
#4274=CARTESIAN_POINT('Ctrl Pts',(13.8957525368603,-0.626965235439558,-190.858601773283));
#4275=CARTESIAN_POINT('Ctrl Pts',(13.8765004845558,-0.940435597379837,-191.038286512384));
#4276=CARTESIAN_POINT('Ctrl Pts',(13.8725179807153,-1.0052804721273,-191.075456324321));
#4277=CARTESIAN_POINT('Ctrl Pts',(13.868079488278,-1.07011959281971,-191.112638541208));
#4278=CARTESIAN_POINT('Ctrl Pts',(13.8631830948681,-1.13494808798586,-191.149834065694));
#4279=CARTESIAN_POINT('Ctrl Pts',(13.8609013576982,-1.16515840294784,-191.167167315632));
#4280=CARTESIAN_POINT('Ctrl Pts',(13.8585200334879,-1.19536820693421,-191.184504486991));
#4281=CARTESIAN_POINT('Ctrl Pts',(13.8560393903693,-1.22557132280606,-191.201842409561));
#4282=CARTESIAN_POINT('Ctrl Pts',(13.8297004143003,-1.54626200990116,-191.385933028727));
#4283=CARTESIAN_POINT('Ctrl Pts',(13.7922354736885,-1.86540191656788,-191.569651369423));
#4284=CARTESIAN_POINT('Ctrl Pts',(13.7436346778328,-2.18242237518781,-191.753106318828));
#4285=CARTESIAN_POINT('Ctrl Pts',(13.7331829218927,-2.25059863450973,-191.792558889994));
#4286=CARTESIAN_POINT('Ctrl Pts',(13.722215967094,-2.3186769042615,-191.831999279872));
#4287=CARTESIAN_POINT('Ctrl Pts',(13.7107334030457,-2.38665156816853,-191.871428571429));
#4288=CARTESIAN_POINT('Ctrl Pts',(13.6582649177389,-2.69725533571225,-192.051596972493));
#4289=CARTESIAN_POINT('Ctrl Pts',(13.5950349824099,-3.00569599615732,-192.23153364657));
#4290=CARTESIAN_POINT('Ctrl Pts',(13.5213649800955,-3.31147080811784,-192.411341915783));
#4291=CARTESIAN_POINT('Ctrl Pts',(13.4466298692434,-3.62166646102576,-192.593749822796));
#4292=CARTESIAN_POINT('Ctrl Pts',(13.3611505053018,-3.9291191935129,-192.776025585195));
#4293=CARTESIAN_POINT('Ctrl Pts',(13.2652093314613,-4.23329765612168,-192.958277071651));
#4294=CARTESIAN_POINT('Ctrl Pts',(13.1690528540785,-4.53815873181356,-193.140937552379));
#4295=CARTESIAN_POINT('Ctrl Pts',(13.0623873325049,-4.83973140333695,-193.323573648087));
#4296=CARTESIAN_POINT('Ctrl Pts',(12.9454469738264,-5.13746561193715,-193.506293955288));
#4297=CARTESIAN_POINT('Ctrl Pts',(12.8291708434798,-5.4335086721693,-193.687976400058));
#4298=CARTESIAN_POINT('Ctrl Pts',(12.7027359918023,-5.72575729745341,-193.869742102386));
#4299=CARTESIAN_POINT('Ctrl Pts',(12.5663269934394,-6.0136474455951,-194.051697818772));
#4300=CARTESIAN_POINT('Ctrl Pts',(12.5060927656247,-6.1407713228824,-194.132044146393));
#4301=CARTESIAN_POINT('Ctrl Pts',(12.4439131565468,-6.26704500852324,-194.212427523859));
#4302=CARTESIAN_POINT('Ctrl Pts',(12.3798014092695,-6.39241805615213,-194.292857142857));
#4303=CARTESIAN_POINT('Ctrl Pts',(12.2994339462753,-6.54957979629625,-194.39367992032));
#4304=CARTESIAN_POINT('Ctrl Pts',(12.2160304285541,-6.70532637896539,-194.494575361485));
#4305=CARTESIAN_POINT('Ctrl Pts',(12.1296245965684,-6.85958194437661,-194.595561572381));
#4306=CARTESIAN_POINT('Ctrl Pts',(12.0961061112321,-6.91942064725636,-194.634736067335));
#4307=CARTESIAN_POINT('Ctrl Pts',(12.0621357951999,-6.97903494496729,-194.673924221439));
#4308=CARTESIAN_POINT('Ctrl Pts',(12.0277154746839,-7.03842027195286,-194.713127091628));
#4309=CARTESIAN_POINT('Ctrl Pts',(12.0123128655007,-7.06499437030711,-194.730669824505));
#4310=CARTESIAN_POINT('Ctrl Pts',(11.9968201447267,-7.09152261766217,-194.748215504185));
#4311=CARTESIAN_POINT('Ctrl Pts',(11.981237470962,-7.11800459966971,-194.765764225375));
#4312=CARTESIAN_POINT('Ctrl Pts',(11.9671242246351,-7.14198936255052,-194.781658123214));
#4313=CARTESIAN_POINT('Ctrl Pts',(11.9529417197952,-7.16592847475221,-194.797549414226));
#4314=CARTESIAN_POINT('Ctrl Pts',(11.9386904479835,-7.18982131262693,-194.81343790549));
#4315=CARTESIAN_POINT('Ctrl Pts',(11.7753000090646,-7.46375204098193,-194.995599020344));
#4316=CARTESIAN_POINT('Ctrl Pts',(11.6028644217403,-7.73161883789084,-195.177403594936));
#4317=CARTESIAN_POINT('Ctrl Pts',(11.421744885721,-7.99307179387628,-195.35895722549));
#4318=CARTESIAN_POINT('Ctrl Pts',(11.3736384058531,-8.06251533177365,-195.407179003577));
#4319=CARTESIAN_POINT('Ctrl Pts',(11.3249190317707,-8.13150630246863,-195.455383078396));
#4320=CARTESIAN_POINT('Ctrl Pts',(11.275592956556,-8.20003793325692,-195.503571428571));
#4321=CARTESIAN_POINT('Ctrl Pts',(11.0878533286483,-8.46087569113865,-195.686980769209));
#4322=CARTESIAN_POINT('Ctrl Pts',(10.8913284303326,-8.71506111134937,-195.870162317247));
#4323=CARTESIAN_POINT('Ctrl Pts',(10.6863628684229,-8.96202028825017,-196.053225166823));
#4324=CARTESIAN_POINT('Ctrl Pts',(10.4823019409528,-9.20788948801288,-196.235480051604));
#4325=CARTESIAN_POINT('Ctrl Pts',(10.2698743304838,-9.44659665963773,-196.417617283385));
#4326=CARTESIAN_POINT('Ctrl Pts',(10.0493771087586,-9.67754722680304,-196.599744518179));
#4327=CARTESIAN_POINT('Ctrl Pts',(10.003152853377,-9.72596288444096,-196.637925025612));
#4328=CARTESIAN_POINT('Ctrl Pts',(9.95657381895156,-9.77403754267544,-196.676105093703));
#4329=CARTESIAN_POINT('Ctrl Pts',(9.90964252414993,-9.82176552920127,-196.714285714286));
#4330=CARTESIAN_POINT('Ctrl Pts',(9.68503210826684,-10.0501888648059,-196.897015918171));
#4331=CARTESIAN_POINT('Ctrl Pts',(9.45235577639103,-10.2706748284671,-197.079758776998));
#4332=CARTESIAN_POINT('Ctrl Pts',(9.21211165248297,-10.4829669253583,-197.26262301861));
#4333=CARTESIAN_POINT('Ctrl Pts',(8.97200745934559,-10.6951353722045,-197.445380750503));
#4334=CARTESIAN_POINT('Ctrl Pts',(8.72434377231998,-10.8991197933195,-197.628259723821));
#4335=CARTESIAN_POINT('Ctrl Pts',(8.46958859270004,-11.0946211421327,-197.811368476531));
#4336=CARTESIAN_POINT('Ctrl Pts',(8.28332472867655,-11.2375616574387,-197.945248163952));
#4337=CARTESIAN_POINT('Ctrl Pts',(8.0932692704217,-11.3759664373741,-198.079250686405));
#4338=CARTESIAN_POINT('Ctrl Pts',(7.89959763283033,-11.5097026183501,-198.213418466604));
#4339=CARTESIAN_POINT('Ctrl Pts',(7.84611211609403,-11.5466360012387,-198.250471042513));
#4340=CARTESIAN_POINT('Ctrl Pts',(7.79235077094791,-11.5832132379494,-198.287536222242));
#4341=CARTESIAN_POINT('Ctrl Pts',(7.73831722615672,-11.6194313366942,-198.324614899319));
#4342=CARTESIAN_POINT('Ctrl Pts',(7.71760113960796,-11.6333171047135,-198.338830607106));
#4343=CARTESIAN_POINT('Ctrl Pts',(7.69684643971252,-11.6471491283232,-198.353047334449));
#4344=CARTESIAN_POINT('Ctrl Pts',(7.67606000493583,-11.6609228954513,-198.367260593874));
#4345=CARTESIAN_POINT('Ctrl Pts',(7.41033940162936,-11.8369980016639,-198.548953890971));
#4346=CARTESIAN_POINT('Ctrl Pts',(7.13913110819914,-12.0037609366642,-198.730289918094));
#4347=CARTESIAN_POINT('Ctrl Pts',(6.8629765019199,-12.1610375142182,-198.911373428871));
#4348=CARTESIAN_POINT('Ctrl Pts',(6.58337684044288,-12.3202761321608,-199.094715973812));
#4349=CARTESIAN_POINT('Ctrl Pts',(6.298706229559,-12.4697905824723,-199.277799662776));
#4350=CARTESIAN_POINT('Ctrl Pts',(6.00949028645763,-12.6093609128542,-199.460733218938));
#4351=CARTESIAN_POINT('Ctrl Pts',(5.72003559613506,-12.7490464582833,-199.643817786409));
#4352=CARTESIAN_POINT('Ctrl Pts',(5.42602753939037,-12.8787717491722,-199.826751973107));
#4353=CARTESIAN_POINT('Ctrl Pts',(5.12796443864894,-12.9982725682757,-200.009644771679));
#4354=CARTESIAN_POINT('Ctrl Pts',(4.8323451170565,-13.1167936162862,-200.191038056871));
#4355=CARTESIAN_POINT('Ctrl Pts',(4.53273643448201,-13.2252573831933,-200.372390629826));
#4356=CARTESIAN_POINT('Ctrl Pts',(4.22960443319071,-13.3233594129245,-200.553808824266));
#4357=CARTESIAN_POINT('Ctrl Pts',(3.97059863313787,-13.4071809645557,-200.708818405553));
#4358=CARTESIAN_POINT('Ctrl Pts',(3.70902011513191,-13.4834372192431,-200.863875894113));
#4359=CARTESIAN_POINT('Ctrl Pts',(3.44515217909509,-13.5519089989959,-201.019047619048));
#4360=CARTESIAN_POINT('Ctrl Pts',(3.14050254283216,-13.6309633286324,-201.19820166963));
#4361=CARTESIAN_POINT('Ctrl Pts',(2.83280069942507,-13.6996419328399,-201.377507996576));
#4362=CARTESIAN_POINT('Ctrl Pts',(2.52259754488985,-13.7578462674863,-201.557068681201));
#4363=CARTESIAN_POINT('Ctrl Pts',(2.40627136193913,-13.7796728929787,-201.624403937935));
#4364=CARTESIAN_POINT('Ctrl Pts',(2.28959343143092,-13.8000260812925,-201.691774963718));
#4365=CARTESIAN_POINT('Ctrl Pts',(2.17259289528197,-13.8188988491032,-201.759187141743));
#4366=CARTESIAN_POINT('Ctrl Pts',(2.11238293993388,-13.8286110140606,-201.793878300967));
#4367=CARTESIAN_POINT('Ctrl Pts',(2.05208755187371,-13.8379311089937,-201.828580358381));
#4368=CARTESIAN_POINT('Ctrl Pts',(1.99171071659575,-13.8468580804662,-201.863294047625));
#4369=CARTESIAN_POINT('Ctrl Pts',(1.95046458678468,-13.8529564959012,-201.887008528951));
#4370=CARTESIAN_POINT('Ctrl Pts',(1.90917468573358,-13.8588722029224,-201.910731743296));
#4371=CARTESIAN_POINT('Ctrl Pts',(1.86787283451187,-13.8646007314404,-201.934446394926));
#4372=CARTESIAN_POINT('Ctrl Pts',(1.55270389297096,-13.9083143717779,-202.115409752066));
#4373=CARTESIAN_POINT('Ctrl Pts',(1.23659001510078,-13.9411727469011,-202.296018951669));
#4374=CARTESIAN_POINT('Ctrl Pts',(0.920122259939611,-13.9632351184221,-202.476377492676));
#4375=CARTESIAN_POINT('Ctrl Pts',(0.600209295730178,-13.9855376707538,-202.658699497155));
#4376=CARTESIAN_POINT('Ctrl Pts',(0.279934128117629,-13.9968080007479,-202.84076535577));
#4377=CARTESIAN_POINT('Ctrl Pts',(-0.0401086752055383,-13.9970568057033,
-203.0226819846));
#4378=CARTESIAN_POINT('Ctrl Pts',(-0.12735602183341,-13.9971246327938,-203.072274548495));
#4379=CARTESIAN_POINT('Ctrl Pts',(-0.214586162635187,-13.9963730801703,
-203.121856022076));
#4380=CARTESIAN_POINT('Ctrl Pts',(-0.301787166726597,-13.9948017046302,
-203.171428571429));
#4381=CARTESIAN_POINT('Ctrl Pts',(-0.622386694881223,-13.9890244516966,
-203.353684912367));
#4382=CARTESIAN_POINT('Ctrl Pts',(-0.942592358567421,-13.972169658349,-203.535820623819));
#4383=CARTESIAN_POINT('Ctrl Pts',(-1.26186028389043,-13.944393225464,-203.717943352231));
#4384=CARTESIAN_POINT('Ctrl Pts',(-1.58198850637618,-13.9165419463934,-203.900556827298));
#4385=CARTESIAN_POINT('Ctrl Pts',(-1.90117451605088,-13.8777099991879,-204.083157249263));
#4386=CARTESIAN_POINT('Ctrl Pts',(-2.21886543590693,-13.8280024299429,-204.265853137109));
#4387=CARTESIAN_POINT('Ctrl Pts',(-2.53401906320498,-13.7786918586529,-204.447089893178));
#4388=CARTESIAN_POINT('Ctrl Pts',(-2.84770194354185,-13.7186785238599,-204.628420596308));
#4389=CARTESIAN_POINT('Ctrl Pts',(-3.15936131827701,-13.6480158215677,-204.809951186078));
#4390=CARTESIAN_POINT('Ctrl Pts',(-3.3866162804451,-13.5964901783884,-204.942319183497));
#4391=CARTESIAN_POINT('Ctrl Pts',(-3.61279511020861,-13.5393012504354,-205.074793460569));
#4392=CARTESIAN_POINT('Ctrl Pts',(-3.83767651007271,-13.4764537776409,-205.207415090421));
#4393=CARTESIAN_POINT('Ctrl Pts',(-3.92200703502175,-13.4528859753429,-205.257148201616));
#4394=CARTESIAN_POINT('Ctrl Pts',(-4.00615503836431,-13.4285223063839,-205.306902034295));
#4395=CARTESIAN_POINT('Ctrl Pts',(-4.09010857645436,-13.4033625420442,-205.356678754426));
#4396=CARTESIAN_POINT('Ctrl Pts',(-4.13003275244435,-13.3913977948493,-205.380350115751));
#4397=CARTESIAN_POINT('Ctrl Pts',(-4.16991294803064,-13.3792530080129,-205.404026653042));
#4398=CARTESIAN_POINT('Ctrl Pts',(-4.2097478654588,-13.3669281364324,-205.427708599236));
#4399=CARTESIAN_POINT('Ctrl Pts',(-4.25080663390226,-13.3542246069415,-205.452118127556));
#4400=CARTESIAN_POINT('Ctrl Pts',(-4.29182306424951,-13.3413278688336,-205.476536847313));
#4401=CARTESIAN_POINT('Ctrl Pts',(-4.33276458457165,-13.3282479469877,-205.500946423204));
#4402=CARTESIAN_POINT('Ctrl Pts',(-4.64019105725437,-13.230031901164,-205.684235899432));
#4403=CARTESIAN_POINT('Ctrl Pts',(-4.94365177433183,-13.1214151382783,-205.867162490161));
#4404=CARTESIAN_POINT('Ctrl Pts',(-5.24261526874786,-13.0025844020403,-206.049833742096));
#4405=CARTESIAN_POINT('Ctrl Pts',(-5.43380056823841,-12.9265928836084,-206.166650874161));
#4406=CARTESIAN_POINT('Ctrl Pts',(-5.62314671312777,-12.8464232664408,-206.283363584835));
#4407=CARTESIAN_POINT('Ctrl Pts',(-5.81051326850937,-12.7621133225682,-206.4));
#4408=CARTESIAN_POINT('Ctrl Pts',(-6.1018510169986,-12.6310191196937,-206.581358890421));
#4409=CARTESIAN_POINT('Ctrl Pts',(-6.38840368258108,-12.4899171634998,-206.762533318231));
#4410=CARTESIAN_POINT('Ctrl Pts',(-6.66974442470482,-12.3392079694939,-206.943629018774));
#4411=CARTESIAN_POINT('Ctrl Pts',(-6.95292573409691,-12.1875128165849,-207.125909470648));
#4412=CARTESIAN_POINT('Ctrl Pts',(-7.23082721216347,-12.0260840067154,-207.308110161799));
#4413=CARTESIAN_POINT('Ctrl Pts',(-7.50299179150161,-11.8552818820309,-207.490338916379));
#4414=CARTESIAN_POINT('Ctrl Pts',(-7.77452644462283,-11.6848750796786,-207.672145901636));
#4415=CARTESIAN_POINT('Ctrl Pts',(-8.04035120510718,-11.5051379365364,-207.853980820568));
#4416=CARTESIAN_POINT('Ctrl Pts',(-8.29998316793507,-11.3163857205486,-208.035950750379));
#4417=CARTESIAN_POINT('Ctrl Pts',(-8.55765494830948,-11.1290585555361,-208.216546834459));
#4418=CARTESIAN_POINT('Ctrl Pts',(-8.80922752895011,-10.9328515499526,-208.397275898491));
#4419=CARTESIAN_POINT('Ctrl Pts',(-9.05419343472295,-10.7280364894676,-208.578242612694));
#4420=CARTESIAN_POINT('Ctrl Pts',(-9.17257140333101,-10.6290611209401,-208.665693443638));
#4421=CARTESIAN_POINT('Ctrl Pts',(-9.2894059868432,-10.5280750600197,-208.753199771468));
#4422=CARTESIAN_POINT('Ctrl Pts',(-9.40463644745063,-10.4251062912929,-208.840773408059));
#4423=CARTESIAN_POINT('Ctrl Pts',(-9.46571211883023,-10.3705296919462,-208.887190116121));
#4424=CARTESIAN_POINT('Ctrl Pts',(-9.52633709974359,-10.3153960576584,-208.933625733398));
#4425=CARTESIAN_POINT('Ctrl Pts',(-9.5865020623036,-10.2597093733615,-208.980082018712));
#4426=CARTESIAN_POINT('Ctrl Pts',(-9.60775624257094,-10.2400372124197,-208.996493402025));
#4427=CARTESIAN_POINT('Ctrl Pts',(-9.62895301243896,-10.2202960318199,-209.012907364631));
#4428=CARTESIAN_POINT('Ctrl Pts',(-9.65009195454487,-10.2004860036524,-209.02932398407));
#4429=CARTESIAN_POINT('Ctrl Pts',(-9.67026497094247,-10.1815811776182,-209.044990460257));
#4430=CARTESIAN_POINT('Ctrl Pts',(-9.69037910449095,-10.1626194781561,-209.060654527128));
#4431=CARTESIAN_POINT('Ctrl Pts',(-9.71043354240657,-10.1436016922187,-209.076315819212));
#4432=CARTESIAN_POINT('Ctrl Pts',(-9.94657692039036,-9.91966501386644,-209.260729385518));
#4433=CARTESIAN_POINT('Ctrl Pts',(-10.1744709774263,-9.68793174933293,-209.444778066137));
#4434=CARTESIAN_POINT('Ctrl Pts',(-10.3936847639892,-9.44880824048173,-209.628571428571));
#4435=CARTESIAN_POINT('Ctrl Pts',(-10.6093326711847,-9.21357447597471,-209.809375084158));
#4436=CARTESIAN_POINT('Ctrl Pts',(-10.8165810047371,-8.97118863323573,-209.989931660357));
#4437=CARTESIAN_POINT('Ctrl Pts',(-11.0152191389064,-8.72218932745124,-210.170345464281));
#4438=CARTESIAN_POINT('Ctrl Pts',(-11.2156053778033,-8.47099871602728,-210.352346990647));
#4439=CARTESIAN_POINT('Ctrl Pts',(-11.4072295516195,-8.21307727076491,-210.534203220759));
#4440=CARTESIAN_POINT('Ctrl Pts',(-11.5898383229799,-7.94893998262862,-210.716021239884));
#4441=CARTESIAN_POINT('Ctrl Pts',(-11.7728005329451,-7.68429145774346,-210.898191167115));
#4442=CARTESIAN_POINT('Ctrl Pts',(-11.9467127290089,-7.41340250193976,-211.0803227353));
#4443=CARTESIAN_POINT('Ctrl Pts',(-12.1112780365733,-7.1367604445532,-211.262523652699));
#4444=CARTESIAN_POINT('Ctrl Pts',(-12.2749763150056,-6.86157590410297,-211.443764625954));
#4445=CARTESIAN_POINT('Ctrl Pts',(-12.4294262070114,-6.58069820260064,-211.6250742196));
#4446=CARTESIAN_POINT('Ctrl Pts',(-12.5742895758101,-6.29458441149009,-211.806558448434));
#4447=CARTESIAN_POINT('Ctrl Pts',(-12.713760940246,-6.01912015050392,-211.98128759652));
#4448=CARTESIAN_POINT('Ctrl Pts',(-12.8443461424351,-5.73880181229063,-212.156178621438));
#4449=CARTESIAN_POINT('Ctrl Pts',(-12.9656991937624,-5.45402403997396,-212.331326135114));
#4450=CARTESIAN_POINT('Ctrl Pts',(-13.0047737700443,-5.3623281933012,-212.387722037886));
#4451=CARTESIAN_POINT('Ctrl Pts',(-13.0428908211396,-5.27016992640681,-212.444144532933));
#4452=CARTESIAN_POINT('Ctrl Pts',(-13.0800377673475,-5.17756223706561,-212.500596778724));
#4453=CARTESIAN_POINT('Ctrl Pts',(-13.0943641140841,-5.14184651872479,-212.522368540061));
#4454=CARTESIAN_POINT('Ctrl Pts',(-13.1085461629855,-5.10606395311495,-212.544144726493));
#4455=CARTESIAN_POINT('Ctrl Pts',(-13.1225831716772,-5.07021528365397,-212.5659255192));
#4456=CARTESIAN_POINT('Ctrl Pts',(-13.135339443911,-5.03763744624513,-212.585719032715));
#4457=CARTESIAN_POINT('Ctrl Pts',(-13.1479768064569,-5.00500264591416,-212.605517779334));
#4458=CARTESIAN_POINT('Ctrl Pts',(-13.1604871678761,-4.97233138312587,-212.625309836156));
#4459=CARTESIAN_POINT('Ctrl Pts',(-13.2093727328415,-4.84466495639221,-212.702649398707));
#4460=CARTESIAN_POINT('Ctrl Pts',(-13.2563436760442,-4.71638013676311,-212.779924379135));
#4461=CARTESIAN_POINT('Ctrl Pts',(-13.3013835176433,-4.5875166335213,-212.857142857143));
#4462=CARTESIAN_POINT('Ctrl Pts',(-13.4064264721703,-4.28697820730514,-213.037233567635));
#4463=CARTESIAN_POINT('Ctrl Pts',(-13.5009688588052,-3.98329399762516,-213.217016946543));
#4464=CARTESIAN_POINT('Ctrl Pts',(-13.5850483147916,-3.67704668500521,-213.396595489579));
#4465=CARTESIAN_POINT('Ctrl Pts',(-13.6700601877434,-3.36740317783923,-213.578165506967));
#4466=CARTESIAN_POINT('Ctrl Pts',(-13.7443759335489,-3.05513886543282,-213.75952612015));
#4467=CARTESIAN_POINT('Ctrl Pts',(-13.80798642898,-2.74083270865906,-213.940783272739));
#4468=CARTESIAN_POINT('Ctrl Pts',(-13.8719875420154,-2.42459646916628,-214.123153484333));
#4469=CARTESIAN_POINT('Ctrl Pts',(-13.9251516511276,-2.10629264965398,-214.305418960776));
#4470=CARTESIAN_POINT('Ctrl Pts',(-13.9674190590128,-1.78649597426321,-214.487687609415));
#4471=CARTESIAN_POINT('Ctrl Pts',(-14.0095572793227,-1.46767673655102,-214.669399165818));
#4472=CARTESIAN_POINT('Ctrl Pts',(-14.0408653662115,-1.14737315798013,-214.851113875057));
#4473=CARTESIAN_POINT('Ctrl Pts',(-14.0612329408062,-0.826148747570456,
-215.032938658064));
#4474=CARTESIAN_POINT('Ctrl Pts',(-14.0813112340028,-0.509486699072238,
-215.212180977106));
#4475=CARTESIAN_POINT('Ctrl Pts',(-14.0907575560909,-0.191929232324478,
-215.391530265357));
#4476=CARTESIAN_POINT('Ctrl Pts',(-14.0894162260571,0.125981060430842,-215.571088952346));
#4477=CARTESIAN_POINT('Ctrl Pts',(-14.0881364290768,0.429307327960104,-215.74241044639));
#4478=CARTESIAN_POINT('Ctrl Pts',(-14.0770357748604,0.732955192525321,-215.913922567658));
#4479=CARTESIAN_POINT('Ctrl Pts',(-14.0559357737081,1.03644403669577,-216.085714285714));
#4480=CARTESIAN_POINT('Ctrl Pts',(-14.0532456698101,1.07513676077735,-216.107616539039));
#4481=CARTESIAN_POINT('Ctrl Pts',(-14.0503929743061,1.11382688253726,-216.129523337065));
#4482=CARTESIAN_POINT('Ctrl Pts',(-14.0473778043943,1.15251343098636,-216.151434864167));
#4483=CARTESIAN_POINT('Ctrl Pts',(-14.0451674584563,1.18087357576164,-216.167497658749));
#4484=CARTESIAN_POINT('Ctrl Pts',(-14.0428704947445,1.209222848727,-216.18355792493));
#4485=CARTESIAN_POINT('Ctrl Pts',(-14.0404871933023,1.23756007177268,-216.199615277712));
#4486=CARTESIAN_POINT('Ctrl Pts',(-14.0138209512651,1.55461910384314,-216.379277509351));
#4487=CARTESIAN_POINT('Ctrl Pts',(-13.9763479323405,1.87020237814353,-216.558593960992));
#4488=CARTESIAN_POINT('Ctrl Pts',(-13.9283434471905,2.18379584228871,-216.737665953635));
#4489=CARTESIAN_POINT('Ctrl Pts',(-13.8797535001234,2.50121388720206,-216.918921905377));
#4490=CARTESIAN_POINT('Ctrl Pts',(-13.8203735710953,2.81659383591874,-217.099927398925));
#4491=CARTESIAN_POINT('Ctrl Pts',(-13.7504358405473,3.12940632989448,-217.280787507801));
#4492=CARTESIAN_POINT('Ctrl Pts',(-13.6799116115559,3.44484207228509,-217.463164311193));
#4493=CARTESIAN_POINT('Ctrl Pts',(-13.5986516658592,3.75766769980732,-217.645393281296));
#4494=CARTESIAN_POINT('Ctrl Pts',(-13.5068414650225,4.0673356436269,-217.827582157305));
#4495=CARTESIAN_POINT('Ctrl Pts',(-13.4151770964957,4.37651170755565,-218.009481642546));
#4496=CARTESIAN_POINT('Ctrl Pts',(-13.3129957885039,4.68254068711793,-218.191341160964));
#4497=CARTESIAN_POINT('Ctrl Pts',(-13.200432064895,4.98486418498328,-218.373267939168));
#4498=CARTESIAN_POINT('Ctrl Pts',(-13.0891501697156,5.28374494977231,-218.553123011596));
#4499=CARTESIAN_POINT('Ctrl Pts',(-12.9677207405254,5.57900466473475,-218.733043820681));
#4500=CARTESIAN_POINT('Ctrl Pts',(-12.8362279434353,5.87008255898205,-218.913133971431));
#4501=CARTESIAN_POINT('Ctrl Pts',(-12.7386726690148,6.08603494937491,-219.046743906468));
#4502=CARTESIAN_POINT('Ctrl Pts',(-12.6355773237128,6.29968517317264,-219.180447051269));
#4503=CARTESIAN_POINT('Ctrl Pts',(-12.5269607654055,6.51079398476023,-219.314285714286));
#4504=CARTESIAN_POINT('Ctrl Pts',(-12.4722433711538,6.61714355294447,-219.381709162465));
#4505=CARTESIAN_POINT('Ctrl Pts',(-12.4161245858274,6.72284800261771,-219.449167002564));
#4506=CARTESIAN_POINT('Ctrl Pts',(-12.3586196132907,6.8278829610101,-219.51666464356));
#4507=CARTESIAN_POINT('Ctrl Pts',(-12.316490829037,6.90483274302057,-219.56611416818));
#4508=CARTESIAN_POINT('Ctrl Pts',(-12.2736180363977,6.98142318302016,-219.615585054701));
#4509=CARTESIAN_POINT('Ctrl Pts',(-12.2300069773737,7.05764446009603,-219.66507942997));
#4510=CARTESIAN_POINT('Ctrl Pts',(-12.2149446159791,7.08396971903179,-219.682173767598));
#4511=CARTESIAN_POINT('Ctrl Pts',(-12.1997931972343,7.11025264293069,-219.699272017401));
#4512=CARTESIAN_POINT('Ctrl Pts',(-12.18455611605,7.13648737917226,-219.716370719217));
#4513=CARTESIAN_POINT('Ctrl Pts',(-12.0242953961302,7.41241934187035,-219.896211610626));
#4514=CARTESIAN_POINT('Ctrl Pts',(-11.8549238634025,7.68240264679157,-220.075698522699));
#4515=CARTESIAN_POINT('Ctrl Pts',(-11.6768953815346,7.9460721566058,-220.254932988603));
#4516=CARTESIAN_POINT('Ctrl Pts',(-11.4967544606223,8.21287029933043,-220.43629420344));
#4517=CARTESIAN_POINT('Ctrl Pts',(-11.3077496463144,8.4732044004844,-220.617396945645));
#4518=CARTESIAN_POINT('Ctrl Pts',(-11.1103013783794,8.72667735336066,-220.798346405736));
#4519=CARTESIAN_POINT('Ctrl Pts',(-10.9113510326344,8.98207858903193,-220.980672429784));
#4520=CARTESIAN_POINT('Ctrl Pts',(-10.7038279503076,9.23051438267174,-221.162842830675));
#4521=CARTESIAN_POINT('Ctrl Pts',(-10.4881166896998,9.47155214754997,-221.344965217935));
#4522=CARTESIAN_POINT('Ctrl Pts',(-10.2727619674946,9.7121915131077,-221.526786584169));
#4523=CARTESIAN_POINT('Ctrl Pts',(-10.0492457233371,9.94545774501332,-221.708560095358));
#4524=CARTESIAN_POINT('Ctrl Pts',(-9.81791087526,10.1708871264141,-221.890392828321));
#4525=CARTESIAN_POINT('Ctrl Pts',(-9.58882026401042,10.3941295613866,-222.070461556772));
#4526=CARTESIAN_POINT('Ctrl Pts',(-9.35206160133694,10.6096868591405,-222.25058836352));
#4527=CARTESIAN_POINT('Ctrl Pts',(-9.1079349535245,10.8170697194839,-222.430877239182));
#4528=CARTESIAN_POINT('Ctrl Pts',(-9.05740129867761,10.8599974947991,-222.468196621957));
#4529=CARTESIAN_POINT('Ctrl Pts',(-9.0065518384196,10.902574865392,-222.505522949069));
#4530=CARTESIAN_POINT('Ctrl Pts',(-8.95538908017199,10.9447972559204,-222.542857142857));
#4531=CARTESIAN_POINT('Ctrl Pts',(-8.77091156553974,11.0970384941431,-222.67747301418));
#4532=CARTESIAN_POINT('Ctrl Pts',(-8.58236135158366,11.2446656913189,-222.81219116068));
#4533=CARTESIAN_POINT('Ctrl Pts',(-8.3899288398796,11.3875523447697,-222.947054819718));
#4534=CARTESIAN_POINT('Ctrl Pts',(-8.30573961600906,11.4500652556545,-223.006057670547));
#4535=CARTESIAN_POINT('Ctrl Pts',(-8.22080721049848,11.5116706148104,-223.065088373385));
#4536=CARTESIAN_POINT('Ctrl Pts',(-8.13514720625985,11.5723569567925,-223.124150548939));
#4537=CARTESIAN_POINT('Ctrl Pts',(-8.08150771513611,11.6103581748758,-223.161134729241));
#4538=CARTESIAN_POINT('Ctrl Pts',(-8.02758291780181,11.6479990220955,-223.198131250457));
#4539=CARTESIAN_POINT('Ctrl Pts',(-7.97337660357123,11.6852765730645,-223.23514100161));
#4540=CARTESIAN_POINT('Ctrl Pts',(-7.94127203808836,11.7073548049663,-223.257060624744));
#4541=CARTESIAN_POINT('Ctrl Pts',(-7.90906505862729,11.7293080285089,-223.278987361343));
#4542=CARTESIAN_POINT('Ctrl Pts',(-7.87677861938463,11.7511207772103,-223.300906386957));
#4543=CARTESIAN_POINT('Ctrl Pts',(-7.61122392716205,11.9305297768962,-223.48118951006));
#4544=CARTESIAN_POINT('Ctrl Pts',(-7.34004775607821,12.1006129212889,-223.661122133816));
#4545=CARTESIAN_POINT('Ctrl Pts',(-7.06380291307321,12.2612062821616,-223.840806605119));
#4546=CARTESIAN_POINT('Ctrl Pts',(-6.78367170060982,12.4240589617102,-224.02301897969));
#4547=CARTESIAN_POINT('Ctrl Pts',(-6.49832774849631,12.5771533151899,-224.204976170395));
#4548=CARTESIAN_POINT('Ctrl Pts',(-6.20831083921272,12.7202794810828,-224.386784904806));
#4549=CARTESIAN_POINT('Ctrl Pts',(-5.91765128836026,12.8637227968414,-224.568996504867));
#4550=CARTESIAN_POINT('Ctrl Pts',(-5.62229752251482,12.9971539899897,-224.751058989984));
#4551=CARTESIAN_POINT('Ctrl Pts',(-5.32276378142359,13.1203182508805,-224.933079798791));
#4552=CARTESIAN_POINT('Ctrl Pts',(-5.02483686978421,13.2428218050305,-225.114124168699));
#4553=CARTESIAN_POINT('Ctrl Pts',(-4.72277416861724,13.3551685201158,-225.295127308237));
#4554=CARTESIAN_POINT('Ctrl Pts',(-4.41706090971451,13.457060778736,-225.476194936255));
#4555=CARTESIAN_POINT('Ctrl Pts',(-4.25094583220634,13.5124258633219,-225.574581454296));
#4556=CARTESIAN_POINT('Ctrl Pts',(-4.08375261528767,13.5647034369565,-225.672987012545));
#4557=CARTESIAN_POINT('Ctrl Pts',(-3.91555736837612,13.6138395146623,-225.771428571429));
#4558=CARTESIAN_POINT('Ctrl Pts',(-3.60501480121726,13.7045605308089,-225.953183377062));
#4559=CARTESIAN_POINT('Ctrl Pts',(-3.29105651802658,13.784575501187,-226.135060905421));
#4560=CARTESIAN_POINT('Ctrl Pts',(-2.97425044599267,13.8537973552288,-226.317167904329));
#4561=CARTESIAN_POINT('Ctrl Pts',(-2.77950149651931,13.8963498330543,-226.429113822856));
#4562=CARTESIAN_POINT('Ctrl Pts',(-2.58367628083117,13.9348227114122,-226.541146455581));
#4563=CARTESIAN_POINT('Ctrl Pts',(-2.38690672150326,13.9691859600996,-226.653290599774));
#4564=CARTESIAN_POINT('Ctrl Pts',(-2.33441744416383,13.978352530868,-226.683205618676));
#4565=CARTESIAN_POINT('Ctrl Pts',(-2.28186097223039,13.9872266259728,-226.71312857254));
#4566=CARTESIAN_POINT('Ctrl Pts',(-2.22923981906526,13.9958075844266,-226.743059932065));
#4567=CARTESIAN_POINT('Ctrl Pts',(-2.1826915265349,14.0033982383798,-226.769536996804));
#4568=CARTESIAN_POINT('Ctrl Pts',(-2.13609262069128,14.0107595110737,-226.796020639009));
#4569=CARTESIAN_POINT('Ctrl Pts',(-2.08944484508136,14.0178909198119,-226.822511184497));
#4570=CARTESIAN_POINT('Ctrl Pts',(-2.06201974020317,14.0220836091742,-226.838085474562));
#4571=CARTESIAN_POINT('Ctrl Pts',(-2.03458603743849,14.0261955762538,-226.853657440748));
#4572=CARTESIAN_POINT('Ctrl Pts',(-2.00714500283258,14.0302267392692,-226.869226645364));
#4573=CARTESIAN_POINT('Ctrl Pts',(-1.68695000097384,14.0772642605488,-227.050895506352));
#4574=CARTESIAN_POINT('Ctrl Pts',(-1.36571859009302,14.1133102283226,-227.232211030826));
#4575=CARTESIAN_POINT('Ctrl Pts',(-1.04404111692874,14.1384234123791,-227.413277974642));
#4576=CARTESIAN_POINT('Ctrl Pts',(-0.720393861976481,14.1636903762203,-227.595453676136));
#4577=CARTESIAN_POINT('Ctrl Pts',(-0.396294476249745,14.1778903369882,-227.777377743299));
#4578=CARTESIAN_POINT('Ctrl Pts',(-0.0723280888019948,14.1810324509059,
-227.959156868201));
#4579=CARTESIAN_POINT('Ctrl Pts',(0.251667585324707,14.1841748488717,-228.140952426003));
#4580=CARTESIAN_POINT('Ctrl Pts',(0.575530841033825,14.1762574434722,-228.322603015338));
#4581=CARTESIAN_POINT('Ctrl Pts',(0.898683482750049,14.1572379643344,-228.504215357214));
#4582=CARTESIAN_POINT('Ctrl Pts',(1.19275093121335,14.1399303239839,-228.669481770328));
#4583=CARTESIAN_POINT('Ctrl Pts',(1.48623034004284,14.1134285664548,-228.834716511036));
#4584=CARTESIAN_POINT('Ctrl Pts',(1.77868477749063,14.0776633341151,-229.));
#4585=CARTESIAN_POINT('Ctrl Pts',(2.10048499230241,14.0383093084072,-229.181868542388));
#4586=CARTESIAN_POINT('Ctrl Pts',(2.42104485219334,13.9877400533843,-229.363796106964));
#4587=CARTESIAN_POINT('Ctrl Pts',(2.73983026703965,13.926131053227,-229.545889833816));
#4588=CARTESIAN_POINT('Ctrl Pts',(3.05755862286889,13.8647263420558,-229.727379756958));
#4589=CARTESIAN_POINT('Ctrl Pts',(3.37352483525014,13.7923547735873,-229.90903474225));
#4590=CARTESIAN_POINT('Ctrl Pts',(3.68718189472233,13.7091418137413,-230.09096086751));
#4591=CARTESIAN_POINT('Ctrl Pts',(3.76951375541775,13.6872992388296,-230.13871466724));
#4592=CARTESIAN_POINT('Ctrl Pts',(3.85168639045801,13.6647094311004,-230.186487148794));
#4593=CARTESIAN_POINT('Ctrl Pts',(3.93368962378155,13.6413741326844,-230.234280230677));
#4594=CARTESIAN_POINT('Ctrl Pts',(3.98676714246252,13.6262700973019,-230.265214842565));
#4595=CARTESIAN_POINT('Ctrl Pts',(4.03977368817683,13.6108537363164,-230.296158084904));
#4596=CARTESIAN_POINT('Ctrl Pts',(4.09270647107887,13.5951254744254,-230.327110477931));
#4597=CARTESIAN_POINT('Ctrl Pts',(4.12057518482362,13.5868446623406,-230.343406681034));
#4598=CARTESIAN_POINT('Ctrl Pts',(4.1484234515227,13.5784773924599,-230.359705420656));
#4599=CARTESIAN_POINT('Ctrl Pts',(4.17625086122159,13.5700237226281,-230.376006772721));
#4600=CARTESIAN_POINT('Ctrl Pts',(4.20275297387444,13.5619726638829,-230.391531763136));
#4601=CARTESIAN_POINT('Ctrl Pts',(4.22922846210098,13.5538455774433,-230.407054608958));
#4602=CARTESIAN_POINT('Ctrl Pts',(4.25567574542094,13.5456430457594,-230.422574631819));
#4603=CARTESIAN_POINT('Ctrl Pts',(4.56518357094327,13.4496502848194,-230.604202682976));
#4604=CARTESIAN_POINT('Ctrl Pts',(4.87088596338532,13.3433118693756,-230.785477621466));
#4605=CARTESIAN_POINT('Ctrl Pts',(5.17228385103799,13.22691426578,-230.966504133123));
#4606=CARTESIAN_POINT('Ctrl Pts',(5.47552834475757,13.1098035167717,-231.148639758905));
#4607=CARTESIAN_POINT('Ctrl Pts',(5.77441598719964,12.9825097784912,-231.330523904405));
#4608=CARTESIAN_POINT('Ctrl Pts',(6.06843108157025,12.8452724483194,-231.512263191438));
#4609=CARTESIAN_POINT('Ctrl Pts',(6.36275873107132,12.7078892268908,-231.694195677894));
#4610=CARTESIAN_POINT('Ctrl Pts',(6.65220402852502,12.5605410632169,-231.875982997734));
#4611=CARTESIAN_POINT('Ctrl Pts',(6.93623381092852,12.4034185758495,-232.057732113172));
#4612=CARTESIAN_POINT('Ctrl Pts',(7.02523142904384,12.3541859671783,-232.114681205735));
#4613=CARTESIAN_POINT('Ctrl Pts',(7.11369719420717,12.303993348778,-232.171626547338));
#4614=CARTESIAN_POINT('Ctrl Pts',(7.20161424979805,12.2528456323638,-232.228571428571));
#4615=CARTESIAN_POINT('Ctrl Pts',(7.48211975184117,12.0896552732837,-232.410258046622));
#4616=CARTESIAN_POINT('Ctrl Pts',(7.75704178995485,11.9167454821489,-232.59193997824));
#4617=CARTESIAN_POINT('Ctrl Pts',(8.02592944470782,11.7344893328311,-232.773724099043));
#4618=CARTESIAN_POINT('Ctrl Pts',(8.29405400709674,11.5527504191445,-232.954992323813));
#4619=CARTESIAN_POINT('Ctrl Pts',(8.5561788479089,11.3617177285479,-233.136362158574));
#4620=CARTESIAN_POINT('Ctrl Pts',(8.8118233268437,11.1617218954822,-233.317939571598));
#4621=CARTESIAN_POINT('Ctrl Pts',(9.0628407639534,10.9653458905791,-233.496230520983));
#4622=CARTESIAN_POINT('Ctrl Pts',(9.30761063719787,10.7603278207713,-233.674721602499));
#4623=CARTESIAN_POINT('Ctrl Pts',(9.54563979503493,10.546949091213,-233.85351313401));
#4624=CARTESIAN_POINT('Ctrl Pts',(9.57140242010032,10.5238544575283,-233.872864289276));
#4625=CARTESIAN_POINT('Ctrl Pts',(9.59708604142376,10.5006618564793,-233.892218964132));
#4626=CARTESIAN_POINT('Ctrl Pts',(9.62269000371947,10.4773716254747,-233.91157728577));
#4627=CARTESIAN_POINT('Ctrl Pts',(9.64443671353116,10.4575900819287,-233.928019264486));
#4628=CARTESIAN_POINT('Ctrl Pts',(9.66612636544877,10.4377376988459,-233.944464196962));
#4629=CARTESIAN_POINT('Ctrl Pts',(9.68774834246945,10.4178241886823,-233.960904357689));
#4630=CARTESIAN_POINT('Ctrl Pts',(9.92698445385643,10.1974913888161,-234.142806323411));
#4631=CARTESIAN_POINT('Ctrl Pts',(10.1582392297558,9.96940609698644,-234.324351652514));
#4632=CARTESIAN_POINT('Ctrl Pts',(10.381120916236,9.73400650155344,-234.50564547536));
#4633=CARTESIAN_POINT('Ctrl Pts',(10.6050219083784,9.49753035225789,-234.687768409934));
#4634=CARTESIAN_POINT('Ctrl Pts',(10.820473530832,9.2536724752414,-234.869637532562));
#4635=CARTESIAN_POINT('Ctrl Pts',(11.0270498988828,9.00283318209126,-235.051359422593));
#4636=CARTESIAN_POINT('Ctrl Pts',(11.1808871302686,8.81603339107409,-235.186687547047));
#4637=CARTESIAN_POINT('Ctrl Pts',(11.3298017984406,8.62536093151626,-235.321934019729));
#4638=CARTESIAN_POINT('Ctrl Pts',(11.4736053374029,8.43096726942964,-235.457142857143));
#4639=CARTESIAN_POINT('Ctrl Pts',(11.6660080553155,8.17087722435586,-235.638046247921));
#4640=CARTESIAN_POINT('Ctrl Pts',(11.8492629882585,7.90412668775561,-235.818882266879));
#4641=CARTESIAN_POINT('Ctrl Pts',(12.0232213013464,7.63127291710057,-235.999756338237));
#4642=CARTESIAN_POINT('Ctrl Pts',(12.1983767955209,7.35654136683344,-236.18187518493));
#4643=CARTESIAN_POINT('Ctrl Pts',(12.3641075332931,7.07562175475982,-236.36403260958));
#4644=CARTESIAN_POINT('Ctrl Pts',(12.5202160065659,6.78905670535429,-236.546336228009));
#4645=CARTESIAN_POINT('Ctrl Pts',(12.6541538110695,6.54318988749233,-236.702748919093));
#4646=CARTESIAN_POINT('Ctrl Pts',(12.7810077369463,6.29316667498234,-236.859269227528));
#4647=CARTESIAN_POINT('Ctrl Pts',(12.9006243777643,6.03931912740917,-237.015965121585));
#4648=CARTESIAN_POINT('Ctrl Pts',(13.00528893848,5.81720252328264,-237.153074028885));
#4649=CARTESIAN_POINT('Ctrl Pts',(13.1044121013637,5.59215765793777,-237.290317368928));
#4650=CARTESIAN_POINT('Ctrl Pts',(13.1978734597237,5.36440333360961,-237.427740675147));
#4651=CARTESIAN_POINT('Ctrl Pts',(13.208612666646,5.33823315098715,-237.443531343583));
#4652=CARTESIAN_POINT('Ctrl Pts',(13.2192771009967,5.3120271924669,-237.459324388154));
#4653=CARTESIAN_POINT('Ctrl Pts',(13.2298665656264,5.28578578846439,-237.47511987794));
#4654=CARTESIAN_POINT('Ctrl Pts',(13.2412708064455,5.2575253143857,-237.49213070669));
#4655=CARTESIAN_POINT('Ctrl Pts',(13.2525855929865,5.22922990219797,-237.509140653719));
#4656=CARTESIAN_POINT('Ctrl Pts',(13.2638086174405,5.20090560163153,-237.526146457375));
#4657=CARTESIAN_POINT('Ctrl Pts',(13.3835987047699,4.89858331299054,-237.707659623758));
#4658=CARTESIAN_POINT('Ctrl Pts',(13.4930186152611,4.59277350503342,-237.888820548256));
#4659=CARTESIAN_POINT('Ctrl Pts',(13.5919705369446,4.28405315878625,-238.069733722177));
#4660=CARTESIAN_POINT('Ctrl Pts',(13.6938676516216,3.96614409760332,-238.256031573861));
#4661=CARTESIAN_POINT('Ctrl Pts',(13.7846648038687,3.64514818132339,-238.442066707454));
#4662=CARTESIAN_POINT('Ctrl Pts',(13.864206413188,3.32166626413734,-238.627953224924));
#4663=CARTESIAN_POINT('Ctrl Pts',(13.9421111833301,3.00484108773988,-238.810014494993));
#4664=CARTESIAN_POINT('Ctrl Pts',(14.0092189177715,2.68563051377973,-238.99193320257));
#4665=CARTESIAN_POINT('Ctrl Pts',(14.0653344898237,2.36458035954607,-239.173816549476));
#4666=CARTESIAN_POINT('Ctrl Pts',(14.12321860891,2.0334119390756,-239.36143216003));
#4667=CARTESIAN_POINT('Ctrl Pts',(14.1694073082997,1.70028557607272,-239.549010145926));
#4668=CARTESIAN_POINT('Ctrl Pts',(14.2036289965823,1.36578944694489,-239.736668167551));
#4669=CARTESIAN_POINT('Ctrl Pts',(14.236135549929,1.04805771565238,-239.914921076658));
#4670=CARTESIAN_POINT('Ctrl Pts',(14.2578443237445,0.729089510149428,-240.093246200012));
#4671=CARTESIAN_POINT('Ctrl Pts',(14.2684707985879,0.40938785434364,-240.271744378986));
#4672=CARTESIAN_POINT('Ctrl Pts',(14.2690314805542,0.392519517886527,-240.281162432616));
#4673=CARTESIAN_POINT('Ctrl Pts',(14.2695612983417,0.375649140433483,-240.290580968017));
#4674=CARTESIAN_POINT('Ctrl Pts',(14.2700602060905,0.358776796230499,-240.3));
#4675=CARTESIAN_POINT('Ctrl Pts',(14.2735900001154,0.239404227064919,-240.366640061002));
#4676=CARTESIAN_POINT('Ctrl Pts',(14.2755726289711,0.119933195835128,-240.433304979083));
#4677=CARTESIAN_POINT('Ctrl Pts',(14.2760145203077,0.000391244204633233,
-240.5));
#4678=CARTESIAN_POINT('Origin',(0.,0.,-203.4));
#4679=CARTESIAN_POINT('',(14.9899814374893,-0.000141138338877877,-337.5));
#4680=CARTESIAN_POINT('',(14.6403467511122,0.00075109607735788,-290.499999972949));
#4681=CARTESIAN_POINT('',(14.,-1.7145055188063E-15,-203.4));
#4682=CARTESIAN_POINT('Ctrl Pts',(14.9899814374893,-0.000141138338877675,
-337.5));
#4683=CARTESIAN_POINT('Ctrl Pts',(14.9887706032132,0.27090686827628,-337.356117580499));
#4684=CARTESIAN_POINT('Ctrl Pts',(14.9802341894019,0.542192510547177,-337.212083041679));
#4685=CARTESIAN_POINT('Ctrl Pts',(14.9643393361611,0.813406933575964,-337.067843789048));
#4686=CARTESIAN_POINT('Ctrl Pts',(14.9601119141703,0.885539579202418,-337.029481674013));
#4687=CARTESIAN_POINT('Ctrl Pts',(14.9553638723168,0.957667150858448,-336.991105078419));
#4688=CARTESIAN_POINT('Ctrl Pts',(14.9500943401316,1.02978375147559,-336.95271301281));
#4689=CARTESIAN_POINT('Ctrl Pts',(14.9475140920316,1.06509594147216,-336.933914180036));
#4690=CARTESIAN_POINT('Ctrl Pts',(14.9448088092015,1.10040550041187,-336.915111638154));
#4691=CARTESIAN_POINT('Ctrl Pts',(14.9419783801857,1.13571173220873,-336.896305271001));
#4692=CARTESIAN_POINT('Ctrl Pts',(14.9396318173201,1.16498230991917,-336.880713880949));
#4693=CARTESIAN_POINT('Ctrl Pts',(14.937199886583,1.19424247340801,-336.86512419061));
#4694=CARTESIAN_POINT('Ctrl Pts',(14.9346828353286,1.22348997317092,-336.849537127916));
#4695=CARTESIAN_POINT('Ctrl Pts',(14.9055896771612,1.56154512207027,-336.669375170734));
#4696=CARTESIAN_POINT('Ctrl Pts',(14.8651224173487,1.89799038901143,-336.48952022305));
#4697=CARTESIAN_POINT('Ctrl Pts',(14.8134030868819,2.23224018002584,-336.309869668942));
#4698=CARTESIAN_POINT('Ctrl Pts',(14.7616837564152,2.56648997104024,-336.130219114834));
#4699=CARTESIAN_POINT('Ctrl Pts',(14.6987122988726,2.89854488710834,-335.950772954303));
#4700=CARTESIAN_POINT('Ctrl Pts',(14.6245581574385,3.22782258750756,-335.771428571429));
#4701=CARTESIAN_POINT('Ctrl Pts',(14.5505788789844,3.55632381772207,-335.592507100782));
#4702=CARTESIAN_POINT('Ctrl Pts',(14.4654696008837,3.88206152395822,-335.413686928355));
#4703=CARTESIAN_POINT('Ctrl Pts',(14.3695122122952,4.20452764371066,-335.234866162451));
#4704=CARTESIAN_POINT('Ctrl Pts',(14.2731763987044,4.52826546587108,-335.055340185101));
#4705=CARTESIAN_POINT('Ctrl Pts',(14.1659065362018,4.84870639354374,-334.875813609584));
#4706=CARTESIAN_POINT('Ctrl Pts',(14.0479373904095,5.16532191119619,-334.696183333962));
#4707=CARTESIAN_POINT('Ctrl Pts',(13.930449139153,5.48064676363795,-334.517285310977));
#4708=CARTESIAN_POINT('Ctrl Pts',(13.8023483963672,5.79217785243656,-334.338284431618));
#4709=CARTESIAN_POINT('Ctrl Pts',(13.6638207050744,6.09937085510516,-334.159078849682));
#4710=CARTESIAN_POINT('Ctrl Pts',(13.5599249366048,6.3297656071066,-334.02467466323));
#4711=CARTESIAN_POINT('Ctrl Pts',(13.4501630413593,6.55771978124661,-333.890155331579));
#4712=CARTESIAN_POINT('Ctrl Pts',(13.3345973654027,6.78299279311469,-333.75547788836));
#4713=CARTESIAN_POINT('Ctrl Pts',(13.2479231084352,6.95194755201574,-333.654469805945));
#4714=CARTESIAN_POINT('Ctrl Pts',(13.1579839418013,7.11939397307089,-333.553372785775));
#4715=CARTESIAN_POINT('Ctrl Pts',(13.0648014221403,7.28522636174667,-333.452168701411));
#4716=CARTESIAN_POINT('Ctrl Pts',(13.0466023617138,7.31761434259509,-333.432402985122));
#4717=CARTESIAN_POINT('Ctrl Pts',(13.0282795739747,7.34994074542396,-333.41263318495));
#4718=CARTESIAN_POINT('Ctrl Pts',(13.0098332021011,7.38220476502693,-333.392859165857));
#4719=CARTESIAN_POINT('Ctrl Pts',(12.9937931666361,7.41025993068355,-333.37566467527));
#4720=CARTESIAN_POINT('Ctrl Pts',(12.9776631013851,7.43826192677771,-333.358470667787));
#4721=CARTESIAN_POINT('Ctrl Pts',(12.9614465496721,7.46620462290634,-333.341280553055));
#4722=CARTESIAN_POINT('Ctrl Pts',(12.7916208472357,7.75883082864809,-333.161259340093));
#4723=CARTESIAN_POINT('Ctrl Pts',(12.6122022549389,8.04515094914233,-332.98154484866));
#4724=CARTESIAN_POINT('Ctrl Pts',(12.4234863212231,8.32467476518839,-332.802034704934));
#4725=CARTESIAN_POINT('Ctrl Pts',(12.3326175434548,8.45926852746962,-332.715598615324));
#4726=CARTESIAN_POINT('Ctrl Pts',(12.2395924031996,8.59228632935652,-332.62920990429));
#4727=CARTESIAN_POINT('Ctrl Pts',(12.1444398612833,8.72367194756478,-332.542857142857));
#4728=CARTESIAN_POINT('Ctrl Pts',(11.9479133705446,8.99503363649067,-332.364505573596));
#4729=CARTESIAN_POINT('Ctrl Pts',(11.7423146991675,9.25943456992143,-332.186307358468));
#4730=CARTESIAN_POINT('Ctrl Pts',(11.5281308522502,9.51653632085267,-332.008161802129));
#4731=CARTESIAN_POINT('Ctrl Pts',(11.3124765169847,9.77540321483496,-331.828793179866));
#4732=CARTESIAN_POINT('Ctrl Pts',(11.0881183211201,10.0268707835067,-331.649477941937));
#4733=CARTESIAN_POINT('Ctrl Pts',(10.855510607477,10.2705625060806,-331.470113304745));
#4734=CARTESIAN_POINT('Ctrl Pts',(10.6232368332739,10.5139043766394,-331.291006169445));
#4735=CARTESIAN_POINT('Ctrl Pts',(10.3827367630297,10.7494931021147,-331.111849776618));
#4736=CARTESIAN_POINT('Ctrl Pts',(10.1344267230575,10.976916825721,-330.932541784708));
#4737=CARTESIAN_POINT('Ctrl Pts',(9.88783458062895,11.2027671507801,-330.754474309529));
#4738=CARTESIAN_POINT('Ctrl Pts',(9.63353970250077,11.4205654088354,-330.576257325644));
#4739=CARTESIAN_POINT('Ctrl Pts',(9.37192102888991,11.6298663037458,-330.397790600944));
#4740=CARTESIAN_POINT('Ctrl Pts',(9.23976825135028,11.7355915343732,-330.307640792286));
#4741=CARTESIAN_POINT('Ctrl Pts',(9.10574630805236,11.8391478666499,-330.217427259391));
#4742=CARTESIAN_POINT('Ctrl Pts',(8.96990177563151,11.9404733590339,-330.127137083241));
#4743=CARTESIAN_POINT('Ctrl Pts',(8.86801837631588,12.0164674783218,-330.059419451129));
#4744=CARTESIAN_POINT('Ctrl Pts',(8.76510973940521,12.0912066876649,-329.991658707185));
#4745=CARTESIAN_POINT('Ctrl Pts',(8.66119504578357,12.1646636386567,-329.9238494012));
#4746=CARTESIAN_POINT('Ctrl Pts',(8.6355804134195,12.1827705370045,-329.907134628889));
#4747=CARTESIAN_POINT('Ctrl Pts',(8.60990352622309,12.2008003032434,-329.890416175516));
#4748=CARTESIAN_POINT('Ctrl Pts',(8.58416817569956,12.2187500724498,-329.873696237901));
#4749=CARTESIAN_POINT('Ctrl Pts',(8.29669023935391,12.4192588086566,-329.686925392993));
#4750=CARTESIAN_POINT('Ctrl Pts',(8.00272812565954,12.6092271110331,-329.500493295767));
#4751=CARTESIAN_POINT('Ctrl Pts',(7.70281390122338,12.7882827511534,-329.314285714286));
#4752=CARTESIAN_POINT('Ctrl Pts',(7.41609827870621,12.9594585245559,-329.136272741602));
#4753=CARTESIAN_POINT('Ctrl Pts',(7.123942286662,13.1206613218482,-328.95846495854));
#4754=CARTESIAN_POINT('Ctrl Pts',(6.8269229492161,13.2717902257429,-328.780762560529));
#4755=CARTESIAN_POINT('Ctrl Pts',(6.52733945743246,13.4242238185436,-328.601526065854));
#4756=CARTESIAN_POINT('Ctrl Pts',(6.22280777484481,13.5664090739672,-328.422396783653));
#4757=CARTESIAN_POINT('Ctrl Pts',(5.91389066488994,13.6981981835396,-328.243272302155));
#4758=CARTESIAN_POINT('Ctrl Pts',(5.60437820316136,13.8302412799507,-328.063802608059));
#4759=CARTESIAN_POINT('Ctrl Pts',(5.29046284293644,13.9518483257779,-327.884337733186));
#4760=CARTESIAN_POINT('Ctrl Pts',(4.97268935666429,14.0628231266213,-327.704774672512));
#4761=CARTESIAN_POINT('Ctrl Pts',(4.65654083733696,14.1732304465676,-327.526129825757));
#4762=CARTESIAN_POINT('Ctrl Pts',(4.33657299105054,14.2731141355691,-327.347387794799));
#4763=CARTESIAN_POINT('Ctrl Pts',(4.01330958777903,14.3622313947474,-327.168447146726));
#4764=CARTESIAN_POINT('Ctrl Pts',(3.68812222680906,14.4518790506089,-326.988441502634));
#4765=CARTESIAN_POINT('Ctrl Pts',(3.35959941280997,14.5306320015213,-326.808234870184));
#4766=CARTESIAN_POINT('Ctrl Pts',(3.02826974975517,14.5981895016655,-326.627723994578));
#4767=CARTESIAN_POINT('Ctrl Pts',(2.93134387067329,14.6179525075784,-326.574918051576));
#4768=CARTESIAN_POINT('Ctrl Pts',(2.83417778914749,14.6367570744483,-326.52208607225));
#4769=CARTESIAN_POINT('Ctrl Pts',(2.73678477153673,14.6545947625221,-326.469225471671));
#4770=CARTESIAN_POINT('Ctrl Pts',(2.68745944260298,14.6636287759786,-326.442453875768));
#4771=CARTESIAN_POINT('Ctrl Pts',(2.63807590553048,14.6724147800776,-326.415674938565));
#4772=CARTESIAN_POINT('Ctrl Pts',(2.58863588795976,14.6809516370036,-326.388888324267));
#4773=CARTESIAN_POINT('Ctrl Pts',(2.55378014401483,14.686970212921,-326.370003473188));
#4774=CARTESIAN_POINT('Ctrl Pts',(2.51889456227354,14.6928652085475,-326.351113854247));
#4775=CARTESIAN_POINT('Ctrl Pts',(2.48399938475,14.6986330769667,-326.332229966771));
#4776=CARTESIAN_POINT('Ctrl Pts',(2.33204227259711,14.7237502619321,-326.249996798443));
#4777=CARTESIAN_POINT('Ctrl Pts',(2.1798218162212,14.746471250657,-326.167828156585));
#4778=CARTESIAN_POINT('Ctrl Pts',(2.02739135034753,14.7667852843984,-326.085714285714));
#4779=CARTESIAN_POINT('Ctrl Pts',(1.69797619557464,14.8106856328664,-325.90825925186));
#4780=CARTESIAN_POINT('Ctrl Pts',(1.36758127245635,14.8433482206501,-325.731060014246));
#4781=CARTESIAN_POINT('Ctrl Pts',(1.03677933645582,14.8649273677794,-325.554018111872));
#4782=CARTESIAN_POINT('Ctrl Pts',(0.702414551734389,14.886738929621,-325.375069408339));
#4783=CARTESIAN_POINT('Ctrl Pts',(0.367633382692032,14.8972270524099,-325.196281447404));
#4784=CARTESIAN_POINT('Ctrl Pts',(0.0330149895789766,14.8964991547436,-325.017552552307));
#4785=CARTESIAN_POINT('Ctrl Pts',(-0.303518365531302,14.8957670914475,-324.837800823292));
#4786=CARTESIAN_POINT('Ctrl Pts',(-0.63988766685774,14.8836902634182,-324.658108838097));
#4787=CARTESIAN_POINT('Ctrl Pts',(-0.975507433781698,14.8603255268656,-324.478373164315));
#4788=CARTESIAN_POINT('Ctrl Pts',(-1.31005181604756,14.8370356550311,-324.299213395188));
#4789=CARTESIAN_POINT('Ctrl Pts',(-1.64385204797175,14.802530026247,-324.120010216998));
#4790=CARTESIAN_POINT('Ctrl Pts',(-1.97632305850196,14.7568136739383,-323.940661188405));
#4791=CARTESIAN_POINT('Ctrl Pts',(-2.31028561043784,14.7108922275606,-323.760507558828));
#4792=CARTESIAN_POINT('Ctrl Pts',(-2.64290759978254,14.6536592498669,-323.580206767275));
#4793=CARTESIAN_POINT('Ctrl Pts',(-2.97358176301514,14.5850684021835,-323.399654987485));
#4794=CARTESIAN_POINT('Ctrl Pts',(-3.30425592624775,14.5164775545001,-323.219103207695));
#4795=CARTESIAN_POINT('Ctrl Pts',(-3.63298287718119,14.4365288133335,-323.038300439668));
#4796=CARTESIAN_POINT('Ctrl Pts',(-3.95913191065705,14.3451247067566,-322.857142857143));
#4797=CARTESIAN_POINT('Ctrl Pts',(-3.98923448931675,14.3366883815627,-322.840422555017));
#4798=CARTESIAN_POINT('Ctrl Pts',(-4.0193078403798,14.328156455654,-322.823703253758));
#4799=CARTESIAN_POINT('Ctrl Pts',(-4.04934701891659,14.3195305502498,-322.806987408719));
#4800=CARTESIAN_POINT('Ctrl Pts',(-4.36755670751798,14.2281549931855,-322.629913863315));
#4801=CARTESIAN_POINT('Ctrl Pts',(-4.68209543476437,14.1261921731572,-322.453137370699));
#4802=CARTESIAN_POINT('Ctrl Pts',(-4.99251456145273,14.0140194920354,-322.276560506391));
#4803=CARTESIAN_POINT('Ctrl Pts',(-5.30667659112452,13.900494280007,-322.097854552682));
#4804=CARTESIAN_POINT('Ctrl Pts',(-5.61661958681267,13.7765113317137,-321.919353070371));
#4805=CARTESIAN_POINT('Ctrl Pts',(-5.92187093382402,13.6424088806123,-321.740955068202));
#4806=CARTESIAN_POINT('Ctrl Pts',(-6.22972453648348,13.5071632114246,-321.561036230126));
#4807=CARTESIAN_POINT('Ctrl Pts',(-6.53280669591778,13.3616245535688,-321.381222644041));
#4808=CARTESIAN_POINT('Ctrl Pts',(-6.83061702267766,13.2060893149743,-321.201410713769));
#4809=CARTESIAN_POINT('Ctrl Pts',(-7.12799651454125,13.0507790853952,-321.021858913007));
#4810=CARTESIAN_POINT('Ctrl Pts',(-7.4201199323325,12.8855008899858,-320.842308763271));
#4811=CARTESIAN_POINT('Ctrl Pts',(-7.70646569093209,12.7105035574603,-320.662657117345));
#4812=CARTESIAN_POINT('Ctrl Pts',(-7.989515190254,12.5375207006642,-320.485073525115));
#4813=CARTESIAN_POINT('Ctrl Pts',(-8.26691973081881,12.3550408460688,-320.307390759985));
#4814=CARTESIAN_POINT('Ctrl Pts',(-8.53814559700413,12.1632638056288,-320.129509196017));
#4815=CARTESIAN_POINT('Ctrl Pts',(-8.79243992285204,11.9834586347663,-319.962732062898));
#4816=CARTESIAN_POINT('Ctrl Pts',(-9.0413029904573,11.7954802969978,-319.795780176646));
#4817=CARTESIAN_POINT('Ctrl Pts',(-9.28426525514386,11.5994642499319,-319.628571428572));
#4818=CARTESIAN_POINT('Ctrl Pts',(-9.38217012093365,11.5204769849531,-319.561192446653));
#4819=CARTESIAN_POINT('Ctrl Pts',(-9.47911645450128,11.4401842484199,-319.49377175567));
#4820=CARTESIAN_POINT('Ctrl Pts',(-9.57508155916309,11.3586066374544,-319.426303983009));
#4821=CARTESIAN_POINT('Ctrl Pts',(-9.60841144951194,11.3302737049996,-319.402871575232));
#4822=CARTESIAN_POINT('Ctrl Pts',(-9.64162297047118,11.3017857782944,-319.379433488177));
#4823=CARTESIAN_POINT('Ctrl Pts',(-9.67471514645925,11.2731437048975,-319.355989496762));
#4824=CARTESIAN_POINT('Ctrl Pts',(-9.69736582493495,11.253538998467,-319.339942733565));
#4825=CARTESIAN_POINT('Ctrl Pts',(-9.71996084461331,11.2338618168666,-319.323893010751));
#4826=CARTESIAN_POINT('Ctrl Pts',(-9.74248975252485,11.2141214125866,-319.307847511269));
#4827=CARTESIAN_POINT('Ctrl Pts',(-9.99176362998139,10.9957012771431,-319.130310105221));
#4828=CARTESIAN_POINT('Ctrl Pts',(-10.2332507159568,10.7692821913219,-318.953074116931));
#4829=CARTESIAN_POINT('Ctrl Pts',(-10.4666711821544,10.5353870359056,-318.776041383131));
#4830=CARTESIAN_POINT('Ctrl Pts',(-10.7027627118151,10.2988153850902,-318.596982838677));
#4831=CARTESIAN_POINT('Ctrl Pts',(-10.9306023608344,10.0545952090955,-318.418132227068));
#4832=CARTESIAN_POINT('Ctrl Pts',(-11.1498717812766,9.80322276473486,-318.239387976435));
#4833=CARTESIAN_POINT('Ctrl Pts',(-11.3706570199236,9.55011257269122,-318.059408059705));
#4834=CARTESIAN_POINT('Ctrl Pts',(-11.5827535415009,9.2897504588116,-317.87953597959));
#4835=CARTESIAN_POINT('Ctrl Pts',(-11.7858011032906,9.0226040166922,-317.699668043115));
#4836=CARTESIAN_POINT('Ctrl Pts',(-11.9884092419002,8.75603571664998,-317.520189365886));
#4837=CARTESIAN_POINT('Ctrl Pts',(-12.1820079099375,8.48271194866177,-317.340714814382));
#4838=CARTESIAN_POINT('Ctrl Pts',(-12.3661984581543,8.20306536920755,-317.161141367391));
#4839=CARTESIAN_POINT('Ctrl Pts',(-12.5483770202873,7.92647347975624,-316.983529472064));
#4840=CARTESIAN_POINT('Ctrl Pts',(-12.721352167571,7.64369567611225,-316.805820829998));
#4841=CARTESIAN_POINT('Ctrl Pts',(-12.8846935006365,7.35512649162344,-316.627915759263));
#4842=CARTESIAN_POINT('Ctrl Pts',(-12.9544109487403,7.23195921505986,-316.551982207702));
#4843=CARTESIAN_POINT('Ctrl Pts',(-13.0223727645657,7.10773662937405,-316.476012871584));
#4844=CARTESIAN_POINT('Ctrl Pts',(-13.0885427612234,6.9824883793648,-316.4));
#4845=CARTESIAN_POINT('Ctrl Pts',(-13.2056624796563,6.76080120215099,-316.265458567828));
#4846=CARTESIAN_POINT('Ctrl Pts',(-13.3171695989353,6.53590092690738,-316.130780746133));
#4847=CARTESIAN_POINT('Ctrl Pts',(-13.4229768803988,6.30800845087191,-315.995923555617));
#4848=CARTESIAN_POINT('Ctrl Pts',(-13.4632640657115,6.22123610130945,-315.94457532561));
#4849=CARTESIAN_POINT('Ctrl Pts',(-13.5027247338987,6.13402991544131,-315.893201091032));
#4850=CARTESIAN_POINT('Ctrl Pts',(-13.541353453789,6.04640199093443,-315.841798479343));
#4851=CARTESIAN_POINT('Ctrl Pts',(-13.5536765512782,6.01844746747249,-315.825400333175));
#4852=CARTESIAN_POINT('Ctrl Pts',(-13.5659152425807,5.99044935131321,-315.808998911721));
#4853=CARTESIAN_POINT('Ctrl Pts',(-13.5780636736132,5.96242130807675,-315.792601885686));
#4854=CARTESIAN_POINT('Ctrl Pts',(-13.7097127001072,5.6586895260273,-315.614912066388));
#4855=CARTESIAN_POINT('Ctrl Pts',(-13.830927401779,5.35108134262705,-315.43752432878));
#4856=CARTESIAN_POINT('Ctrl Pts',(-13.9416754747031,5.04017420025181,-315.260340257884));
#4857=CARTESIAN_POINT('Ctrl Pts',(-14.0541284578749,4.72448080057099,-315.080428528346));
#4858=CARTESIAN_POINT('Ctrl Pts',(-14.1557903191819,4.4053855932043,-314.900726784477));
#4859=CARTESIAN_POINT('Ctrl Pts',(-14.2465814985034,4.0834647912167,-314.721131995824));
#4860=CARTESIAN_POINT('Ctrl Pts',(-14.3376347835599,3.7606146336567,-314.541018733632));
#4861=CARTESIAN_POINT('Ctrl Pts',(-14.4177546945406,3.43492197755981,-314.361013045086));
#4862=CARTESIAN_POINT('Ctrl Pts',(-14.4868123800178,3.10694789869379,-314.181011004837));
#4863=CARTESIAN_POINT('Ctrl Pts',(-14.5555397111745,2.78054276401106,-314.001870048351));
#4864=CARTESIAN_POINT('Ctrl Pts',(-14.6133105087824,2.45187740989002,-313.822732705339));
#4865=CARTESIAN_POINT('Ctrl Pts',(-14.6599477609313,2.12149352361298,-313.643496534786));
#4866=CARTESIAN_POINT('Ctrl Pts',(-14.7008659937283,1.831623856165,-313.48623968507));
#4867=CARTESIAN_POINT('Ctrl Pts',(-14.7332131523571,1.54043088995942,-313.328906759677));
#4868=CARTESIAN_POINT('Ctrl Pts',(-14.7568366776616,1.24827839718916,-313.171428571429));
#4869=CARTESIAN_POINT('Ctrl Pts',(-14.7837581910216,0.915339636529155,-312.991965468686));
#4870=CARTESIAN_POINT('Ctrl Pts',(-14.7993511279968,0.5811541253166,-312.812313712776));
#4871=CARTESIAN_POINT('Ctrl Pts',(-14.803604376404,0.246308090799211,-312.632370906066));
#4872=CARTESIAN_POINT('Ctrl Pts',(-14.8049618102669,0.139441220447146,-312.574941751729));
#4873=CARTESIAN_POINT('Ctrl Pts',(-14.8051638160724,0.0325071443213277,
-312.517482951491));
#4874=CARTESIAN_POINT('Ctrl Pts',(-14.8042089432578,-0.0744748232467515,
-312.459991176582));
#4875=CARTESIAN_POINT('Ctrl Pts',(-14.8037309470921,-0.128028521195227,
-312.431211586732));
#4876=CARTESIAN_POINT('Ctrl Pts',(-14.8029630444712,-0.181594217664651,
-312.402423733872));
#4877=CARTESIAN_POINT('Ctrl Pts',(-14.8019050040154,-0.235169473970208,
-312.373627200442));
#4878=CARTESIAN_POINT('Ctrl Pts',(-14.8011190772409,-0.274965899664973,
-312.352236745557));
#4879=CARTESIAN_POINT('Ctrl Pts',(-14.8001730598673,-0.314767599989827,
-312.330841500978));
#4880=CARTESIAN_POINT('Ctrl Pts',(-14.7990668453001,-0.354573571218344,
-312.309441295559));
#4881=CARTESIAN_POINT('Ctrl Pts',(-14.7982403722405,-0.384313337630827,
-312.293452812157));
#4882=CARTESIAN_POINT('Ctrl Pts',(-14.7973246865366,-0.414047802978706,
-312.277465691012));
#4883=CARTESIAN_POINT('Ctrl Pts',(-14.7963200024419,-0.443773437271415,
-312.261481536222));
#4884=CARTESIAN_POINT('Ctrl Pts',(-14.7850881637723,-0.77609036205173,-312.082787109966));
#4885=CARTESIAN_POINT('Ctrl Pts',(-14.762734018249,-1.1074286533548,-311.904395687037));
#4886=CARTESIAN_POINT('Ctrl Pts',(-14.7294086180715,-1.43721796430953,-311.726207147448));
#4887=CARTESIAN_POINT('Ctrl Pts',(-14.6957126184242,-1.77067474041548,-311.546037038907));
#4888=CARTESIAN_POINT('Ctrl Pts',(-14.6508000156231,-2.10254847704234,-311.366074351179));
#4889=CARTESIAN_POINT('Ctrl Pts',(-14.5947742651497,-2.43225569507484,-311.186215586801));
#4890=CARTESIAN_POINT('Ctrl Pts',(-14.538721188389,-2.76212372619998,-311.006269097186));
#4891=CARTESIAN_POINT('Ctrl Pts',(-14.4715440601945,-3.08982372477748,-310.826426632323));
#4892=CARTESIAN_POINT('Ctrl Pts',(-14.393294457075,-3.41476850093274,-310.646584543237));
#4893=CARTESIAN_POINT('Ctrl Pts',(-14.3156062391037,-3.73738202984817,-310.468032692999));
#4894=CARTESIAN_POINT('Ctrl Pts',(-14.2270037373071,-4.05728029816024,-310.289481213164));
#4895=CARTESIAN_POINT('Ctrl Pts',(-14.1274875467063,-4.37387713266171,-310.110828669615));
#4896=CARTESIAN_POINT('Ctrl Pts',(-14.096304832785,-4.47308057341887,-310.054849123742));
#4897=CARTESIAN_POINT('Ctrl Pts',(-14.0640502065599,-4.57195974685404,-309.998859655038));
#4898=CARTESIAN_POINT('Ctrl Pts',(-14.0307226941564,-4.67049624750847,-309.942857142857));
#4899=CARTESIAN_POINT('Ctrl Pts',(-13.9233645810087,-4.98791246082673,-309.762455918592));
#4900=CARTESIAN_POINT('Ctrl Pts',(-13.804876716195,-5.3017747742862,-309.581919344616));
#4901=CARTESIAN_POINT('Ctrl Pts',(-13.675582854703,-5.6116012260213,-309.401143107438));
#4902=CARTESIAN_POINT('Ctrl Pts',(-13.5474950682923,-5.91853756403651,-309.222053181678));
#4903=CARTESIAN_POINT('Ctrl Pts',(-13.4088015560316,-6.2215134259276,-309.0427280431));
#4904=CARTESIAN_POINT('Ctrl Pts',(-13.2597759605136,-6.52003108785684,-308.863066270229));
#4905=CARTESIAN_POINT('Ctrl Pts',(-13.2392007862059,-6.56124583963672,-308.838261321251));
#4906=CARTESIAN_POINT('Ctrl Pts',(-13.2184286037897,-6.6023755579441,-308.813449955397));
#4907=CARTESIAN_POINT('Ctrl Pts',(-13.1974600774461,-6.64341888136998,-308.788631905748));
#4908=CARTESIAN_POINT('Ctrl Pts',(-13.1847199463207,-6.6683561284467,-308.773552867688));
#4909=CARTESIAN_POINT('Ctrl Pts',(-13.1719112573532,-6.69325380019369,-308.758476007112));
#4910=CARTESIAN_POINT('Ctrl Pts',(-13.1590343382983,-6.71811155794391,-308.743401323785));
#4911=CARTESIAN_POINT('Ctrl Pts',(-13.0062024032894,-7.01314014364386,-308.564484844418));
#4912=CARTESIAN_POINT('Ctrl Pts',(-12.843761147541,-7.30255192015975,-308.385872255853));
#4913=CARTESIAN_POINT('Ctrl Pts',(-12.6721453516363,-7.58593983806562,-308.207463065591));
#4914=CARTESIAN_POINT('Ctrl Pts',(-12.4987963539604,-7.87218977947386,-308.027252064937));
#4915=CARTESIAN_POINT('Ctrl Pts',(-12.3160862879093,-8.15229407439812,-307.847248591699));
#4916=CARTESIAN_POINT('Ctrl Pts',(-12.124412590867,-8.42581586133139,-307.667349077807));
#4917=CARTESIAN_POINT('Ctrl Pts',(-11.9318953219425,-8.70054144039787,-307.486657811191));
#4918=CARTESIAN_POINT('Ctrl Pts',(-11.7303350205403,-8.96862694706087,-307.306071421004));
#4919=CARTESIAN_POINT('Ctrl Pts',(-11.520088218614,-9.22960474808705,-307.125484965712));
#4920=CARTESIAN_POINT('Ctrl Pts',(-11.3109881212128,-9.4891591532629,-306.94588344481));
#4921=CARTESIAN_POINT('Ctrl Pts',(-11.0932956341923,-9.74168362683283,-306.766281859512));
#4922=CARTESIAN_POINT('Ctrl Pts',(-10.8673213610107,-9.98668640063671,-306.58657697602));
#4923=CARTESIAN_POINT('Ctrl Pts',(-10.643342916445,-10.2295252841001,-306.408459265014));
#4924=CARTESIAN_POINT('Ctrl Pts',(-10.411227952854,-10.4649751606423,-306.230240072437));
#4925=CARTESIAN_POINT('Ctrl Pts',(-10.1712450822614,-10.6925194891856,-306.051818875719));
#4926=CARTESIAN_POINT('Ctrl Pts',(-9.95838268864641,-10.8943490210503,-305.893561067938));
#4927=CARTESIAN_POINT('Ctrl Pts',(-9.73932959320358,-11.0899585473398,-305.735144333163));
#4928=CARTESIAN_POINT('Ctrl Pts',(-9.51425414142648,-11.2789584124694,-305.576498522686));
#4929=CARTESIAN_POINT('Ctrl Pts',(-9.40171641553794,-11.3734583450341,-305.497175617448));
#4930=CARTESIAN_POINT('Ctrl Pts',(-9.2876728379769,-11.4663054068142,-305.417795443284));
#4931=CARTESIAN_POINT('Ctrl Pts',(-9.17214298694902,-11.5574479895032,-305.338349231607));
#4932=CARTESIAN_POINT('Ctrl Pts',(-9.14402735888452,-11.5796286720967,-305.319015006566));
#4933=CARTESIAN_POINT('Ctrl Pts',(-9.11582370164733,-11.6017083969457,-305.299676870435));
#4934=CARTESIAN_POINT('Ctrl Pts',(-9.08753228945804,-11.6236864016705,-305.28033469683));
#4935=CARTESIAN_POINT('Ctrl Pts',(-9.06716091287243,-11.6395117768003,-305.26640726543));
#4936=CARTESIAN_POINT('Ctrl Pts',(-9.04674480114589,-11.655283798336,-305.252478269621));
#4937=CARTESIAN_POINT('Ctrl Pts',(-9.02629108327549,-11.6709968605565,-305.238552420726));
#4938=CARTESIAN_POINT('Ctrl Pts',(-8.95842851009364,-11.7231306017965,-305.19234840316));
#4939=CARTESIAN_POINT('Ctrl Pts',(-8.8901312425634,-11.7746314642264,-305.14616483965));
#4940=CARTESIAN_POINT('Ctrl Pts',(-8.82140551719313,-11.8254923719538,-305.1));
#4941=CARTESIAN_POINT('Ctrl Pts',(-8.56008879071656,-12.0188814681233,-304.92446682504));
#4942=CARTESIAN_POINT('Ctrl Pts',(-8.2925806501398,-12.2030211621089,-304.749204351869));
#4943=CARTESIAN_POINT('Ctrl Pts',(-8.01947303971328,-12.3778499848604,-304.574117467639));
#4944=CARTESIAN_POINT('Ctrl Pts',(-7.73901615897365,-12.5573834157145,-304.394319030924));
#4945=CARTESIAN_POINT('Ctrl Pts',(-7.45265399859898,-12.7270984716371,-304.214705760426));
#4946=CARTESIAN_POINT('Ctrl Pts',(-7.1609896828597,-12.8868881568298,-304.035174656417));
#4947=CARTESIAN_POINT('Ctrl Pts',(-6.86805367185039,-13.0473745463359,-303.854860772879));
#4948=CARTESIAN_POINT('Ctrl Pts',(-6.56976861095962,-13.1978490420165,-303.674629773905));
#4949=CARTESIAN_POINT('Ctrl Pts',(-6.26671526553353,-13.3381589340439,-303.494377306606));
#4950=CARTESIAN_POINT('Ctrl Pts',(-5.96313791449144,-13.4787114340891,-303.3138131671));
#4951=CARTESIAN_POINT('Ctrl Pts',(-5.65477520164193,-13.6090643587667,-303.133227484964));
#4952=CARTESIAN_POINT('Ctrl Pts',(-5.34218911485309,-13.7290166564744,-302.952515365068));
#4953=CARTESIAN_POINT('Ctrl Pts',(-5.03107024607312,-13.8484059215365,-302.772651472549));
#4954=CARTESIAN_POINT('Ctrl Pts',(-4.71576697808477,-13.9574921312964,-302.592662326431));
#4955=CARTESIAN_POINT('Ctrl Pts',(-4.39682050233861,-14.0560272756453,-302.412444501734));
#4956=CARTESIAN_POINT('Ctrl Pts',(-4.07925385271916,-14.1541361372888,-302.233006335325));
#4957=CARTESIAN_POINT('Ctrl Pts',(-3.75807488730819,-14.2417851998178,-302.053341464674));
#4958=CARTESIAN_POINT('Ctrl Pts',(-3.43381347610048,-14.3186776890441,-301.873347801312));
#4959=CARTESIAN_POINT('Ctrl Pts',(-3.38744176121194,-14.3296738682508,-301.847607412383));
#4960=CARTESIAN_POINT('Ctrl Pts',(-3.34100700808534,-14.3404499744661,-301.821860299296));
#4961=CARTESIAN_POINT('Ctrl Pts',(-3.29451076958443,-14.3510050491034,-301.796106163476));
#4962=CARTESIAN_POINT('Ctrl Pts',(-3.26564288695559,-14.3575583244992,-301.780116324427));
#4963=CARTESIAN_POINT('Ctrl Pts',(-3.23675130339653,-14.3640263976838,-301.764123778302));
#4964=CARTESIAN_POINT('Ctrl Pts',(-3.20783639096539,-14.370409034741,-301.748128453646));
#4965=CARTESIAN_POINT('Ctrl Pts',(-3.17952654565341,-14.3766581101342,-301.732467843648));
#4966=CARTESIAN_POINT('Ctrl Pts',(-3.15120334180699,-14.3828232995991,-301.716809551147));
#4967=CARTESIAN_POINT('Ctrl Pts',(-3.12286736764064,-14.3889044960343,-301.701153622828));
#4968=CARTESIAN_POINT('Ctrl Pts',(-2.79523906149099,-14.4592169573498,-301.520135485036));
#4969=CARTESIAN_POINT('Ctrl Pts',(-2.46589630443632,-14.51830662326,-301.339428334579));
#4970=CARTESIAN_POINT('Ctrl Pts',(-2.13541641095353,-14.566052910204,-301.158928094548));
#4971=CARTESIAN_POINT('Ctrl Pts',(-1.80461751146567,-14.6138452857379,-300.978253621041));
#4972=CARTESIAN_POINT('Ctrl Pts',(-1.47267869772772,-14.6502725549202,-300.797786457605));
#4973=CARTESIAN_POINT('Ctrl Pts',(-1.14016077760093,-14.6751650591853,-300.617422225651));
#4974=CARTESIAN_POINT('Ctrl Pts',(-0.918692919310769,-14.691744284765,-300.497293722056));
#4975=CARTESIAN_POINT('Ctrl Pts',(-0.696967808672363,-14.7032056859024,
-300.377210878842));
#4976=CARTESIAN_POINT('Ctrl Pts',(-0.475148591388768,-14.7094865479512,
-300.257142857143));
#4977=CARTESIAN_POINT('Ctrl Pts',(-0.144120218087388,-14.7188596923179,
-300.077961258743));
#4978=CARTESIAN_POINT('Ctrl Pts',(0.187117932276537,-14.7166979181008,-299.898812668762));
#4979=CARTESIAN_POINT('Ctrl Pts',(0.518017853926228,-14.7032083038932,-299.719594593648));
#4980=CARTESIAN_POINT('Ctrl Pts',(0.851476120115573,-14.6896143950678,-299.538990898429));
#4981=CARTESIAN_POINT('Ctrl Pts',(1.18459149176433,-14.6645167125813,-299.35831663948));
#4982=CARTESIAN_POINT('Ctrl Pts',(1.51679823072809,-14.6280747120297,-299.177466927544));
#4983=CARTESIAN_POINT('Ctrl Pts',(1.84784963448165,-14.5917594479991,-298.997246167448));
#4984=CARTESIAN_POINT('Ctrl Pts',(2.17799928862608,-14.5441784527963,-298.816851172609));
#4985=CARTESIAN_POINT('Ctrl Pts',(2.50667379089329,-14.4854398451822,-298.636178144309));
#4986=CARTESIAN_POINT('Ctrl Pts',(2.75114055747348,-14.4417503062074,-298.501794275976));
#4987=CARTESIAN_POINT('Ctrl Pts',(2.99479099251412,-14.391886982029,-298.367256590517));
#4988=CARTESIAN_POINT('Ctrl Pts',(3.23738139697345,-14.3358773076076,-298.232522375583));
#4989=CARTESIAN_POINT('Ctrl Pts',(3.26515313723671,-14.329465322213,-298.217098007789));
#4990=CARTESIAN_POINT('Ctrl Pts',(3.2929068530768,-14.322973707915,-298.20167335271));
#4991=CARTESIAN_POINT('Ctrl Pts',(3.32063543244414,-14.3164042063633,-298.186252108994));
#4992=CARTESIAN_POINT('Ctrl Pts',(3.64386848662157,-14.2398232887895,-298.006486112346));
#4993=CARTESIAN_POINT('Ctrl Pts',(3.96396552436769,-14.1525984844554,-297.827028314603));
#4994=CARTESIAN_POINT('Ctrl Pts',(4.28039545043328,-14.0549873109474,-297.647776799214));
#4995=CARTESIAN_POINT('Ctrl Pts',(4.60945383467674,-13.9534805557613,-297.461371503228));
#4996=CARTESIAN_POINT('Ctrl Pts',(4.93454723312611,-13.8407420313931,-297.275189283269));
#4997=CARTESIAN_POINT('Ctrl Pts',(5.25507354121053,-13.7170027168258,-297.089115527112));
#4998=CARTESIAN_POINT('Ctrl Pts',(5.56613667357543,-13.5969166651814,-296.90853538757));
#4999=CARTESIAN_POINT('Ctrl Pts',(5.87289894847387,-13.4664693601212,-296.728057401832));
#5000=CARTESIAN_POINT('Ctrl Pts',(6.17479665903498,-13.325820944495,-296.547576812301));
#5001=CARTESIAN_POINT('Ctrl Pts',(6.4904708869029,-13.1787543108291,-296.358860340622));
#5002=CARTESIAN_POINT('Ctrl Pts',(6.80082731602671,-13.0205345151041,-296.170141022091));
#5003=CARTESIAN_POINT('Ctrl Pts',(7.10519570979253,-12.8512890446176,-295.981299093494));
#5004=CARTESIAN_POINT('Ctrl Pts',(7.39054070001357,-12.6926216267449,-295.804260020539));
#5005=CARTESIAN_POINT('Ctrl Pts',(7.67062303942552,-12.5242630627756,-295.627113185117));
#5006=CARTESIAN_POINT('Ctrl Pts',(7.94486100000491,-12.3462754121649,-295.449759905771));
#5007=CARTESIAN_POINT('Ctrl Pts',(7.96314391917359,-12.3344093166679,-295.437936102591));
#5008=CARTESIAN_POINT('Ctrl Pts',(7.98140084988784,-12.3225004085615,-295.426111381842));
#5009=CARTESIAN_POINT('Ctrl Pts',(7.99963161433167,-12.3105486999111,-295.414285714286));
#5010=CARTESIAN_POINT('Ctrl Pts',(8.27846760234326,-12.1277496461344,-295.233414434467));
#5011=CARTESIAN_POINT('Ctrl Pts',(8.55118573825824,-11.9349410621173,-295.052321666765));
#5012=CARTESIAN_POINT('Ctrl Pts',(8.81738316115532,-11.7325433086933,-294.870902789598));
#5013=CARTESIAN_POINT('Ctrl Pts',(8.8908304938336,-11.6766991349696,-294.820846960806));
#5014=CARTESIAN_POINT('Ctrl Pts',(8.96378118247374,-11.6201247621473,-294.770766305956));
#5015=CARTESIAN_POINT('Ctrl Pts',(9.03622620883673,-11.5628285948632,-294.720658627503));
#5016=CARTESIAN_POINT('Ctrl Pts',(9.06035033882537,-11.5437490216087,-294.703972814699));
#5017=CARTESIAN_POINT('Ctrl Pts',(9.08441905865858,-11.524588842938,-294.687283532409));
#5018=CARTESIAN_POINT('Ctrl Pts',(9.10842042324584,-11.5053577642591,-294.670598801196));
#5019=CARTESIAN_POINT('Ctrl Pts',(9.36500004172451,-11.2997735020635,-294.492235527162));
#5020=CARTESIAN_POINT('Ctrl Pts',(9.61419582821333,-11.0858457017356,-294.314177256314));
#5021=CARTESIAN_POINT('Ctrl Pts',(9.85573473610177,-10.8641134186346,-294.136324455783));
#5022=CARTESIAN_POINT('Ctrl Pts',(10.1001414952244,-10.6397484532576,-293.956359964933));
#5023=CARTESIAN_POINT('Ctrl Pts',(10.3367088826801,-10.4073921945325,-293.776605852565));
#5024=CARTESIAN_POINT('Ctrl Pts',(10.5651267816371,-10.1675562948247,-293.596958998217));
#5025=CARTESIAN_POINT('Ctrl Pts',(10.7950291359144,-9.92616173583963,-293.416144644605));
#5026=CARTESIAN_POINT('Ctrl Pts',(11.0166761428753,-9.67718956658733,-293.23543894765));
#5027=CARTESIAN_POINT('Ctrl Pts',(11.2297180011722,-9.42112056068473,-293.054736763298));
#5028=CARTESIAN_POINT('Ctrl Pts',(11.4428080345145,-9.16499365002988,-292.873993716854));
#5029=CARTESIAN_POINT('Ctrl Pts',(11.6472894116368,-8.90176621926685,-292.693254184601));
#5030=CARTESIAN_POINT('Ctrl Pts',(11.8427726652264,-8.63188545928698,-292.51241295114));
#5031=CARTESIAN_POINT('Ctrl Pts',(12.0360274141503,-8.36508133386148,-292.333633303647));
#5032=CARTESIAN_POINT('Ctrl Pts',(12.2204883197232,-8.0917742096969,-292.154754260511));
#5033=CARTESIAN_POINT('Ctrl Pts',(12.3957356394611,-7.81237035420468,-291.975674163828));
#5034=CARTESIAN_POINT('Ctrl Pts',(12.5689589520232,-7.53619345481834,-291.798662340721));
#5035=CARTESIAN_POINT('Ctrl Pts',(12.7331805472606,-7.25405937896574,-291.621454081357));
#5036=CARTESIAN_POINT('Ctrl Pts',(12.8879481836243,-6.96634221318626,-291.443951209581));
#5037=CARTESIAN_POINT('Ctrl Pts',(12.9513254315235,-6.84852221819977,-291.371263897351));
#5038=CARTESIAN_POINT('Ctrl Pts',(13.0131167748725,-6.72976582077323,-291.298527181647));
#5039=CARTESIAN_POINT('Ctrl Pts',(13.0732886853559,-6.61009808023858,-291.225734320827));
#5040=CARTESIAN_POINT('Ctrl Pts',(13.0866159379103,-6.58359331766897,-291.209611700944));
#5041=CARTESIAN_POINT('Ctrl Pts',(13.0998637414498,-6.55704384695785,-291.193486326797));
#5042=CARTESIAN_POINT('Ctrl Pts',(13.1130317216321,-6.53044993853205,-291.177358125136));
#5043=CARTESIAN_POINT('Ctrl Pts',(13.1257296225286,-6.50480539707865,-291.16180567871));
#5044=CARTESIAN_POINT('Ctrl Pts',(13.1383494961525,-6.47912720692762,-291.146255256791));
#5045=CARTESIAN_POINT('Ctrl Pts',(13.1508907373859,-6.45341651634985,-291.130707300586));
#5046=CARTESIAN_POINT('Ctrl Pts',(13.3015018979376,-6.14464987400237,-290.943987686104));
#5047=CARTESIAN_POINT('Ctrl Pts',(13.4407959387211,-5.83115920173762,-290.757599515979));
#5048=CARTESIAN_POINT('Ctrl Pts',(13.568418169878,-5.51346399063274,-290.571428571429));
#5049=CARTESIAN_POINT('Ctrl Pts',(13.6901400336623,-5.21045680402838,-290.393864880936));
#5050=CARTESIAN_POINT('Ctrl Pts',(13.801244754442,-4.90362431053792,-290.216498794327));
#5051=CARTESIAN_POINT('Ctrl Pts',(13.9017953484661,-4.59355609420226,-290.039231213735));
#5052=CARTESIAN_POINT('Ctrl Pts',(14.003584656158,-4.2796680522229,-289.859779819341));
#5053=CARTESIAN_POINT('Ctrl Pts',(14.0945583260732,-3.96246353667442,-289.680429372964));
#5054=CARTESIAN_POINT('Ctrl Pts',(14.1747330806187,-3.64253230945337,-289.501077068983));
#5055=CARTESIAN_POINT('Ctrl Pts',(14.2555884826138,-3.31988501063252,-289.320202144957));
#5056=CARTESIAN_POINT('Ctrl Pts',(14.3254609487468,-2.99446392289384,-289.139325331652));
#5057=CARTESIAN_POINT('Ctrl Pts',(14.3843166512423,-2.66686035102859,-288.958341182832));
#5058=CARTESIAN_POINT('Ctrl Pts',(14.4430919628424,-2.33970425227795,-288.777604239928));
#5059=CARTESIAN_POINT('Ctrl Pts',(14.4908806264237,-2.01037102018597,-288.596760254528));
#5060=CARTESIAN_POINT('Ctrl Pts',(14.5275972928255,-1.67944501334515,-288.415704211895));
#5061=CARTESIAN_POINT('Ctrl Pts',(14.5639389253699,-1.35189917330726,-288.236497524139));
#5062=CARTESIAN_POINT('Ctrl Pts',(14.5894335635214,-1.02279235079741,-288.057083089045));
#5063=CARTESIAN_POINT('Ctrl Pts',(14.6039478155495,-0.692695569309511,-287.877359077062));
#5064=CARTESIAN_POINT('Ctrl Pts',(14.6100657137847,-0.553556569035641,-287.80160366));
#5065=CARTESIAN_POINT('Ctrl Pts',(14.614232103439,-0.414241786197186,-287.725793240277));
#5066=CARTESIAN_POINT('Ctrl Pts',(14.6164342718206,-0.274794601729592,-287.649920191895));
#5067=CARTESIAN_POINT('Ctrl Pts',(14.6178854066611,-0.182904867287415,-287.599923095907));
#5068=CARTESIAN_POINT('Ctrl Pts',(14.6184820954377,-0.0910525461631924,
-287.549950428906));
#5069=CARTESIAN_POINT('Ctrl Pts',(14.618225609516,0.000749897690334852,
-287.5));
#5070=CARTESIAN_POINT('Ctrl Pts',(14.2760145203077,0.000391244204633233,
-240.5));
#5071=CARTESIAN_POINT('Ctrl Pts',(14.2766562190743,-0.173203294716897,-240.596852119666));
#5072=CARTESIAN_POINT('Ctrl Pts',(14.2740490144088,-0.346947449139172,-240.693767721311));
#5073=CARTESIAN_POINT('Ctrl Pts',(14.2682091633871,-0.520756077822679,-240.790762869639));
#5074=CARTESIAN_POINT('Ctrl Pts',(14.2654717332207,-0.602228872518074,-240.836229345417));
#5075=CARTESIAN_POINT('Ctrl Pts',(14.2620239472452,-0.683715818501411,-240.881713299715));
#5076=CARTESIAN_POINT('Ctrl Pts',(14.2578671779651,-0.765208053082532,-240.927216387146));
#5077=CARTESIAN_POINT('Ctrl Pts',(14.2557565991562,-0.806585327548929,-240.950320352172));
#5078=CARTESIAN_POINT('Ctrl Pts',(14.2534632378688,-0.847963964390178,-240.973429249816));
#5079=CARTESIAN_POINT('Ctrl Pts',(14.2509872549767,-0.889342796579647,-240.996543296664));
#5080=CARTESIAN_POINT('Ctrl Pts',(14.248607436265,-0.929114524982011,-241.018759621893));
#5081=CARTESIAN_POINT('Ctrl Pts',(14.246058546678,-0.968891137992215,-241.04098333425));
#5082=CARTESIAN_POINT('Ctrl Pts',(14.2433427132643,-1.00864405742181,-241.063199233046));
#5083=CARTESIAN_POINT('Ctrl Pts',(14.2213785455461,-1.33014381702029,-241.24286921011));
#5084=CARTESIAN_POINT('Ctrl Pts',(14.1884845257935,-1.65038654370448,-241.422191997843));
#5085=CARTESIAN_POINT('Ctrl Pts',(14.1449465875104,-1.9688403889385,-241.601268912467));
#5086=CARTESIAN_POINT('Ctrl Pts',(14.1008844759893,-2.2911282462954,-241.782501816323));
#5087=CARTESIAN_POINT('Ctrl Pts',(14.0459205374687,-2.61158444585602,-241.963482891074));
#5088=CARTESIAN_POINT('Ctrl Pts',(13.9802972302748,-2.92966279548262,-242.144317156551));
#5089=CARTESIAN_POINT('Ctrl Pts',(13.9142383574775,-3.24985234605595,-242.326351684394));
#5090=CARTESIAN_POINT('Ctrl Pts',(13.8373780299694,-3.56763296691305,-242.508237447644));
#5091=CARTESIAN_POINT('Ctrl Pts',(13.7499107416387,-3.88244395372452,-242.690081571208));
#5092=CARTESIAN_POINT('Ctrl Pts',(13.6624191200419,-4.19734252047172,-242.87197628353));
#5093=CARTESIAN_POINT('Ctrl Pts',(13.5643144717782,-4.50927039394449,-243.053829332994));
#5094=CARTESIAN_POINT('Ctrl Pts',(13.4557409605674,-4.81765395279449,-243.235747933941));
#5095=CARTESIAN_POINT('Ctrl Pts',(13.3484080593216,-5.12251378185185,-243.415587850808));
#5096=CARTESIAN_POINT('Ctrl Pts',(13.2308439328196,-5.42391036614441,-243.595491829675));
#5097=CARTESIAN_POINT('Ctrl Pts',(13.1031416623517,-5.72126901989597,-243.775563451474));
#5098=CARTESIAN_POINT('Ctrl Pts',(12.9769361271579,-6.01514247965318,-243.953524542685));
#5099=CARTESIAN_POINT('Ctrl Pts',(12.8408284859291,-6.3050726028214,-244.131649370138));
#5100=CARTESIAN_POINT('Ctrl Pts',(12.6948665828454,-6.59047692783532,-244.310037915226));
#5101=CARTESIAN_POINT('Ctrl Pts',(12.6380851434727,-6.70150362750911,-244.37943382021));
#5102=CARTESIAN_POINT('Ctrl Pts',(12.5798119924622,-6.81184508530998,-244.448869634386));
#5103=CARTESIAN_POINT('Ctrl Pts',(12.5200483047119,-6.92146560928646,-244.518351243748));
#5104=CARTESIAN_POINT('Ctrl Pts',(12.5047717243308,-6.94948641605029,-244.536111884538));
#5105=CARTESIAN_POINT('Ctrl Pts',(12.4893977480489,-6.97746011278685,-244.553875517574));
#5106=CARTESIAN_POINT('Ctrl Pts',(12.4739263860683,-7.00538609417071,-244.571642241164));
#5107=CARTESIAN_POINT('Ctrl Pts',(12.4592162519834,-7.03193805069036,-244.588534799595));
#5108=CARTESIAN_POINT('Ctrl Pts',(12.4444211806281,-7.05844124699722,-244.605426577652));
#5109=CARTESIAN_POINT('Ctrl Pts',(12.4295443365474,-7.08488987844275,-244.622314236342));
#5110=CARTESIAN_POINT('Ctrl Pts',(12.2764329805921,-7.35709719619264,-244.796120744427));
#5111=CARTESIAN_POINT('Ctrl Pts',(12.1145645701155,-7.62370418942222,-244.969604466196));
#5112=CARTESIAN_POINT('Ctrl Pts',(11.9441186838951,-7.88424455380033,-245.142857142857));
#5113=CARTESIAN_POINT('Ctrl Pts',(11.768868082568,-8.15212931499766,-245.320993655505));
#5114=CARTESIAN_POINT('Ctrl Pts',(11.5845499834759,-8.41360140104983,-245.498885913545));
#5115=CARTESIAN_POINT('Ctrl Pts',(11.3916809037304,-8.66838340263104,-245.676633637246));
#5116=CARTESIAN_POINT('Ctrl Pts',(11.1950796980523,-8.92809558024942,-245.857820880075));
#5117=CARTESIAN_POINT('Ctrl Pts',(10.9895930663028,-9.18085670313982,-246.038857940801));
#5118=CARTESIAN_POINT('Ctrl Pts',(10.7757210646118,-9.42634602965063,-246.219850441363));
#5119=CARTESIAN_POINT('Ctrl Pts',(10.5608355104019,-9.67299874511965,-246.401700676474));
#5120=CARTESIAN_POINT('Ctrl Pts',(10.3374844817326,-9.91231098920432,-246.583505928073));
#5121=CARTESIAN_POINT('Ctrl Pts',(10.1061340104127,-10.1439240997625,-246.765373326874));
#5122=CARTESIAN_POINT('Ctrl Pts',(9.87516605386911,-10.3751542612967,-246.946940026191));
#5123=CARTESIAN_POINT('Ctrl Pts',(9.63622461058438,-10.5987111105411,-247.128568667371));
#5124=CARTESIAN_POINT('Ctrl Pts',(9.38973938832468,-10.8141987073895,-247.310365850616));
#5125=CARTESIAN_POINT('Ctrl Pts',(9.14519882892365,-11.0279861993706,-247.49072873193));
#5126=CARTESIAN_POINT('Ctrl Pts',(8.89323257121123,-11.2338315973077,-247.671257506351));
#5127=CARTESIAN_POINT('Ctrl Pts',(8.63423391301736,-11.4313045082202,-247.852056270844));
#5128=CARTESIAN_POINT('Ctrl Pts',(8.55359909228413,-11.4927843354987,-247.908344886644));
#5129=CARTESIAN_POINT('Ctrl Pts',(8.47228246881349,-11.5534522913669,-247.964659672099));
#5130=CARTESIAN_POINT('Ctrl Pts',(8.39029549733584,-11.6132944329238,-248.02100376854));
#5131=CARTESIAN_POINT('Ctrl Pts',(8.35468278011146,-11.6392880905375,-248.045477978742));
#5132=CARTESIAN_POINT('Ctrl Pts',(8.31894358095343,-11.665125929383,-248.069957719274));
#5133=CARTESIAN_POINT('Ctrl Pts',(8.28307882881179,-11.6908067785578,-248.094443247584));
#5134=CARTESIAN_POINT('Ctrl Pts',(8.25271188396606,-11.7125509391588,-248.11517532137));
#5135=CARTESIAN_POINT('Ctrl Pts',(8.22225216536321,-11.7341844541903,-248.135913406563));
#5136=CARTESIAN_POINT('Ctrl Pts',(8.19171990200936,-11.7556928791697,-248.156644347047));
#5137=CARTESIAN_POINT('Ctrl Pts',(7.92310006159841,-11.9449218799316,-248.339033115934));
#5138=CARTESIAN_POINT('Ctrl Pts',(7.64858321446071,-12.1246780239047,-248.521064373796));
#5139=CARTESIAN_POINT('Ctrl Pts',(7.3686754077963,-12.2946581873576,-248.702844108962));
#5140=CARTESIAN_POINT('Ctrl Pts',(7.08799249866309,-12.4651090488089,-248.885127216731));
#5141=CARTESIAN_POINT('Ctrl Pts',(6.80188826036796,-12.6257301040205,-249.067157406875));
#5142=CARTESIAN_POINT('Ctrl Pts',(6.51083618101553,-12.7761783374435,-249.249041550651));
#5143=CARTESIAN_POINT('Ctrl Pts',(6.22106922572971,-12.9259622751639,-249.430122595232));
#5144=CARTESIAN_POINT('Ctrl Pts',(5.92639753213194,-13.0656633709547,-249.611058880317));
#5145=CARTESIAN_POINT('Ctrl Pts',(5.62725923693385,-13.1949007221206,-249.791955867753));
#5146=CARTESIAN_POINT('Ctrl Pts',(5.5204514461499,-13.2410451181621,-249.856545416793));
#5147=CARTESIAN_POINT('Ctrl Pts',(5.41307399188195,-13.2858551159701,-249.921129955941));
#5148=CARTESIAN_POINT('Ctrl Pts',(5.30514609573323,-13.3293119299576,-249.985714285714));
#5149=CARTESIAN_POINT('Ctrl Pts',(5.00277432098916,-13.4510609349788,-250.166654330977));
#5150=CARTESIAN_POINT('Ctrl Pts',(4.696083221943,-13.5621924220221,-250.347592732859));
#5151=CARTESIAN_POINT('Ctrl Pts',(4.38565292883015,-13.6626859986418,-250.528635054121));
#5152=CARTESIAN_POINT('Ctrl Pts',(4.07430675116228,-13.7634760686023,-250.710211517409));
#5153=CARTESIAN_POINT('Ctrl Pts',(3.75919868699484,-13.8535654516255,-250.891892514183));
#5154=CARTESIAN_POINT('Ctrl Pts',(3.44090342905466,-13.932882558426,-251.073784544311));
#5155=CARTESIAN_POINT('Ctrl Pts',(3.16676715217699,-14.0011955345341,-251.230441618801));
#5156=CARTESIAN_POINT('Ctrl Pts',(2.89026629797793,-14.0615171089634,-251.387255232735));
#5157=CARTESIAN_POINT('Ctrl Pts',(2.61176688469243,-14.1137705904433,-251.544293425139));
#5158=CARTESIAN_POINT('Ctrl Pts',(2.56269797587351,-14.1229771495809,-251.571962039062));
#5159=CARTESIAN_POINT('Ctrl Pts',(2.51356702995725,-14.1319331779372,-251.599637624584));
#5160=CARTESIAN_POINT('Ctrl Pts',(2.46437605668584,-14.1406381625069,-251.627320553843));
#5161=CARTESIAN_POINT('Ctrl Pts',(2.43659779124404,-14.1455538890307,-251.642953173123));
#5162=CARTESIAN_POINT('Ctrl Pts',(2.40879842421309,-14.1503898939735,-251.658589235762));
#5163=CARTESIAN_POINT('Ctrl Pts',(2.38098470154157,-14.1551449926665,-251.674225220488));
#5164=CARTESIAN_POINT('Ctrl Pts',(2.05984970810123,-14.2100469777625,-251.854757036081));
#5165=CARTESIAN_POINT('Ctrl Pts',(1.73741634188325,-14.2540642953372,-252.034933755496));
#5166=CARTESIAN_POINT('Ctrl Pts',(1.41427514127598,-14.2872645231833,-252.214858104252));
#5167=CARTESIAN_POINT('Ctrl Pts',(1.08797963164052,-14.3207888315808,-252.396538765719));
#5168=CARTESIAN_POINT('Ctrl Pts',(0.760961827742727,-14.3432839492898,-252.577962105499));
#5169=CARTESIAN_POINT('Ctrl Pts',(0.433811938305782,-14.3547693509664,-252.759233886806));
#5170=CARTESIAN_POINT('Ctrl Pts',(0.105623069269366,-14.3662912285777,-252.941081360445));
#5171=CARTESIAN_POINT('Ctrl Pts',(-0.222699331176726,-14.3667334147699,
-253.122776311427));
#5172=CARTESIAN_POINT('Ctrl Pts',(-0.550568303724436,-14.3560641509505,
-253.304425513833));
#5173=CARTESIAN_POINT('Ctrl Pts',(-0.876879355350478,-14.3454455838139,
-253.485211581521));
#5174=CARTESIAN_POINT('Ctrl Pts',(-1.20274187815463,-14.3238209188653,-253.665952334362));
#5175=CARTESIAN_POINT('Ctrl Pts',(-1.52757699780956,-14.2911075493064,-253.846753031597));
#5176=CARTESIAN_POINT('Ctrl Pts',(-1.84720722574417,-14.2589183519693,-254.024656726645));
#5177=CARTESIAN_POINT('Ctrl Pts',(-2.16584325336102,-14.2159928772569,-254.202618460476));
#5178=CARTESIAN_POINT('Ctrl Pts',(-2.48292492630897,-14.1622033126975,-254.380738513208));
#5179=CARTESIAN_POINT('Ctrl Pts',(-2.74843003310176,-14.117163169097,-254.529885523764));
#5180=CARTESIAN_POINT('Ctrl Pts',(-3.01284533721851,-14.0645049686195,-254.67914353771));
#5181=CARTESIAN_POINT('Ctrl Pts',(-3.2758330523374,-14.0041269505273,-254.828571428571));
#5182=CARTESIAN_POINT('Ctrl Pts',(-3.4537851769604,-13.9632718231492,-254.929682655933));
#5183=CARTESIAN_POINT('Ctrl Pts',(-3.63108346971557,-13.9188814994132,-255.030871663628));
#5184=CARTESIAN_POINT('Ctrl Pts',(-3.8076389528334,-13.8709972415295,-255.132156691586));
#5185=CARTESIAN_POINT('Ctrl Pts',(-3.85101470521018,-13.8592331451897,-255.157040168523));
#5186=CARTESIAN_POINT('Ctrl Pts',(-3.89434561142678,-13.8472581432444,-255.181929441008));
#5187=CARTESIAN_POINT('Ctrl Pts',(-3.93763032782522,-13.8350728083243,-255.206824779511));
#5188=CARTESIAN_POINT('Ctrl Pts',(-3.96621880509643,-13.8270246980584,-255.22326753063));
#5189=CARTESIAN_POINT('Ctrl Pts',(-3.99478039662996,-13.8188867208496,-255.239709055091));
#5190=CARTESIAN_POINT('Ctrl Pts',(-4.02331034035821,-13.8106604667014,-255.256146886507));
#5191=CARTESIAN_POINT('Ctrl Pts',(-4.34401496546234,-13.7181892800171,-255.44092427731));
#5192=CARTESIAN_POINT('Ctrl Pts',(-4.66089876390889,-13.6145185228138,-255.625337357062));
#5193=CARTESIAN_POINT('Ctrl Pts',(-4.9734799303777,-13.5001056712334,-255.80949636459));
#5194=CARTESIAN_POINT('Ctrl Pts',(-5.28013820832235,-13.3878607511803,-255.990165867985));
#5195=CARTESIAN_POINT('Ctrl Pts',(-5.58265586271415,-13.2652764648217,-256.170590836419));
#5196=CARTESIAN_POINT('Ctrl Pts',(-5.88057073793691,-13.1327298153961,-256.350875360184));
#5197=CARTESIAN_POINT('Ctrl Pts',(-6.18067225839011,-12.9992102957889,-256.532483142123));
#5198=CARTESIAN_POINT('Ctrl Pts',(-6.47610372051088,-12.8555813803901,-256.713948410148));
#5199=CARTESIAN_POINT('Ctrl Pts',(-6.76637754169986,-12.7021774297625,-256.895377563431));
#5200=CARTESIAN_POINT('Ctrl Pts',(-7.05698631207206,-12.5485964651426,-257.077016069202));
#5201=CARTESIAN_POINT('Ctrl Pts',(-7.34242606409796,-12.3852175940163,-257.258618376837));
#5202=CARTESIAN_POINT('Ctrl Pts',(-7.62218435130847,-12.21232962697,-257.440291254259));
#5203=CARTESIAN_POINT('Ctrl Pts',(-7.90786159987529,-12.0357837979667,-257.625807859607));
#5204=CARTESIAN_POINT('Ctrl Pts',(-8.18761512269462,-11.8493220734393,-257.81139805248));
#5205=CARTESIAN_POINT('Ctrl Pts',(-8.46086566442959,-11.6532066417161,-257.99717552199));
#5206=CARTESIAN_POINT('Ctrl Pts',(-8.6658035707308,-11.5061200679236,-258.136508624123));
#5207=CARTESIAN_POINT('Ctrl Pts',(-8.86708291292826,-11.3536023140025,-258.275947069365));
#5208=CARTESIAN_POINT('Ctrl Pts',(-9.06444373582705,-11.1957487622364,-258.415538820309));
#5209=CARTESIAN_POINT('Ctrl Pts',(-9.21246435300114,-11.0773585984118,-258.520232633518));
#5210=CARTESIAN_POINT('Ctrl Pts',(-9.35828053873282,-10.9559667759608,-258.625012681184));
#5211=CARTESIAN_POINT('Ctrl Pts',(-9.50177686992477,-10.831609156464,-258.729899197528));
#5212=CARTESIAN_POINT('Ctrl Pts',(-9.52747423108162,-10.809339160888,-258.748682302773));
#5213=CARTESIAN_POINT('Ctrl Pts',(-9.55309835491234,-10.7869729669999,-258.767469701989));
#5214=CARTESIAN_POINT('Ctrl Pts',(-9.57863430270231,-10.7645234384627,-258.786250975759));
#5215=CARTESIAN_POINT('Ctrl Pts',(-9.82670886480895,-10.5464325727086,-258.96870577652));
#5216=CARTESIAN_POINT('Ctrl Pts',(-10.0667667746044,-10.320219997879,-259.150803365597));
#5217=CARTESIAN_POINT('Ctrl Pts',(-10.2983412294912,-10.0862324223111,-259.332649852554));
#5218=CARTESIAN_POINT('Ctrl Pts',(-10.4422611162419,-9.94081281895603,-259.445664588233));
#5219=CARTESIAN_POINT('Ctrl Pts',(-10.582903905838,-9.79238922887955,-259.558582337543));
#5220=CARTESIAN_POINT('Ctrl Pts',(-10.7201523154978,-9.64103618955235,-259.671428571429));
#5221=CARTESIAN_POINT('Ctrl Pts',(-10.9376169377952,-9.40122334499962,-259.850228921031));
#5222=CARTESIAN_POINT('Ctrl Pts',(-11.1465619351413,-9.15405799113147,-260.02884973018));
#5223=CARTESIAN_POINT('Ctrl Pts',(-11.3468234904993,-8.90010455831854,-260.207392317408));
#5224=CARTESIAN_POINT('Ctrl Pts',(-11.5501244171933,-8.64229687208693,-260.388644647007));
#5225=CARTESIAN_POINT('Ctrl Pts',(-11.744476671687,-8.37749304623826,-260.569816362317));
#5226=CARTESIAN_POINT('Ctrl Pts',(-11.9296690735497,-8.10624763913397,-260.751013465376));
#5227=CARTESIAN_POINT('Ctrl Pts',(-12.1151444278432,-7.83458780062483,-260.932487416513));
#5228=CARTESIAN_POINT('Ctrl Pts',(-12.2914321924724,-7.55646613841214,-261.113986833037));
#5229=CARTESIAN_POINT('Ctrl Pts',(-12.4582760399304,-7.27241159417493,-261.295618203602));
#5230=CARTESIAN_POINT('Ctrl Pts',(-12.624300650592,-6.98975181479362,-261.476357727663));
#5231=CARTESIAN_POINT('Ctrl Pts',(-12.7809740903913,-6.70121671649857,-261.657227913104));
#5232=CARTESIAN_POINT('Ctrl Pts',(-12.9279963711338,-6.40730789075602,-261.83833368763));
#5233=CARTESIAN_POINT('Ctrl Pts',(-13.0186682425428,-6.22604785915335,-261.950025598654));
#5234=CARTESIAN_POINT('Ctrl Pts',(-13.1056683899374,-6.0427436000272,-262.061807115043));
#5235=CARTESIAN_POINT('Ctrl Pts',(-13.1889167885242,-5.85751042017642,-262.17370284945));
#5236=CARTESIAN_POINT('Ctrl Pts',(-13.2152838510789,-5.79884196620932,-262.209143312916));
#5237=CARTESIAN_POINT('Ctrl Pts',(-13.2412744944179,-5.73998000042425,-262.244595234316));
#5238=CARTESIAN_POINT('Ctrl Pts',(-13.2668860140451,-5.680928163807,-262.280059395668));
#5239=CARTESIAN_POINT('Ctrl Pts',(-13.2780743745259,-5.65513144245884,-262.295551870427));
#5240=CARTESIAN_POINT('Ctrl Pts',(-13.2891898468755,-5.62929967214349,-262.31104596425));
#5241=CARTESIAN_POINT('Ctrl Pts',(-13.300228107954,-5.60344295605829,-262.326535891148));
#5242=CARTESIAN_POINT('Ctrl Pts',(-13.4307632393956,-5.2976692650003,-262.509715073922));
#5243=CARTESIAN_POINT('Ctrl Pts',(-13.5506655834522,-4.98803886857338,-262.692534408082));
#5244=CARTESIAN_POINT('Ctrl Pts',(-13.6597674484201,-4.675136754138,-262.875101274305));
#5245=CARTESIAN_POINT('Ctrl Pts',(-13.7685223589502,-4.36322969856076,-263.05708756031));
#5246=CARTESIAN_POINT('Ctrl Pts',(-13.8665455951679,-4.04807111296199,-263.23882298157));
#5247=CARTESIAN_POINT('Ctrl Pts',(-13.9536264916606,-3.7302120123737,-263.420413897573));
#5248=CARTESIAN_POINT('Ctrl Pts',(-14.0411241017987,-3.41083184080597,-263.602873791912));
#5249=CARTESIAN_POINT('Ctrl Pts',(-14.1175746889967,-3.08872469232883,-263.785187794666));
#5250=CARTESIAN_POINT('Ctrl Pts',(-14.1827155291955,-2.76442932713225,-263.967463799546));
#5251=CARTESIAN_POINT('Ctrl Pts',(-14.2478563693942,-2.44013396193569,-264.149739804427));
#5252=CARTESIAN_POINT('Ctrl Pts',(-14.301687728336,-2.11364981029616,-264.331977811436));
#5253=CARTESIAN_POINT('Ctrl Pts',(-14.3438938367671,-1.78550394455831,-264.514285714286));
#5254=CARTESIAN_POINT('Ctrl Pts',(-14.3858027517744,-1.45966871102482,-264.695309899876));
#5255=CARTESIAN_POINT('Ctrl Pts',(-14.4162493590679,-1.13219447522516,-264.876403000434));
#5256=CARTESIAN_POINT('Ctrl Pts',(-14.4353381208639,-0.80365009330903,-265.057670646488));
#5257=CARTESIAN_POINT('Ctrl Pts',(-14.4542110052369,-0.478821264830463,
-265.236888311894));
#5258=CARTESIAN_POINT('Ctrl Pts',(-14.4619813082042,-0.152945794348847,
-265.416276597203));
#5259=CARTESIAN_POINT('Ctrl Pts',(-14.4587004990953,0.173420622141153,-265.595937589553));
#5260=CARTESIAN_POINT('Ctrl Pts',(-14.4576981808738,0.273128650034945,-265.650825722435));
#5261=CARTESIAN_POINT('Ctrl Pts',(-14.455664053417,0.372882426410404,-265.70573930871));
#5262=CARTESIAN_POINT('Ctrl Pts',(-14.4525986861186,0.472665869818414,-265.760681259397));
#5263=CARTESIAN_POINT('Ctrl Pts',(-14.4515633375948,0.506368402267309,-265.779238274594));
#5264=CARTESIAN_POINT('Ctrl Pts',(-14.450410342103,0.540074317957112,-265.797798525594));
#5265=CARTESIAN_POINT('Ctrl Pts',(-14.4491397108618,0.573782993530694,-265.81636212456));
#5266=CARTESIAN_POINT('Ctrl Pts',(-14.4480579747411,0.602480455679631,-265.832166013903));
#5267=CARTESIAN_POINT('Ctrl Pts',(-14.4468909722454,0.631179464709821,-265.847972080542));
#5268=CARTESIAN_POINT('Ctrl Pts',(-14.4456393127667,0.659867580400149,-265.863773752498));
#5269=CARTESIAN_POINT('Ctrl Pts',(-14.4313968356954,0.986306070171698,-266.043579006513));
#5270=CARTESIAN_POINT('Ctrl Pts',(-14.4061828812123,1.31173669508104,-266.223037458145));
#5271=CARTESIAN_POINT('Ctrl Pts',(-14.3702206773866,1.63560506609479,-266.402250661986));
#5272=CARTESIAN_POINT('Ctrl Pts',(-14.3338783599439,1.96289666385257,-266.583358115119));
#5273=CARTESIAN_POINT('Ctrl Pts',(-14.28655934599,2.28859338062079,-266.764215108616));
#5274=CARTESIAN_POINT('Ctrl Pts',(-14.2284409136666,2.61212956524356,-266.944926451466));
#5275=CARTESIAN_POINT('Ctrl Pts',(-14.1700390606325,2.93724350844838,-267.126519052382));
#5276=CARTESIAN_POINT('Ctrl Pts',(-14.1007321276439,3.26017639643613,-267.307964578624));
#5277=CARTESIAN_POINT('Ctrl Pts',(-14.0206475508734,3.58035191560523,-267.489369380008));
#5278=CARTESIAN_POINT('Ctrl Pts',(-13.9409314722028,3.89905419142054,-267.669939472296));
#5279=CARTESIAN_POINT('Ctrl Pts',(-13.8505365597112,4.21502499969781,-267.850469213642));
#5280=CARTESIAN_POINT('Ctrl Pts',(-13.7495384394512,4.52768476418373,-268.031063492543));
#5281=CARTESIAN_POINT('Ctrl Pts',(-13.6494035932538,4.83767209214916,-268.210114155024));
#5282=CARTESIAN_POINT('Ctrl Pts',(-13.5388458632916,5.14440528416273,-268.389228256514));
#5283=CARTESIAN_POINT('Ctrl Pts',(-13.4178919635342,5.44730008335536,-268.568508018854));
#5284=CARTESIAN_POINT('Ctrl Pts',(-13.2992119120381,5.74450067331719,-268.744417447731));
#5285=CARTESIAN_POINT('Ctrl Pts',(-13.1705226826316,6.03800628894257,-268.920486367388));
#5286=CARTESIAN_POINT('Ctrl Pts',(-13.03180697183,6.32723890606127,-269.096811342271));
#5287=CARTESIAN_POINT('Ctrl Pts',(-12.9635906785329,6.46947497237573,-269.183522761855));
#5288=CARTESIAN_POINT('Ctrl Pts',(-12.8929489624523,6.61067721944173,-269.270296105378));
#5289=CARTESIAN_POINT('Ctrl Pts',(-12.8198761127664,6.75077400900331,-269.357142857143));
#5290=CARTESIAN_POINT('Ctrl Pts',(-12.808121094666,6.77331097456844,-269.371113643055));
#5291=CARTESIAN_POINT('Ctrl Pts',(-12.7963036792186,6.7958182959559,-269.385085693069));
#5292=CARTESIAN_POINT('Ctrl Pts',(-12.784428071882,6.81828825157917,-269.399054363013));
#5293=CARTESIAN_POINT('Ctrl Pts',(-12.6345744377473,7.10182781410739,-269.575319533785));
#5294=CARTESIAN_POINT('Ctrl Pts',(-12.4752872890082,7.37974926786924,-269.751251256012));
#5295=CARTESIAN_POINT('Ctrl Pts',(-12.3070713279726,7.65174586398284,-269.926945201105));
#5296=CARTESIAN_POINT('Ctrl Pts',(-12.1348177048666,7.93027115293061,-270.10685630118));
#5297=CARTESIAN_POINT('Ctrl Pts',(-11.9532012786853,8.20258420625863,-270.286518072472));
#5298=CARTESIAN_POINT('Ctrl Pts',(-11.7627122361506,8.46833753784779,-270.466033242233));
#5299=CARTESIAN_POINT('Ctrl Pts',(-11.5705682164596,8.73639974603746,-270.647108047662));
#5300=CARTESIAN_POINT('Ctrl Pts',(-11.3693963773147,8.99778821019821,-270.828033693133));
#5301=CARTESIAN_POINT('Ctrl Pts',(-11.1596523478181,9.25212116671096,-271.008915606725));
#5302=CARTESIAN_POINT('Ctrl Pts',(-10.9493378797898,9.50714582977017,-271.190289462869));
#5303=CARTESIAN_POINT('Ctrl Pts',(-10.7304041194123,9.75507700274898,-271.371619348935));
#5304=CARTESIAN_POINT('Ctrl Pts',(-10.5032688271309,9.99549786090193,-271.553011555539));
#5305=CARTESIAN_POINT('Ctrl Pts',(-10.2769753558204,10.235027658409,-271.733731476643));
#5306=CARTESIAN_POINT('Ctrl Pts',(-10.042540592473,10.4671031214484,-271.914513257188));
#5307=CARTESIAN_POINT('Ctrl Pts',(-9.80034288425471,10.6912739960948,-272.095462010345));
#5308=CARTESIAN_POINT('Ctrl Pts',(-9.56581785612897,10.9083432700701,-272.270678414065));
#5309=CARTESIAN_POINT('Ctrl Pts',(-9.3240134337551,11.1180010294294,-272.44605137878));
#5310=CARTESIAN_POINT('Ctrl Pts',(-9.07524763556257,11.3197986918652,-272.621676341019));
#5311=CARTESIAN_POINT('Ctrl Pts',(-8.98196046124037,11.3954728152786,-272.687535701859));
#5312=CARTESIAN_POINT('Ctrl Pts',(-8.88769411849007,11.4700411885302,-272.75343049985));
#5313=CARTESIAN_POINT('Ctrl Pts',(-8.79246462605409,11.5434785654443,-272.819365767779));
#5314=CARTESIAN_POINT('Ctrl Pts',(-8.7631732815724,11.5660669406419,-272.839646592521));
#5315=CARTESIAN_POINT('Ctrl Pts',(-8.73379081115239,11.5885483060965,-272.859931246112));
#5316=CARTESIAN_POINT('Ctrl Pts',(-8.70431767411526,11.6109219095506,-272.88021987501));
#5317=CARTESIAN_POINT('Ctrl Pts',(-8.67651481759297,11.6320275721727,-272.89935872126));
#5318=CARTESIAN_POINT('Ctrl Pts',(-8.64862976584075,11.6530384295199,-272.918502127281));
#5319=CARTESIAN_POINT('Ctrl Pts',(-8.62067903173978,11.6739419100097,-272.93763921493));
#5320=CARTESIAN_POINT('Ctrl Pts',(-8.35499698855125,11.8726372067494,-273.119544295803));
#5321=CARTESIAN_POINT('Ctrl Pts',(-8.08307025384238,12.0618733566136,-273.301094966286));
#5322=CARTESIAN_POINT('Ctrl Pts',(-7.80535864679698,12.2412888294657,-273.482396386696));
#5323=CARTESIAN_POINT('Ctrl Pts',(-7.52735133515319,12.4208953421555,-273.663890855081));
#5324=CARTESIAN_POINT('Ctrl Pts',(-7.24354638826896,12.5906606780412,-273.845135542313));
#5325=CARTESIAN_POINT('Ctrl Pts',(-6.95436771096113,12.7501860101384,-274.026235944988));
#5326=CARTESIAN_POINT('Ctrl Pts',(-6.86185793903399,12.8012189985534,-274.084170911367));
#5327=CARTESIAN_POINT('Ctrl Pts',(-6.76879796405079,12.851203728723,-274.142091111757));
#5328=CARTESIAN_POINT('Ctrl Pts',(-6.67520096960901,12.9001262537358,-274.2));
#5329=CARTESIAN_POINT('Ctrl Pts',(-6.38537886321357,13.0516143365953,-274.379314261849));
#5330=CARTESIAN_POINT('Ctrl Pts',(-6.09040956256552,13.192921197496,-274.558520060042));
#5331=CARTESIAN_POINT('Ctrl Pts',(-5.79087736700947,13.3240083731457,-274.737719938822));
#5332=CARTESIAN_POINT('Ctrl Pts',(-5.4881723775115,13.4564840893361,-274.918817991816));
#5333=CARTESIAN_POINT('Ctrl Pts',(-5.18080676433617,13.5785226639652,-275.099909999331));
#5334=CARTESIAN_POINT('Ctrl Pts',(-4.86936242730092,13.6900357526548,-275.281101798852));
#5335=CARTESIAN_POINT('Ctrl Pts',(-4.55842891314959,13.801365940483,-275.461996412305));
#5336=CARTESIAN_POINT('Ctrl Pts',(-4.24342944633289,13.9022052480231,-275.642990490679));
#5337=CARTESIAN_POINT('Ctrl Pts',(-3.92493079378619,13.9924154179512,-275.824189351535));
#5338=CARTESIAN_POINT('Ctrl Pts',(-3.68892203478154,14.0592615100275,-275.958458422822));
#5339=CARTESIAN_POINT('Ctrl Pts',(-3.45099161959072,14.1202702559203,-276.092839937477));
#5340=CARTESIAN_POINT('Ctrl Pts',(-3.21136872067362,14.1753669717549,-276.227376746638));
#5341=CARTESIAN_POINT('Ctrl Pts',(-3.10161710516689,14.2006022627028,-276.288997035088));
#5342=CARTESIAN_POINT('Ctrl Pts',(-2.99151043785697,14.2245971047136,-276.350649901305));
#5343=CARTESIAN_POINT('Ctrl Pts',(-2.88107078542434,14.2473431934055,-276.412339462565));
#5344=CARTESIAN_POINT('Ctrl Pts',(-2.84597511123171,14.2545714787206,-276.431943261521));
#5345=CARTESIAN_POINT('Ctrl Pts',(-2.8108433716893,14.2616741025604,-276.451552122861));
#5346=CARTESIAN_POINT('Ctrl Pts',(-2.7756973099387,14.2686467140855,-276.4711544589));
#5347=CARTESIAN_POINT('Ctrl Pts',(-2.45198855891762,14.3328671489135,-276.651699515739));
#5348=CARTESIAN_POINT('Ctrl Pts',(-2.12670108176769,14.3861394066387,-276.831895483446));
#5349=CARTESIAN_POINT('Ctrl Pts',(-1.8004268130106,14.4284598474016,-277.0118451815));
#5350=CARTESIAN_POINT('Ctrl Pts',(-1.47101216242417,14.4711876213682,-277.193526890982));
#5351=CARTESIAN_POINT('Ctrl Pts',(-1.14059105964454,14.5027519090796,-277.374957567317));
#5352=CARTESIAN_POINT('Ctrl Pts',(-0.809753911238693,14.5230994317508,-277.556243027557));
#5353=CARTESIAN_POINT('Ctrl Pts',(-0.479258906436107,14.5434259115169,-277.737341006855));
#5354=CARTESIAN_POINT('Ctrl Pts',(-0.148348112059879,14.5525589039382,-277.918294070259));
#5355=CARTESIAN_POINT('Ctrl Pts',(0.18239964423304,14.5503943022731,-278.099207706861));
#5356=CARTESIAN_POINT('Ctrl Pts',(0.509579425822358,14.5482530514662,-278.278169719403));
#5357=CARTESIAN_POINT('Ctrl Pts',(0.836600245812475,14.5350566516527,-278.457093151195));
#5358=CARTESIAN_POINT('Ctrl Pts',(1.16290255222646,14.5106537781981,-278.636080114101));
#5359=CARTESIAN_POINT('Ctrl Pts',(1.41000090233824,14.4921742588992,-278.771621243772));
#5360=CARTESIAN_POINT('Ctrl Pts',(1.65668729204914,14.4672673185185,-278.907198805683));
#5361=CARTESIAN_POINT('Ctrl Pts',(1.90271598964764,14.4358474922088,-279.042857142857));
#5362=CARTESIAN_POINT('Ctrl Pts',(2.23101661731384,14.3939208844622,-279.223879591365));
#5363=CARTESIAN_POINT('Ctrl Pts',(2.55814703962116,14.3403988082629,-279.405045870137));
#5364=CARTESIAN_POINT('Ctrl Pts',(2.88357165641748,14.2754975910891,-279.586461340962));
#5365=CARTESIAN_POINT('Ctrl Pts',(3.04456450168001,14.2433899044713,-279.676210521926));
#5366=CARTESIAN_POINT('Ctrl Pts',(3.20513958929035,14.2084964833029,-279.766020691191));
#5367=CARTESIAN_POINT('Ctrl Pts',(3.36523013430949,14.1708392162325,-279.855904605849));
#5368=CARTESIAN_POINT('Ctrl Pts',(3.41204077988581,14.1598281913029,-279.882186758062));
#5369=CARTESIAN_POINT('Ctrl Pts',(3.45880998810095,14.1485808440276,-279.908475215386));
#5370=CARTESIAN_POINT('Ctrl Pts',(3.50553606419185,14.1370976773916,-279.934770296748));
#5371=CARTESIAN_POINT('Ctrl Pts',(3.54630353250565,14.1270788683851,-279.957712173873));
#5372=CARTESIAN_POINT('Ctrl Pts',(3.58704333531861,14.1168791904323,-279.980662012827));
#5373=CARTESIAN_POINT('Ctrl Pts',(3.62772544747472,14.1065064555392,-280.003603716448));
#5374=CARTESIAN_POINT('Ctrl Pts',(3.94528020491288,14.0255393882368,-280.18268112277));
#5375=CARTESIAN_POINT('Ctrl Pts',(4.25959126800453,13.9339686320686,-280.361415204755));
#5376=CARTESIAN_POINT('Ctrl Pts',(4.57017718432858,13.8321564690623,-280.53990629587));
#5377=CARTESIAN_POINT('Ctrl Pts',(4.88430862348572,13.7291820597026,-280.720434968877));
#5378=CARTESIAN_POINT('Ctrl Pts',(5.1946299203219,13.615730922168,-280.900715071579));
#5379=CARTESIAN_POINT('Ctrl Pts',(5.50063825347309,13.4921241730529,-281.080850412917));
#5380=CARTESIAN_POINT('Ctrl Pts',(5.80846840788353,13.3677815308953,-281.26205819039));
#5381=CARTESIAN_POINT('Ctrl Pts',(6.11193465249791,13.233161782378,-281.443119477695));
#5382=CARTESIAN_POINT('Ctrl Pts',(6.41051208641652,13.0885406772988,-281.624139948913));
#5383=CARTESIAN_POINT('Ctrl Pts',(6.72075573521594,12.9382688407963,-281.81223337165));
#5384=CARTESIAN_POINT('Ctrl Pts',(7.02572186116196,12.7771988681686,-282.000282726401));
#5385=CARTESIAN_POINT('Ctrl Pts',(7.32479703717067,12.6055859434352,-282.188406564443));
#5386=CARTESIAN_POINT('Ctrl Pts',(7.6090962655084,12.4424516347789,-282.367236057085));
#5387=CARTESIAN_POINT('Ctrl Pts',(7.88807257188098,12.2697897802042,-282.54613285506));
#5388=CARTESIAN_POINT('Ctrl Pts',(8.16116978566386,12.0877770366847,-282.725198792224));
#5389=CARTESIAN_POINT('Ctrl Pts',(8.43103314679138,11.9079195784052,-282.902144338453));
#5390=CARTESIAN_POINT('Ctrl Pts',(8.69515627068182,11.7189310859852,-283.079255041898));
#5391=CARTESIAN_POINT('Ctrl Pts',(8.95296740994089,11.52094556797,-283.256629161515));
#5392=CARTESIAN_POINT('Ctrl Pts',(9.02913479123378,11.4624529889275,-283.309032336333));
#5393=CARTESIAN_POINT('Ctrl Pts',(9.10475097745358,11.4031748845749,-283.361458503169));
#5394=CARTESIAN_POINT('Ctrl Pts',(9.17980054055359,11.3431141473809,-283.413910195837));
#5395=CARTESIAN_POINT('Ctrl Pts',(9.21682025016414,11.3134879782457,-283.439783050401));
#5396=CARTESIAN_POINT('Ctrl Pts',(9.25370208652697,11.2836713786322,-283.465662115793));
#5397=CARTESIAN_POINT('Ctrl Pts',(9.29044416753129,11.2536646736639,-283.491547696123));
#5398=CARTESIAN_POINT('Ctrl Pts',(9.31236953152418,11.2357585586406,-283.506994583054));
#5399=CARTESIAN_POINT('Ctrl Pts',(9.33424324878327,11.2177862594612,-283.522442473604));
#5400=CARTESIAN_POINT('Ctrl Pts',(9.35605781907022,11.1997538364654,-283.537886363909));
#5401=CARTESIAN_POINT('Ctrl Pts',(9.52001783093545,11.0642207386566,-283.653963848096));
#5402=CARTESIAN_POINT('Ctrl Pts',(9.68075334671673,10.9251968412591,-283.769897379472));
#5403=CARTESIAN_POINT('Ctrl Pts',(9.83813449395043,10.7827587733431,-283.885714285714));
#5404=CARTESIAN_POINT('Ctrl Pts',(10.078414128371,10.5652932923246,-284.062536251883));
#5405=CARTESIAN_POINT('Ctrl Pts',(10.3108766193379,10.3398718244547,-284.239086373481));
#5406=CARTESIAN_POINT('Ctrl Pts',(10.5353352539409,10.1070544643552,-284.415461901832));
#5407=CARTESIAN_POINT('Ctrl Pts',(10.7645104570786,9.86934489310541,-284.595543624285));
#5408=CARTESIAN_POINT('Ctrl Pts',(10.9853422932086,9.623924986593,-284.775443338913));
#5409=CARTESIAN_POINT('Ctrl Pts',(11.197599294613,9.37134741178679,-284.95526455742));
#5410=CARTESIAN_POINT('Ctrl Pts',(11.411154197938,9.11722538418388,-285.136185340621));
#5411=CARTESIAN_POINT('Ctrl Pts',(11.6160294217314,8.85585740067527,-285.317026664795));
#5412=CARTESIAN_POINT('Ctrl Pts',(11.8119509506806,8.58776932162364,-285.497893952126));
#5413=CARTESIAN_POINT('Ctrl Pts',(12.0078470817452,8.3197159956189,-285.678737793099));
#5414=CARTESIAN_POINT('Ctrl Pts',(12.1947921522334,8.04494379463963,-285.859607590498));
#5415=CARTESIAN_POINT('Ctrl Pts',(12.3724692407754,7.7639491133463,-286.040608725518));
#5416=CARTESIAN_POINT('Ctrl Pts',(12.5490030406583,7.48476253255169,-286.220445182825));
#5417=CARTESIAN_POINT('Ctrl Pts',(12.716388013989,7.19943276259168,-286.400411292969));
#5418=CARTESIAN_POINT('Ctrl Pts',(12.8742665990927,6.90842567803932,-286.580610415932));
#5419=CARTESIAN_POINT('Ctrl Pts',(12.9527687558962,6.76372787898397,-286.670211040345));
#5420=CARTESIAN_POINT('Ctrl Pts',(13.0289198124166,6.61762614985048,-286.759869274581));
#5421=CARTESIAN_POINT('Ctrl Pts',(13.102671151417,6.47017642761583,-286.849597825187));
#5422=CARTESIAN_POINT('Ctrl Pts',(13.1349373622297,6.40566717413817,-286.888854066077));
#5423=CARTESIAN_POINT('Ctrl Pts',(13.1667442107175,6.34089989719315,-286.928123765959));
#5424=CARTESIAN_POINT('Ctrl Pts',(13.1980874291402,6.27587924330461,-286.967407988883));
#5425=CARTESIAN_POINT('Ctrl Pts',(13.212404921193,6.24617799556533,-286.985352908959));
#5426=CARTESIAN_POINT('Ctrl Pts',(13.2266256688475,6.21642387700451,-287.003300859465));
#5427=CARTESIAN_POINT('Ctrl Pts',(13.2407492568028,6.18661732923849,-287.021251941824));
#5428=CARTESIAN_POINT('Ctrl Pts',(13.2529098669575,6.16095346757779,-287.03670807911));
#5429=CARTESIAN_POINT('Ctrl Pts',(13.2649974063017,6.13525289447319,-287.052165234734));
#5430=CARTESIAN_POINT('Ctrl Pts',(13.2770077368614,6.1095244061976,-287.067618383439));
#5431=CARTESIAN_POINT('Ctrl Pts',(13.4180943833044,5.80728908379854,-287.249148185376));
#5432=CARTESIAN_POINT('Ctrl Pts',(13.5486884442545,5.5008708063076,-287.430326073349));
#5433=CARTESIAN_POINT('Ctrl Pts',(13.668563181014,5.19081527716441,-287.611256569673));
#5434=CARTESIAN_POINT('Ctrl Pts',(13.7921892663062,4.871056899984,-287.797849087623));
#5435=CARTESIAN_POINT('Ctrl Pts',(13.9044151966568,4.54742963211724,-287.984178487951));
#5436=CARTESIAN_POINT('Ctrl Pts',(14.0049444885059,4.22049955305313,-288.17035941599));
#5437=CARTESIAN_POINT('Ctrl Pts',(14.105473780355,3.89356947398903,-288.356540344028));
#5438=CARTESIAN_POINT('Ctrl Pts',(14.1943067805066,3.56333597268197,-288.542572799778));
#5439=CARTESIAN_POINT('Ctrl Pts',(14.2710933876822,3.23034130791862,-288.728571428571));
#5440=CARTESIAN_POINT('Ctrl Pts',(14.345469772586,2.90779887157007,-288.908731825229));
#5441=CARTESIAN_POINT('Ctrl Pts',(14.4085440336166,2.58266524523452,-289.088860485162));
#5442=CARTESIAN_POINT('Ctrl Pts',(14.4603986222461,2.25552258835238,-289.269061593358));
#5443=CARTESIAN_POINT('Ctrl Pts',(14.5124237636431,1.92730394018335,-289.449855393513));
#5444=CARTESIAN_POINT('Ctrl Pts',(14.5531553006614,1.59706242400948,-289.630722119287));
#5445=CARTESIAN_POINT('Ctrl Pts',(14.5826241889977,1.26538180565097,-289.811766987064));
#5446=CARTESIAN_POINT('Ctrl Pts',(14.6119938405815,0.934818124823713,-289.992202184585));
#5447=CARTESIAN_POINT('Ctrl Pts',(14.6301765159697,0.602824417424306,-290.172814326338));
#5448=CARTESIAN_POINT('Ctrl Pts',(14.6371515224319,0.269983444787555,-290.353707569331));
#5449=CARTESIAN_POINT('Ctrl Pts',(14.639030990399,0.180296940612467,-290.402450614589));
#5450=CARTESIAN_POINT('Ctrl Pts',(14.6400964126651,0.0905489744635892,-290.451214069865));
#5451=CARTESIAN_POINT('Ctrl Pts',(14.6403467511122,0.000751096077357786,
-290.499999972949));
#5452=CARTESIAN_POINT('Origin',(0.,0.,-203.4));
#5453=CARTESIAN_POINT('',(15.3572375281345,-0.000228475221577736,-387.5));
#5454=CARTESIAN_POINT('',(15.012108209455,-0.000140965909458945,-340.5));
#5455=CARTESIAN_POINT('',(14.,-1.7145055188063E-15,-203.4));
#5456=CARTESIAN_POINT('Ctrl Pts',(15.3572375281346,-0.000228475221576965,
-387.5));
#5457=CARTESIAN_POINT('Ctrl Pts',(15.3556957509901,0.344087714831152,-387.321600938365));
#5458=CARTESIAN_POINT('Ctrl Pts',(15.3426399800286,0.688411380105823,-387.143160082899));
#5459=CARTESIAN_POINT('Ctrl Pts',(15.318102739378,1.03215282476162,-386.964576291749));
#5460=CARTESIAN_POINT('Ctrl Pts',(15.2938053673921,1.37253395671931,-386.787738281885));
#5461=CARTESIAN_POINT('Ctrl Pts',(15.2582497835644,1.71234475331429,-386.610760117269));
#5462=CARTESIAN_POINT('Ctrl Pts',(15.2114179115129,2.05100240517891,-386.433543593342));
#5463=CARTESIAN_POINT('Ctrl Pts',(15.1800453504435,2.27786837058528,-386.314826660282));
#5464=CARTESIAN_POINT('Ctrl Pts',(15.1436113931139,2.50421662789433,-386.196002760416));
#5465=CARTESIAN_POINT('Ctrl Pts',(15.1020983306851,2.72986747669256,-386.077042370979));
#5466=CARTESIAN_POINT('Ctrl Pts',(15.0865309322743,2.81448654499189,-386.03243222494));
#5467=CARTESIAN_POINT('Ctrl Pts',(15.0702491859675,2.89900749622991,-385.987802885055));
#5468=CARTESIAN_POINT('Ctrl Pts',(15.05325180306,2.98342068281421,-385.94315279446));
#5469=CARTESIAN_POINT('Ctrl Pts',(15.0454424462919,3.02220387041211,-385.92263854888));
#5470=CARTESIAN_POINT('Ctrl Pts',(15.0374820235473,3.06096430862465,-385.902119923045));
#5471=CARTESIAN_POINT('Ctrl Pts',(15.0293703961836,3.09970105435778,-385.881596765964));
#5472=CARTESIAN_POINT('Ctrl Pts',(15.023447339025,3.12798637231266,-385.866610891119));
#5473=CARTESIAN_POINT('Ctrl Pts',(15.0174453944532,3.15625077917551,-385.851626986177));
#5474=CARTESIAN_POINT('Ctrl Pts',(15.0113647727996,3.18449336128202,-385.8366452982));
#5475=CARTESIAN_POINT('Ctrl Pts',(14.9387283657578,3.52186671003811,-385.657680704112));
#5476=CARTESIAN_POINT('Ctrl Pts',(14.8548636354618,3.85615302406936,-385.479017933516));
#5477=CARTESIAN_POINT('Ctrl Pts',(14.759894350752,4.18678120709069,-385.300556394126));
#5478=CARTESIAN_POINT('Ctrl Pts',(14.7078178868352,4.36808136845996,-385.202696902555));
#5479=CARTESIAN_POINT('Ctrl Pts',(14.6524014904856,4.54828161383335,-385.104897918868));
#5480=CARTESIAN_POINT('Ctrl Pts',(14.5936589316083,4.72728748484404,-385.007142857143));
#5481=CARTESIAN_POINT('Ctrl Pts',(14.4871011114582,5.05200053401204,-384.829817141594));
#5482=CARTESIAN_POINT('Ctrl Pts',(14.369601522225,5.37278432651572,-384.652635952271));
#5483=CARTESIAN_POINT('Ctrl Pts',(14.2415340698846,5.68917482646046,-384.475500288751));
#5484=CARTESIAN_POINT('Ctrl Pts',(14.112615302388,6.00766849956094,-384.297187134212));
#5485=CARTESIAN_POINT('Ctrl Pts',(13.9729874499869,6.3217107950273,-384.118920112744));
#5486=CARTESIAN_POINT('Ctrl Pts',(13.8229816964858,6.63081135967739,-383.940598236488));
#5487=CARTESIAN_POINT('Ctrl Pts',(13.6728616869361,6.94014735935802,-383.762140536422));
#5488=CARTESIAN_POINT('Ctrl Pts',(13.5123476598965,7.2445346081803,-383.583627897972));
#5489=CARTESIAN_POINT('Ctrl Pts',(13.341725692645,7.5434569530926,-383.404959102343));
#5490=CARTESIAN_POINT('Ctrl Pts',(13.1805851194252,7.82576830363738,-383.236218859758));
#5491=CARTESIAN_POINT('Ctrl Pts',(13.0104282025559,8.10320540325306,-383.067339332967));
#5492=CARTESIAN_POINT('Ctrl Pts',(12.8314620203876,8.37530705671181,-382.89823525692));
#5493=CARTESIAN_POINT('Ctrl Pts',(12.6972373837614,8.57938329680587,-382.771407199884));
#5494=CARTESIAN_POINT('Ctrl Pts',(12.5580568410313,8.78045785794343,-382.644452833892));
#5495=CARTESIAN_POINT('Ctrl Pts',(12.4139967631331,8.97832466979785,-382.517336187751));
#5496=CARTESIAN_POINT('Ctrl Pts',(12.3705984925789,9.03793228323141,-382.479042146253));
#5497=CARTESIAN_POINT('Ctrl Pts',(12.3267573318166,9.09724871201727,-382.440733377462));
#5498=CARTESIAN_POINT('Ctrl Pts',(12.2824752137055,9.15626812457451,-382.402408897952));
#5499=CARTESIAN_POINT('Ctrl Pts',(12.264886967893,9.17970982023051,-382.387186943921));
#5500=CARTESIAN_POINT('Ctrl Pts',(12.2472301063009,9.20310336058931,-382.371963346351));
#5501=CARTESIAN_POINT('Ctrl Pts',(12.2295110961016,9.22644015783753,-382.356743437973));
#5502=CARTESIAN_POINT('Ctrl Pts',(12.0210121797089,9.50104335991217,-382.17765135728));
#5503=CARTESIAN_POINT('Ctrl Pts',(11.8036739037718,9.76810978856343,-381.998863614732));
#5504=CARTESIAN_POINT('Ctrl Pts',(11.5778639227494,10.0271822668821,-381.82027942434));
#5505=CARTESIAN_POINT('Ctrl Pts',(11.390033095431,10.2426811465936,-381.671731445745));
#5506=CARTESIAN_POINT('Ctrl Pts',(11.196339649912,10.4526487832602,-381.52332430623));
#5507=CARTESIAN_POINT('Ctrl Pts',(10.9969710020459,10.6568090421643,-381.375));
#5508=CARTESIAN_POINT('Ctrl Pts',(10.758219332962,10.901298850846,-381.197375904851));
#5509=CARTESIAN_POINT('Ctrl Pts',(10.5113297442547,11.1374615566714,-381.019870600826));
#5510=CARTESIAN_POINT('Ctrl Pts',(10.2568371378593,11.3650371795218,-380.842384469414));
#5511=CARTESIAN_POINT('Ctrl Pts',(10.0009292554507,11.5938783885312,-380.663911307895));
#5512=CARTESIAN_POINT('Ctrl Pts',(9.7373330901102,11.8140370884993,-380.485457532826));
#5513=CARTESIAN_POINT('Ctrl Pts',(9.46655602990631,12.0252106885515,-380.306921854452));
#5514=CARTESIAN_POINT('Ctrl Pts',(9.1958926618489,12.2362956223783,-380.128461138501));
#5515=CARTESIAN_POINT('Ctrl Pts',(8.91805392819326,12.4384033193048,-379.949918588008));
#5516=CARTESIAN_POINT('Ctrl Pts',(8.63351753661883,12.6311885023592,-379.771193040752));
#5517=CARTESIAN_POINT('Ctrl Pts',(8.36496511079955,12.8131438869931,-379.602507485256));
#5518=CARTESIAN_POINT('Ctrl Pts',(8.09044579869668,12.9867946155353,-379.433658915375));
#5519=CARTESIAN_POINT('Ctrl Pts',(7.81034348933398,13.1518112663816,-379.264562277618));
#5520=CARTESIAN_POINT('Ctrl Pts',(7.70530512332297,13.2136925104489,-379.201151038459));
#5521=CARTESIAN_POINT('Ctrl Pts',(7.59948150428139,13.2743591847969,-379.137704914755));
#5522=CARTESIAN_POINT('Ctrl Pts',(7.49289241888451,13.3337924263606,-379.074219421264));
#5523=CARTESIAN_POINT('Ctrl Pts',(7.42420255151553,13.3720933599422,-379.033307069764));
#5524=CARTESIAN_POINT('Ctrl Pts',(7.35519478294601,13.4098820344814,-378.992378368069));
#5525=CARTESIAN_POINT('Ctrl Pts',(7.28587436651553,13.4471532138108,-378.951432115778));
#5526=CARTESIAN_POINT('Ctrl Pts',(7.25686839783527,13.462748715338,-378.934298841446));
#5527=CARTESIAN_POINT('Ctrl Pts',(7.22780768840317,13.4782536086936,-378.917162494244));
#5528=CARTESIAN_POINT('Ctrl Pts',(7.19869262160637,13.4936675024515,-378.900022986227));
#5529=CARTESIAN_POINT('Ctrl Pts',(7.17247285707345,13.5075485856614,-378.884587889768));
#5530=CARTESIAN_POINT('Ctrl Pts',(7.14621644760317,13.5213519265408,-378.869154609756));
#5531=CARTESIAN_POINT('Ctrl Pts',(7.11992499458199,13.5350767200824,-378.853723816349));
#5532=CARTESIAN_POINT('Ctrl Pts',(6.80361808634055,13.7001968071276,-378.668079205903));
#5533=CARTESIAN_POINT('Ctrl Pts',(6.48218291304067,13.8539831983215,-378.482759531742));
#5534=CARTESIAN_POINT('Ctrl Pts',(6.1562125095711,13.9961603770684,-378.297652513087));
#5535=CARTESIAN_POINT('Ctrl Pts',(5.83024210610152,14.1383375558153,-378.112545494432));
#5536=CARTESIAN_POINT('Ctrl Pts',(5.49973586106187,14.2689058797252,-377.927651131282));
#5537=CARTESIAN_POINT('Ctrl Pts',(5.16525191538588,14.3875409927397,-377.742857142857));
#5538=CARTESIAN_POINT('Ctrl Pts',(4.84324784003708,14.5017497323937,-377.564957969692));
#5539=CARTESIAN_POINT('Ctrl Pts',(4.5175567050379,14.6048992142658,-377.387151820856));
#5540=CARTESIAN_POINT('Ctrl Pts',(4.18877211107924,14.6969819448757,-377.209338520348));
#5541=CARTESIAN_POINT('Ctrl Pts',(3.85852349661577,14.7894747038392,-377.030733448197));
#5542=CARTESIAN_POINT('Ctrl Pts',(3.52515323501106,14.8708020357954,-376.852121160542));
#5543=CARTESIAN_POINT('Ctrl Pts',(3.18924836709017,14.9409056942855,-376.673400137214));
#5544=CARTESIAN_POINT('Ctrl Pts',(2.8538798211903,15.0108974218707,-376.494964468549));
#5545=CARTESIAN_POINT('Ctrl Pts',(2.51598416706225,15.06970134682,-376.316420411159));
#5546=CARTESIAN_POINT('Ctrl Pts',(2.17613996645312,15.1172080046813,-376.137666930375));
#5547=CARTESIAN_POINT('Ctrl Pts',(1.85546146926692,15.1620354980502,-375.968994351936));
#5548=CARTESIAN_POINT('Ctrl Pts',(1.53304754969552,15.1968036647989,-375.800135305139));
#5549=CARTESIAN_POINT('Ctrl Pts',(1.20938675248044,15.2213775907716,-375.631004903148));
#5550=CARTESIAN_POINT('Ctrl Pts',(1.08658975777145,15.2307009449857,-375.566836782519));
#5551=CARTESIAN_POINT('Ctrl Pts',(0.963613341951267,15.2385564603771,-375.502629601785));
#5552=CARTESIAN_POINT('Ctrl Pts',(0.840484483487571,15.2449351680094,-375.438378725053));
#5553=CARTESIAN_POINT('Ctrl Pts',(0.798838075277931,15.2470926659771,-375.41664687215));
#5554=CARTESIAN_POINT('Ctrl Pts',(0.757169551165676,15.2490813727261,-375.394907580872));
#5555=CARTESIAN_POINT('Ctrl Pts',(0.715507762988511,15.2508998169669,-375.373175172163));
#5556=CARTESIAN_POINT('Ctrl Pts',(0.372909372219595,15.2658534734915,-375.194462529789));
#5557=CARTESIAN_POINT('Ctrl Pts',(0.0304576143890473,15.2693162293181,-375.016053425083));
#5558=CARTESIAN_POINT('Ctrl Pts',(-0.311262937106716,15.261305837111,-374.837847715971));
#5559=CARTESIAN_POINT('Ctrl Pts',(-0.65448333828096,15.2532602863976,-374.658859842091));
#5560=CARTESIAN_POINT('Ctrl Pts',(-0.996966685897245,15.2336407329685,-374.480077153176));
#5561=CARTESIAN_POINT('Ctrl Pts',(-1.33813067223256,15.2024137662623,-374.301398182748));
#5562=CARTESIAN_POINT('Ctrl Pts',(-1.45951477105964,15.1913033989183,-374.23782527742));
#5563=CARTESIAN_POINT('Ctrl Pts',(-1.58073190227894,15.1787231786686,-374.17426550175));
#5564=CARTESIAN_POINT('Ctrl Pts',(-1.7017559257239,15.1646700108916,-374.110714285714));
#5565=CARTESIAN_POINT('Ctrl Pts',(-2.04101261885373,15.1252759212529,-373.932566387612));
#5566=CARTESIAN_POINT('Ctrl Pts',(-2.37875231708306,15.0743112044979,-373.754485751374));
#5567=CARTESIAN_POINT('Ctrl Pts',(-2.71443592035705,15.0120217036839,-373.576371709579));
#5568=CARTESIAN_POINT('Ctrl Pts',(-3.05124481658044,14.949523393338,-373.397660586267));
#5569=CARTESIAN_POINT('Ctrl Pts',(-3.38598437325037,14.8756240723942,-373.218915833056));
#5570=CARTESIAN_POINT('Ctrl Pts',(-3.71809944435452,14.7905206176459,-373.040035766743));
#5571=CARTESIAN_POINT('Ctrl Pts',(-4.04930593673121,14.7056499833726,-372.861645068836));
#5572=CARTESIAN_POINT('Ctrl Pts',(-4.37790283430873,14.609636221227,-372.683119797175));
#5573=CARTESIAN_POINT('Ctrl Pts',(-4.70332067404968,14.5026264842256,-372.504359100813));
#5574=CARTESIAN_POINT('Ctrl Pts',(-5.01042181786341,14.4016399720586,-372.335660253922));
#5575=CARTESIAN_POINT('Ctrl Pts',(-5.31469195124299,14.290859984266,-372.166751739017));
#5576=CARTESIAN_POINT('Ctrl Pts',(-5.61563031468694,14.1703732058532,-371.997548794288));
#5577=CARTESIAN_POINT('Ctrl Pts',(-5.66490281477081,14.15064596094,-371.96984527383));
#5578=CARTESIAN_POINT('Ctrl Pts',(-5.71408594375789,14.130658427167,-371.942133860484));
#5579=CARTESIAN_POINT('Ctrl Pts',(-5.7631774363081,14.1104108972622,-371.914414182219));
#5580=CARTESIAN_POINT('Ctrl Pts',(-5.79191250870694,14.0985592666133,-371.89818882584));
#5581=CARTESIAN_POINT('Ctrl Pts',(-5.82060906121443,14.0866214851703,-371.881964658001));
#5582=CARTESIAN_POINT('Ctrl Pts',(-5.84926313900764,14.0745992526589,-371.865743620165));
#5583=CARTESIAN_POINT('Ctrl Pts',(-6.16506237691389,13.9421011177529,-371.686970063972));
#5584=CARTESIAN_POINT('Ctrl Pts',(-6.47584251990231,13.7992920098618,-371.508497976556));
#5585=CARTESIAN_POINT('Ctrl Pts',(-6.78108641624501,13.6464481013336,-371.330227089614));
#5586=CARTESIAN_POINT('Ctrl Pts',(-7.08769917711321,13.4929187651627,-371.151156747888));
#5587=CARTESIAN_POINT('Ctrl Pts',(-7.3887264868321,13.3292642391461,-370.972289415247));
#5588=CARTESIAN_POINT('Ctrl Pts',(-7.68363118681752,13.1557136355748,-370.793523468368));
#5589=CARTESIAN_POINT('Ctrl Pts',(-7.85686648054327,13.0537651424261,-370.688511336255));
#5590=CARTESIAN_POINT('Ctrl Pts',(-8.02798874759284,12.9484008513652,-370.583534189501));
#5591=CARTESIAN_POINT('Ctrl Pts',(-8.19688583407867,12.839659478701,-370.478571428571));
#5592=CARTESIAN_POINT('Ctrl Pts',(-8.48391361308604,12.6548617694485,-370.30019518316));
#5593=CARTESIAN_POINT('Ctrl Pts',(-8.76451671536939,12.4603132415769,-370.121860484616));
#5594=CARTESIAN_POINT('Ctrl Pts',(-9.03831270927988,12.2564643863612,-369.943466230241));
#5595=CARTESIAN_POINT('Ctrl Pts',(-9.31271211523577,12.0521662738247,-369.764678817293));
#5596=CARTESIAN_POINT('Ctrl Pts',(-9.58027480221801,11.8385263855793,-369.585831585718));
#5597=CARTESIAN_POINT('Ctrl Pts',(-9.84058264538021,11.6159576779543,-369.406822762888));
#5598=CARTESIAN_POINT('Ctrl Pts',(-10.0998785562437,11.3942541938323,-369.228509826926));
#5599=CARTESIAN_POINT('Ctrl Pts',(-10.3519763122901,11.1636907392156,-369.050036553622));
#5600=CARTESIAN_POINT('Ctrl Pts',(-10.596423700978,10.9246417052427,-368.871302352647));
#5601=CARTESIAN_POINT('Ctrl Pts',(-10.7118311140104,10.8117829394085,-368.786919157287));
#5602=CARTESIAN_POINT('Ctrl Pts',(-10.8255327130899,10.6970323486703,-368.702477802952));
#5603=CARTESIAN_POINT('Ctrl Pts',(-10.9374774893071,10.5804271230198,-368.617967704392));
#5604=CARTESIAN_POINT('Ctrl Pts',(-10.9919405457963,10.5236966778293,-368.576852089824));
#5605=CARTESIAN_POINT('Ctrl Pts',(-11.0459877293948,10.4665272227904,-368.53572020357));
#5606=CARTESIAN_POINT('Ctrl Pts',(-11.0996129629109,10.4089229340296,-368.494570826651));
#5607=CARTESIAN_POINT('Ctrl Pts',(-11.1277853917715,10.3786600778933,-368.472952685006));
#5608=CARTESIAN_POINT('Ctrl Pts',(-11.1558413598516,10.3482772062265,-368.451329715925));
#5609=CARTESIAN_POINT('Ctrl Pts',(-11.1837799707206,10.3177749173587,-368.429701742658));
#5610=CARTESIAN_POINT('Ctrl Pts',(-11.2038149279349,10.2959015301934,-368.414192184181));
#5611=CARTESIAN_POINT('Ctrl Pts',(-11.2237891634046,10.2739671049,-368.398680326587));
#5612=CARTESIAN_POINT('Ctrl Pts',(-11.2436943371025,10.2519808211542,-368.383172387868));
#5613=CARTESIAN_POINT('Ctrl Pts',(-11.4732064362364,9.99847295374004,-368.204361611195));
#5614=CARTESIAN_POINT('Ctrl Pts',(-11.6938200758927,9.73776884468506,-368.025854938006));
#5615=CARTESIAN_POINT('Ctrl Pts',(-11.9051951002602,9.47034757113595,-367.847552063188));
#5616=CARTESIAN_POINT('Ctrl Pts',(-12.1175932255518,9.20163192067126,-367.668386163816));
#5617=CARTESIAN_POINT('Ctrl Pts',(-12.3206635093291,8.92613351220496,-367.489426040445));
#5618=CARTESIAN_POINT('Ctrl Pts',(-12.5140275406689,8.6442977351696,-367.310569924405));
#5619=CARTESIAN_POINT('Ctrl Pts',(-12.6813513689926,8.40041659116681,-367.155800240263));
#5620=CARTESIAN_POINT('Ctrl Pts',(-12.8414068140552,8.15178923875093,-367.001108436518));
#5621=CARTESIAN_POINT('Ctrl Pts',(-12.9939250284795,7.8986834631632,-366.846428571428));
#5622=CARTESIAN_POINT('Ctrl Pts',(-13.1700047841776,7.60647703195454,-366.667853225794));
#5623=CARTESIAN_POINT('Ctrl Pts',(-13.336039876822,7.30830181747384,-366.489293792384));
#5624=CARTESIAN_POINT('Ctrl Pts',(-13.4918767591515,7.00472841112353,-366.310648804496));
#5625=CARTESIAN_POINT('Ctrl Pts',(-13.6478873639791,6.70081658982461,-366.131804668286));
#5626=CARTESIAN_POINT('Ctrl Pts',(-13.7936772044389,6.39149397400189,-365.952874786743));
#5627=CARTESIAN_POINT('Ctrl Pts',(-13.9290441950928,6.07731261363629,-365.773757353451));
#5628=CARTESIAN_POINT('Ctrl Pts',(-14.0637376728343,5.76469444974895,-365.595531111606));
#5629=CARTESIAN_POINT('Ctrl Pts',(-14.1881119121518,5.44726520496063,-365.41711917968));
#5630=CARTESIAN_POINT('Ctrl Pts',(-14.3019177788212,5.12555693111547,-365.238421263309));
#5631=CARTESIAN_POINT('Ctrl Pts',(-14.3556906640795,4.97355086497507,-365.153987105088));
#5632=CARTESIAN_POINT('Ctrl Pts',(-14.4071033885482,4.82058937409785,-365.06948909997));
#5633=CARTESIAN_POINT('Ctrl Pts',(-14.4561256010367,4.66672821116261,-364.984916668274));
#5634=CARTESIAN_POINT('Ctrl Pts',(-14.4681382847906,4.62902519045987,-364.96419255517));
#5635=CARTESIAN_POINT('Ctrl Pts',(-14.4800074119002,4.59126814649279,-364.943463972942));
#5636=CARTESIAN_POINT('Ctrl Pts',(-14.491732511102,4.55345789943461,-364.922730765917));
#5637=CARTESIAN_POINT('Ctrl Pts',(-14.5012366043747,4.52280979074751,-364.905924909522));
#5638=CARTESIAN_POINT('Ctrl Pts',(-14.5106438260352,4.49213391302018,-364.889119957202));
#5639=CARTESIAN_POINT('Ctrl Pts',(-14.5199525909997,4.46143568744414,-364.872318526734));
#5640=CARTESIAN_POINT('Ctrl Pts',(-14.6190531727714,4.13462412591856,-364.693451454641));
#5641=CARTESIAN_POINT('Ctrl Pts',(-14.7070538840267,3.8051045705213,-364.514886237277));
#5642=CARTESIAN_POINT('Ctrl Pts',(-14.7838623015007,3.47345988619245,-364.336522449233));
#5643=CARTESIAN_POINT('Ctrl Pts',(-14.8645312626692,3.12514608099071,-364.149193742761));
#5644=CARTESIAN_POINT('Ctrl Pts',(-14.9328551935063,2.77448768873627,-363.962087222951));
#5645=CARTESIAN_POINT('Ctrl Pts',(-14.9886714072616,2.42213383759876,-363.775086547795));
#5646=CARTESIAN_POINT('Ctrl Pts',(-15.0444876210169,2.06977998646125,-363.588085872639));
#5647=CARTESIAN_POINT('Ctrl Pts',(-15.0877963300672,1.71572996563219,-363.401191042138));
#5648=CARTESIAN_POINT('Ctrl Pts',(-15.118374802632,1.3606167324599,-363.214285714286));
#5649=CARTESIAN_POINT('Ctrl Pts',(-15.1476195191532,1.02099264512083,-363.035532726616));
#5650=CARTESIAN_POINT('Ctrl Pts',(-15.165219960284,0.680395420941385,-362.85677013736));
#5651=CARTESIAN_POINT('Ctrl Pts',(-15.171279410961,0.339402614456498,-362.677896173786));
#5652=CARTESIAN_POINT('Ctrl Pts',(-15.1773388096207,-0.0015872647806251,
-362.499023745754));
#5653=CARTESIAN_POINT('Ctrl Pts',(-15.1718573380281,-0.342973306497597,
-362.320039945315));
#5654=CARTESIAN_POINT('Ctrl Pts',(-15.1548864093191,-0.684173833496556,
-362.14084300236));
#5655=CARTESIAN_POINT('Ctrl Pts',(-15.1380175161359,-1.02332293621562,-361.962723457975));
#5656=CARTESIAN_POINT('Ctrl Pts',(-15.1097967908321,-1.36228931540127,-361.784393326352));
#5657=CARTESIAN_POINT('Ctrl Pts',(-15.070225013138,-1.70048903190572,-361.605752662006));
#5658=CARTESIAN_POINT('Ctrl Pts',(-15.0608655722937,-1.78047937918417,-361.563500915237));
#5659=CARTESIAN_POINT('Ctrl Pts',(-15.05087092882,-1.860426761278,-361.521231797018));
#5660=CARTESIAN_POINT('Ctrl Pts',(-15.0402406936704,-1.94032329382043,-361.47894398497));
#5661=CARTESIAN_POINT('Ctrl Pts',(-15.0358531092101,-1.97330024867456,-361.461489869949));
#5662=CARTESIAN_POINT('Ctrl Pts',(-15.031357244161,-2.00626854002305,-361.444032570265));
#5663=CARTESIAN_POINT('Ctrl Pts',(-15.0267530636375,-2.03922760989339,-361.426571992934));
#5664=CARTESIAN_POINT('Ctrl Pts',(-15.0226356972616,-2.06870181607964,-361.410957576071));
#5665=CARTESIAN_POINT('Ctrl Pts',(-15.0184323679338,-2.09816383958349,-361.395343084135));
#5666=CARTESIAN_POINT('Ctrl Pts',(-15.014144141577,-2.12760663163152,-361.379731985386));
#5667=CARTESIAN_POINT('Ctrl Pts',(-14.964999661304,-2.4650306835786,-361.20082367443));
#5668=CARTESIAN_POINT('Ctrl Pts',(-14.9046718018813,-2.80019749722345,-361.022218500607));
#5669=CARTESIAN_POINT('Ctrl Pts',(-14.833337714127,-3.13254534566549,-360.843815980671));
#5670=CARTESIAN_POINT('Ctrl Pts',(-14.7616688923588,-3.46645273082863,-360.664576309895));
#5671=CARTESIAN_POINT('Ctrl Pts',(-14.6788902395915,-3.79751521726873,-360.485541199369));
#5672=CARTESIAN_POINT('Ctrl Pts',(-14.585128710693,-4.12516330785824,-360.306608744653));
#5673=CARTESIAN_POINT('Ctrl Pts',(-14.4914706280296,-4.45244990731387,-360.127873704473));
#5674=CARTESIAN_POINT('Ctrl Pts',(-14.3868537831026,-4.77633022096806,-359.94924109371));
#5675=CARTESIAN_POINT('Ctrl Pts',(-14.2713536357728,-5.096228068128,-359.770609344842));
#5676=CARTESIAN_POINT('Ctrl Pts',(-14.2307348134695,-5.2087289965633,-359.707788548222));
#5677=CARTESIAN_POINT('Ctrl Pts',(-14.1887695208048,-5.32073726624378,-359.644967858198));
#5678=CARTESIAN_POINT('Ctrl Pts',(-14.1454595727877,-5.43222735864212,-359.582142857143));
#5679=CARTESIAN_POINT('Ctrl Pts',(-14.0221281232631,-5.74971180119293,-359.403239422682));
#5680=CARTESIAN_POINT('Ctrl Pts',(-13.8878961466449,-6.06299603653492,-359.224301029655));
#5681=CARTESIAN_POINT('Ctrl Pts',(-13.7431035903247,-6.37159654836007,-359.04522566689));
#5682=CARTESIAN_POINT('Ctrl Pts',(-13.5984925660501,-6.67981015575037,-358.866374817854));
#5683=CARTESIAN_POINT('Ctrl Pts',(-13.4433470895934,-6.9833522686505,-358.687387342312));
#5684=CARTESIAN_POINT('Ctrl Pts',(-13.2779619515359,-7.28171356149406,-358.508161612296));
#5685=CARTESIAN_POINT('Ctrl Pts',(-13.1796184975491,-7.45912901985282,-358.401588086162));
#5686=CARTESIAN_POINT('Ctrl Pts',(-13.0776536069083,-7.63471203953761,-358.294930316019));
#5687=CARTESIAN_POINT('Ctrl Pts',(-12.9721226257176,-7.80834979781127,-358.188166934051));
#5688=CARTESIAN_POINT('Ctrl Pts',(-12.9212705420044,-7.89202041017424,-358.136720994896));
#5689=CARTESIAN_POINT('Ctrl Pts',(-12.8695903507645,-7.97523926891411,-358.085250532937));
#5690=CARTESIAN_POINT('Ctrl Pts',(-12.817087865471,-8.05799334660556,-358.033753157359));
#5691=CARTESIAN_POINT('Ctrl Pts',(-12.7933892173177,-8.09534700252285,-358.01050819709));
#5692=CARTESIAN_POINT('Ctrl Pts',(-12.7695230274474,-8.13260595781817,-357.9872577533));
#5693=CARTESIAN_POINT('Ctrl Pts',(-12.7454898147654,-8.16976899572087,-357.964001606112));
#5694=CARTESIAN_POINT('Ctrl Pts',(-12.7286075053698,-8.19587444871428,-357.947665152165));
#5695=CARTESIAN_POINT('Ctrl Pts',(-12.7116416914224,-8.22193422919152,-357.931324842003));
#5696=CARTESIAN_POINT('Ctrl Pts',(-12.6945960391695,-8.24794259261069,-357.914983942335));
#5697=CARTESIAN_POINT('Ctrl Pts',(-12.5079640777684,-8.53270681317065,-357.736068280387));
#5698=CARTESIAN_POINT('Ctrl Pts',(-12.3121633389435,-8.81070413316823,-357.557462259849));
#5699=CARTESIAN_POINT('Ctrl Pts',(-12.1076076030129,-9.08150503312217,-357.37906545289));
#5700=CARTESIAN_POINT('Ctrl Pts',(-11.9020113738657,-9.35368338894751,-357.199761212723));
#5701=CARTESIAN_POINT('Ctrl Pts',(-11.6875705389151,-9.61859242782974,-357.020668319918));
#5702=CARTESIAN_POINT('Ctrl Pts',(-11.4646570342591,-9.87577422994462,-356.841684806325));
#5703=CARTESIAN_POINT('Ctrl Pts',(-11.2419746442489,-10.1326893883621,-356.662886861172));
#5704=CARTESIAN_POINT('Ctrl Pts',(-11.0108367908009,-10.3818938031205,-356.484198068541));
#5705=CARTESIAN_POINT('Ctrl Pts',(-10.771571383409,-10.6229019544891,-356.305516777112));
#5706=CARTESIAN_POINT('Ctrl Pts',(-10.612893811354,-10.7827352907055,-356.187017768816));
#5707=CARTESIAN_POINT('Ctrl Pts',(-10.450640738556,-10.938963170407,-356.06852205967));
#5708=CARTESIAN_POINT('Ctrl Pts',(-10.2848985329925,-11.0914353575775,-355.95));
#5709=CARTESIAN_POINT('Ctrl Pts',(-10.034512332986,-11.321774584828,-355.770949117717));
#5710=CARTESIAN_POINT('Ctrl Pts',(-9.77616447562716,-11.5435446426725,-355.591838098152));
#5711=CARTESIAN_POINT('Ctrl Pts',(-9.5103648054369,-11.7564663337353,-355.412564717568));
#5712=CARTESIAN_POINT('Ctrl Pts',(-9.24505099852629,-11.9689988187805,-355.233619036234));
#5713=CARTESIAN_POINT('Ctrl Pts',(-8.97231207853371,-12.1727155374393,-355.054511586908));
#5714=CARTESIAN_POINT('Ctrl Pts',(-8.69262902881492,-12.3672940935201,-354.875140705403));
#5715=CARTESIAN_POINT('Ctrl Pts',(-8.52638160437278,-12.4829542446542,-354.768520203732));
#5716=CARTESIAN_POINT('Ctrl Pts',(-8.35768016790768,-12.5953847593237,-354.661806624201));
#5717=CARTESIAN_POINT('Ctrl Pts',(-8.18662249848749,-12.7045097853836,-354.554978615021));
#5718=CARTESIAN_POINT('Ctrl Pts',(-8.13591230186483,-12.7368599953841,-354.523309357696));
#5719=CARTESIAN_POINT('Ctrl Pts',(-8.0849950188564,-12.7689196664511,-354.491630043935));
#5720=CARTESIAN_POINT('Ctrl Pts',(-8.03387316564125,-12.800686714147,-354.459940117461));
#5721=CARTESIAN_POINT('Ctrl Pts',(-8.00892868870892,-12.8161871770337,-354.444477285223));
#5722=CARTESIAN_POINT('Ctrl Pts',(-7.98393380077433,-12.8316190142654,-354.429010873198));
#5723=CARTESIAN_POINT('Ctrl Pts',(-7.95889433970127,-12.8469785803553,-354.41354424191));
#5724=CARTESIAN_POINT('Ctrl Pts',(-7.66926156276079,-13.0246434975934,-354.234640895835));
#5725=CARTESIAN_POINT('Ctrl Pts',(-7.37421781602186,-13.192306704129,-354.056047140634));
#5726=CARTESIAN_POINT('Ctrl Pts',(-7.07432312503922,-13.3497798625333,-353.877662568927));
#5727=CARTESIAN_POINT('Ctrl Pts',(-6.77275482898408,-13.5081318223457,-353.698282496689));
#5728=CARTESIAN_POINT('Ctrl Pts',(-6.46628079630423,-13.6561799854936,-353.519113949215));
#5729=CARTESIAN_POINT('Ctrl Pts',(-6.15543610431912,-13.7936923697189,-353.340054828714));
#5730=CARTESIAN_POINT('Ctrl Pts',(-5.84470979829822,-13.931152382015,-353.161063903318));
#5731=CARTESIAN_POINT('Ctrl Pts',(-5.52961563663577,-14.0580849087097,-352.98218232156));
#5732=CARTESIAN_POINT('Ctrl Pts',(-5.21066157029957,-14.1742136606819,-352.803308102256));
#5733=CARTESIAN_POINT('Ctrl Pts',(-4.92215670270675,-14.2792560907606,-352.641510249828));
#5734=CARTESIAN_POINT('Ctrl Pts',(-4.63049313042588,-14.3754586604292,-352.479718421228));
#5735=CARTESIAN_POINT('Ctrl Pts',(-4.33603342516724,-14.462582656985,-352.317857142857));
#5736=CARTESIAN_POINT('Ctrl Pts',(-4.01028574944081,-14.5589640595037,-352.138797209435));
#5737=CARTESIAN_POINT('Ctrl Pts',(-3.68111581366083,-14.6442359099384,-351.959652283294));
#5738=CARTESIAN_POINT('Ctrl Pts',(-3.34910858745647,-14.7183353184911,-351.780320185491));
#5739=CARTESIAN_POINT('Ctrl Pts',(-3.01851701680071,-14.7921187723579,-351.601752747186));
#5740=CARTESIAN_POINT('Ctrl Pts',(-2.68511171073783,-14.8548248846439,-351.42299972999));
#5741=CARTESIAN_POINT('Ctrl Pts',(-2.34946786145477,-14.9063402005052,-351.243960256444));
#5742=CARTESIAN_POINT('Ctrl Pts',(-2.23977159388698,-14.9231766117329,-351.185445965068));
#5743=CARTESIAN_POINT('Ctrl Pts',(-2.12983623862637,-14.9388172827377,-351.126901076275));
#5744=CARTESIAN_POINT('Ctrl Pts',(-2.01968198405519,-14.9532570474601,-351.068322068517));
#5745=CARTESIAN_POINT('Ctrl Pts',(-1.92948570460335,-14.9650805858171,-351.020356526248));
#5746=CARTESIAN_POINT('Ctrl Pts',(-1.83914266212717,-14.976098950261,-350.972368108482));
#5747=CARTESIAN_POINT('Ctrl Pts',(-1.74866399234191,-14.9863090050296,-350.924354881934));
#5748=CARTESIAN_POINT('Ctrl Pts',(-1.71897843760578,-14.9896588679356,-350.908602005945));
#5749=CARTESIAN_POINT('Ctrl Pts',(-1.68928300931752,-14.9929211701392,-350.892848967856));
#5750=CARTESIAN_POINT('Ctrl Pts',(-1.6595851277303,-14.9960951701426,-350.877099418404));
#5751=CARTESIAN_POINT('Ctrl Pts',(-1.31392365168731,-15.0330381932648,-350.693786258687));
#5752=CARTESIAN_POINT('Ctrl Pts',(-0.967641176202259,-15.0580561749269,
-350.51079164774));
#5753=CARTESIAN_POINT('Ctrl Pts',(-0.621375389253644,-15.0712025236762,
-350.328007498733));
#5754=CARTESIAN_POINT('Ctrl Pts',(-0.281458171730903,-15.0841078422374,
-350.14857458425));
#5755=CARTESIAN_POINT('Ctrl Pts',(0.0584436259153364,-15.0855727213226,
-349.969344485076));
#5756=CARTESIAN_POINT('Ctrl Pts',(0.397740119117861,-15.0755958084932,-349.790214951163));
#5757=CARTESIAN_POINT('Ctrl Pts',(0.746542076733529,-15.0653393902998,-349.606067064735));
#5758=CARTESIAN_POINT('Ctrl Pts',(1.09470497569151,-15.0429914109674,-349.422025457214));
#5759=CARTESIAN_POINT('Ctrl Pts',(1.4415924952454,-15.0084932538711,-349.237979041879));
#5760=CARTESIAN_POINT('Ctrl Pts',(1.78848001479929,-14.9739950967747,-349.053932626544));
#5761=CARTESIAN_POINT('Ctrl Pts',(2.13409283667838,-14.9273468148263,-348.869881403395));
#5762=CARTESIAN_POINT('Ctrl Pts',(2.47778908785883,-14.8684311522288,-348.685714285714));
#5763=CARTESIAN_POINT('Ctrl Pts',(2.81261899204519,-14.8110353395167,-348.5062981351));
#5764=CARTESIAN_POINT('Ctrl Pts',(3.14563042615278,-14.7419963480073,-348.3267719923));
#5765=CARTESIAN_POINT('Ctrl Pts',(3.47629217373949,-14.6615698521942,-348.147033147847));
#5766=CARTESIAN_POINT('Ctrl Pts',(3.80584567474122,-14.5814129139879,-347.967896716471));
#5767=CARTESIAN_POINT('Ctrl Pts',(4.13306574391774,-14.489944399474,-347.788549006836));
#5768=CARTESIAN_POINT('Ctrl Pts',(4.45740482368306,-14.3873708414689,-347.608888338743));
#5769=CARTESIAN_POINT('Ctrl Pts',(4.52835399738172,-14.3649328756553,-347.569587567598));
#5770=CARTESIAN_POINT('Ctrl Pts',(4.59916521132535,-14.3419633477532,-347.530271820901));
#5771=CARTESIAN_POINT('Ctrl Pts',(4.66983255612749,-14.3184641411911,-347.490940034313));
#5772=CARTESIAN_POINT('Ctrl Pts',(4.70963673627963,-14.3052279476699,-347.468785961262));
#5773=CARTESIAN_POINT('Ctrl Pts',(4.74939527078012,-14.2918237047978,-347.446626799343));
#5774=CARTESIAN_POINT('Ctrl Pts',(4.78910709357431,-14.2782517356828,-347.424462358354));
#5775=CARTESIAN_POINT('Ctrl Pts',(4.81383615520442,-14.2698002963615,-347.41066027654));
#5776=CARTESIAN_POINT('Ctrl Pts',(4.83854574229838,-14.2612842675253,-347.396856904621));
#5777=CARTESIAN_POINT('Ctrl Pts',(4.86322780302283,-14.2527065022202,-347.383056565788));
#5778=CARTESIAN_POINT('Ctrl Pts',(5.18184496394849,-14.1419773674402,-347.204909982808));
#5779=CARTESIAN_POINT('Ctrl Pts',(5.49623900179105,-14.0208411759681,-347.02706605538));
#5780=CARTESIAN_POINT('Ctrl Pts',(5.80593215880742,-13.8896652356747,-346.849425599195));
#5781=CARTESIAN_POINT('Ctrl Pts',(6.11868250645752,-13.7571943689454,-346.670031533908));
#5782=CARTESIAN_POINT('Ctrl Pts',(6.42663924431927,-13.6144843564458,-346.490844976898));
#5783=CARTESIAN_POINT('Ctrl Pts',(6.72930061584901,-13.4618609321464,-346.311763777417));
#5784=CARTESIAN_POINT('Ctrl Pts',(7.03320561368519,-13.3086103828707,-346.131946738773));
#5785=CARTESIAN_POINT('Ctrl Pts',(7.33177218835281,-13.1453645382382,-345.952235925258));
#5786=CARTESIAN_POINT('Ctrl Pts',(7.62447441275973,-12.9724038954899,-345.772527921742));
#5787=CARTESIAN_POINT('Ctrl Pts',(7.91549839757296,-12.8004349411354,-345.593850293337));
#5788=CARTESIAN_POINT('Ctrl Pts',(8.20072559407619,-12.6188619603935,-345.415175442801));
#5789=CARTESIAN_POINT('Ctrl Pts',(8.47961349850321,-12.4279163485095,-345.236401723648));
#5790=CARTESIAN_POINT('Ctrl Pts',(8.75600291258927,-12.2386813729041,-345.059229595685));
#5791=CARTESIAN_POINT('Ctrl Pts',(9.02616657775473,-12.0402406396127,-344.881960362651));
#5792=CARTESIAN_POINT('Ctrl Pts',(9.28954404209707,-11.8327803716796,-344.70449508554));
#5793=CARTESIAN_POINT('Ctrl Pts',(9.50219631562313,-11.6652759204068,-344.561208738913));
#5794=CARTESIAN_POINT('Ctrl Pts',(9.71042414770581,-11.4918908242852,-344.417794590606));
#5795=CARTESIAN_POINT('Ctrl Pts',(9.91391374146322,-11.3127062743833,-344.274200564119));
#5796=CARTESIAN_POINT('Ctrl Pts',(10.0156585383419,-11.2231139994323,-344.202403550875));
#5797=CARTESIAN_POINT('Ctrl Pts',(10.1162184935236,-11.1320716352793,-344.130561568086));
#5798=CARTESIAN_POINT('Ctrl Pts',(10.215552575173,-11.0395880280467,-344.058668106189));
#5799=CARTESIAN_POINT('Ctrl Pts',(10.2713907519337,-10.9876006746393,-344.018254989495));
#5800=CARTESIAN_POINT('Ctrl Pts',(10.3268415489215,-10.935157895415,-343.977825606197));
#5801=CARTESIAN_POINT('Ctrl Pts',(10.3818974969599,-10.8822611473584,-343.937378800048));
#5802=CARTESIAN_POINT('Ctrl Pts',(10.4093546088423,-10.8558808563754,-343.917207455783));
#5803=CARTESIAN_POINT('Ctrl Pts',(10.4367158214308,-10.8293853530038,-343.89703005129));
#5804=CARTESIAN_POINT('Ctrl Pts',(10.4639634443024,-10.8027913111599,-343.876858900182));
#5805=CARTESIAN_POINT('Ctrl Pts',(10.4792751877377,-10.7878468461862,-343.865523764929));
#5806=CARTESIAN_POINT('Ctrl Pts',(10.4945520879155,-10.7728702890931,-343.854189854338));
#5807=CARTESIAN_POINT('Ctrl Pts',(10.5097940239911,-10.7578617166655,-343.842857142857));
#5808=CARTESIAN_POINT('Ctrl Pts',(10.7441958420373,-10.5270487381928,-343.668574285267));
#5809=CARTESIAN_POINT('Ctrl Pts',(10.9703308197145,-10.2886676458,-343.494575024248));
#5810=CARTESIAN_POINT('Ctrl Pts',(11.1880627992268,-10.0432961240356,-343.320766428646));
#5811=CARTESIAN_POINT('Ctrl Pts',(11.413588597509,-9.78914141306671,-343.140736272491));
#5812=CARTESIAN_POINT('Ctrl Pts',(11.6300994980471,-9.52748659254215,-342.960910675972));
#5813=CARTESIAN_POINT('Ctrl Pts',(11.8374096618209,-9.25892817739237,-342.781186366908));
#5814=CARTESIAN_POINT('Ctrl Pts',(12.0442997221217,-8.99091398217293,-342.601826259989));
#5815=CARTESIAN_POINT('Ctrl Pts',(12.2420265472128,-8.71602358542878,-342.422567030434));
#5816=CARTESIAN_POINT('Ctrl Pts',(12.4303666726655,-8.43481214072058,-342.243306032615));
#5817=CARTESIAN_POINT('Ctrl Pts',(12.6192922645546,-8.1527265335789,-342.063487791367));
#5818=CARTESIAN_POINT('Ctrl Pts',(12.7987730017092,-7.86427999336477,-341.883667770845));
#5819=CARTESIAN_POINT('Ctrl Pts',(12.9685401656337,-7.57000293746959,-341.703742365205));
#5820=CARTESIAN_POINT('Ctrl Pts',(13.137763296783,-7.27666891649171,-341.524393545258));
#5821=CARTESIAN_POINT('Ctrl Pts',(13.2973352642759,-6.97754114431927,-341.344940014542));
#5822=CARTESIAN_POINT('Ctrl Pts',(13.4469430745821,-6.6731233200252,-341.165279160063));
#5823=CARTESIAN_POINT('Ctrl Pts',(13.596986114287,-6.36781990301806,-340.985095647807));
#5824=CARTESIAN_POINT('Ctrl Pts',(13.737007254291,-6.05719508133912,-340.804703603769));
#5825=CARTESIAN_POINT('Ctrl Pts',(13.8666392194326,-5.74174318539492,-340.623999516803));
#5826=CARTESIAN_POINT('Ctrl Pts',(13.8951821578311,-5.67228559425379,-340.584211293142));
#5827=CARTESIAN_POINT('Ctrl Pts',(13.9232212086204,-5.60259394565776,-340.544407941273));
#5828=CARTESIAN_POINT('Ctrl Pts',(13.9507520928841,-5.53267346690502,-340.504588356235));
#5829=CARTESIAN_POINT('Ctrl Pts',(13.9698596004194,-5.48414592736641,-340.476952011035));
#5830=CARTESIAN_POINT('Ctrl Pts',(13.9887223264085,-5.43550816231504,-340.449307846477));
#5831=CARTESIAN_POINT('Ctrl Pts',(14.0073388024206,-5.3867619165769,-340.421655493161));
#5832=CARTESIAN_POINT('Ctrl Pts',(14.0184161028999,-5.35775659833461,-340.405201604335));
#5833=CARTESIAN_POINT('Ctrl Pts',(14.0294064814385,-5.32871209292448,-340.388744380325));
#5834=CARTESIAN_POINT('Ctrl Pts',(14.0403045135328,-5.29964261254465,-340.372291564581));
#5835=CARTESIAN_POINT('Ctrl Pts',(14.1596560132783,-4.98128366020224,-340.192105984546));
#5836=CARTESIAN_POINT('Ctrl Pts',(14.268083523776,-4.65954625377394,-340.012230244455));
#5837=CARTESIAN_POINT('Ctrl Pts',(14.3653887120549,-4.33498298324668,-339.832561718213));
#5838=CARTESIAN_POINT('Ctrl Pts',(14.4628674100085,-4.00984096796303,-339.652572816171));
#5839=CARTESIAN_POINT('Ctrl Pts',(14.549184351385,-3.6818624604643,-339.472791867624));
#5840=CARTESIAN_POINT('Ctrl Pts',(14.6240946026385,-3.35157770557382,-339.293115696505));
#5841=CARTESIAN_POINT('Ctrl Pts',(14.6648403008688,-3.1719269538056,-339.195384999771));
#5842=CARTESIAN_POINT('Ctrl Pts',(14.7022104428707,-2.99159349309401,-339.097685302113));
#5843=CARTESIAN_POINT('Ctrl Pts',(14.7361595391549,-2.81066038403235,-339.));
#5844=CARTESIAN_POINT('Ctrl Pts',(14.7982200263188,-2.47990645766918,-338.82142683896));
#5845=CARTESIAN_POINT('Ctrl Pts',(14.8488513200038,-2.14714907883149,-338.642901784226));
#5846=CARTESIAN_POINT('Ctrl Pts',(14.8881284247583,-1.81297463423601,-338.464323406977));
#5847=CARTESIAN_POINT('Ctrl Pts',(14.9275530894261,-1.47754473172457,-338.285074129721));
#5848=CARTESIAN_POINT('Ctrl Pts',(14.9555380935052,-1.14068650405414,-338.105771128543));
#5849=CARTESIAN_POINT('Ctrl Pts',(14.9721070519222,-0.802988900482956,-337.926311827148));
#5850=CARTESIAN_POINT('Ctrl Pts',(14.9852165007267,-0.535800744532915,-337.784322664948));
#5851=CARTESIAN_POINT('Ctrl Pts',(14.9911784135414,-0.268086949046163,-337.642235657886));
#5852=CARTESIAN_POINT('Ctrl Pts',(14.9899814374893,-0.000141138338877675,
-337.5));
#5853=CARTESIAN_POINT('Ctrl Pts',(14.6403467511122,0.000751096077357786,
-290.499999972949));
#5854=CARTESIAN_POINT('Ctrl Pts',(14.6404489935398,-0.0359238658001493,
-290.51992495523));
#5855=CARTESIAN_POINT('Ctrl Pts',(14.6404152733905,-0.0726071523631442,
-290.539853681921));
#5856=CARTESIAN_POINT('Ctrl Pts',(14.640245507068,-0.109297972742519,-290.559786291849));
#5857=CARTESIAN_POINT('Ctrl Pts',(14.6387143903223,-0.440211246115614,-290.739557829517));
#5858=CARTESIAN_POINT('Ctrl Pts',(14.6261269412547,-0.770507521417932,-290.918977766194));
#5859=CARTESIAN_POINT('Ctrl Pts',(14.6026399098323,-1.0996115893332,-291.098147538873));
#5860=CARTESIAN_POINT('Ctrl Pts',(14.5789333179413,-1.43179217390472,-291.278992218803));
#5861=CARTESIAN_POINT('Ctrl Pts',(14.5441224244859,-1.76275874078147,-291.45958203573));
#5862=CARTESIAN_POINT('Ctrl Pts',(14.4983161224827,-2.09192867882613,-291.64002129807));
#5863=CARTESIAN_POINT('Ctrl Pts',(14.4523878172654,-2.42197534755397,-291.820941153014));
#5864=CARTESIAN_POINT('Ctrl Pts',(14.3954054203633,-2.75021640996302,-292.001709650312));
#5865=CARTESIAN_POINT('Ctrl Pts',(14.3274265924152,-3.07606448654108,-292.182431934067));
#5866=CARTESIAN_POINT('Ctrl Pts',(14.2597769401531,-3.40033470031438,-292.362279101502));
#5867=CARTESIAN_POINT('Ctrl Pts',(14.181237008751,-3.7222356370326,-292.542080501872));
#5868=CARTESIAN_POINT('Ctrl Pts',(14.0918130907866,-4.04117937302851,-292.721939759238));
#5869=CARTESIAN_POINT('Ctrl Pts',(14.0037343272458,-4.35532541521842,-292.899093493505));
#5870=CARTESIAN_POINT('Ctrl Pts',(13.9050964034929,-4.66660307712765,-293.076303357239));
#5871=CARTESIAN_POINT('Ctrl Pts',(13.7958581023872,-4.97443359325333,-293.253668368211));
#5872=CARTESIAN_POINT('Ctrl Pts',(13.7306607754123,-5.15815786037939,-293.359526153414));
#5873=CARTESIAN_POINT('Ctrl Pts',(13.6616865638313,-5.34065384820421,-293.465439204072));
#5874=CARTESIAN_POINT('Ctrl Pts',(13.5889188159389,-5.52179440039266,-293.571428571429));
#5875=CARTESIAN_POINT('Ctrl Pts',(13.5195531120269,-5.69446625397488,-293.672462714807));
#5876=CARTESIAN_POINT('Ctrl Pts',(13.4467401840214,-5.86590643147033,-293.773566205763));
#5877=CARTESIAN_POINT('Ctrl Pts',(13.3705374432442,-6.03603261076711,-293.874757278858));
#5878=CARTESIAN_POINT('Ctrl Pts',(13.3348174085049,-6.11577925731248,-293.922190594371));
#5879=CARTESIAN_POINT('Ctrl Pts',(13.2983524841672,-6.19523713968503,-293.969643154006));
#5880=CARTESIAN_POINT('Ctrl Pts',(13.2611482870767,-6.27439753446899,-294.017116835866));
#5881=CARTESIAN_POINT('Ctrl Pts',(13.244890241742,-6.30899022528762,-294.037862593932));
#5882=CARTESIAN_POINT('Ctrl Pts',(13.2284910191418,-6.34352610441525,-294.058612385594));
#5883=CARTESIAN_POINT('Ctrl Pts',(13.2119510771331,-6.37800443388349,-294.079366367581));
#5884=CARTESIAN_POINT('Ctrl Pts',(13.199893042046,-6.40314000607922,-294.094496544148));
#5885=CARTESIAN_POINT('Ctrl Pts',(13.187761840309,-6.42824157773524,-294.109626896266));
#5886=CARTESIAN_POINT('Ctrl Pts',(13.1755608317237,-6.45330256256253,-294.12475365545));
#5887=CARTESIAN_POINT('Ctrl Pts',(13.0307729815384,-6.75069815009008,-294.304261023801));
#5888=CARTESIAN_POINT('Ctrl Pts',(12.87602992876,-7.04264920369783,-294.483424927128));
#5889=CARTESIAN_POINT('Ctrl Pts',(12.7118227097886,-7.32877613029706,-294.662346440337));
#5890=CARTESIAN_POINT('Ctrl Pts',(12.5467548110115,-7.61640276969293,-294.842205757219));
#5891=CARTESIAN_POINT('Ctrl Pts',(12.372122930017,-7.89814452902536,-295.021820136385));
#5892=CARTESIAN_POINT('Ctrl Pts',(12.1883736489084,-8.17359981681618,-295.201292250416));
#5893=CARTESIAN_POINT('Ctrl Pts',(12.0033118157357,-8.45102272812294,-295.382046363986));
#5894=CARTESIAN_POINT('Ctrl Pts',(11.809001529017,-8.72206952557941,-295.562656172714));
#5895=CARTESIAN_POINT('Ctrl Pts',(11.6058512862803,-8.98630658374013,-295.743226565159));
#5896=CARTESIAN_POINT('Ctrl Pts',(11.4025047394951,-9.25079897412974,-295.923971442746));
#5897=CARTESIAN_POINT('Ctrl Pts',(11.1903007649427,-9.50846893524585,-296.104676827836));
#5898=CARTESIAN_POINT('Ctrl Pts',(10.9696068421889,-9.75885102120275,-296.285447913343));
#5899=CARTESIAN_POINT('Ctrl Pts',(10.7513416464814,-10.0064776631651,-296.464229620895));
#5900=CARTESIAN_POINT('Ctrl Pts',(10.5247719065653,-10.2469763477926,-296.643075590761));
#5901=CARTESIAN_POINT('Ctrl Pts',(10.2902179930268,-10.4798605632001,-296.822087581002));
#5902=CARTESIAN_POINT('Ctrl Pts',(10.1166460796901,-10.6521968855594,-296.954557993401));
#5903=CARTESIAN_POINT('Ctrl Pts',(9.93870118445698,-10.8203627190419,-297.087119320671));
#5904=CARTESIAN_POINT('Ctrl Pts',(9.75650257572001,-10.9841459490464,-297.219812799059));
#5905=CARTESIAN_POINT('Ctrl Pts',(9.6198536191673,-11.1069833715497,-297.319332907849));
#5906=CARTESIAN_POINT('Ctrl Pts',(9.48081175989578,-11.2273553253265,-297.418927351644));
#5907=CARTESIAN_POINT('Ctrl Pts',(9.33942444998636,-11.3451670327768,-297.518613526983));
#5908=CARTESIAN_POINT('Ctrl Pts',(9.30162559718471,-11.3766631224264,-297.545263889526));
#5909=CARTESIAN_POINT('Ctrl Pts',(9.26365909761502,-11.4079761995038,-297.571920808312));
#5910=CARTESIAN_POINT('Ctrl Pts',(9.22552583123895,-11.4391043940983,-297.598584615747));
#5911=CARTESIAN_POINT('Ctrl Pts',(9.20321142749673,-11.4573196472869,-297.614187448154));
#5912=CARTESIAN_POINT('Ctrl Pts',(9.18084057838246,-11.4754710244665,-297.629792168312));
#5913=CARTESIAN_POINT('Ctrl Pts',(9.15842241994472,-11.4935510264854,-297.645392642984));
#5914=CARTESIAN_POINT('Ctrl Pts',(8.89756683807135,-11.7039282285196,-297.826918298156));
#5915=CARTESIAN_POINT('Ctrl Pts',(8.62999104916177,-11.9049048127111,-298.008091971402));
#5916=CARTESIAN_POINT('Ctrl Pts',(8.35611028578706,-12.0960692963415,-298.189018176242));
#5917=CARTESIAN_POINT('Ctrl Pts',(8.24238167775343,-12.1754500836625,-298.264147532461));
#5918=CARTESIAN_POINT('Ctrl Pts',(8.12756539700687,-12.2531385838806,-298.339234217354));
#5919=CARTESIAN_POINT('Ctrl Pts',(8.01168916206779,-12.3291036266496,-298.414285714286));
#5920=CARTESIAN_POINT('Ctrl Pts',(7.73740841222187,-12.5089139984979,-298.591933709722));
#5921=CARTESIAN_POINT('Ctrl Pts',(7.45719126860422,-12.6790711375706,-298.769384555515));
#5922=CARTESIAN_POINT('Ctrl Pts',(7.17162188615403,-12.8395100110183,-298.946737494669));
#5923=CARTESIAN_POINT('Ctrl Pts',(6.88136749294999,-13.0025810218506,-299.12700006097));
#5924=CARTESIAN_POINT('Ctrl Pts',(6.58558331940551,-13.1556125536787,-299.307161481796));
#5925=CARTESIAN_POINT('Ctrl Pts',(6.28485246054188,-13.2984918393938,-299.487325965225));
#5926=CARTESIAN_POINT('Ctrl Pts',(5.9833480948935,-13.4417386234672,-299.66795384789));
#5927=CARTESIAN_POINT('Ctrl Pts',(5.67687099393679,-13.5747810593964,-299.848584808934));
#5928=CARTESIAN_POINT('Ctrl Pts',(5.36598665786875,-13.6974577918131,-300.029323862601));
#5929=CARTESIAN_POINT('Ctrl Pts',(5.05627210061971,-13.819672922835,-300.209382841101));
#5930=CARTESIAN_POINT('Ctrl Pts',(4.7421828301496,-13.9316003575537,-300.389549100306));
#5931=CARTESIAN_POINT('Ctrl Pts',(4.42426473725652,-14.0330308124985,-300.569926473488));
#5932=CARTESIAN_POINT('Ctrl Pts',(4.22671123626301,-14.0960594413486,-300.682012518192));
#5933=CARTESIAN_POINT('Ctrl Pts',(4.02767906471997,-14.1550338307024,-300.794180081355));
#5934=CARTESIAN_POINT('Ctrl Pts',(3.82729811424581,-14.2098936354941,-300.906454077066));
#5935=CARTESIAN_POINT('Ctrl Pts',(3.73963144841336,-14.2338948000904,-300.95557395019));
#5936=CARTESIAN_POINT('Ctrl Pts',(3.65170661373267,-14.2571083051723,-301.004714195168));
#5937=CARTESIAN_POINT('Ctrl Pts',(3.56353448585087,-14.2795286139786,-301.053876898313));
#5938=CARTESIAN_POINT('Ctrl Pts',(3.52608412174643,-14.2890514501435,-301.074758339845));
#5939=CARTESIAN_POINT('Ctrl Pts',(3.48858914474737,-14.2984311857739,-301.095643832951));
#5940=CARTESIAN_POINT('Ctrl Pts',(3.45105038901245,-14.3076673802584,-301.116533537496));
#5941=CARTESIAN_POINT('Ctrl Pts',(3.42063540736678,-14.3151508111878,-301.133458978094));
#5942=CARTESIAN_POINT('Ctrl Pts',(3.39019063485626,-14.3225402364902,-301.150387764191));
#5943=CARTESIAN_POINT('Ctrl Pts',(3.35973167317311,-14.3298318682036,-301.167311568961));
#5944=CARTESIAN_POINT('Ctrl Pts',(3.03369572402317,-14.407882265694,-301.348465766159));
#5945=CARTESIAN_POINT('Ctrl Pts',(2.70564113131118,-14.4748299336113,-301.529269174938));
#5946=CARTESIAN_POINT('Ctrl Pts',(2.37615875501638,-14.5306017202104,-301.709825665385));
#5947=CARTESIAN_POINT('Ctrl Pts',(2.04570034881617,-14.5865387202944,-301.890917020659));
#5948=CARTESIAN_POINT('Ctrl Pts',(1.71380510510077,-14.6312337002196,-302.071759992535));
#5949=CARTESIAN_POINT('Ctrl Pts',(1.38104869506198,-14.664564378833,-302.252459376924));
#5950=CARTESIAN_POINT('Ctrl Pts',(1.04998861892541,-14.6977251434841,-302.432237587497));
#5951=CARTESIAN_POINT('Ctrl Pts',(0.718075547522333,-14.7196372896231,-302.61187367082));
#5952=CARTESIAN_POINT('Ctrl Pts',(0.385864955545004,-14.7301304601075,-302.791470828266));
#5953=CARTESIAN_POINT('Ctrl Pts',(0.0987259924400498,-14.7392000026367,
-302.946701705339));
#5954=CARTESIAN_POINT('Ctrl Pts',(-0.188635632110505,-14.7397381274103,
-303.101903502324));
#5955=CARTESIAN_POINT('Ctrl Pts',(-0.475863158273813,-14.7316034873634,
-303.257142857143));
#5956=CARTESIAN_POINT('Ctrl Pts',(-0.809026400353113,-14.7221678908265,
-303.437209327236));
#5957=CARTESIAN_POINT('Ctrl Pts',(-1.14200978877393,-14.7010646355919,-303.617326328872));
#5958=CARTESIAN_POINT('Ctrl Pts',(-1.47426024541272,-14.6684904297087,-303.797597857543));
#5959=CARTESIAN_POINT('Ctrl Pts',(-1.80470188338216,-14.6360935624281,-303.97688796241));
#5960=CARTESIAN_POINT('Ctrl Pts',(-2.1344191030472,-14.5923500844841,-304.156330916357));
#5961=CARTESIAN_POINT('Ctrl Pts',(-2.46285488967061,-14.5374043537302,-304.336029025604));
#5962=CARTESIAN_POINT('Ctrl Pts',(-2.60654554631835,-14.5133655965254,-304.4146469484));
#5963=CARTESIAN_POINT('Ctrl Pts',(-2.74999071186882,-14.4871820413978,-304.493313709514));
#5964=CARTESIAN_POINT('Ctrl Pts',(-2.89314254106956,-14.4588629542928,-304.572037876095));
#5965=CARTESIAN_POINT('Ctrl Pts',(-2.94218922044857,-14.4491602687365,-304.599010349861));
#5966=CARTESIAN_POINT('Ctrl Pts',(-2.99120145813006,-14.4392068818455,-304.625989562366));
#5967=CARTESIAN_POINT('Ctrl Pts',(-3.04017730564582,-14.4290031211827,-304.652975858179));
#5968=CARTESIAN_POINT('Ctrl Pts',(-3.07166215589798,-14.4224434822428,-304.670324398849));
#5969=CARTESIAN_POINT('Ctrl Pts',(-3.10312532149396,-14.415781738914,-304.687672206989));
#5970=CARTESIAN_POINT('Ctrl Pts',(-3.13455960433099,-14.4090195903025,-304.705015670268));
#5971=CARTESIAN_POINT('Ctrl Pts',(-3.45922368503628,-14.3391777945179,-304.884144921949));
#5972=CARTESIAN_POINT('Ctrl Pts',(-3.78103045226879,-14.2585831443657,-305.062934073241));
#5973=CARTESIAN_POINT('Ctrl Pts',(-4.09945709122892,-14.1675383760272,-305.241483583568));
#5974=CARTESIAN_POINT('Ctrl Pts',(-4.42107730241114,-14.0755804992752,-305.421823807002));
#5975=CARTESIAN_POINT('Ctrl Pts',(-4.73924981125588,-13.9729617164058,-305.601919558541));
#5976=CARTESIAN_POINT('Ctrl Pts',(-5.05343336739089,-13.8599406572582,-305.781874350611));
#5977=CARTESIAN_POINT('Ctrl Pts',(-5.36893964245359,-13.7464437772369,-305.962586755882));
#5978=CARTESIAN_POINT('Ctrl Pts',(-5.68042389040872,-13.6224566780572,-306.143157012302));
#5979=CARTESIAN_POINT('Ctrl Pts',(-5.98732676028824,-13.4881900834592,-306.323689945179));
#5980=CARTESIAN_POINT('Ctrl Pts',(-6.29256098870048,-13.3546535009576,-306.503241314287));
#5981=CARTESIAN_POINT('Ctrl Pts',(-6.59326407377194,-13.210948661773,-306.682755764607));
#5982=CARTESIAN_POINT('Ctrl Pts',(-6.88886618587246,-13.0572355234305,-306.862336420911));
#5983=CARTESIAN_POINT('Ctrl Pts',(-7.18182645322332,-12.9048961447157,-307.040312135321));
#5984=CARTESIAN_POINT('Ctrl Pts',(-7.46977702932298,-12.7427263157663,-307.218352877614));
#5985=CARTESIAN_POINT('Ctrl Pts',(-7.75213608453993,-12.5708387206722,-307.396559032272));
#5986=CARTESIAN_POINT('Ctrl Pts',(-8.02928412074958,-12.4021233614551,-307.571476340186));
#5987=CARTESIAN_POINT('Ctrl Pts',(-8.30104553540257,-12.2240453373351,-307.746553011336));
#5988=CARTESIAN_POINT('Ctrl Pts',(-8.56683708761084,-12.0366735040676,-307.921883974267));
#5989=CARTESIAN_POINT('Ctrl Pts',(-8.65679558426538,-11.9732565583592,-307.981225626442));
#5990=CARTESIAN_POINT('Ctrl Pts',(-8.74606991107909,-11.9087746845585,-308.040596408206));
#5991=CARTESIAN_POINT('Ctrl Pts',(-8.83463644581945,-11.8432296311681,-308.1));
#5992=CARTESIAN_POINT('Ctrl Pts',(-8.86875354049054,-11.8179807400571,-308.122883112351));
#5993=CARTESIAN_POINT('Ctrl Pts',(-8.90276559994887,-11.7925740787068,-308.145771093385));
#5994=CARTESIAN_POINT('Ctrl Pts',(-8.93667186058486,-11.7670105039302,-308.168664153481));
#5995=CARTESIAN_POINT('Ctrl Pts',(-8.95724700416014,-11.7514979050337,-308.182556219121));
#5996=CARTESIAN_POINT('Ctrl Pts',(-8.97778240138895,-11.735928098605,-308.196449629971));
#5997=CARTESIAN_POINT('Ctrl Pts',(-8.99827093160537,-11.7203066516803,-308.210339696808));
#5998=CARTESIAN_POINT('Ctrl Pts',(-9.2569795715434,-11.5230546650787,-308.385729549675));
#5999=CARTESIAN_POINT('Ctrl Pts',(-9.50852063058747,-11.317345082906,-308.560790716062));
#6000=CARTESIAN_POINT('Ctrl Pts',(-9.75267949510476,-11.1037265873002,-308.7356174639));
#6001=CARTESIAN_POINT('Ctrl Pts',(-10.0026679501693,-10.8850076896871,-308.914618413475));
#6002=CARTESIAN_POINT('Ctrl Pts',(-10.2449178989885,-10.6579974169777,-309.093373616807));
#6003=CARTESIAN_POINT('Ctrl Pts',(-10.4791725023167,-10.4232367417477,-309.271984256614));
#6004=CARTESIAN_POINT('Ctrl Pts',(-10.7155040616235,-10.1863946235874,-309.452178500034));
#6005=CARTESIAN_POINT('Ctrl Pts',(-10.9436982532528,-9.94166363322132,-309.632225605096));
#6006=CARTESIAN_POINT('Ctrl Pts',(-11.1634587191077,-9.68955660892547,-309.812229469779));
#6007=CARTESIAN_POINT('Ctrl Pts',(-11.3838923048857,-9.4366773881377,-309.992784681071));
#6008=CARTESIAN_POINT('Ctrl Pts',(-11.5958407904494,-9.17637640530877,-310.173296386691));
#6009=CARTESIAN_POINT('Ctrl Pts',(-11.7989667728356,-8.9091353556385,-310.353869442254));
#6010=CARTESIAN_POINT('Ctrl Pts',(-12.0014349898473,-8.64275968964321,-310.533857763643));
#6011=CARTESIAN_POINT('Ctrl Pts',(-12.1951380820632,-8.36948833190126,-310.71390703829));
#6012=CARTESIAN_POINT('Ctrl Pts',(-12.3796987126462,-8.0897700691569,-310.89412110647));
#6013=CARTESIAN_POINT('Ctrl Pts',(-12.5543714429226,-7.82503781012969,-311.064680142945));
#6014=CARTESIAN_POINT('Ctrl Pts',(-12.7208550156006,-7.55453037106624,-311.23538678822));
#6015=CARTESIAN_POINT('Ctrl Pts',(-12.8787895829932,-7.27861079538594,-311.406329070931));
#6016=CARTESIAN_POINT('Ctrl Pts',(-12.9380150457654,-7.17514095450584,-311.470432426948));
#6017=CARTESIAN_POINT('Ctrl Pts',(-12.9960378910679,-7.07090989046755,-311.534568919479));
#6018=CARTESIAN_POINT('Ctrl Pts',(-13.0528376066209,-6.96593629913589,-311.598743190659));
#6019=CARTESIAN_POINT('Ctrl Pts',(-13.0773267474857,-6.92067703964518,-311.626411863848));
#6020=CARTESIAN_POINT('Ctrl Pts',(-13.1015885104609,-6.87527974956266,-311.654087559689));
#6021=CARTESIAN_POINT('Ctrl Pts',(-13.125621201079,-6.82974591635193,-311.681770650232));
#6022=CARTESIAN_POINT('Ctrl Pts',(-13.1398251226776,-6.80283428139268,-311.698132049541));
#6023=CARTESIAN_POINT('Ctrl Pts',(-13.1539493215839,-6.7758743282516,-311.714496401907));
#6024=CARTESIAN_POINT('Ctrl Pts',(-13.1679868976129,-6.74887911279748,-311.730856078529));
#6025=CARTESIAN_POINT('Ctrl Pts',(-13.3233162752346,-6.45017013294339,-311.911880094537));
#6026=CARTESIAN_POINT('Ctrl Pts',(-13.4682369361905,-6.14678087086871,-312.092554241487));
#6027=CARTESIAN_POINT('Ctrl Pts',(-13.6024731208639,-5.83922519315758,-312.272982170008));
#6028=CARTESIAN_POINT('Ctrl Pts',(-13.7369424771914,-5.53113528344162,-312.453723506413));
#6029=CARTESIAN_POINT('Ctrl Pts',(-13.8606905528709,-5.21886397641878,-312.634217768271));
#6030=CARTESIAN_POINT('Ctrl Pts',(-13.973398406439,-4.90289670252904,-312.814569147281));
#6031=CARTESIAN_POINT('Ctrl Pts',(-14.0001270165208,-4.82796522441971,-312.857339384977));
#6032=CARTESIAN_POINT('Ctrl Pts',(-14.02623452833,-4.75282576683659,-312.900101586958));
#6033=CARTESIAN_POINT('Ctrl Pts',(-14.05171631127,-4.67748459497823,-312.942857142857));
#6034=CARTESIAN_POINT('Ctrl Pts',(-14.1583772959385,-4.36212347619771,-313.12182223737));
#6035=CARTESIAN_POINT('Ctrl Pts',(-14.2540789733304,-4.04322963620017,-313.300670887836));
#6036=CARTESIAN_POINT('Ctrl Pts',(-14.3388300954197,-3.72139609843448,-313.479505006658));
#6037=CARTESIAN_POINT('Ctrl Pts',(-14.4240231436192,-3.3978843924049,-313.659271637812));
#6038=CARTESIAN_POINT('Ctrl Pts',(-14.4981512342164,-3.07140166902164,-313.83902358538));
#6039=CARTESIAN_POINT('Ctrl Pts',(-14.561172420162,-2.74253658798564,-314.018864364328));
#6040=CARTESIAN_POINT('Ctrl Pts',(-14.6239239502079,-2.41507865929029,-314.197935638127));
#6041=CARTESIAN_POINT('Ctrl Pts',(-14.6756634465283,-2.08525812311514,-314.377094984747));
#6042=CARTESIAN_POINT('Ctrl Pts',(-14.7162984338587,-1.75365141439389,-314.556444596066));
#6043=CARTESIAN_POINT('Ctrl Pts',(-14.7467600435581,-1.50506577924545,-314.690892228973));
#6044=CARTESIAN_POINT('Ctrl Pts',(-14.7709803254523,-1.25547623561312,-314.82544678304));
#6045=CARTESIAN_POINT('Ctrl Pts',(-14.7889012050252,-1.00512690041861,-314.960151308406));
#6046=CARTESIAN_POINT('Ctrl Pts',(-14.795621534865,-0.91124589972067,-315.010665505418));
#6047=CARTESIAN_POINT('Ctrl Pts',(-14.8014558446953,-0.817258077322199,
-315.061200792143));
#6048=CARTESIAN_POINT('Ctrl Pts',(-14.8064004693388,-0.723176416172315,
-315.111759438805));
#6049=CARTESIAN_POINT('Ctrl Pts',(-14.8086055007801,-0.681221154480918,
-315.134305822718));
#6050=CARTESIAN_POINT('Ctrl Pts',(-14.8106335987282,-0.639247232343645,
-315.156856852154));
#6051=CARTESIAN_POINT('Ctrl Pts',(-14.812484416885,-0.597255806318548,-315.179412728444));
#6052=CARTESIAN_POINT('Ctrl Pts',(-14.813775057157,-0.567973715418464,-315.195141730346));
#6053=CARTESIAN_POINT('Ctrl Pts',(-14.8149795822209,-0.538680657017001,
-315.210874407941));
#6054=CARTESIAN_POINT('Ctrl Pts',(-14.8160975613845,-0.509385269852649,
-315.226606401661));
#6055=CARTESIAN_POINT('Ctrl Pts',(-14.828905577981,-0.17376559355019,-315.406838416014));
#6056=CARTESIAN_POINT('Ctrl Pts',(-14.8303422785334,0.161672100175258,-315.586719581376));
#6057=CARTESIAN_POINT('Ctrl Pts',(-14.8204506466953,0.496333386634559,-315.766352145537));
#6058=CARTESIAN_POINT('Ctrl Pts',(-14.813008395194,0.748125356086223,-315.901503831548));
#6059=CARTESIAN_POINT('Ctrl Pts',(-14.7991524470134,0.999478282219537,-316.036514791016));
#6060=CARTESIAN_POINT('Ctrl Pts',(-14.7788821560228,1.25014324304064,-316.171428571429));
#6061=CARTESIAN_POINT('Ctrl Pts',(-14.7519533379566,1.58314838483434,-316.350659774821));
#6062=CARTESIAN_POINT('Ctrl Pts',(-14.7137059904221,1.91493964929116,-316.529719469066));
#6063=CARTESIAN_POINT('Ctrl Pts',(-14.6643559286164,2.24497918861185,-316.708709756349));
#6064=CARTESIAN_POINT('Ctrl Pts',(-14.6147509188546,2.57672374922151,-316.888624727539));
#6065=CARTESIAN_POINT('Ctrl Pts',(-14.5539280722567,2.90669900833079,-317.068469572787));
#6066=CARTESIAN_POINT('Ctrl Pts',(-14.4820541493876,3.23435384812345,-317.248347984882));
#6067=CARTESIAN_POINT('Ctrl Pts',(-14.4104636113537,3.5607168088992,-317.427517171543));
#6068=CARTESIAN_POINT('Ctrl Pts',(-14.327908792091,3.8847781677073,-317.606719660879));
#6069=CARTESIAN_POINT('Ctrl Pts',(-14.2345048952597,4.20598004422674,-317.786057923987));
#6070=CARTESIAN_POINT('Ctrl Pts',(-14.1418463067024,4.52461891829898,-317.963965173017));
#6071=CARTESIAN_POINT('Ctrl Pts',(-14.0385108945551,4.84044428569833,-318.142006037675));
#6072=CARTESIAN_POINT('Ctrl Pts',(-13.9245650376815,5.15289043471291,-318.320280555602));
#6073=CARTESIAN_POINT('Ctrl Pts',(-13.8670891851998,5.31049255612378,-318.410204666708));
#6074=CARTESIAN_POINT('Ctrl Pts',(-13.8069129700881,5.46723450912576,-318.500188226962));
#6075=CARTESIAN_POINT('Ctrl Pts',(-13.7440406376839,5.62304098469002,-318.590244075152));
#6076=CARTESIAN_POINT('Ctrl Pts',(-13.7174660928814,5.68889644140785,-318.628308404579));
#6077=CARTESIAN_POINT('Ctrl Pts',(-13.6904098417126,5.75458474667329,-318.666385648528));
#6078=CARTESIAN_POINT('Ctrl Pts',(-13.6628720544472,5.82010009981088,-318.704476776489));
#6079=CARTESIAN_POINT('Ctrl Pts',(-13.6475732817462,5.85649752297406,-318.725638517008));
#6080=CARTESIAN_POINT('Ctrl Pts',(-13.6321242458134,5.89284528735211,-318.746806722786));
#6081=CARTESIAN_POINT('Ctrl Pts',(-13.616535249965,5.92911873022641,-318.767967733426));
#6082=CARTESIAN_POINT('Ctrl Pts',(-13.4835828606974,6.23848059958668,-318.948441636384));
#6083=CARTESIAN_POINT('Ctrl Pts',(-13.3403292595108,6.54274112168582,-319.128568378985));
#6084=CARTESIAN_POINT('Ctrl Pts',(-13.1869922817154,6.84137260353243,-319.308450676299));
#6085=CARTESIAN_POINT('Ctrl Pts',(-13.1609733097313,6.89204586102998,-319.338973988559));
#6086=CARTESIAN_POINT('Ctrl Pts',(-13.1346638877922,6.942557020483,-319.369490262513));
#6087=CARTESIAN_POINT('Ctrl Pts',(-13.1080649347756,6.99290347368979,-319.4));
#6088=CARTESIAN_POINT('Ctrl Pts',(-12.9526277197767,7.28711477090304,-319.578290800481));
#6089=CARTESIAN_POINT('Ctrl Pts',(-12.7873072871686,7.57570295391467,-319.756358385625));
#6090=CARTESIAN_POINT('Ctrl Pts',(-12.6125514793106,7.85827686860129,-319.934302901816));
#6091=CARTESIAN_POINT('Ctrl Pts',(-12.436306304946,8.14325903586214,-320.113763960466));
#6092=CARTESIAN_POINT('Ctrl Pts',(-12.2504639268243,8.42212446226827,-320.293099843499));
#6093=CARTESIAN_POINT('Ctrl Pts',(-12.0554357514977,8.69444922068716,-320.472413279694));
#6094=CARTESIAN_POINT('Ctrl Pts',(-11.8601174270886,8.96717912456091,-320.651993485697));
#6095=CARTESIAN_POINT('Ctrl Pts',(-11.6555855824701,9.23334935033681,-320.831551178022));
#6096=CARTESIAN_POINT('Ctrl Pts',(-11.4422107983948,9.49250434596022,-321.011189544627));
#6097=CARTESIAN_POINT('Ctrl Pts',(-11.2300083538226,9.75023547306001,-321.189840928846));
#6098=CARTESIAN_POINT('Ctrl Pts',(-11.0090594718514,10.0010286707519,-321.368572103288));
#6099=CARTESIAN_POINT('Ctrl Pts',(-10.7796923387209,10.2443998694084,-321.547484564409));
#6100=CARTESIAN_POINT('Ctrl Pts',(-10.5491351661179,10.4890337656837,-321.727325287954));
#6101=CARTESIAN_POINT('Ctrl Pts',(-10.3100718198045,10.7261689590751,-321.907349184219));
#6102=CARTESIAN_POINT('Ctrl Pts',(-10.0628043134954,10.955270214238,-322.087659337674));
#6103=CARTESIAN_POINT('Ctrl Pts',(-9.99050715752451,11.0222558421715,-322.140379209694));
#6104=CARTESIAN_POINT('Ctrl Pts',(-9.91750845468458,11.08855434921,-322.193123553448));
#6105=CARTESIAN_POINT('Ctrl Pts',(-9.84381531775951,11.1541515589173,-322.245894945587));
#6106=CARTESIAN_POINT('Ctrl Pts',(-9.82015287216259,11.1752144484994,-322.262839538363));
#6107=CARTESIAN_POINT('Ctrl Pts',(-9.79642396048953,11.1962004441722,-322.279783238368));
#6108=CARTESIAN_POINT('Ctrl Pts',(-9.77263349251851,11.2171051859037,-322.296722880682));
#6109=CARTESIAN_POINT('Ctrl Pts',(-9.6171101877231,11.3537638898823,-322.407460893822));
#6110=CARTESIAN_POINT('Ctrl Pts',(-9.45889582797633,11.4870048197285,-322.518069164445));
#6111=CARTESIAN_POINT('Ctrl Pts',(-9.29809090439306,11.616736717221,-322.628571428572));
#6112=CARTESIAN_POINT('Ctrl Pts',(-9.03916923531798,11.8256258400322,-322.806497763329));
#6113=CARTESIAN_POINT('Ctrl Pts',(-8.77353325341348,12.0254193974816,-322.984149264002));
#6114=CARTESIAN_POINT('Ctrl Pts',(-8.50174463175527,12.2159481291972,-323.161625017224));
#6115=CARTESIAN_POINT('Ctrl Pts',(-8.22726328180589,12.40836451207,-323.340859100058));
#6116=CARTESIAN_POINT('Ctrl Pts',(-7.94650631779818,12.5913318958639,-323.519913935777));
#6117=CARTESIAN_POINT('Ctrl Pts',(-7.66001515307257,12.7646377387223,-323.698891585373));
#6118=CARTESIAN_POINT('Ctrl Pts',(-7.37227087046926,12.9387016246786,-323.878652086659));
#6119=CARTESIAN_POINT('Ctrl Pts',(-7.07874161188447,13.1030195657016,-324.058334725119));
#6120=CARTESIAN_POINT('Ctrl Pts',(-6.77994596233706,13.2573332580119,-324.23804290686));
#6121=CARTESIAN_POINT('Ctrl Pts',(-6.48229216417846,13.4110572385772,-324.417064331492));
#6122=CARTESIAN_POINT('Ctrl Pts',(-6.17941161923373,13.5548535333077,-324.59611110455));
#6123=CARTESIAN_POINT('Ctrl Pts',(-5.87179511319423,13.6884202438759,-324.775285451166));
#6124=CARTESIAN_POINT('Ctrl Pts',(-5.56289175386072,13.8225457045699,-324.955209338504));
#6125=CARTESIAN_POINT('Ctrl Pts',(-5.24921221637598,13.9463561402911,-325.135261868991));
#6126=CARTESIAN_POINT('Ctrl Pts',(-4.93123913665626,14.0594944413901,-325.315546556046));
#6127=CARTESIAN_POINT('Ctrl Pts',(-4.77225259679638,14.1160635919396,-325.405688899573));
#6128=CARTESIAN_POINT('Ctrl Pts',(-4.61219249577948,14.1699638768569,-325.495889282243));
#6129=CARTESIAN_POINT('Ctrl Pts',(-4.4511184425067,14.2211454743944,-325.586160643233));
#6130=CARTESIAN_POINT('Ctrl Pts',(-4.36677191086875,14.2479467508772,-325.633431299499));
#6131=CARTESIAN_POINT('Ctrl Pts',(-4.28214733815846,14.274002477223,-325.680721418731));
#6132=CARTESIAN_POINT('Ctrl Pts',(-4.19725326239473,14.2993051033859,-325.728032858866));
#6133=CARTESIAN_POINT('Ctrl Pts',(-4.15497903473807,14.3119049104878,-325.751592271853));
#6134=CARTESIAN_POINT('Ctrl Pts',(-4.11263228644401,14.3243195646729,-325.775160128885));
#6135=CARTESIAN_POINT('Ctrl Pts',(-4.07024483838364,14.3365393715613,-325.798719578791));
#6136=CARTESIAN_POINT('Ctrl Pts',(-4.0351998517837,14.3466424324497,-325.818198000919));
#6137=CARTESIAN_POINT('Ctrl Pts',(-4.00012399059176,14.3566132515768,-325.837672383988));
#6138=CARTESIAN_POINT('Ctrl Pts',(-3.96501793993207,14.3664515931842,-325.857142857143));
#6139=CARTESIAN_POINT('Ctrl Pts',(-3.64562400550525,14.4559605688506,-326.034284714718));
#6140=CARTESIAN_POINT('Ctrl Pts',(-3.32373332017677,14.5345078209279,-326.211102936384));
#6141=CARTESIAN_POINT('Ctrl Pts',(-2.9999351578431,14.6021794775074,-326.387694775747));
#6142=CARTESIAN_POINT('Ctrl Pts',(-2.67224524643576,14.6706644836901,-326.566409082769));
#6143=CARTESIAN_POINT('Ctrl Pts',(-2.34260119980989,14.7280110146012,-326.74489153298));
#6144=CARTESIAN_POINT('Ctrl Pts',(-2.01159206029047,14.7742593972972,-326.923242928993));
#6145=CARTESIAN_POINT('Ctrl Pts',(-1.67717684825917,14.8209836742396,-327.103429554657));
#6146=CARTESIAN_POINT('Ctrl Pts',(-1.34136773098434,14.8563803499066,-327.28348241516));
#6147=CARTESIAN_POINT('Ctrl Pts',(-1.00475846967669,14.8804395388097,-327.463505457009));
#6148=CARTESIAN_POINT('Ctrl Pts',(-0.669384709013182,14.9044104201504,-327.642867736931));
#6149=CARTESIAN_POINT('Ctrl Pts',(-0.333216068550985,14.9171269007603,-327.822200416693));
#6150=CARTESIAN_POINT('Ctrl Pts',(0.00316483225635104,14.9185275530609,
-328.001606302412));
#6151=CARTESIAN_POINT('Ctrl Pts',(0.341404549412966,14.9199359452641,-328.182003571985));
#6152=CARTESIAN_POINT('Ctrl Pts',(0.679859489205303,14.9099032060118,-328.362474858812));
#6153=CARTESIAN_POINT('Ctrl Pts',(1.01793293341677,14.8883135823807,-328.543124682745));
#6154=CARTESIAN_POINT('Ctrl Pts',(1.35600637762819,14.8667239587497,-328.723774506679));
#6155=CARTESIAN_POINT('Ctrl Pts',(1.69369894392715,14.8335775163912,-328.904602867718));
#6156=CARTESIAN_POINT('Ctrl Pts',(2.03040032061515,14.7887041517593,-329.085714285714));
#6157=CARTESIAN_POINT('Ctrl Pts',(2.11310752242039,14.7776814750456,-329.130202427535));
#6158=CARTESIAN_POINT('Ctrl Pts',(2.19575482751483,14.7659509480355,-329.174707648682));
#6159=CARTESIAN_POINT('Ctrl Pts',(2.27833375856665,14.7535142657254,-329.219231498305));
#6160=CARTESIAN_POINT('Ctrl Pts',(2.31290185618182,14.7483081866126,-329.237869482115));
#6161=CARTESIAN_POINT('Ctrl Pts',(2.34745797149732,14.7429783646314,-329.256510730223));
#6162=CARTESIAN_POINT('Ctrl Pts',(2.38200147818249,14.7375249149125,-329.275155356264));
#6163=CARTESIAN_POINT('Ctrl Pts',(2.41238720903705,14.7327278612463,-329.291555850688));
#6164=CARTESIAN_POINT('Ctrl Pts',(2.44275549184244,14.7278363555797,-329.307954807896));
#6165=CARTESIAN_POINT('Ctrl Pts',(2.47310215673427,14.7228512592283,-329.324350269183));
#6166=CARTESIAN_POINT('Ctrl Pts',(2.80127426940761,14.6689418887152,-329.501652558837));
#6167=CARTESIAN_POINT('Ctrl Pts',(3.12705980568943,14.6040695778632,-329.678622587301));
#6168=CARTESIAN_POINT('Ctrl Pts',(3.44995815898008,14.5285424330744,-329.855357780881));
#6169=CARTESIAN_POINT('Ctrl Pts',(3.77660772284757,14.4521378659591,-330.034146162162));
#6170=CARTESIAN_POINT('Ctrl Pts',(4.10030316515562,14.3648293626752,-330.212694220566));
#6171=CARTESIAN_POINT('Ctrl Pts',(4.42052568401635,14.2668825648357,-330.391102817494));
#6172=CARTESIAN_POINT('Ctrl Pts',(4.74320932304277,14.1681829815889,-330.570882601549));
#6173=CARTESIAN_POINT('Ctrl Pts',(5.06236701463597,14.0586808138587,-330.750520772185));
#6174=CARTESIAN_POINT('Ctrl Pts',(5.37745902937294,13.938595908618,-330.930120534282));
#6175=CARTESIAN_POINT('Ctrl Pts',(5.69202774832802,13.8187104369441,-331.109422022245));
#6176=CARTESIAN_POINT('Ctrl Pts',(6.00254483617978,13.6882771419319,-331.288685229137));
#6177=CARTESIAN_POINT('Ctrl Pts',(6.3084560664452,13.5474658912901,-331.468012846493));
#6178=CARTESIAN_POINT('Ctrl Pts',(6.61110385371866,13.4081568067789,-331.645427407386));
#6179=CARTESIAN_POINT('Ctrl Pts',(6.90924402589972,13.2586897504981,-331.82290501182));
#6180=CARTESIAN_POINT('Ctrl Pts',(7.20231532361687,13.0991848922063,-332.00054509974));
#6181=CARTESIAN_POINT('Ctrl Pts',(7.37474821090172,13.0053378199565,-332.10506230595));
#6182=CARTESIAN_POINT('Ctrl Pts',(7.54542588809207,12.9080151103013,-332.209635759613));
#6183=CARTESIAN_POINT('Ctrl Pts',(7.71422894169763,12.8072344768579,-332.314285714286));
#6184=CARTESIAN_POINT('Ctrl Pts',(7.93162260027124,12.6774437524033,-332.449059558893));
#6185=CARTESIAN_POINT('Ctrl Pts',(8.14590749810282,12.5419180941464,-332.583960285589));
#6186=CARTESIAN_POINT('Ctrl Pts',(8.35688244005922,12.400798782406,-332.71903115582));
#6187=CARTESIAN_POINT('Ctrl Pts',(8.38779017847619,12.380124863824,-332.738818980318));
#6188=CARTESIAN_POINT('Ctrl Pts',(8.418626856339,12.3593308742965,-332.758610456458));
#6189=CARTESIAN_POINT('Ctrl Pts',(8.44939181806601,12.3384172385786,-332.778405720261));
#6190=CARTESIAN_POINT('Ctrl Pts',(8.47094189888267,12.3237677635073,-332.792271803974));
#6191=CARTESIAN_POINT('Ctrl Pts',(8.49245605769941,12.3090600616808,-332.806139280009));
#6192=CARTESIAN_POINT('Ctrl Pts',(8.51392671484569,12.2942994061673,-332.82000342536));
#6193=CARTESIAN_POINT('Ctrl Pts',(8.78885331906515,12.105292760086,-332.997530474289));
#6194=CARTESIAN_POINT('Ctrl Pts',(9.05697590416143,11.9073860943718,-333.174721701039));
#6195=CARTESIAN_POINT('Ctrl Pts',(9.31794508248851,11.7010594031892,-333.35167487116));
#6196=CARTESIAN_POINT('Ctrl Pts',(9.5878914990096,11.4876351541095,-333.534715161483));
#6197=CARTESIAN_POINT('Ctrl Pts',(9.85018448307512,11.265201475547,-333.717500735367));
#6198=CARTESIAN_POINT('Ctrl Pts',(10.1044127415843,11.0342376740384,-333.9001397987));
#6199=CARTESIAN_POINT('Ctrl Pts',(10.3545531280086,10.8069876629728,-334.079842110891));
#6200=CARTESIAN_POINT('Ctrl Pts',(10.596886425776,10.5714791035515,-334.259402586294));
#6201=CARTESIAN_POINT('Ctrl Pts',(10.8309905922978,10.3281249621294,-334.438924294578));
#6202=CARTESIAN_POINT('Ctrl Pts',(11.0708334635981,10.0788053669736,-334.622846702348));
#6203=CARTESIAN_POINT('Ctrl Pts',(11.3020394533594,9.82125055258794,-334.806728419071));
#6204=CARTESIAN_POINT('Ctrl Pts',(11.5241147244093,9.55586427241339,-334.990680281524));
#6205=CARTESIAN_POINT('Ctrl Pts',(11.7461899954593,9.29047799223884,-335.174632143978));
#6206=CARTESIAN_POINT('Ctrl Pts',(11.959135060013,9.01725979765365,-335.358654152163));
#6207=CARTESIAN_POINT('Ctrl Pts',(12.162408057543,8.73657934447838,-335.542857142857));
#6208=CARTESIAN_POINT('Ctrl Pts',(12.3109323571639,8.53149618915691,-335.677447671424));
#6209=CARTESIAN_POINT('Ctrl Pts',(12.4542919518797,8.3224283476481,-335.812134821152));
#6210=CARTESIAN_POINT('Ctrl Pts',(12.5923720263976,8.10958645852331,-335.946961827229));
#6211=CARTESIAN_POINT('Ctrl Pts',(12.6552351195815,8.01268689096279,-336.008343910606));
#6212=CARTESIAN_POINT('Ctrl Pts',(12.7170037356464,7.91500500348803,-336.069754981543));
#6213=CARTESIAN_POINT('Ctrl Pts',(12.7776659698309,7.8165602931882,-336.13119911977));
#6214=CARTESIAN_POINT('Ctrl Pts',(12.8299957351156,7.73163779317209,-336.184203387991));
#6215=CARTESIAN_POINT('Ctrl Pts',(12.8815021755174,7.64614763370302,-336.237232263252));
#6216=CARTESIAN_POINT('Ctrl Pts',(12.9321772339891,7.56010221798643,-336.290288364477));
#6217=CARTESIAN_POINT('Ctrl Pts',(12.9454622225581,7.53754452592483,-336.30419756793));
#6218=CARTESIAN_POINT('Ctrl Pts',(12.9586892439671,7.51495004583624,-336.318107790813));
#6219=CARTESIAN_POINT('Ctrl Pts',(12.9718540940725,7.49232610318564,-336.332014735319));
#6220=CARTESIAN_POINT('Ctrl Pts',(13.1400494700945,7.2032804618952,-336.509691179924));
#6221=CARTESIAN_POINT('Ctrl Pts',(13.2982903847658,6.90910589794717,-336.687031685211));
#6222=CARTESIAN_POINT('Ctrl Pts',(13.446455592365,6.61037129400796,-336.864134268784));
#6223=CARTESIAN_POINT('Ctrl Pts',(13.5967210159719,6.30740217909664,-337.043747250628));
#6224=CARTESIAN_POINT('Ctrl Pts',(13.736623377171,5.99974237233402,-337.223115517956));
#6225=CARTESIAN_POINT('Ctrl Pts',(13.8659947961233,5.68795139590686,-337.402341315883));
#6226=CARTESIAN_POINT('Ctrl Pts',(13.9956917057779,5.37537597215193,-337.582018035129));
#6227=CARTESIAN_POINT('Ctrl Pts',(14.1148048634434,5.058648030554,-337.761551567182));
#6228=CARTESIAN_POINT('Ctrl Pts',(14.2231196902418,4.73830511404196,-337.941044930828));
#6229=CARTESIAN_POINT('Ctrl Pts',(14.3309321403078,4.41944798513996,-338.119705783431));
#6230=CARTESIAN_POINT('Ctrl Pts',(14.4280463913203,4.09700879001077,-338.298326839374));
#6231=CARTESIAN_POINT('Ctrl Pts',(14.514202649567,3.77149982085116,-338.477009690641));
#6232=CARTESIAN_POINT('Ctrl Pts',(14.5615113569007,3.59276169004291,-338.575125078753));
#6233=CARTESIAN_POINT('Ctrl Pts',(14.6055152043885,3.41309771197576,-338.673259099065));
#6234=CARTESIAN_POINT('Ctrl Pts',(14.646164621788,3.2325913055582,-338.771428571428));
#6235=CARTESIAN_POINT('Ctrl Pts',(14.720256517204,2.90358138015638,-338.95036255732));
#6236=CARTESIAN_POINT('Ctrl Pts',(14.783207128365,2.57177261864481,-339.129414323914));
#6237=CARTESIAN_POINT('Ctrl Pts',(14.8349412396968,2.23774334862185,-339.308685723627));
#6238=CARTESIAN_POINT('Ctrl Pts',(14.8635654243848,2.05292688478014,-339.407875552593));
#6239=CARTESIAN_POINT('Ctrl Pts',(14.8887549369125,1.86743061232082,-339.507132618832));
#6240=CARTESIAN_POINT('Ctrl Pts',(14.9104901799202,1.68135286752537,-339.606474174356));
#6241=CARTESIAN_POINT('Ctrl Pts',(14.919298103326,1.60594729128599,-339.646731042511));
#6242=CARTESIAN_POINT('Ctrl Pts',(14.9275387207822,1.53044623436674,-339.687001785241));
#6243=CARTESIAN_POINT('Ctrl Pts',(14.9352104974688,1.45485627638278,-339.727287550612));
#6244=CARTESIAN_POINT('Ctrl Pts',(14.9398789653075,1.40885789788543,-339.751802445619));
#6245=CARTESIAN_POINT('Ctrl Pts',(14.9443367873015,1.36282659955203,-339.776322903551));
#6246=CARTESIAN_POINT('Ctrl Pts',(14.9485835933559,1.31676386897357,-339.80084918311));
#6247=CARTESIAN_POINT('Ctrl Pts',(14.9512250512237,1.28811345251019,-339.816104208481));
#6248=CARTESIAN_POINT('Ctrl Pts',(14.9537844861658,1.25945492906391,-339.831359327368));
#6249=CARTESIAN_POINT('Ctrl Pts',(14.9562613037217,1.23079574926787,-339.846610833282));
#6250=CARTESIAN_POINT('Ctrl Pts',(14.9852549961494,0.895310625523708,-340.025145368648));
#6251=CARTESIAN_POINT('Ctrl Pts',(15.002958997548,0.559442101576948,-340.203341861659));
#6252=CARTESIAN_POINT('Ctrl Pts',(15.0094452485938,0.223778833381555,-340.381299775615));
#6253=CARTESIAN_POINT('Ctrl Pts',(15.0108878031247,0.149126686092764,-340.4208779531));
#6254=CARTESIAN_POINT('Ctrl Pts',(15.0117753041815,0.0744846273282243,-340.460444329844));
#6255=CARTESIAN_POINT('Ctrl Pts',(15.012108209455,-0.000140965909458444,
-340.5));
#6256=CARTESIAN_POINT('Origin',(0.,0.,-203.4));
#6257=CARTESIAN_POINT('',(15.5000000000001,-1.8982025386784E-15,-406.8));
#6258=CARTESIAN_POINT('',(15.3793608989249,-0.000228795121109651,-390.5));
#6259=CARTESIAN_POINT('',(14.,-1.7145055188063E-15,-203.4));
#6260=CARTESIAN_POINT('',(-11.6908964014097,-10.1770792141708,-406.8));
#6261=CARTESIAN_POINT('Origin',(0.,0.,-406.8));
#6262=CARTESIAN_POINT('Ctrl Pts',(-11.6908964014097,-10.1770792141708,-406.8));
#6263=CARTESIAN_POINT('Ctrl Pts',(-11.4658901737116,-10.4335870530015,-406.624823146639));
#6264=CARTESIAN_POINT('Ctrl Pts',(-11.2326978870198,-10.6820658320986,-406.449942807229));
#6265=CARTESIAN_POINT('Ctrl Pts',(-10.9918718241263,-10.9222846551359,-406.275264718498));
#6266=CARTESIAN_POINT('Ctrl Pts',(-10.7480693154535,-11.1654724188824,-406.098427727802));
#6267=CARTESIAN_POINT('Ctrl Pts',(-10.4964427875585,-11.4001951618375,-405.92179801804));
#6268=CARTESIAN_POINT('Ctrl Pts',(-10.2375200635084,-11.6261838666933,-405.745277787475));
#6269=CARTESIAN_POINT('Ctrl Pts',(-9.97663149505781,-11.8538883677646,-405.567417345045));
#6270=CARTESIAN_POINT('Ctrl Pts',(-9.70833508659461,-12.0727260760021,-405.389668050542));
#6271=CARTESIAN_POINT('Ctrl Pts',(-9.43313138843958,-12.2823864659196,-405.211929857625));
#6272=CARTESIAN_POINT('Ctrl Pts',(-9.15784543896634,-12.4921095179437,-405.034138543326));
#6273=CARTESIAN_POINT('Ctrl Pts',(-8.87564759353298,-12.6926501056105,-404.856358337249));
#6274=CARTESIAN_POINT('Ctrl Pts',(-8.58700649946521,-12.8836568970506,-404.678489103322));
#6275=CARTESIAN_POINT('Ctrl Pts',(-8.30004188783469,-13.0735542846746,-404.501652967776));
#6276=CARTESIAN_POINT('Ctrl Pts',(-8.00670816955225,-13.2540285988658,-404.324728835558));
#6277=CARTESIAN_POINT('Ctrl Pts',(-7.70744114909734,-13.424689852907,-404.14761830531));
#6278=CARTESIAN_POINT('Ctrl Pts',(-7.43218395707007,-13.5816591624682,-403.984717137114));
#6279=CARTESIAN_POINT('Ctrl Pts',(-7.15190677796596,-13.7303265490736,-403.821658280081));
#6280=CARTESIAN_POINT('Ctrl Pts',(-6.86693532716388,-13.8703514991427,-403.658365167403));
#6281=CARTESIAN_POINT('Ctrl Pts',(-6.72444960176285,-13.9403639741773,-403.576718611064));
#6282=CARTESIAN_POINT('Ctrl Pts',(-6.58079013810538,-14.0082152624496,-403.495013490814));
#6283=CARTESIAN_POINT('Ctrl Pts',(-6.43599682001954,-14.0738591853076,-403.413240235801));
#6284=CARTESIAN_POINT('Ctrl Pts',(-6.39430443776509,-14.0927609658639,-403.389694109148));
#6285=CARTESIAN_POINT('Ctrl Pts',(-6.35251804284979,-14.1114797138975,-403.366142333319));
#6286=CARTESIAN_POINT('Ctrl Pts',(-6.31063858131753,-14.13001428804,-403.342584679819));
#6287=CARTESIAN_POINT('Ctrl Pts',(-6.27593011698879,-14.1453751972288,-403.323060790393));
#6288=CARTESIAN_POINT('Ctrl Pts',(-6.24115516743406,-14.1606106769287,-403.30353143543));
#6289=CARTESIAN_POINT('Ctrl Pts',(-6.20633485770769,-14.1757112544205,-403.284008004956));
#6290=CARTESIAN_POINT('Ctrl Pts',(-6.1372578782178,-14.2056679747908,-403.2452771718));
#6291=CARTESIAN_POINT('Ctrl Pts',(-6.06798625069088,-14.2351010284091,-403.206560557572));
#6292=CARTESIAN_POINT('Ctrl Pts',(-5.99852515676271,-14.2640076351142,-403.167857142857));
#6293=CARTESIAN_POINT('Ctrl Pts',(-5.68357558524841,-14.3950755881343,-402.992368632797));
#6294=CARTESIAN_POINT('Ctrl Pts',(-5.36473320759661,-14.5153239434231,-402.817151489543));
#6295=CARTESIAN_POINT('Ctrl Pts',(-5.04260003142788,-14.6247806527215,-402.642110685716));
#6296=CARTESIAN_POINT('Ctrl Pts',(-4.71669635367558,-14.7355185299539,-402.465021065818));
#6297=CARTESIAN_POINT('Ctrl Pts',(-4.38742387285363,-14.8352108189201,-402.288111937537));
#6298=CARTESIAN_POINT('Ctrl Pts',(-4.05537949035357,-14.923839603698,-402.111284897456));
#6299=CARTESIAN_POINT('Ctrl Pts',(-3.72111642171329,-15.0130605968274,-401.933276317426));
#6300=CARTESIAN_POINT('Ctrl Pts',(-3.38404372186927,-15.0910698812128,-401.755350926269));
#6301=CARTESIAN_POINT('Ctrl Pts',(-3.04475185838903,-15.1577997223143,-401.577408334797));
#6302=CARTESIAN_POINT('Ctrl Pts',(-2.70593872930073,-15.2244354088741,-401.39971681695));
#6303=CARTESIAN_POINT('Ctrl Pts',(-2.36491211087142,-15.2798235424579,-401.222008147291));
#6304=CARTESIAN_POINT('Ctrl Pts',(-2.02225025550678,-15.3238459512783,-401.04418236097));
#6305=CARTESIAN_POINT('Ctrl Pts',(-1.68190061154705,-15.3675713059791,-400.867556506317));
#6306=CARTESIAN_POINT('Ctrl Pts',(-1.33993715702432,-15.4000838495028,-400.690815110228));
#6307=CARTESIAN_POINT('Ctrl Pts',(-0.99692551264948,-15.4212168347175,-400.513860217856));
#6308=CARTESIAN_POINT('Ctrl Pts',(-0.681619763904653,-15.440642856649,-400.351198408123));
#6309=CARTESIAN_POINT('Ctrl Pts',(-0.365427973804666,-15.4504528990827,
-400.18835619846));
#6310=CARTESIAN_POINT('Ctrl Pts',(-0.0487948795967449,-15.4504784433665,
-400.025257504572));
#6311=CARTESIAN_POINT('Ctrl Pts',(0.0303633939552355,-15.4504848294374,
-399.9844828311));
#6312=CARTESIAN_POINT('Ctrl Pts',(0.109549207600516,-15.4498794987489,-399.943692127364));
#6313=CARTESIAN_POINT('Ctrl Pts',(0.188755518066983,-15.4486594445822,-399.902884204547));
#6314=CARTESIAN_POINT('Ctrl Pts',(0.224153430759629,-15.4481141929397,-399.884646828251));
#6315=CARTESIAN_POINT('Ctrl Pts',(0.259555436609775,-15.4474461627035,-399.866406012847));
#6316=CARTESIAN_POINT('Ctrl Pts',(0.294960903889072,-15.4466550757162,-399.848161652223));
#6317=CARTESIAN_POINT('Ctrl Pts',(0.325441111477306,-15.4459740369546,-399.832455267253));
#6318=CARTESIAN_POINT('Ctrl Pts',(0.355924055797039,-15.4452017667049,-399.816746166039));
#6319=CARTESIAN_POINT('Ctrl Pts',(0.386396136480669,-15.444338533689,-399.80104108337));
#6320=CARTESIAN_POINT('Ctrl Pts',(0.558134302831227,-15.439473422677,-399.712528515816));
#6321=CARTESIAN_POINT('Ctrl Pts',(0.729630751707923,-15.4317171624954,-399.624090305547));
#6322=CARTESIAN_POINT('Ctrl Pts',(0.900814689845756,-15.4210669317601,-399.535714285714));
#6323=CARTESIAN_POINT('Ctrl Pts',(1.24155722733607,-15.3998675909511,-399.359801349147));
#6324=CARTESIAN_POINT('Ctrl Pts',(1.58106127397943,-15.3672054457953,-399.184134818017));
#6325=CARTESIAN_POINT('Ctrl Pts',(1.91879731830277,-15.3233616823956,-399.008618737211));
#6326=CARTESIAN_POINT('Ctrl Pts',(2.26015206951776,-15.2790481505734,-398.831222071666));
#6327=CARTESIAN_POINT('Ctrl Pts',(2.59970127150451,-15.2233120155756,-398.653979097748));
#6328=CARTESIAN_POINT('Ctrl Pts',(2.93689990202321,-15.1563899557804,-398.476790742817));
#6329=CARTESIAN_POINT('Ctrl Pts',(3.27595019585273,-15.0891004059908,-398.298629391123));
#6330=CARTESIAN_POINT('Ctrl Pts',(3.61262459992673,-15.0105016125402,-398.120523259923));
#6331=CARTESIAN_POINT('Ctrl Pts',(3.94636236058646,-14.9207819531452,-397.942371635482));
#6332=CARTESIAN_POINT('Ctrl Pts',(4.27899600481614,-14.8313591164705,-397.764809396357));
#6333=CARTESIAN_POINT('Ctrl Pts',(4.60871295691532,-14.730888680198,-397.587201964506));
#6334=CARTESIAN_POINT('Ctrl Pts',(4.93494298518081,-14.6195079812316,-397.409449622475));
#6335=CARTESIAN_POINT('Ctrl Pts',(5.25867877885469,-14.5089788580496,-397.233056309355));
#6336=CARTESIAN_POINT('Ctrl Pts',(5.57898128357448,-14.3877054533821,-397.056520293444));
#6337=CARTESIAN_POINT('Ctrl Pts',(5.89527047041186,-14.2557765561637,-396.879744127053));
#6338=CARTESIAN_POINT('Ctrl Pts',(6.18585933743786,-14.1345676424034,-396.71733204328));
#6339=CARTESIAN_POINT('Ctrl Pts',(6.47306067310893,-14.0043639425721,-396.554717250657));
#6340=CARTESIAN_POINT('Ctrl Pts',(6.75640181925512,-13.8652022778355,-396.391824178138));
#6341=CARTESIAN_POINT('Ctrl Pts',(6.78496550865797,-13.8511733567896,-396.37540288814));
#6342=CARTESIAN_POINT('Ctrl Pts',(6.81349121428124,-13.8370527409132,-396.358978039086));
#6343=CARTESIAN_POINT('Ctrl Pts',(6.84197447516681,-13.8228424291528,-396.34255183875));
#6344=CARTESIAN_POINT('Ctrl Pts',(7.09603453953152,-13.6960917479375,-396.196036257849));
#6345=CARTESIAN_POINT('Ctrl Pts',(7.34617276705805,-13.5624796733124,-396.049727839427));
#6346=CARTESIAN_POINT('Ctrl Pts',(7.59209631823651,-13.4221346147507,-395.903571428572));
#6347=CARTESIAN_POINT('Ctrl Pts',(7.88874504559413,-13.2528414225625,-395.7272682113));
#6348=CARTESIAN_POINT('Ctrl Pts',(8.17926204683217,-13.073752640042,-395.55118617611));
#6349=CARTESIAN_POINT('Ctrl Pts',(8.46328787594284,-12.8853477911312,-395.375228514985));
#6350=CARTESIAN_POINT('Ctrl Pts',(8.75008181716873,-12.6951067509611,-395.197555972734));
#6351=CARTESIAN_POINT('Ctrl Pts',(9.03025789597445,-12.4953668428669,-395.020010240658));
#6352=CARTESIAN_POINT('Ctrl Pts',(9.30342277818138,-12.2865735617799,-394.842491652596));
#6353=CARTESIAN_POINT('Ctrl Pts',(9.5777647641427,-12.0768805627164,-394.664208113363));
#6354=CARTESIAN_POINT('Ctrl Pts',(9.84503545013101,-11.8580556219801,-394.485951952583));
#6355=CARTESIAN_POINT('Ctrl Pts',(10.104806240532,-11.6305070365448,-394.30762221011));
#6356=CARTESIAN_POINT('Ctrl Pts',(10.3632229503915,-11.4041445702698,-394.130222028786));
#6357=CARTESIAN_POINT('Ctrl Pts',(10.6142181477164,-11.1691487417129,-393.952749030873));
#6358=CARTESIAN_POINT('Ctrl Pts',(10.8573338414296,-10.9258851573301,-393.775103826807));
#6359=CARTESIAN_POINT('Ctrl Pts',(11.0983682210652,-10.6847041531173,-393.598979443788));
#6360=CARTESIAN_POINT('Ctrl Pts',(11.3316577965539,-10.435395929695,-393.422685790508));
#6361=CARTESIAN_POINT('Ctrl Pts',(11.5567150626617,-10.1782872705019,-393.246126008234));
#6362=CARTESIAN_POINT('Ctrl Pts',(11.6601507896454,-10.0601208076396,-393.164979597138));
#6363=CARTESIAN_POINT('Ctrl Pts',(11.7618470000017,-9.94030628717672,-393.083776971684));
#6364=CARTESIAN_POINT('Ctrl Pts',(11.8617530845669,-9.81887368188363,-393.002508728765));
#6365=CARTESIAN_POINT('Ctrl Pts',(11.9030859118176,-9.76863497100812,-392.968886690026));
#6366=CARTESIAN_POINT('Ctrl Pts',(11.9441123125293,-9.71811929421952,-392.935253420096));
#6367=CARTESIAN_POINT('Ctrl Pts',(11.9848285916941,-9.66732872544199,-392.901608253118));
#6368=CARTESIAN_POINT('Ctrl Pts',(12.0041244716812,-9.64325853190481,-392.885663448793));
#6369=CARTESIAN_POINT('Ctrl Pts',(12.0233518779794,-9.61912511071738,-392.869714991217));
#6370=CARTESIAN_POINT('Ctrl Pts',(12.0425066355693,-9.5949334538524,-392.85376595551));
#6371=CARTESIAN_POINT('Ctrl Pts',(12.2571470558471,-9.32385158960291,-392.675047550371));
#6372=CARTESIAN_POINT('Ctrl Pts',(12.4622120222508,-9.04603905199277,-392.496637152889));
#6373=CARTESIAN_POINT('Ctrl Pts',(12.6573251648244,-8.76193842696311,-392.318434658954));
#6374=CARTESIAN_POINT('Ctrl Pts',(12.6744824877231,-8.73695596758059,-392.302764378165));
#6375=CARTESIAN_POINT('Ctrl Pts',(12.6915628361077,-8.71192485901321,-392.287095705012));
#6376=CARTESIAN_POINT('Ctrl Pts',(12.7085659416357,-8.68684538754317,-392.271428571429));
#6377=CARTESIAN_POINT('Ctrl Pts',(12.900289949931,-8.40405370644291,-392.094768746304));
#6378=CARTESIAN_POINT('Ctrl Pts',(13.0821962763581,-8.11511591252761,-391.918304668422));
#6379=CARTESIAN_POINT('Ctrl Pts',(13.2541649368233,-7.82061786001174,-391.741938752201));
#6380=CARTESIAN_POINT('Ctrl Pts',(13.4276385359668,-7.5235425849443,-391.564029415869));
#6381=CARTESIAN_POINT('Ctrl Pts',(13.5910000327077,-7.22080880428728,-391.386219966787));
#6382=CARTESIAN_POINT('Ctrl Pts',(13.7440834192644,-6.91298609134393,-391.208410234903));
#6383=CARTESIAN_POINT('Ctrl Pts',(13.8976480693574,-6.60419564538437,-391.0300415048));
#6384=CARTESIAN_POINT('Ctrl Pts',(14.0408701161103,-6.29028367761929,-390.851672490114));
#6385=CARTESIAN_POINT('Ctrl Pts',(14.1735354049759,-5.97180121943168,-390.673202073076));
#6386=CARTESIAN_POINT('Ctrl Pts',(14.3052726847637,-5.65554658296642,-390.495980077298));
#6387=CARTESIAN_POINT('Ctrl Pts',(14.4266005381298,-5.33478461627751,-390.318658092848));
#6388=CARTESIAN_POINT('Ctrl Pts',(14.5372606298956,-5.0100395829293,-390.141137109139));
#6389=CARTESIAN_POINT('Ctrl Pts',(14.6468828873962,-4.68834019609826,-389.965281019764));
#6390=CARTESIAN_POINT('Ctrl Pts',(14.7460366775509,-4.36273157382657,-389.789229646287));
#6391=CARTESIAN_POINT('Ctrl Pts',(14.8344208248093,-4.03371638915703,-389.612886737811));
#6392=CARTESIAN_POINT('Ctrl Pts',(14.8617598691768,-3.93194518911435,-389.558340229775));
#6393=CARTESIAN_POINT('Ctrl Pts',(14.8880681100977,-3.8298480318433,-389.50376582788));
#6394=CARTESIAN_POINT('Ctrl Pts',(14.9133356192945,-3.72743977819738,-389.449160683524));
#6395=CARTESIAN_POINT('Ctrl Pts',(14.9235540785399,-3.68602475156698,-389.427077761229));
#6396=CARTESIAN_POINT('Ctrl Pts',(14.9336023223158,-3.64455884586397,-389.404989811058));
#6397=CARTESIAN_POINT('Ctrl Pts',(14.9434796710345,-3.60304304516074,-389.382896644601));
#6398=CARTESIAN_POINT('Ctrl Pts',(14.9503289924999,-3.57425444277242,-389.367576420161));
#6399=CARTESIAN_POINT('Ctrl Pts',(14.9570958050867,-3.54544315638589,-389.352254386091));
#6400=CARTESIAN_POINT('Ctrl Pts',(14.963777505232,-3.51662013411458,-389.33693611342));
#6401=CARTESIAN_POINT('Ctrl Pts',(15.0417856772224,-3.18011427037638,-389.158096832532));
#6402=CARTESIAN_POINT('Ctrl Pts',(15.1082907297486,-2.84161736628693,-388.979560835083));
#6403=CARTESIAN_POINT('Ctrl Pts',(15.1631505290108,-2.50169430254742,-388.801227761093));
#6404=CARTESIAN_POINT('Ctrl Pts',(15.1797618005149,-2.39876730722042,-388.747229402549));
#6405=CARTESIAN_POINT('Ctrl Pts',(15.1953050530795,-2.29570939673915,-388.693249649001));
#6406=CARTESIAN_POINT('Ctrl Pts',(15.2097754782619,-2.19253587846699,-388.639285714286));
#6407=CARTESIAN_POINT('Ctrl Pts',(15.2570501573283,-1.85546942029472,-388.462986285439));
#6408=CARTESIAN_POINT('Ctrl Pts',(15.2928782138435,-1.51717000895143,-388.286855694136));
#6409=CARTESIAN_POINT('Ctrl Pts',(15.3173987641089,-1.1782108820108,-388.110796789115));
#6410=CARTESIAN_POINT('Ctrl Pts',(15.342183730805,-0.835596602083092,-387.932839359518));
#6411=CARTESIAN_POINT('Ctrl Pts',(15.3554160385631,-0.492307739530969,-387.754955170592));
#6412=CARTESIAN_POINT('Ctrl Pts',(15.3571870857107,-0.148928025297101,-387.577043894178));
#6413=CARTESIAN_POINT('Ctrl Pts',(15.3574427278089,-0.0993628227291721,
-387.55136326108));
#6414=CARTESIAN_POINT('Ctrl Pts',(15.3574594800796,-0.049795721878467,-387.5256820636));
#6415=CARTESIAN_POINT('Ctrl Pts',(15.3572375281346,-0.000228475221576965,
-387.5));
#6416=CARTESIAN_POINT('Ctrl Pts',(15.012108209455,-0.000140965909458444,
-340.5));
#6417=CARTESIAN_POINT('Ctrl Pts',(15.0136198208172,-0.338990792265683,-340.679609050761));
#6418=CARTESIAN_POINT('Ctrl Pts',(15.0037010845173,-0.677500577081784,-340.858997366805));
#6419=CARTESIAN_POINT('Ctrl Pts',(14.9823632645795,-1.01507881874931,-341.038267373536));
#6420=CARTESIAN_POINT('Ctrl Pts',(14.96108695655,-1.35168390186812,-341.217020587067));
#6421=CARTESIAN_POINT('Ctrl Pts',(14.9284573069347,-1.68736339793783,-341.395656172419));
#6422=CARTESIAN_POINT('Ctrl Pts',(14.8844339955777,-2.02153304028183,-341.574275671741));
#6423=CARTESIAN_POINT('Ctrl Pts',(14.8494604079044,-2.28700855595782,-341.716176962832));
#6424=CARTESIAN_POINT('Ctrl Pts',(14.8072950124768,-2.5515313149276,-341.858068101639));
#6425=CARTESIAN_POINT('Ctrl Pts',(14.7578942814264,-2.81480560076423,-342.));
#6426=CARTESIAN_POINT('Ctrl Pts',(14.6954293947346,-3.1477034766458,-342.179466169034));
#6427=CARTESIAN_POINT('Ctrl Pts',(14.6213977220138,-3.47860605795349,-342.358997506098));
#6428=CARTESIAN_POINT('Ctrl Pts',(14.5360642566456,-3.80699215782226,-342.538696937534));
#6429=CARTESIAN_POINT('Ctrl Pts',(14.4508731459622,-4.13483043861991,-342.718096591435));
#6430=CARTESIAN_POINT('Ctrl Pts',(14.354417652134,-4.4601611623921,-342.89766377934));
#6431=CARTESIAN_POINT('Ctrl Pts',(14.2469144959237,-4.78244425873732,-343.07750091334));
#6432=CARTESIAN_POINT('Ctrl Pts',(14.2147443363905,-4.87888699576749,-343.131316908095));
#6433=CARTESIAN_POINT('Ctrl Pts',(14.1815845577116,-4.97505664256916,-343.185157076434));
#6434=CARTESIAN_POINT('Ctrl Pts',(14.1474402026736,-5.07093824060309,-343.239024162757));
#6435=CARTESIAN_POINT('Ctrl Pts',(14.1336821952641,-5.10957243752161,-343.260729178767));
#6436=CARTESIAN_POINT('Ctrl Pts',(14.1197643302969,-5.14815986466114,-343.282438565123));
#6437=CARTESIAN_POINT('Ctrl Pts',(14.1056869221274,-5.18669953177657,-343.304152501362));
#6438=CARTESIAN_POINT('Ctrl Pts',(14.0957908887813,-5.21379186484866,-343.31941680531));
#6439=CARTESIAN_POINT('Ctrl Pts',(14.0858164262049,-5.24085940772015,-343.334682691989));
#6440=CARTESIAN_POINT('Ctrl Pts',(14.0757674436631,-5.26789182125078,-343.349944566041));
#6441=CARTESIAN_POINT('Ctrl Pts',(13.9582604808034,-5.58399315783457,-343.528408053254));
#6442=CARTESIAN_POINT('Ctrl Pts',(13.8304325115964,-5.89566487146808,-343.706533143951));
#6443=CARTESIAN_POINT('Ctrl Pts',(13.6926573520557,-6.20243452556086,-343.884419169806));
#6444=CARTESIAN_POINT('Ctrl Pts',(13.5535413283093,-6.51218974287082,-344.0640364294));
#6445=CARTESIAN_POINT('Ctrl Pts',(13.4042833517453,-6.81694755775714,-344.243409948223));
#6446=CARTESIAN_POINT('Ctrl Pts',(13.2452158442634,-7.11621140440875,-344.42264198643));
#6447=CARTESIAN_POINT('Ctrl Pts',(13.0855132573821,-7.41667006643788,-344.602589611226));
#6448=CARTESIAN_POINT('Ctrl Pts',(12.91592240269,-7.71159135021897,-344.782394623423));
#6449=CARTESIAN_POINT('Ctrl Pts',(12.7367306247441,-8.00045430793688,-344.962160512899));
#6450=CARTESIAN_POINT('Ctrl Pts',(12.5585741286377,-8.28764835775243,-345.140887803601));
#6451=CARTESIAN_POINT('Ctrl Pts',(12.3709270148129,-8.5688543882066,-345.31957642234));
#6452=CARTESIAN_POINT('Ctrl Pts',(12.1740275994054,-8.84353444931901,-345.498328075595));
#6453=CARTESIAN_POINT('Ctrl Pts',(11.9788986270683,-9.11574469400383,-345.675472463408));
#6454=CARTESIAN_POINT('Ctrl Pts',(11.7746826803381,-9.38154626595866,-345.852678757269));
#6455=CARTESIAN_POINT('Ctrl Pts',(11.5615729556699,-9.64038282234733,-346.030045944738));
#6456=CARTESIAN_POINT('Ctrl Pts',(11.3990996501456,-9.8377179321011,-346.165269399624));
#6457=CARTESIAN_POINT('Ctrl Pts',(11.2314560916021,-10.0310040765045,-346.300586372743));
#6458=CARTESIAN_POINT('Ctrl Pts',(11.0587141749883,-10.2199791799209,-346.436040728964));
#6459=CARTESIAN_POINT('Ctrl Pts',(10.9723432166814,-10.3144667316292,-346.503767907074));
#6460=CARTESIAN_POINT('Ctrl Pts',(10.8846974907004,-10.4078762975803,-346.57152943096));
#6461=CARTESIAN_POINT('Ctrl Pts',(10.7957849544006,-10.5001736791795,-346.639330783731));
#6462=CARTESIAN_POINT('Ctrl Pts',(10.7513286862507,-10.5463223699791,-346.673231460116));
#6463=CARTESIAN_POINT('Ctrl Pts',(10.7065557051164,-10.5921929990017,-346.707142093723));
#6464=CARTESIAN_POINT('Ctrl Pts',(10.6614669444652,-10.6377811945627,-346.741063369939));
#6465=CARTESIAN_POINT('Ctrl Pts',(10.6286482490109,-10.6709634130318,-346.765753603547));
#6466=CARTESIAN_POINT('Ctrl Pts',(10.5956622550053,-10.7039959989483,-346.790449475533));
#6467=CARTESIAN_POINT('Ctrl Pts',(10.5625093091876,-10.7368772441698,-346.815151250196));
#6468=CARTESIAN_POINT('Ctrl Pts',(10.5501142763863,-10.7491706951141,-346.824386607707));
#6469=CARTESIAN_POINT('Ctrl Pts',(10.537696134961,-10.761442757816,-346.833622617611));
#6470=CARTESIAN_POINT('Ctrl Pts',(10.5252578125336,-10.773690502551,-346.842857142857));
#6471=CARTESIAN_POINT('Ctrl Pts',(10.2906371099133,-11.0047163898432,-347.017045488142));
#6472=CARTESIAN_POINT('Ctrl Pts',(10.0485665261447,-11.2273636382275,-347.190909284186));
#6473=CARTESIAN_POINT('Ctrl Pts',(9.7996293424027,-11.4415061765766,-347.364540868724));
#6474=CARTESIAN_POINT('Ctrl Pts',(9.54102439803426,-11.6639651856497,-347.5449156347));
#6475=CARTESIAN_POINT('Ctrl Pts',(9.27500890393706,-11.8772465376045,-347.725039802539));
#6476=CARTESIAN_POINT('Ctrl Pts',(9.00219072376721,-12.081174190109,-347.905016891313));
#6477=CARTESIAN_POINT('Ctrl Pts',(8.73052541170403,-12.2842400903414,-348.084233437496));
#6478=CARTESIAN_POINT('Ctrl Pts',(8.4521142121361,-12.4780314093721,-348.263304145033));
#6479=CARTESIAN_POINT('Ctrl Pts',(8.1675192579265,-12.6623356765687,-348.44233122619));
#6480=CARTESIAN_POINT('Ctrl Pts',(7.88191001866134,-12.8472967968161,-348.621996352718));
#6481=CARTESIAN_POINT('Ctrl Pts',(7.59007234530679,-13.0227034152114,-348.801617541346));
#6482=CARTESIAN_POINT('Ctrl Pts',(7.29254414821329,-13.1882977551366,-348.981298101081));
#6483=CARTESIAN_POINT('Ctrl Pts',(6.99583252837671,-13.3534376152069,-349.160485520804));
#6484=CARTESIAN_POINT('Ctrl Pts',(6.69346103214733,-13.5088192377451,-349.339731986189));
#6485=CARTESIAN_POINT('Ctrl Pts',(6.38594117530242,-13.654140211524,-349.519139957967));
#6486=CARTESIAN_POINT('Ctrl Pts',(6.07672412313043,-13.8002632085613,-349.699538078396));
#6487=CARTESIAN_POINT('Ctrl Pts',(5.76230119497916,-13.9362145405652,-349.880099492839));
#6488=CARTESIAN_POINT('Ctrl Pts',(5.44317822210864,-14.0616348689101,-350.060928367843));
#6489=CARTESIAN_POINT('Ctrl Pts',(5.3235071072822,-14.1086674920395,-350.128739195969));
#6490=CARTESIAN_POINT('Ctrl Pts',(5.20317494741387,-14.1542186460487,-350.196587635737));
#6491=CARTESIAN_POINT('Ctrl Pts',(5.08220814352581,-14.1982673630602,-350.264479180304));
#6492=CARTESIAN_POINT('Ctrl Pts',(5.04673938063001,-14.2111829188105,-350.284385708537));
#6493=CARTESIAN_POINT('Ctrl Pts',(5.01121605523289,-14.2239692988177,-350.304295942599));
#6494=CARTESIAN_POINT('Ctrl Pts',(4.97563883171286,-14.2366259558583,-350.32421002096));
#6495=CARTESIAN_POINT('Ctrl Pts',(4.94643418775844,-14.2470155570119,-350.340557096721));
#6496=CARTESIAN_POINT('Ctrl Pts',(4.91720011271727,-14.2573152847176,-350.356902905876));
#6497=CARTESIAN_POINT('Ctrl Pts',(4.8879413048788,-14.267523492067,-350.373245135738));
#6498=CARTESIAN_POINT('Ctrl Pts',(4.56545137587824,-14.3800381263438,-350.55336882968));
#6499=CARTESIAN_POINT('Ctrl Pts',(4.23979382484963,-14.4814969833693,-350.733150299174));
#6500=CARTESIAN_POINT('Ctrl Pts',(3.91152865346617,-14.5717060440212,-350.912691702857));
#6501=CARTESIAN_POINT('Ctrl Pts',(3.58270987814518,-14.6620672380566,-351.092535894764));
#6502=CARTESIAN_POINT('Ctrl Pts',(3.25127413562635,-14.7411409237179,-351.272139210457));
#6503=CARTESIAN_POINT('Ctrl Pts',(2.91775954643277,-14.8086862656896,-351.451604326302));
#6504=CARTESIAN_POINT('Ctrl Pts',(2.77269434568512,-14.8380657258696,-351.529664308986));
#6505=CARTESIAN_POINT('Ctrl Pts',(2.62723558217965,-14.8652635366436,-351.607698145722));
#6506=CARTESIAN_POINT('Ctrl Pts',(2.4814264805826,-14.8902569842077,-351.685714285714));
#6507=CARTESIAN_POINT('Ctrl Pts',(2.1479815897691,-14.9474134806322,-351.864126216083));
#6508=CARTESIAN_POINT('Ctrl Pts',(1.81270510133264,-14.993045316463,-352.04244559734));
#6509=CARTESIAN_POINT('Ctrl Pts',(1.47618079515358,-15.027253867499,-352.220773478948));
#6510=CARTESIAN_POINT('Ctrl Pts',(1.13832689753595,-15.0615975748839,-352.399805925487));
#6511=CARTESIAN_POINT('Ctrl Pts',(0.799214714367321,-15.0844275432403,-352.578846939679));
#6512=CARTESIAN_POINT('Ctrl Pts',(0.459430584623431,-15.095793920956,-352.757998773449));
#6513=CARTESIAN_POINT('Ctrl Pts',(0.120377756787679,-15.1071358353345,-352.936765026886));
#6514=CARTESIAN_POINT('Ctrl Pts',(-0.219344719697865,-15.1070633976454,
-353.11564162339));
#6515=CARTESIAN_POINT('Ctrl Pts',(-0.559149794544657,-15.0955748851553,
-353.294730156092));
#6516=CARTESIAN_POINT('Ctrl Pts',(-0.879164897313651,-15.0847554543188,
-353.463388717837));
#6517=CARTESIAN_POINT('Ctrl Pts',(-1.19925363265972,-15.0638105059239,-353.632235248641));
#6518=CARTESIAN_POINT('Ctrl Pts',(-1.51891491530276,-15.032697206113,-353.801354605211));
#6519=CARTESIAN_POINT('Ctrl Pts',(-1.55847366023054,-15.0288468709054,-353.8222834754));
#6520=CARTESIAN_POINT('Ctrl Pts',(-1.59802979244196,-15.0248403097074,-353.843218618014));
#6521=CARTESIAN_POINT('Ctrl Pts',(-1.63755691800909,-15.0206801825428,-353.864146725118));
#6522=CARTESIAN_POINT('Ctrl Pts',(-1.97562794420459,-14.9850990862842,-354.043142453826));
#6523=CARTESIAN_POINT('Ctrl Pts',(-2.31190649479028,-14.9382588059291,-354.221798047202));
#6524=CARTESIAN_POINT('Ctrl Pts',(-2.64581701269549,-14.8803026993205,-354.400213731));
#6525=CARTESIAN_POINT('Ctrl Pts',(-2.98181301172088,-14.8219846203881,-354.579743732915));
#6526=CARTESIAN_POINT('Ctrl Pts',(-3.31541189716205,-14.7524114163172,-354.759030819122));
#6527=CARTESIAN_POINT('Ctrl Pts',(-3.6460303631889,-14.6716765464664,-354.938177105044));
#6528=CARTESIAN_POINT('Ctrl Pts',(-3.8797073169921,-14.6146141606924,-355.064795436085));
#6529=CARTESIAN_POINT('Ctrl Pts',(-4.11189548692412,-14.551974883399,-355.191343430572));
#6530=CARTESIAN_POINT('Ctrl Pts',(-4.34238740185557,-14.4837760821881,-355.317857142857));
#6531=CARTESIAN_POINT('Ctrl Pts',(-4.668220154188,-14.3873674809973,-355.496702075851));
#6532=CARTESIAN_POINT('Ctrl Pts',(-4.99066404085758,-14.2798509020242,-355.675478499976));
#6533=CARTESIAN_POINT('Ctrl Pts',(-5.30922640731843,-14.1615405526158,-355.854288268462));
#6534=CARTESIAN_POINT('Ctrl Pts',(-5.62827549892611,-14.0430494391616,-356.03337123686));
#6535=CARTESIAN_POINT('Ctrl Pts',(-5.94343172520705,-13.9137312801387,-356.21248765159));
#6536=CARTESIAN_POINT('Ctrl Pts',(-6.25417986051078,-13.7738535740063,-356.391739833451));
#6537=CARTESIAN_POINT('Ctrl Pts',(-6.56352732735564,-13.634606353688,-356.570184052693));
#6538=CARTESIAN_POINT('Ctrl Pts',(-6.86850685129226,-13.4848942630193,-356.748762817911));
#6539=CARTESIAN_POINT('Ctrl Pts',(-7.16858240487347,-13.3249378347984,-356.927577072527));
#6540=CARTESIAN_POINT('Ctrl Pts',(-7.31017097906851,-13.2494635006354,-357.011949341626));
#6541=CARTESIAN_POINT('Ctrl Pts',(-7.45066730596888,-13.171707810153,-357.096374039119));
#6542=CARTESIAN_POINT('Ctrl Pts',(-7.59001242752025,-13.0916908438578,-357.18086176903));
#6543=CARTESIAN_POINT('Ctrl Pts',(-7.65758883614998,-13.0528860464493,-357.22183469508));
#6544=CARTESIAN_POINT('Ctrl Pts',(-7.72489447284063,-13.0135494058689,-357.262822445309));
#6545=CARTESIAN_POINT('Ctrl Pts',(-7.791922450801,-12.9736830539874,-357.303826229147));
#6546=CARTESIAN_POINT('Ctrl Pts',(-7.82607201423347,-12.9533718562782,-357.324716928222));
#6547=CARTESIAN_POINT('Ctrl Pts',(-7.86015286272403,-12.9329210834015,-357.345613865064));
#6548=CARTESIAN_POINT('Ctrl Pts',(-7.89414230545911,-12.9123443105837,-357.366503786642));
#6549=CARTESIAN_POINT('Ctrl Pts',(-8.18588390800191,-12.7357276851271,-357.545808262027));
#6550=CARTESIAN_POINT('Ctrl Pts',(-8.47118090416503,-12.5496635989748,-357.724771564538));
#6551=CARTESIAN_POINT('Ctrl Pts',(-8.74957114842406,-12.3545122583042,-357.903494440858));
#6552=CARTESIAN_POINT('Ctrl Pts',(-9.02923857383518,-12.1584656146578,-358.083037250685));
#6553=CARTESIAN_POINT('Ctrl Pts',(-9.30193625431014,-11.9532478785302,-358.262337423236));
#6554=CARTESIAN_POINT('Ctrl Pts',(-9.5671760048589,-11.7391754905558,-358.441497098165));
#6555=CARTESIAN_POINT('Ctrl Pts',(-9.81826000503346,-11.5365280691631,-358.611095085488));
#6556=CARTESIAN_POINT('Ctrl Pts',(-10.0626610999524,-11.3259453256445,-358.780567171621));
#6557=CARTESIAN_POINT('Ctrl Pts',(-10.2999426600535,-11.107659009442,-358.95));
#6558=CARTESIAN_POINT('Ctrl Pts',(-10.5502454397992,-10.8773938691476,-359.128730736199));
#6559=CARTESIAN_POINT('Ctrl Pts',(-10.7926265670107,-10.6385564785711,-359.307417787752));
#6560=CARTESIAN_POINT('Ctrl Pts',(-11.0267787174858,-10.3916520757855,-359.486162859285));
#6561=CARTESIAN_POINT('Ctrl Pts',(-11.2611642087236,-10.1445016241744,-359.665086056499));
#6562=CARTESIAN_POINT('Ctrl Pts',(-11.4873046631466,-9.88926759297753,-359.844067389389));
#6563=CARTESIAN_POINT('Ctrl Pts',(-11.7048516734009,-9.62642342027337,-360.023208866941));
#6564=CARTESIAN_POINT('Ctrl Pts',(-11.9212841587866,-9.36492583636706,-360.201432576736));
#6565=CARTESIAN_POINT('Ctrl Pts',(-12.1292113342463,-9.09589538813126,-360.379814794507));
#6566=CARTESIAN_POINT('Ctrl Pts',(-12.3282455350226,-8.81977269008603,-360.558455969439));
#6567=CARTESIAN_POINT('Ctrl Pts',(-12.4251723007541,-8.68530494553656,-360.645451627698));
#6568=CARTESIAN_POINT('Ctrl Pts',(-12.5199893515517,-8.54915489931639,-360.732508698906));
#6569=CARTESIAN_POINT('Ctrl Pts',(-12.6126477157915,-8.41137176425642,-360.819638784037));
#6570=CARTESIAN_POINT('Ctrl Pts',(-12.6293777360123,-8.3864941975676,-360.835370640497));
#6571=CARTESIAN_POINT('Ctrl Pts',(-12.6460373006567,-8.36156345386674,-360.851104827412));
#6572=CARTESIAN_POINT('Ctrl Pts',(-12.6626190961995,-8.33659052395142,-360.866834697696));
#6573=CARTESIAN_POINT('Ctrl Pts',(-12.8513455474125,-8.05235999975117,-361.045864923291));
#6574=CARTESIAN_POINT('Ctrl Pts',(-13.0302343255781,-7.76232203574217,-361.224555022016));
#6575=CARTESIAN_POINT('Ctrl Pts',(-13.1990350184981,-7.46701796863869,-361.403005278813));
#6576=CARTESIAN_POINT('Ctrl Pts',(-13.3686639220778,-7.1702650095195,-361.582331091287));
#6577=CARTESIAN_POINT('Ctrl Pts',(-13.5281058557939,-6.86819366882682,-361.761414702519));
#6578=CARTESIAN_POINT('Ctrl Pts',(-13.6770681690623,-6.56131738926695,-361.940357880833));
#6579=CARTESIAN_POINT('Ctrl Pts',(-13.8259273369357,-6.25465359885514,-362.119177154218));
#6580=CARTESIAN_POINT('Ctrl Pts',(-13.9643217137704,-5.94319102023234,-362.297856189097));
#6581=CARTESIAN_POINT('Ctrl Pts',(-14.091915869318,-5.62741365428073,-362.476496542538));
#6582=CARTESIAN_POINT('Ctrl Pts',(-14.1170694403379,-5.5651621478003,-362.511713224665));
#6583=CARTESIAN_POINT('Ctrl Pts',(-14.1418031370975,-5.50274288034572,-362.546928403512));
#6584=CARTESIAN_POINT('Ctrl Pts',(-14.166114173674,-5.44015945580442,-362.582142857143));
#6585=CARTESIAN_POINT('Ctrl Pts',(-14.289527400831,-5.12245920617167,-362.760906496098));
#6586=CARTESIAN_POINT('Ctrl Pts',(-14.4020526365945,-4.80052988359065,-362.939651446174));
#6587=CARTESIAN_POINT('Ctrl Pts',(-14.5036258489728,-4.47495284259156,-363.11847949417));
#6588=CARTESIAN_POINT('Ctrl Pts',(-14.6051740636599,-4.14945592778052,-363.297263531662));
#6589=CARTESIAN_POINT('Ctrl Pts',(-14.695775739132,-3.82031250678201,-363.476130626177));
#6590=CARTESIAN_POINT('Ctrl Pts',(-14.7753160303496,-3.48809267688559,-363.655182489383));
#6591=CARTESIAN_POINT('Ctrl Pts',(-14.8543608993613,-3.15794210118038,-363.833119115672));
#6592=CARTESIAN_POINT('Ctrl Pts',(-14.9224817990271,-2.82475274489999,-364.011238216131));
#6593=CARTESIAN_POINT('Ctrl Pts',(-14.9795147774983,-2.48908208030443,-364.189639613686));
#6594=CARTESIAN_POINT('Ctrl Pts',(-14.9891692820768,-2.43225997395313,-364.219839283345));
#6595=CARTESIAN_POINT('Ctrl Pts',(-14.9985059361695,-2.37536677142722,-364.250047042366));
#6596=CARTESIAN_POINT('Ctrl Pts',(-15.0075237962025,-2.31840518940071,-364.28026337497));
#6597=CARTESIAN_POINT('Ctrl Pts',(-15.0124267459638,-2.28743556091042,-364.296691791488));
#6598=CARTESIAN_POINT('Ctrl Pts',(-15.0172354586945,-2.25644571937846,-364.313122742377));
#6599=CARTESIAN_POINT('Ctrl Pts',(-15.0219497773521,-2.22543610221665,-364.329556305459));
#6600=CARTESIAN_POINT('Ctrl Pts',(-15.0268980631528,-2.19288750730235,-364.346805450619));
#6601=CARTESIAN_POINT('Ctrl Pts',(-15.0317412575432,-2.16032423855219,-364.364053702927));
#6602=CARTESIAN_POINT('Ctrl Pts',(-15.0364784215018,-2.12775323595207,-364.381297760476));
#6603=CARTESIAN_POINT('Ctrl Pts',(-15.0856482773675,-1.78967933409556,-364.560284139595));
#6604=CARTESIAN_POINT('Ctrl Pts',(-15.1234318837127,-1.45055736859113,-364.738933366061));
#6605=CARTESIAN_POINT('Ctrl Pts',(-15.149843071693,-1.11097986671077,-364.917345683652));
#6606=CARTESIAN_POINT('Ctrl Pts',(-15.1763806289093,-0.769777593181381,
-365.096611648124));
#6607=CARTESIAN_POINT('Ctrl Pts',(-15.1914367865288,-0.428114835769523,
-365.275638431228));
#6608=CARTESIAN_POINT('Ctrl Pts',(-15.1949752491321,-0.0865768849632447,
-365.454527722542));
#6609=CARTESIAN_POINT('Ctrl Pts',(-15.1985099737617,0.254600270779117,-365.633228038156));
#6610=CARTESIAN_POINT('Ctrl Pts',(-15.1905513908636,0.595653470538184,-365.811791152314));
#6611=CARTESIAN_POINT('Ctrl Pts',(-15.1710120013921,0.936006221373457,-365.990318432665));
#6612=CARTESIAN_POINT('Ctrl Pts',(-15.1628406891792,1.07834068856011,-366.064977988859));
#6613=CARTESIAN_POINT('Ctrl Pts',(-15.1526434019795,1.22055268803581,-366.139631278128));
#6614=CARTESIAN_POINT('Ctrl Pts',(-15.1404110297404,1.36260004127552,-366.214285714286));
#6615=CARTESIAN_POINT('Ctrl Pts',(-15.1111239101482,1.70269415718258,-366.393025647728));
#6616=CARTESIAN_POINT('Ctrl Pts',(-15.0701745291897,2.04184514409125,-366.571772155533));
#6617=CARTESIAN_POINT('Ctrl Pts',(-15.0177529438858,2.37949792818448,-366.750626988946));
#6618=CARTESIAN_POINT('Ctrl Pts',(-14.965401681176,2.71669775726788,-366.929241891884));
#6619=CARTESIAN_POINT('Ctrl Pts',(-14.9016087934662,3.05240396456415,-367.107964829991));
#6620=CARTESIAN_POINT('Ctrl Pts',(-14.8265136321579,3.38604980571192,-367.286897145569));
#6621=CARTESIAN_POINT('Ctrl Pts',(-14.7817096929767,3.58511253777608,-367.393653325928));
#6622=CARTESIAN_POINT('Ctrl Pts',(-14.7328815877621,3.78344154456381,-367.500484037543));
#6623=CARTESIAN_POINT('Ctrl Pts',(-14.6800508187747,3.98091283236889,-367.607410803447));
#6624=CARTESIAN_POINT('Ctrl Pts',(-14.6569373573427,4.06730652078361,-367.65419126353));
#6625=CARTESIAN_POINT('Ctrl Pts',(-14.6330576846065,4.15353599584606,-367.700990109005));
#6626=CARTESIAN_POINT('Ctrl Pts',(-14.6084132483911,4.23959067036569,-367.747809142215));
#6627=CARTESIAN_POINT('Ctrl Pts',(-14.5950361823409,4.28630137841024,-367.773222638965));
#6628=CARTESIAN_POINT('Ctrl Pts',(-14.5814337867109,4.33296058185754,-367.798642083723));
#6629=CARTESIAN_POINT('Ctrl Pts',(-14.5676062669965,4.37956657056802,-367.824067764735));
#6630=CARTESIAN_POINT('Ctrl Pts',(-14.5600493773169,4.40503724950162,-367.837963175511));
#6631=CARTESIAN_POINT('Ctrl Pts',(-14.552425785219,4.43049017766579,-367.85185943812));
#6632=CARTESIAN_POINT('Ctrl Pts',(-14.5447378701085,4.45591755332104,-367.865752479207));
#6633=CARTESIAN_POINT('Ctrl Pts',(-14.4457663600393,4.78326062742069,-368.044606594542));
#6634=CARTESIAN_POINT('Ctrl Pts',(-14.3360333160858,5.10672624596401,-368.223121641129));
#6635=CARTESIAN_POINT('Ctrl Pts',(-14.2158176991896,5.42578570515476,-368.401397612398));
#6636=CARTESIAN_POINT('Ctrl Pts',(-14.0949904847873,5.74646838081747,-368.580580563495));
#6637=CARTESIAN_POINT('Ctrl Pts',(-13.9635736085474,6.06270051702683,-368.759522000493));
#6638=CARTESIAN_POINT('Ctrl Pts',(-13.8217978486444,6.37393840352098,-368.938323450753));
#6639=CARTESIAN_POINT('Ctrl Pts',(-13.6801655580921,6.68486133421806,-369.116943963679));
#6640=CARTESIAN_POINT('Ctrl Pts',(-13.5281951387455,6.99080067613256,-369.295424773042));
#6641=CARTESIAN_POINT('Ctrl Pts',(-13.3660672064593,7.2911990691125,-369.473867098294));
#6642=CARTESIAN_POINT('Ctrl Pts',(-13.2532274683728,7.50027393676447,-369.59806152279));
#6643=CARTESIAN_POINT('Ctrl Pts',(-13.1354663523081,7.70666443063069,-369.722237305397));
#6644=CARTESIAN_POINT('Ctrl Pts',(-13.0128313461052,7.91017608427482,-369.846428571429));
#6645=CARTESIAN_POINT('Ctrl Pts',(-12.8363815911143,8.20299281365061,-370.02511750489));
#6646=CARTESIAN_POINT('Ctrl Pts',(-12.6498435143997,8.48985129928212,-370.203838492205));
#6647=CARTESIAN_POINT('Ctrl Pts',(-12.4536242910422,8.7703323652816,-370.382693180818));
#6648=CARTESIAN_POINT('Ctrl Pts',(-12.257879378947,9.0501354379315,-370.56111553262));
#6649=CARTESIAN_POINT('Ctrl Pts',(-12.0524996538319,9.32359230562948,-370.739670940123));
#6650=CARTESIAN_POINT('Ctrl Pts',(-11.837851657679,9.59025145578581,-370.918460315429));
#6651=CARTESIAN_POINT('Ctrl Pts',(-11.7095492504292,9.74964269862728,-371.025328805485));
#6652=CARTESIAN_POINT('Ctrl Pts',(-11.5779347279123,9.90660450668089,-371.132280888948));
#6653=CARTESIAN_POINT('Ctrl Pts',(-11.4430808384856,10.0610334414322,-371.239338116806));
#6654=CARTESIAN_POINT('Ctrl Pts',(-11.413092144511,10.0953752174446,-371.26314541267));
#6655=CARTESIAN_POINT('Ctrl Pts',(-11.3829432409436,10.1295917144648,-371.286957908186));
#6656=CARTESIAN_POINT('Ctrl Pts',(-11.3526349029362,10.1636817563647,-371.310775840354));
#6657=CARTESIAN_POINT('Ctrl Pts',(-11.3311300916913,10.187869816964,-371.327675484782));
#6658=CARTESIAN_POINT('Ctrl Pts',(-11.3095442065233,10.2119950730926,-371.344578481568));
#6659=CARTESIAN_POINT('Ctrl Pts',(-11.2878882898941,10.2360452592298,-371.361476558866));
#6660=CARTESIAN_POINT('Ctrl Pts',(-11.0588335794244,10.4904241671617,-371.5402075851));
#6661=CARTESIAN_POINT('Ctrl Pts',(-10.8216797957079,10.736710479223,-371.718599873331));
#6662=CARTESIAN_POINT('Ctrl Pts',(-10.5769134647945,10.9745550836018,-371.896753208901));
#6663=CARTESIAN_POINT('Ctrl Pts',(-10.3308574917159,11.2136528604632,-372.075845211372));
#6664=CARTESIAN_POINT('Ctrl Pts',(-10.0771081524734,11.444220177087,-372.254695736527));
#6665=CARTESIAN_POINT('Ctrl Pts',(-9.81611503816857,11.6658737133222,-372.433406155299));
#6666=CARTESIAN_POINT('Ctrl Pts',(-9.55539338042898,11.8872967097297,-372.61193069899));
#6667=CARTESIAN_POINT('Ctrl Pts',(-9.28744258306207,12.0998248700188,-372.790315427592));
#6668=CARTESIAN_POINT('Ctrl Pts',(-9.01267255922747,12.3030412066741,-372.968661396065));
#6669=CARTESIAN_POINT('Ctrl Pts',(-8.75079770123637,12.4967204463539,-373.138637452824));
#6670=CARTESIAN_POINT('Ctrl Pts',(-8.48272809049429,12.68194144795,-373.308578302168));
#6671=CARTESIAN_POINT('Ctrl Pts',(-8.20879142680656,12.858308513869,-373.478571428571));
#6672=CARTESIAN_POINT('Ctrl Pts',(-7.92095038235937,13.043627557245,-373.657193006253));
#6673=CARTESIAN_POINT('Ctrl Pts',(-7.62663125012452,13.2191715876132,-373.835872302599));
#6674=CARTESIAN_POINT('Ctrl Pts',(-7.32637996779029,13.3847343074488,-374.014710811209));
#6675=CARTESIAN_POINT('Ctrl Pts',(-7.02719425368563,13.5497094581892,-374.192914635993));
#6676=CARTESIAN_POINT('Ctrl Pts',(-6.72211786368286,13.7047742062725,-374.371276544982));
#6677=CARTESIAN_POINT('Ctrl Pts',(-6.4116740082118,13.8496757846362,-374.549896955032));
#6678=CARTESIAN_POINT('Ctrl Pts',(-6.31869297010973,13.8930752558818,-374.603395553441));
#6679=CARTESIAN_POINT('Ctrl Pts',(-6.22523035236386,13.9355626846779,-374.656917341009));
#6680=CARTESIAN_POINT('Ctrl Pts',(-6.13130003024659,13.9771303862856,-374.710465015725));
#6681=CARTESIAN_POINT('Ctrl Pts',(-6.07169890710139,14.003506125733,-374.744442345761));
#6682=CARTESIAN_POINT('Ctrl Pts',(-6.01190947464612,14.0295115545891,-374.778430098526));
#6683=CARTESIAN_POINT('Ctrl Pts',(-5.95193526668183,14.0551446208934,-374.812428963287));
#6684=CARTESIAN_POINT('Ctrl Pts',(-5.92477918347135,14.0667511715278,-374.827823514242));
#6685=CARTESIAN_POINT('Ctrl Pts',(-5.89758570748491,14.0782811433711,-374.843220060149));
#6686=CARTESIAN_POINT('Ctrl Pts',(-5.87036611566112,14.0897298201241,-374.858612490492));
#6687=CARTESIAN_POINT('Ctrl Pts',(-5.55641397472695,14.2217794335322,-375.036149556132));
#6688=CARTESIAN_POINT('Ctrl Pts',(-5.23861359933005,14.3431791254953,-375.213352739648));
#6689=CARTESIAN_POINT('Ctrl Pts',(-4.91754773412954,14.453833538464,-375.390319843754));
#6690=CARTESIAN_POINT('Ctrl Pts',(-4.59277862678134,14.5657642630258,-375.569328124172));
#6691=CARTESIAN_POINT('Ctrl Pts',(-4.26466775838264,14.6667006690572,-375.748094847792));
#6692=CARTESIAN_POINT('Ctrl Pts',(-3.93379003428331,14.7564991223401,-375.926721240745));
#6693=CARTESIAN_POINT('Ctrl Pts',(-3.6025681497249,14.8463909789398,-376.105533430857));
#6694=CARTESIAN_POINT('Ctrl Pts',(-3.26857309041889,14.9251219011753,-376.284204998223));
#6695=CARTESIAN_POINT('Ctrl Pts',(-2.93236154555969,14.9924996252936,-376.46283748517));
#6696=CARTESIAN_POINT('Ctrl Pts',(-2.59817881132152,15.0594707701484,-376.640392045161));
#6697=CARTESIAN_POINT('Ctrl Pts',(-2.26180570100771,15.115225467772,-376.81790799496));
#6698=CARTESIAN_POINT('Ctrl Pts',(-1.92377751996516,15.1595248337927,-376.995485049744));
#6699=CARTESIAN_POINT('Ctrl Pts',(-1.85066843223835,15.1691059469018,-377.033891600454));
#6700=CARTESIAN_POINT('Ctrl Pts',(-1.77748189984008,15.178151016477,-377.072301009502));
#6701=CARTESIAN_POINT('Ctrl Pts',(-1.70422330719404,15.1866573044639,-377.110714285714));
#6702=CARTESIAN_POINT('Ctrl Pts',(-1.3637569142791,15.22618993925,-377.289238457688));
#6703=CARTESIAN_POINT('Ctrl Pts',(-1.02173389567481,15.254089620045,-377.467846156112));
#6704=CARTESIAN_POINT('Ctrl Pts',(-0.678734812383204,15.2704020449369,-377.646638646994));
#6705=CARTESIAN_POINT('Ctrl Pts',(-0.431048934619495,15.2821815437012,-377.775747957191));
#6706=CARTESIAN_POINT('Ctrl Pts',(-0.182854030286884,15.2879177235062,-377.904953628279));
#6707=CARTESIAN_POINT('Ctrl Pts',(0.0656290393361707,15.2876110315493,-378.034293792168));
#6708=CARTESIAN_POINT('Ctrl Pts',(0.174340382296255,15.2874768538181,-378.090880113869));
#6709=CARTESIAN_POINT('Ctrl Pts',(0.283106844501867,15.2861858523645,-378.147492178333));
#6710=CARTESIAN_POINT('Ctrl Pts',(0.391909717471589,15.2837372258123,-378.204133178734));
#6711=CARTESIAN_POINT('Ctrl Pts',(0.456013105422454,15.2822945685227,-378.237504356568));
#6712=CARTESIAN_POINT('Ctrl Pts',(0.520129129524314,15.2804500653059,-378.270885578681));
#6713=CARTESIAN_POINT('Ctrl Pts',(0.584253936701426,15.2782034696651,-378.304277498121));
#6714=CARTESIAN_POINT('Ctrl Pts',(0.614838148874858,15.2771319598895,-378.320203714416));
#6715=CARTESIAN_POINT('Ctrl Pts',(0.645424760554997,15.2759689400671,-378.336132573889));
#6716=CARTESIAN_POINT('Ctrl Pts',(0.675999675451227,15.2747150139989,-378.352057022849));
#6717=CARTESIAN_POINT('Ctrl Pts',(1.0164452120892,15.260752799071,-378.529372563712));
#6718=CARTESIAN_POINT('Ctrl Pts',(1.35585000631646,15.2355104834304,-378.706354965837));
#6719=CARTESIAN_POINT('Ctrl Pts',(1.69364866991572,15.1991627530771,-378.883101665061));
#6720=CARTESIAN_POINT('Ctrl Pts',(2.03559053644767,15.1623692068008,-379.06201621609));
#6721=CARTESIAN_POINT('Ctrl Pts',(2.37588720063863,15.11419617476,-379.240689246824));
#6722=CARTESIAN_POINT('Ctrl Pts',(2.71395867553118,15.0547719994367,-379.419221822496));
#6723=CARTESIAN_POINT('Ctrl Pts',(3.05245070825095,14.995273900982,-379.597976491062));
#6724=CARTESIAN_POINT('Ctrl Pts',(3.38871260310145,14.9244965838696,-379.776590354899));
#6725=CARTESIAN_POINT('Ctrl Pts',(3.72215987190445,14.8425166808179,-379.95516485688));
#6726=CARTESIAN_POINT('Ctrl Pts',(4.05347360707907,14.7610613191147,-380.132596765292));
#6727=CARTESIAN_POINT('Ctrl Pts',(4.38200918577411,14.6685461518259,-380.309989813945));
#6728=CARTESIAN_POINT('Ctrl Pts',(4.70718233207601,14.5649963314296,-380.487443510924));
#6729=CARTESIAN_POINT('Ctrl Pts',(4.86316005396331,14.5153259780473,-380.572563772884));
#6730=CARTESIAN_POINT('Ctrl Pts',(5.01836390247946,14.4631159427624,-380.657697989354));
#6731=CARTESIAN_POINT('Ctrl Pts',(5.17272790752194,14.4083649933541,-380.742857142857));
#6732=CARTESIAN_POINT('Ctrl Pts',(5.4961108150535,14.293665188792,-380.921260227535));
#6733=CARTESIAN_POINT('Ctrl Pts',(5.81580960531098,14.1678167158166,-381.099772754919));
#6734=CARTESIAN_POINT('Ctrl Pts',(6.13131930092496,14.0311069959134,-381.278495700308));
#6735=CARTESIAN_POINT('Ctrl Pts',(6.35942082164094,13.9322710633254,-381.40770559844));
#6736=CARTESIAN_POINT('Ctrl Pts',(6.58533235588579,13.8277572533134,-381.537025476604));
#6737=CARTESIAN_POINT('Ctrl Pts',(6.8088532713514,13.7176603132287,-381.666493490687));
#6738=CARTESIAN_POINT('Ctrl Pts',(6.87151381337223,13.6867963829958,-381.702787794153));
#6739=CARTESIAN_POINT('Ctrl Pts',(6.93398642741299,13.6554936234518,-381.739093739209));
#6740=CARTESIAN_POINT('Ctrl Pts',(6.99626655784046,13.6237539691052,-381.775412166457));
#6741=CARTESIAN_POINT('Ctrl Pts',(7.02241821020453,13.6104263732744,-381.790662405614));
#6742=CARTESIAN_POINT('Ctrl Pts',(7.04853775334903,13.5970207966762,-381.805915916207));
#6743=CARTESIAN_POINT('Ctrl Pts',(7.07461885544406,13.5835404794001,-381.821169255706));
#6744=CARTESIAN_POINT('Ctrl Pts',(7.37731692534251,13.4270875041304,-381.998199981204));
#6745=CARTESIAN_POINT('Ctrl Pts',(7.67430315025635,13.2608495857887,-382.174894445494));
#6746=CARTESIAN_POINT('Ctrl Pts',(7.96514924353571,13.0852371786521,-382.351349566707));
#6747=CARTESIAN_POINT('Ctrl Pts',(8.25988387391479,12.9072768790181,-382.530163847286));
#6748=CARTESIAN_POINT('Ctrl Pts',(8.54831361127372,12.7196895258383,-382.708732342095));
#6749=CARTESIAN_POINT('Ctrl Pts',(8.8299764063021,12.5228513305618,-382.887155908782));
#6750=CARTESIAN_POINT('Ctrl Pts',(9.11209735467054,12.3256929578313,-383.065869699646));
#6751=CARTESIAN_POINT('Ctrl Pts',(9.38742983147331,12.1192533072852,-383.244438090522));
#6752=CARTESIAN_POINT('Ctrl Pts',(9.6554855541617,11.9038638737803,-383.422962432025));
#6753=CARTESIAN_POINT('Ctrl Pts',(9.92176967337612,11.6898979676854,-383.600306890702));
#6754=CARTESIAN_POINT('Ctrl Pts',(10.1808733618021,11.4670998291075,-383.777607880334));
#6755=CARTESIAN_POINT('Ctrl Pts',(10.4322872115236,11.2357536501647,-383.95496475528));
#6756=CARTESIAN_POINT('Ctrl Pts',(10.630689730796,11.0531874757988,-384.094925425063));
#6757=CARTESIAN_POINT('Ctrl Pts',(10.824302863208,10.8652971354549,-384.234920897605));
#6758=CARTESIAN_POINT('Ctrl Pts',(11.0128597710213,10.6722063276937,-384.375));
#6759=CARTESIAN_POINT('Ctrl Pts',(11.2528041806358,10.4264923922694,-384.553254925334));
#6760=CARTESIAN_POINT('Ctrl Pts',(11.4845623658722,10.1723576870452,-384.731645275316));
#6761=CARTESIAN_POINT('Ctrl Pts',(11.7078000886063,9.91027600857971,-384.910271665576));
#6762=CARTESIAN_POINT('Ctrl Pts',(11.8694242690407,9.72052879215917,-385.039597227475));
#6763=CARTESIAN_POINT('Ctrl Pts',(12.0265813682591,9.52661530081586,-385.169046516128));
#6764=CARTESIAN_POINT('Ctrl Pts',(12.179129333749,9.32870758078385,-385.298657715561));
#6765=CARTESIAN_POINT('Ctrl Pts',(12.1961452946376,9.30663196664632,-385.313115195169));
#6766=CARTESIAN_POINT('Ctrl Pts',(12.2131020896408,9.28450896759189,-385.327573165803));
#6767=CARTESIAN_POINT('Ctrl Pts',(12.229995021504,9.2623448552812,-385.342027778754));
#6768=CARTESIAN_POINT('Ctrl Pts',(12.4367219102795,8.99111200964117,-385.51891579252));
#6769=CARTESIAN_POINT('Ctrl Pts',(12.6340906435405,8.7134626478638,-385.695473309046));
#6770=CARTESIAN_POINT('Ctrl Pts',(12.8218975960511,8.42995517673192,-385.871797072648));
#6771=CARTESIAN_POINT('Ctrl Pts',(13.0122654554898,8.14258184101258,-386.050525160167));
#6772=CARTESIAN_POINT('Ctrl Pts',(13.1928093615185,7.849189122416,-386.22901307646));
#6773=CARTESIAN_POINT('Ctrl Pts',(13.3632803599512,7.55031969540585,-386.407361577623));
#6774=CARTESIAN_POINT('Ctrl Pts',(13.5340187781938,7.25098142849858,-386.585989856124));
#6775=CARTESIAN_POINT('Ctrl Pts',(13.6946529729678,6.94614875150668,-386.764478281749));
#6776=CARTESIAN_POINT('Ctrl Pts',(13.8448910183989,6.63633528251993,-386.942928085509));
#6777=CARTESIAN_POINT('Ctrl Pts',(13.9941719643834,6.32849549668975,-387.120241065317));
#6778=CARTESIAN_POINT('Ctrl Pts',(14.1331890513716,6.01573765538751,-387.297515913778));
#6779=CARTESIAN_POINT('Ctrl Pts',(14.2616105244692,5.69854216642421,-387.474851939511));
#6780=CARTESIAN_POINT('Ctrl Pts',(14.3900319975667,5.3813466774609,-387.652187965244));
#6781=CARTESIAN_POINT('Ctrl Pts',(14.5078581657812,5.05971305102856,-387.829585168248));
#6782=CARTESIAN_POINT('Ctrl Pts',(14.6147074768626,4.73410568972615,-388.007142857143));
#6783=CARTESIAN_POINT('Ctrl Pts',(14.7220107513138,4.40711494266791,-388.185454923263));
#6784=CARTESIAN_POINT('Ctrl Pts',(14.8182435982591,4.07611598068682,-388.36392884186));
#6785=CARTESIAN_POINT('Ctrl Pts',(14.9033046322305,3.741680554722,-388.542665192717));
#6786=CARTESIAN_POINT('Ctrl Pts',(14.9270484918579,3.64832655421447,-388.592557495067));
#6787=CARTESIAN_POINT('Ctrl Pts',(14.9499215475257,3.55470477352487,-388.642470245779));
#6788=CARTESIAN_POINT('Ctrl Pts',(14.9719208663777,3.46082763994358,-388.692405632477));
#6789=CARTESIAN_POINT('Ctrl Pts',(14.9860824975694,3.40039607149073,-388.7245505609));
#6790=CARTESIAN_POINT('Ctrl Pts',(14.9998820554817,3.33985868784086,-388.756704869423));
#6791=CARTESIAN_POINT('Ctrl Pts',(15.0133186873666,3.27921880872273,-388.788869141607));
#6792=CARTESIAN_POINT('Ctrl Pts',(15.0198071510648,3.24993619849036,-388.804401063165));
#6793=CARTESIAN_POINT('Ctrl Pts',(15.026210208653,3.22063311263341,-388.819933489646));
#6794=CARTESIAN_POINT('Ctrl Pts',(15.0325260696068,3.19131829880378,-388.835462064035));
#6795=CARTESIAN_POINT('Ctrl Pts',(15.1045061091976,2.85722584878202,-389.012436732644));
#6796=CARTESIAN_POINT('Ctrl Pts',(15.1652358479805,2.52129147448569,-389.189081152528));
#6797=CARTESIAN_POINT('Ctrl Pts',(15.2147817299221,2.18411022592322,-389.36549221787));
#6798=CARTESIAN_POINT('Ctrl Pts',(15.2647610899871,1.84397897043475,-389.543446707902));
#6799=CARTESIAN_POINT('Ctrl Pts',(15.3033601463732,1.50257837668498,-389.721163742281));
#6800=CARTESIAN_POINT('Ctrl Pts',(15.3305975934605,1.16049996773362,-389.898742780692));
#6801=CARTESIAN_POINT('Ctrl Pts',(15.3579845036081,0.816544434039153,-390.07729626823));
#6802=CARTESIAN_POINT('Ctrl Pts',(15.3738848607858,0.471903045569032,-390.255710241165));
#6803=CARTESIAN_POINT('Ctrl Pts',(15.3782663993896,0.127166269907809,-390.434085805512));
#6804=CARTESIAN_POINT('Ctrl Pts',(15.3788061078805,0.0847023361646383,-390.456057723453));
#6805=CARTESIAN_POINT('Ctrl Pts',(15.3791709793265,0.0422369481509972,-390.478029058628));
#6806=CARTESIAN_POINT('Ctrl Pts',(15.3793608989249,-0.00022879512111029,
-390.5));
#6807=CARTESIAN_POINT('Origin',(0.,0.,0.));
#6808=CARTESIAN_POINT('',(16.9495231113635,-0.00025216423482723,-387.5));
#6809=CARTESIAN_POINT('',(16.9495232209491,-0.000252154055147262,-390.5));
#6810=CARTESIAN_POINT('',(16.95,-2.07577632455476E-15,0.));
#6811=CARTESIAN_POINT('',(-12.784560903477,-11.1291285600126,-406.8));
#6812=CARTESIAN_POINT('Ctrl Pts',(-12.784560903477,-11.1291285600126,-406.8));
#6813=CARTESIAN_POINT('Ctrl Pts',(-11.0913436306238,-13.0742080180206,-405.589285714286));
#6814=CARTESIAN_POINT('Ctrl Pts',(-8.9474945092602,-14.6258134090515,-404.378571428572));
#6815=CARTESIAN_POINT('Ctrl Pts',(-6.57103298188006,-15.6253849362379,-403.167857142857));
#6816=CARTESIAN_POINT('Ctrl Pts',(-4.19457145449985,-16.6249564634243,-401.957142857143));
#6817=CARTESIAN_POINT('Ctrl Pts',(-1.58549752110315,-17.0724941267661,-400.746428571429));
#6818=CARTESIAN_POINT('Ctrl Pts',(0.988500929019054,-16.9221696319382,-399.535714285714));
#6819=CARTESIAN_POINT('Ctrl Pts',(3.56249937914121,-16.7718451371103,-398.325));
#6820=CARTESIAN_POINT('Ctrl Pts',(6.10142234598883,-16.0236584841127,-397.114285714286));
#6821=CARTESIAN_POINT('Ctrl Pts',(8.34559099625949,-14.7542445585655,-395.903571428571));
#6822=CARTESIAN_POINT('Ctrl Pts',(10.5897596465301,-13.4848306330183,-394.692857142857));
#6823=CARTESIAN_POINT('Ctrl Pts',(12.5391739802239,-11.6941894349213,-393.482142857143));
#6824=CARTESIAN_POINT('Ctrl Pts',(13.9941656517409,-9.56560747315087,-392.271428571429));
#6825=CARTESIAN_POINT('Ctrl Pts',(15.449157323258,-7.43702551138037,-391.060714285714));
#6826=CARTESIAN_POINT('Ctrl Pts',(16.4097263325985,-4.97050278593637,-389.85));
#6827=CARTESIAN_POINT('Ctrl Pts',(16.7775931248915,-2.41854161050703,-388.639285714286));
#6828=CARTESIAN_POINT('Ctrl Pts',(16.892981037125,-1.61807394584444,-388.259523809524));
#6829=CARTESIAN_POINT('Ctrl Pts',(16.9500545224343,-0.809200214686984,-387.879761904762));
#6830=CARTESIAN_POINT('Ctrl Pts',(16.9495231113743,-0.00025216423482739,
-387.5));
#6831=CARTESIAN_POINT('',(-12.784560903477,-11.1291285600126,-409.8));
#6832=CARTESIAN_POINT('',(-12.784560903477,-11.1291285600126,0.));
#6833=CARTESIAN_POINT('Ctrl Pts',(16.9495232209534,-0.000252154055267784,
-390.5));
#6834=CARTESIAN_POINT('Ctrl Pts',(16.9500546345454,-0.809200208618482,-390.879761904762));
#6835=CARTESIAN_POINT('Ctrl Pts',(16.8929811492534,-1.61807394496091,-391.259523809524));
#6836=CARTESIAN_POINT('Ctrl Pts',(16.7775932324719,-2.41854161645999,-391.639285714286));
#6837=CARTESIAN_POINT('Ctrl Pts',(16.4097264256791,-4.97050281368427,-392.85));
#6838=CARTESIAN_POINT('Ctrl Pts',(15.4491573554364,-7.43702557770949,-394.060714285714));
#6839=CARTESIAN_POINT('Ctrl Pts',(13.9941657094116,-9.56560752687508,-395.271428571429));
#6840=CARTESIAN_POINT('Ctrl Pts',(12.5391740633868,-11.6941894760407,-396.482142857143));
#6841=CARTESIAN_POINT('Ctrl Pts',(10.5897598415799,-13.4848306103467,-397.692857142857));
#6842=CARTESIAN_POINT('Ctrl Pts',(8.34559116569702,-14.7542445548076,-398.903571428571));
#6843=CARTESIAN_POINT('Ctrl Pts',(6.10142248981423,-16.0236584992686,-400.114285714286));
#6844=CARTESIAN_POINT('Ctrl Pts',(3.56249935985553,-16.7718452538845,-401.325));
#6845=CARTESIAN_POINT('Ctrl Pts',(0.988501129607079,-16.9221695506568,-402.535714285714));
#6846=CARTESIAN_POINT('Ctrl Pts',(-1.58549710064141,-17.0724938474292,-403.746428571429));
#6847=CARTESIAN_POINT('Ctrl Pts',(-4.19457043117966,-16.6249556863579,-404.957142857143));
#6848=CARTESIAN_POINT('Ctrl Pts',(-6.57103206367349,-15.6253842290036,-406.167857142857));
#6849=CARTESIAN_POINT('Ctrl Pts',(-8.94749369616732,-14.6258127716494,-407.378571428571));
#6850=CARTESIAN_POINT('Ctrl Pts',(-11.0913436306167,-13.0742080180123,-408.589285714286));
#6851=CARTESIAN_POINT('Ctrl Pts',(-12.7845609034688,-11.1291285600055,-409.8));
#6852=CARTESIAN_POINT('Origin',(0.,0.,0.));
#6853=CARTESIAN_POINT('',(16.951179894496,-0.000159604024895658,-337.5));
#6854=CARTESIAN_POINT('',(16.9511814054465,-0.000159174092303868,-340.5));
#6855=CARTESIAN_POINT('',(16.95,-2.07577632455476E-15,0.));
#6856=CARTESIAN_POINT('Ctrl Pts',(16.9495231113635,-0.00025216423482723,
-387.5));
#6857=CARTESIAN_POINT('Ctrl Pts',(16.9483603373199,1.76979717499823,-386.669047619048));
#6858=CARTESIAN_POINT('Ctrl Pts',(16.671400981769,3.54020233480731,-385.838095238095));
#6859=CARTESIAN_POINT('Ctrl Pts',(16.1260780650482,5.22368018697562,-385.007142857143));
#6860=CARTESIAN_POINT('Ctrl Pts',(15.331531637677,7.67654118361614,-383.796428571428));
#6861=CARTESIAN_POINT('Ctrl Pts',(13.9672742076889,9.94486355148416,-382.585714285714));
#6862=CARTESIAN_POINT('Ctrl Pts',(12.1729736153207,11.7964351519741,-381.375));
#6863=CARTESIAN_POINT('Ctrl Pts',(10.3786730229525,13.6480067524641,-380.164285714286));
#6864=CARTESIAN_POINT('Ctrl Pts',(8.15432926820423,15.082827585576,-378.953571428571));
#6865=CARTESIAN_POINT('Ctrl Pts',(5.72763682018907,15.9540349419413,-377.742857142857));
#6866=CARTESIAN_POINT('Ctrl Pts',(3.30094437217383,16.8252422983067,-376.532142857143));
#6867=CARTESIAN_POINT('Ctrl Pts',(0.671903230891628,17.1328361779256,-375.321428571429));
#6868=CARTESIAN_POINT('Ctrl Pts',(-1.89035310087323,16.8452952303462,-374.110714285714));
#6869=CARTESIAN_POINT('Ctrl Pts',(-4.45260943263814,16.5577542827668,-372.9));
#6870=CARTESIAN_POINT('Ctrl Pts',(-6.94808095488578,15.675078507989,-371.689285714286));
#6871=CARTESIAN_POINT('Ctrl Pts',(-9.1213177417385,14.2876961045443,-370.478571428571));
#6872=CARTESIAN_POINT('Ctrl Pts',(-11.2945545285911,12.9003137010996,-369.267857142857));
#6873=CARTESIAN_POINT('Ctrl Pts',(-13.1455565800489,11.0082246689881,-368.057142857143));
#6874=CARTESIAN_POINT('Ctrl Pts',(-14.4848310475935,8.80496810714072,-366.846428571428));
#6875=CARTESIAN_POINT('Ctrl Pts',(-15.8241055151382,6.60171154529334,-365.635714285714));
#6876=CARTESIAN_POINT('Ctrl Pts',(-16.6516523987697,4.08728745371015,-364.425));
#6877=CARTESIAN_POINT('Ctrl Pts',(-16.8827780737058,1.51940870876516,-363.214285714286));
#6878=CARTESIAN_POINT('Ctrl Pts',(-17.113903748642,-1.04847003617987,-362.003571428571));
#6879=CARTESIAN_POINT('Ctrl Pts',(-16.7486082148828,-3.66980343448667,-360.792857142857));
#6880=CARTESIAN_POINT('Ctrl Pts',(-15.8242430482998,-6.07692422960523,-359.582142857143));
#6881=CARTESIAN_POINT('Ctrl Pts',(-14.8998778817169,-8.48404502472374,-358.371428571429));
#6882=CARTESIAN_POINT('Ctrl Pts',(-13.4164430823102,-10.676953216654,-357.160714285714));
#6883=CARTESIAN_POINT('Ctrl Pts',(-11.5258862898587,-12.4297407808807,-355.95));
#6884=CARTESIAN_POINT('Ctrl Pts',(-9.63532949740725,-14.1825283451074,-354.739285714286));
#6885=CARTESIAN_POINT('Ctrl Pts',(-7.33765071191098,-15.4951952816307,-353.528571428571));
#6886=CARTESIAN_POINT('Ctrl Pts',(-4.86784497595021,-16.2364085842714,-352.317857142857));
#6887=CARTESIAN_POINT('Ctrl Pts',(-2.39803923998948,-16.977621886912,-351.107142857143));
#6888=CARTESIAN_POINT('Ctrl Pts',(0.243893446435689,-17.1473815556702,-349.896428571429));
#6889=CARTESIAN_POINT('Ctrl Pts',(2.78663199312092,-16.7217000588707,-348.685714285714));
#6890=CARTESIAN_POINT('Ctrl Pts',(6.17695005536794,-16.1541247298047,-347.071428571429));
#6891=CARTESIAN_POINT('Ctrl Pts',(9.39092298029946,-14.5279873286359,-345.457142857143));
#6892=CARTESIAN_POINT('Ctrl Pts',(11.8478580612415,-12.1275087190636,-343.842857142857));
#6893=CARTESIAN_POINT('Ctrl Pts',(14.3047931421834,-9.72703010949136,-342.228571428571));
#6894=CARTESIAN_POINT('Ctrl Pts',(16.004690379136,-6.55221029151558,-340.614285714286));
#6895=CARTESIAN_POINT('Ctrl Pts',(16.6518602792388,-3.17604623395513,-339.));
#6896=CARTESIAN_POINT('Ctrl Pts',(16.8523111332529,-2.13033170285235,-338.5));
#6897=CARTESIAN_POINT('Ctrl Pts',(16.9517680967791,-1.06530111775232,-338.));
#6898=CARTESIAN_POINT('Ctrl Pts',(16.951179894496,-0.000159604024895658,
-337.5));
#6899=CARTESIAN_POINT('Ctrl Pts',(16.9511814054465,-0.000159174092303868,
-340.5));
#6900=CARTESIAN_POINT('Ctrl Pts',(16.9517691228605,-1.06530071720713,-341.));
#6901=CARTESIAN_POINT('Ctrl Pts',(16.8523115585712,-2.13033134826515,-341.5));
#6902=CARTESIAN_POINT('Ctrl Pts',(16.651860272113,-3.17604589538761,-342.));
#6903=CARTESIAN_POINT('Ctrl Pts',(16.0046889758336,-6.5522100046685,-343.614285714286));
#6904=CARTESIAN_POINT('Ctrl Pts',(14.3047920972083,-9.72702956229784,-345.228571428572));
#6905=CARTESIAN_POINT('Ctrl Pts',(11.8478574278282,-12.1275080686166,-346.842857142857));
#6906=CARTESIAN_POINT('Ctrl Pts',(9.39092275844818,-14.5279865749354,-348.457142857143));
#6907=CARTESIAN_POINT('Ctrl Pts',(6.17695029831337,-16.1541240299437,-350.071428571429));
#6908=CARTESIAN_POINT('Ctrl Pts',(2.78663216911365,-16.7216999750975,-351.685714285714));
#6909=CARTESIAN_POINT('Ctrl Pts',(0.243893572213882,-17.1473819339628,-352.896428571428));
#6910=CARTESIAN_POINT('Ctrl Pts',(-2.39803946353491,-16.9776230435351,-354.107142857143));
#6911=CARTESIAN_POINT('Ctrl Pts',(-4.86784525501286,-16.2364096409773,-355.317857142857));
#6912=CARTESIAN_POINT('Ctrl Pts',(-7.33765104649081,-15.4951962384196,-356.528571428571));
#6913=CARTESIAN_POINT('Ctrl Pts',(-9.63532959369793,-14.1825283237319,-357.739285714286));
#6914=CARTESIAN_POINT('Ctrl Pts',(-11.5258863208404,-12.4297405586552,-358.95));
#6915=CARTESIAN_POINT('Ctrl Pts',(-13.4164430479829,-10.6769527935785,-360.160714285714));
#6916=CARTESIAN_POINT('Ctrl Pts',(-14.8998779550607,-8.48404517811288,-361.371428571428));
#6917=CARTESIAN_POINT('Ctrl Pts',(-15.8242431545424,-6.07692448138775,-362.582142857143));
#6918=CARTESIAN_POINT('Ctrl Pts',(-16.748608354024,-3.66980378466263,-363.792857142857));
#6919=CARTESIAN_POINT('Ctrl Pts',(-17.1139038459096,-1.04847000667798,-365.003571428571));
#6920=CARTESIAN_POINT('Ctrl Pts',(-16.8827781566031,1.51940883030511,-366.214285714286));
#6921=CARTESIAN_POINT('Ctrl Pts',(-16.6516524672965,4.08728766728824,-367.425));
#6922=CARTESIAN_POINT('Ctrl Pts',(-15.8241055967979,6.60171156326979,-368.635714285714));
#6923=CARTESIAN_POINT('Ctrl Pts',(-14.4848311276949,8.80496809061783,-369.846428571429));
#6924=CARTESIAN_POINT('Ctrl Pts',(-13.1455566585919,11.0082246179658,-371.057142857143));
#6925=CARTESIAN_POINT('Ctrl Pts',(-11.2945545908846,12.9003137766803,-372.267857142857));
#6926=CARTESIAN_POINT('Ctrl Pts',(-9.12131778969708,14.2876962143245,-373.478571428571));
#6927=CARTESIAN_POINT('Ctrl Pts',(-6.94808098850949,15.6750786519687,-374.689285714286));
#6928=CARTESIAN_POINT('Ctrl Pts',(-4.45260945384172,16.5577543685428,-375.9));
#6929=CARTESIAN_POINT('Ctrl Pts',(-1.89035311033851,16.8452953025314,-377.110714285714));
#6930=CARTESIAN_POINT('Ctrl Pts',(0.671903233164649,17.1328362365201,-378.321428571429));
#6931=CARTESIAN_POINT('Ctrl Pts',(3.30094438550324,16.8252423879234,-379.532142857143));
#6932=CARTESIAN_POINT('Ctrl Pts',(5.72763684879329,15.9540350357103,-380.742857142857));
#6933=CARTESIAN_POINT('Ctrl Pts',(8.15432931208334,15.0828276834972,-381.953571428571));
#6934=CARTESIAN_POINT('Ctrl Pts',(10.3786730863248,13.6480068276677,-383.164285714286));
#6935=CARTESIAN_POINT('Ctrl Pts',(12.1729736843422,11.7964352113815,-384.375));
#6936=CARTESIAN_POINT('Ctrl Pts',(13.9672742823595,9.94486359509533,-385.585714285714));
#6937=CARTESIAN_POINT('Ctrl Pts',(15.3315317041527,7.67654121835238,-386.796428571429));
#6938=CARTESIAN_POINT('Ctrl Pts',(16.1260781433779,5.22368021476958,-388.007142857143));
#6939=CARTESIAN_POINT('Ctrl Pts',(16.6714010682345,3.54020235783669,-388.838095238095));
#6940=CARTESIAN_POINT('Ctrl Pts',(16.9483604413652,1.76979719417348,-389.669047619048));
#6941=CARTESIAN_POINT('Ctrl Pts',(16.9495232209491,-0.000252154055267721,
-390.5));
#6942=CARTESIAN_POINT('Origin',(0.,0.,0.));
#6943=CARTESIAN_POINT('',(16.9477034579641,0.000869397149649984,-287.5));
#6944=CARTESIAN_POINT('',(16.947703742129,0.000869413147150811,-290.5));
#6945=CARTESIAN_POINT('',(16.95,-2.07577632455476E-15,0.));
#6946=CARTESIAN_POINT('Ctrl Pts',(16.9511798945017,-0.000159604024895712,
-337.5));
#6947=CARTESIAN_POINT('Ctrl Pts',(16.9505020613945,1.2272891879852,-336.923809523809));
#6948=CARTESIAN_POINT('Ctrl Pts',(16.816966062971,2.45488529120018,-336.347619047619));
#6949=CARTESIAN_POINT('Ctrl Pts',(16.5520237715045,3.6532383148583,-335.771428571429));
#6950=CARTESIAN_POINT('Ctrl Pts',(16.0571728800051,5.89148445821983,-334.695238095238));
#6951=CARTESIAN_POINT('Ctrl Pts',(15.1039033133155,8.02771437786405,-333.619047619048));
#6952=CARTESIAN_POINT('Ctrl Pts',(13.7669215561219,9.88914340679806,-332.542857142857));
#6953=CARTESIAN_POINT('Ctrl Pts',(12.4299397989282,11.750572435732,-331.466666666667));
#6954=CARTESIAN_POINT('Ctrl Pts',(10.7092458512306,13.3372005739557,-330.390476190476));
#6955=CARTESIAN_POINT('Ctrl Pts',(8.74582650124236,14.5199018987919,-329.314285714286));
#6956=CARTESIAN_POINT('Ctrl Pts',(6.78240715125416,15.7026032236281,-328.238095238095));
#6957=CARTESIAN_POINT('Ctrl Pts',(4.57626239897541,16.4813777350768,-327.161904761905));
#6958=CARTESIAN_POINT('Ctrl Pts',(2.30559089826187,16.7930901660691,-326.085714285714));
#6959=CARTESIAN_POINT('Ctrl Pts',(0.0349193975482873,17.1048025970613,-325.009523809524));
#6960=CARTESIAN_POINT('Ctrl Pts',(-2.30027885160002,16.949452947597,-323.933333333333));
#6961=CARTESIAN_POINT('Ctrl Pts',(-4.50960961151274,16.3396708459774,-322.857142857143));
#6962=CARTESIAN_POINT('Ctrl Pts',(-6.71894037142538,15.7298887443578,-321.780952380952));
#6963=CARTESIAN_POINT('Ctrl Pts',(-8.80240364210237,14.6656741905829,-320.704761904762));
#6964=CARTESIAN_POINT('Ctrl Pts',(-10.5920968511769,13.2334272428258,-319.628571428572));
#6965=CARTESIAN_POINT('Ctrl Pts',(-12.3817900602514,11.8011802950687,-318.552380952381));
#6966=CARTESIAN_POINT('Ctrl Pts',(-13.8777132077235,10.0009009533294,-317.47619047619));
#6967=CARTESIAN_POINT('Ctrl Pts',(-14.9562336945603,7.97886593461914,-316.4));
#6968=CARTESIAN_POINT('Ctrl Pts',(-16.0347541813971,5.95683091590886,-315.32380952381));
#6969=CARTESIAN_POINT('Ctrl Pts',(-16.6958720075986,3.71304022022754,-314.247619047619));
#6970=CARTESIAN_POINT('Ctrl Pts',(-16.88969779875,1.42869677002983,-313.171428571429));
#6971=CARTESIAN_POINT('Ctrl Pts',(-17.0835235899014,-0.855646680167882,
-312.095238095238));
#6972=CARTESIAN_POINT('Ctrl Pts',(-16.8100573460026,-3.18054288488205,-311.019047619048));
#6973=CARTESIAN_POINT('Ctrl Pts',(-16.0844951464821,-5.35414859677912,-309.942857142857));
#6974=CARTESIAN_POINT('Ctrl Pts',(-14.9961518472014,-8.61455716462472,-308.328571428572));
#6975=CARTESIAN_POINT('Ctrl Pts',(-12.8905926477716,-11.5345621236319,-306.714285714286));
#6976=CARTESIAN_POINT('Ctrl Pts',(-10.1371405773802,-13.5892946240358,-305.1));
#6977=CARTESIAN_POINT('Ctrl Pts',(-7.38368850698867,-15.6440271244398,-303.485714285714));
#6978=CARTESIAN_POINT('Ctrl Pts',(-3.98234356563549,-16.8334871662405,-301.871428571429));
#6979=CARTESIAN_POINT('Ctrl Pts',(-0.547343498720912,-16.9444716399386,
-300.257142857143));
#6980=CARTESIAN_POINT('Ctrl Pts',(2.88765656819366,-17.0554561136368,-298.642857142857));
#6981=CARTESIAN_POINT('Ctrl Pts',(6.35631176066959,-16.0879650192324,-297.028571428571));
#6982=CARTESIAN_POINT('Ctrl Pts',(9.23753081304177,-14.2155387177014,-295.414285714286));
#6983=CARTESIAN_POINT('Ctrl Pts',(12.1187498654139,-12.3431124161704,-293.8));
#6984=CARTESIAN_POINT('Ctrl Pts',(14.4125327776823,-9.56575090751276,-292.185714285715));
#6985=CARTESIAN_POINT('Ctrl Pts',(15.7062713741982,-6.38217075598314,-290.571428571429));
#6986=CARTESIAN_POINT('Ctrl Pts',(16.5267840534045,-4.36308599911332,-289.547619047619));
#6987=CARTESIAN_POINT('Ctrl Pts',(16.9450460691492,-2.18060676458704,-288.52380952381));
#6988=CARTESIAN_POINT('Ctrl Pts',(16.9477034579641,0.000869397149649984,
-287.5));
#6989=CARTESIAN_POINT('Ctrl Pts',(16.947703742129,0.000869413147150811,
-290.5));
#6990=CARTESIAN_POINT('Ctrl Pts',(16.9450462832862,-2.18060680268123,-291.523809523809));
#6991=CARTESIAN_POINT('Ctrl Pts',(16.5267841795387,-4.36308610148199,-292.547619047619));
#6992=CARTESIAN_POINT('Ctrl Pts',(15.7062715154032,-6.38217089082002,-293.571428571429));
#6993=CARTESIAN_POINT('Ctrl Pts',(14.4125329426501,-9.56575109354362,-295.185714285714));
#6994=CARTESIAN_POINT('Ctrl Pts',(12.1187503103977,-12.3431125743209,-296.8));
#6995=CARTESIAN_POINT('Ctrl Pts',(9.23753117243935,-14.2155389176402,-298.414285714286));
#6996=CARTESIAN_POINT('Ctrl Pts',(6.35631203448095,-16.0879652609596,-300.028571428572));
#6997=CARTESIAN_POINT('Ctrl Pts',(2.88765639081653,-17.055456466821,-301.642857142857));
#6998=CARTESIAN_POINT('Ctrl Pts',(-0.547343671032896,-16.944471940681,-303.257142857143));
#6999=CARTESIAN_POINT('Ctrl Pts',(-3.98234373288231,-16.833487414541,-304.871428571429));
#7000=CARTESIAN_POINT('Ctrl Pts',(-7.38368821291674,-15.6440271563998,-306.485714285714));
#7001=CARTESIAN_POINT('Ctrl Pts',(-10.1371399829222,-13.589294517926,-308.1));
#7002=CARTESIAN_POINT('Ctrl Pts',(-12.8905917529277,-11.5345618794523,-309.714285714286));
#7003=CARTESIAN_POINT('Ctrl Pts',(-14.9961508129042,-8.61455686064616,-311.328571428571));
#7004=CARTESIAN_POINT('Ctrl Pts',(-16.0844944811275,-5.35414845324968,-312.942857142857));
#7005=CARTESIAN_POINT('Ctrl Pts',(-16.8100569266097,-3.18054284831862,-314.019047619048));
#7006=CARTESIAN_POINT('Ctrl Pts',(-17.0835236424237,-0.855646848458517,
-315.095238095238));
#7007=CARTESIAN_POINT('Ctrl Pts',(-16.8896981343638,1.42869682407382,-316.171428571429));
#7008=CARTESIAN_POINT('Ctrl Pts',(-16.6958726263039,3.71304049660612,-317.247619047619));
#7009=CARTESIAN_POINT('Ctrl Pts',(-16.0347548943701,5.95683184181065,-318.32380952381));
#7010=CARTESIAN_POINT('Ctrl Pts',(-14.9562344158915,7.97886676032073,-319.4));
#7011=CARTESIAN_POINT('Ctrl Pts',(-13.8777139374129,10.0009016788308,-320.47619047619));
#7012=CARTESIAN_POINT('Ctrl Pts',(-12.3817907123895,11.8011801706464,-321.552380952381));
#7013=CARTESIAN_POINT('Ctrl Pts',(-10.5920972765232,13.2334267980138,-322.628571428571));
#7014=CARTESIAN_POINT('Ctrl Pts',(-8.80240384065697,14.6656734253812,-323.704761904762));
#7015=CARTESIAN_POINT('Ctrl Pts',(-6.71894019394786,15.7298881883004,-324.780952380952));
#7016=CARTESIAN_POINT('Ctrl Pts',(-4.50960948214734,16.339670415349,-325.857142857143));
#7017=CARTESIAN_POINT('Ctrl Pts',(-2.30027877034677,16.9494526423977,-326.933333333333));
#7018=CARTESIAN_POINT('Ctrl Pts',(0.0349190065452196,17.1048023335758,-328.009523809524));
#7019=CARTESIAN_POINT('Ctrl Pts',(2.30559045596161,16.7930899153936,-329.085714285714));
#7020=CARTESIAN_POINT('Ctrl Pts',(4.57626190537799,16.4813774972114,-330.161904761905));
#7021=CARTESIAN_POINT('Ctrl Pts',(6.78240702731876,15.7026029696687,-331.238095238095));
#7022=CARTESIAN_POINT('Ctrl Pts',(8.74582604636367,14.51990156322,-332.314285714286));
#7023=CARTESIAN_POINT('Ctrl Pts',(10.7092450654086,13.3372001567713,-333.390476190476));
#7024=CARTESIAN_POINT('Ctrl Pts',(12.4299379815577,11.7505718714165,-334.466666666667));
#7025=CARTESIAN_POINT('Ctrl Pts',(13.7669204219283,9.88914300739174,-335.542857142857));
#7026=CARTESIAN_POINT('Ctrl Pts',(15.103902862299,8.02771414336696,-336.619047619048));
#7027=CARTESIAN_POINT('Ctrl Pts',(16.0571748268913,5.89148470067222,-337.695238095238));
#7028=CARTESIAN_POINT('Ctrl Pts',(16.5520260620602,3.65323870919694,-338.771428571428));
#7029=CARTESIAN_POINT('Ctrl Pts',(16.8169685375267,2.45488576685846,-339.347619047619));
#7030=CARTESIAN_POINT('Ctrl Pts',(16.9505041311017,1.22728965178337,-339.923809523809));
#7031=CARTESIAN_POINT('Ctrl Pts',(16.951181405455,-0.000159174092303947,
-340.5));
#7032=CARTESIAN_POINT('Origin',(0.,0.,0.));
#7033=CARTESIAN_POINT('',(16.9528712724089,0.000464001097813584,-237.5));
#7034=CARTESIAN_POINT('',(16.9528686612099,0.000464605272383725,-240.5));
#7035=CARTESIAN_POINT('',(16.95,-2.07577632455476E-15,0.));
#7036=CARTESIAN_POINT('Ctrl Pts',(16.9477034579692,0.000869397149650245,
-287.5));
#7037=CARTESIAN_POINT('Ctrl Pts',(16.9492360915183,1.25902309043072,-286.909523809524));
#7038=CARTESIAN_POINT('Ctrl Pts',(16.8125245553826,2.51684312774175,-286.319047619048));
#7039=CARTESIAN_POINT('Ctrl Pts',(16.5350069632133,3.74279071977155,-285.728571428571));
#7040=CARTESIAN_POINT('Ctrl Pts',(15.7763096749438,7.09437324959495,-284.114285714286));
#7041=CARTESIAN_POINT('Ctrl Pts',(13.9652208176414,10.2077395148391,-282.5));
#7042=CARTESIAN_POINT('Ctrl Pts',(11.4267158640275,12.5238703446437,-280.885714285714));
#7043=CARTESIAN_POINT('Ctrl Pts',(8.88821091041348,14.8400011744482,-279.271428571429));
#7044=CARTESIAN_POINT('Ctrl Pts',(5.62228986048785,16.3588965688131,-277.657142857143));
#7045=CARTESIAN_POINT('Ctrl Pts',(2.21537225404842,16.8079634166666,-276.042857142857));
#7046=CARTESIAN_POINT('Ctrl Pts',(-1.191545352391,17.2570302645202,-274.428571428571));
#7047=CARTESIAN_POINT('Ctrl Pts',(-4.73945951534419,16.6362685658624,-272.814285714286));
#7048=CARTESIAN_POINT('Ctrl Pts',(-7.79119340768723,15.056829898805,-271.2));
#7049=CARTESIAN_POINT('Ctrl Pts',(-10.8429273000302,13.4773912317476,-269.585714285714));
#7050=CARTESIAN_POINT('Ctrl Pts',(-13.3984809217631,10.9392755962907,-267.971428571429));
#7051=CARTESIAN_POINT('Ctrl Pts',(-15.0000547409283,7.89882583716144,-266.357142857143));
#7052=CARTESIAN_POINT('Ctrl Pts',(-16.6016285600935,4.85837607803216,-264.742857142857));
#7053=CARTESIAN_POINT('Ctrl Pts',(-17.2492225766911,1.31559219523055,-263.128571428571));
#7054=CARTESIAN_POINT('Ctrl Pts',(-16.8247220543116,-2.09431535553735,-261.514285714286));
#7055=CARTESIAN_POINT('Ctrl Pts',(-16.4002215319321,-5.50422290630525,-259.9));
#7056=CARTESIAN_POINT('Ctrl Pts',(-14.9036264705756,-8.78125412503941,-258.285714285714));
#7057=CARTESIAN_POINT('Ctrl Pts',(-12.6053979406134,-11.3365088390993,-256.671428571429));
#7058=CARTESIAN_POINT('Ctrl Pts',(-10.3071694106513,-13.8917635531591,-255.057142857143));
#7059=CARTESIAN_POINT('Ctrl Pts',(-7.20730741208366,-15.7252417625446,-253.442857142857));
#7060=CARTESIAN_POINT('Ctrl Pts',(-3.86148832141319,-16.5077923557663,-251.828571428572));
#7061=CARTESIAN_POINT('Ctrl Pts',(-0.515669230742676,-17.2903429489881,
-250.214285714286));
#7062=CARTESIAN_POINT('Ctrl Pts',(3.07610695203072,-17.021965926046,-248.6));
#7063=CARTESIAN_POINT('Ctrl Pts',(6.26917374446555,-15.7514554775428,-246.985714285714));
#7064=CARTESIAN_POINT('Ctrl Pts',(9.46224053690038,-14.4809450290397,-245.371428571429));
#7065=CARTESIAN_POINT('Ctrl Pts',(12.2565979389966,-12.2083011549754,-243.757142857143));
#7066=CARTESIAN_POINT('Ctrl Pts',(14.1497784661823,-9.34019046202252,-242.142857142857));
#7067=CARTESIAN_POINT('Ctrl Pts',(15.9647745468175,-6.59052681833613,-240.595238095238));
#7068=CARTESIAN_POINT('Ctrl Pts',(16.9514902660528,-3.29356387560861,-239.047619047619));
#7069=CARTESIAN_POINT('Ctrl Pts',(16.9528712724089,0.000464001097813584,
-237.5));
#7070=CARTESIAN_POINT('Ctrl Pts',(16.9528686612099,0.000464605272383725,
-240.5));
#7071=CARTESIAN_POINT('Ctrl Pts',(16.9514897033124,-3.29356319676498,-242.047619047619));
#7072=CARTESIAN_POINT('Ctrl Pts',(15.96477884667,-6.59052721319716,-243.595238095238));
#7073=CARTESIAN_POINT('Ctrl Pts',(14.149783437012,-9.34019126510682,-245.142857142857));
#7074=CARTESIAN_POINT('Ctrl Pts',(12.2566036097072,-12.208302383868,-246.757142857143));
#7075=CARTESIAN_POINT('Ctrl Pts',(9.46224234697426,-14.4809459596904,-248.371428571429));
#7076=CARTESIAN_POINT('Ctrl Pts',(6.26917400976037,-15.7514561166346,-249.985714285714));
#7077=CARTESIAN_POINT('Ctrl Pts',(3.0761056725465,-17.0219662735788,-251.6));
#7078=CARTESIAN_POINT('Ctrl Pts',(-0.515669739148414,-17.2903430116447,
-253.214285714286));
#7079=CARTESIAN_POINT('Ctrl Pts',(-3.86148829414095,-16.5077924989307,-254.828571428571));
#7080=CARTESIAN_POINT('Ctrl Pts',(-7.20730684913348,-15.7252419862168,-256.442857142857));
#7081=CARTESIAN_POINT('Ctrl Pts',(-10.3071685474237,-13.8917642227231,-258.057142857143));
#7082=CARTESIAN_POINT('Ctrl Pts',(-12.6053985978568,-11.3365090801909,-259.671428571429));
#7083=CARTESIAN_POINT('Ctrl Pts',(-14.90362864829,-8.78125393765867,-261.285714285714));
#7084=CARTESIAN_POINT('Ctrl Pts',(-16.4002270508659,-5.50422141608792,-262.9));
#7085=CARTESIAN_POINT('Ctrl Pts',(-16.8247267767593,-2.09431388491021,-264.514285714286));
#7086=CARTESIAN_POINT('Ctrl Pts',(-17.2492265026526,1.31559364626751,-266.128571428571));
#7087=CARTESIAN_POINT('Ctrl Pts',(-16.6016275518634,4.85837618705216,-267.742857142857));
#7088=CARTESIAN_POINT('Ctrl Pts',(-15.0000521861534,7.89882535067074,-269.357142857143));
#7089=CARTESIAN_POINT('Ctrl Pts',(-13.3984768204435,10.9392745142893,-270.971428571429));
#7090=CARTESIAN_POINT('Ctrl Pts',(-10.8429250398127,13.4773903007417,-272.585714285714));
#7091=CARTESIAN_POINT('Ctrl Pts',(-7.79119206407001,15.0568292626996,-274.2));
#7092=CARTESIAN_POINT('Ctrl Pts',(-4.73945908832729,16.6362682246575,-275.814285714286));
#7093=CARTESIAN_POINT('Ctrl Pts',(-1.19154491747259,17.2570303621207,-277.428571428571));
#7094=CARTESIAN_POINT('Ctrl Pts',(2.21537261417681,16.8079636533632,-279.042857142857));
#7095=CARTESIAN_POINT('Ctrl Pts',(5.62229014582625,16.3588969446058,-280.657142857143));
#7096=CARTESIAN_POINT('Ctrl Pts',(8.8882110382704,14.8400013896275,-282.271428571429));
#7097=CARTESIAN_POINT('Ctrl Pts',(11.4267160151516,12.5238704999043,-283.885714285714));
#7098=CARTESIAN_POINT('Ctrl Pts',(13.9652209920328,10.207739610181,-285.5));
#7099=CARTESIAN_POINT('Ctrl Pts',(15.7763100533511,7.09437338571279,-287.114285714286));
#7100=CARTESIAN_POINT('Ctrl Pts',(16.5350073273832,3.74279081114317,-288.728571428571));
#7101=CARTESIAN_POINT('Ctrl Pts',(16.8125249143448,2.5168432027461,-289.319047619048));
#7102=CARTESIAN_POINT('Ctrl Pts',(16.9492364160712,1.25902313762519,-289.909523809524));
#7103=CARTESIAN_POINT('Ctrl Pts',(16.9477037421339,0.000869413147151065,
-290.5));
#7104=CARTESIAN_POINT('Origin',(0.,0.,0.));
#7105=CARTESIAN_POINT('',(16.9470986374371,-0.000201003594745139,-187.5));
#7106=CARTESIAN_POINT('',(16.94709753856,-0.000201564064494414,-190.5));
#7107=CARTESIAN_POINT('',(16.95,-2.07577632455476E-15,0.));
#7108=CARTESIAN_POINT('Ctrl Pts',(16.9528712723995,0.000464001097813326,
-237.5));
#7109=CARTESIAN_POINT('Ctrl Pts',(16.952930761904,0.142360586555856,-237.433333333333));
#7110=CARTESIAN_POINT('Ctrl Pts',(16.951161843326,0.284251725642844,-237.366666666667));
#7111=CARTESIAN_POINT('Ctrl Pts',(16.9475519626112,0.426093435674139,-237.3));
#7112=CARTESIAN_POINT('Ctrl Pts',(16.860141279589,3.8606891285748,-235.685714285714));
#7113=CARTESIAN_POINT('Ctrl Pts',(15.69331626127,7.26630300253664,-234.071428571429));
#7114=CARTESIAN_POINT('Ctrl Pts',(13.6605818898918,10.0379883604811,-232.457142857143));
#7115=CARTESIAN_POINT('Ctrl Pts',(12.3054256423063,11.8857785991108,-231.380952380952));
#7116=CARTESIAN_POINT('Ctrl Pts',(10.5654207933612,13.4518228306217,-230.304761904762));
#7117=CARTESIAN_POINT('Ctrl Pts',(8.58867233357449,14.6127901956805,-229.228571428572));
#7118=CARTESIAN_POINT('Ctrl Pts',(6.61192387378782,15.7737575607394,-228.152380952381));
#7119=CARTESIAN_POINT('Ctrl Pts',(4.39843180315962,16.5296480593462,-227.076190476191));
#7120=CARTESIAN_POINT('Ctrl Pts',(2.12482547962508,16.8172465581236,-226.));
#7121=CARTESIAN_POINT('Ctrl Pts',(-0.148780843909486,17.1048450569011,-224.92380952381));
#7122=CARTESIAN_POINT('Ctrl Pts',(-2.48250142035039,16.9241515558492,-223.847619047619));
#7123=CARTESIAN_POINT('Ctrl Pts',(-4.68540720081274,16.2904952891536,-222.771428571429));
#7124=CARTESIAN_POINT('Ctrl Pts',(-6.88831298127505,15.6568390224579,-221.695238095238));
#7125=CARTESIAN_POINT('Ctrl Pts',(-8.96040396575882,14.5702199901187,-220.619047619048));
#7126=CARTESIAN_POINT('Ctrl Pts',(-10.7341773603902,13.1187368355452,-219.542857142857));
#7127=CARTESIAN_POINT('Ctrl Pts',(-12.5079507550217,11.6672536809716,-218.466666666667));
#7128=CARTESIAN_POINT('Ctrl Pts',(-13.9834065598007,9.85090640416389,-217.390476190476));
#7129=CARTESIAN_POINT('Ctrl Pts',(-15.0404859536385,7.81717963561621,-216.314285714286));
#7130=CARTESIAN_POINT('Ctrl Pts',(-16.0975653474763,5.78345286706854,-215.238095238095));
#7131=CARTESIAN_POINT('Ctrl Pts',(-16.7362683303728,3.53234660678094,-214.161904761905));
#7132=CARTESIAN_POINT('Ctrl Pts',(-16.9047591097328,1.24650816387437,-213.085714285714));
#7133=CARTESIAN_POINT('Ctrl Pts',(-17.0732498890927,-1.03933027903219,-212.009523809524));
#7134=CARTESIAN_POINT('Ctrl Pts',(-16.7715284649162,-3.35990090455772,-210.933333333333));
#7135=CARTESIAN_POINT('Ctrl Pts',(-16.0243472012527,-5.52664012019468,-209.857142857143));
#7136=CARTESIAN_POINT('Ctrl Pts',(-15.2771659375893,-7.69337933583163,-208.780952380952));
#7137=CARTESIAN_POINT('Ctrl Pts',(-14.0845248344389,-9.70628714158002,-207.704761904762));
#7138=CARTESIAN_POINT('Ctrl Pts',(-12.5426303178303,-11.4023954812913,-206.628571428571));
#7139=CARTESIAN_POINT('Ctrl Pts',(-11.0007358012217,-13.0985038210027,-205.552380952381));
#7140=CARTESIAN_POINT('Ctrl Pts',(-9.10958787115486,-14.4778126946769,-204.476190476191));
#7141=CARTESIAN_POINT('Ctrl Pts',(-7.02377201832137,-15.4268949639786,-203.4));
#7142=CARTESIAN_POINT('Ctrl Pts',(-4.93795616548787,-16.3759772332802,-202.32380952381));
#7143=CARTESIAN_POINT('Ctrl Pts',(-2.65747238988772,-16.8948328982093,-201.247619047619));
#7144=CARTESIAN_POINT('Ctrl Pts',(-0.365421817820775,-16.9457478603022,
-200.171428571429));
#7145=CARTESIAN_POINT('Ctrl Pts',(1.16261189689052,-16.9796911683641,-199.453968253968));
#7146=CARTESIAN_POINT('Ctrl Pts',(2.69578641003148,-16.805660830721,-198.736507936508));
#7147=CARTESIAN_POINT('Ctrl Pts',(4.17633442132869,-16.4280964779198,-198.019047619048));
#7148=CARTESIAN_POINT('Ctrl Pts',(7.1374304439231,-15.6729677723172,-196.584126984127));
#7149=CARTESIAN_POINT('Ctrl Pts',(9.88802045914241,-14.1037030060819,-195.149206349206));
#7150=CARTESIAN_POINT('Ctrl Pts',(12.0401475845199,-11.9333774411853,-193.714285714286));
#7151=CARTESIAN_POINT('Ctrl Pts',(12.6454333385323,-11.3229733760581,-193.310714285714));
#7152=CARTESIAN_POINT('Ctrl Pts',(13.20337974286,-10.6650244625993,-192.907142857143));
#7153=CARTESIAN_POINT('Ctrl Pts',(13.7085405282519,-9.96936788083042,-192.503571428571));
#7154=CARTESIAN_POINT('Ctrl Pts',(14.2137013136438,-9.27371129906149,-192.1));
#7155=CARTESIAN_POINT('Ctrl Pts',(14.6660764801001,-8.54034704898245,-191.696428571429));
#7156=CARTESIAN_POINT('Ctrl Pts',(15.060649665462,-7.77669625715322,-191.292857142857));
#7157=CARTESIAN_POINT('Ctrl Pts',(15.8497960361858,-6.24939467349479,-190.485714285714));
#7158=CARTESIAN_POINT('Ctrl Pts',(16.4077344825321,-4.60094692283577,-189.678571428572));
#7159=CARTESIAN_POINT('Ctrl Pts',(16.7012035316464,-2.9072069523031,-188.871428571429));
#7160=CARTESIAN_POINT('Ctrl Pts',(16.8674160904367,-1.94792059731119,-188.414285714286));
#7161=CARTESIAN_POINT('Ctrl Pts',(16.9487929807282,-0.97410554527152,-187.957142857143));
#7162=CARTESIAN_POINT('Ctrl Pts',(16.9470986374371,-0.000201003594745139,
-187.5));
#7163=CARTESIAN_POINT('Ctrl Pts',(16.94709753856,-0.000201564064494414,
-190.5));
#7164=CARTESIAN_POINT('Ctrl Pts',(16.9487920806479,-0.974106228394609,-190.957142857143));
#7165=CARTESIAN_POINT('Ctrl Pts',(16.8674155506039,-1.94792143603832,-191.414285714286));
#7166=CARTESIAN_POINT('Ctrl Pts',(16.7012035854912,-2.90720799215288,-191.871428571429));
#7167=CARTESIAN_POINT('Ctrl Pts',(16.4077355845892,-4.60094831779263,-192.678571428571));
#7168=CARTESIAN_POINT('Ctrl Pts',(15.8497989141583,-6.24939656545973,-193.485714285714));
#7169=CARTESIAN_POINT('Ctrl Pts',(15.0606524803752,-7.77669880721148,-194.292857142857));
#7170=CARTESIAN_POINT('Ctrl Pts',(14.6660792634836,-8.54034992808737,-194.696428571429));
#7171=CARTESIAN_POINT('Ctrl Pts',(14.213703605754,-9.27371454748442,-195.1));
#7172=CARTESIAN_POINT('Ctrl Pts',(13.7085423983702,-9.96937084456723,-195.503571428571));
#7173=CARTESIAN_POINT('Ctrl Pts',(13.2033811909864,-10.66502714165,-195.907142857143));
#7174=CARTESIAN_POINT('Ctrl Pts',(12.6454344339485,-11.3229751164186,-196.310714285714));
#7175=CARTESIAN_POINT('Ctrl Pts',(12.040148315394,-11.9333783637924,-196.714285714286));
#7176=CARTESIAN_POINT('Ctrl Pts',(9.88801989386702,-14.1037010211213,-198.149206349206));
#7177=CARTESIAN_POINT('Ctrl Pts',(7.13742843292122,-15.6729644086691,-199.584126984127));
#7178=CARTESIAN_POINT('Ctrl Pts',(4.17633287039926,-16.4280937581206,-201.019047619048));
#7179=CARTESIAN_POINT('Ctrl Pts',(2.6957850891383,-16.8056584328464,-201.736507936508));
#7180=CARTESIAN_POINT('Ctrl Pts',(1.16261128248328,-16.9796895980481,-202.453968253968));
#7181=CARTESIAN_POINT('Ctrl Pts',(-0.365422031596868,-16.9457466537479,
-203.171428571429));
#7182=CARTESIAN_POINT('Ctrl Pts',(-2.6574720027171,-16.8948322372975,-204.247619047619));
#7183=CARTESIAN_POINT('Ctrl Pts',(-4.9379558655439,-16.3759760744678,-205.32380952381));
#7184=CARTESIAN_POINT('Ctrl Pts',(-7.02377190838714,-15.4268941321433,-206.4));
#7185=CARTESIAN_POINT('Ctrl Pts',(-9.10958795123038,-14.4778121898188,-207.476190476191));
#7186=CARTESIAN_POINT('Ctrl Pts',(-11.00073617409,-13.0985044679996,-208.552380952381));
#7187=CARTESIAN_POINT('Ctrl Pts',(-12.5426307751594,-11.4023963316895,-209.628571428571));
#7188=CARTESIAN_POINT('Ctrl Pts',(-14.0845253762288,-9.7062881953795,-210.704761904762));
#7189=CARTESIAN_POINT('Ctrl Pts',(-15.2771663555079,-7.69337964457868,-211.780952380952));
#7190=CARTESIAN_POINT('Ctrl Pts',(-16.0243475351846,-5.5266401996061,-212.857142857143));
#7191=CARTESIAN_POINT('Ctrl Pts',(-16.7715287148614,-3.35990075463355,-213.933333333333));
#7192=CARTESIAN_POINT('Ctrl Pts',(-17.0732500949357,-1.03933041548922,-215.009523809524));
#7193=CARTESIAN_POINT('Ctrl Pts',(-16.9047592473305,1.24650803729812,-216.085714285714));
#7194=CARTESIAN_POINT('Ctrl Pts',(-16.7362683997252,3.53234649008545,-217.161904761905));
#7195=CARTESIAN_POINT('Ctrl Pts',(-16.0975653244404,5.78345305651582,-218.238095238095));
#7196=CARTESIAN_POINT('Ctrl Pts',(-15.0404859731218,7.81717987591239,-219.314285714286));
#7197=CARTESIAN_POINT('Ctrl Pts',(-13.9834066218032,9.85090669530896,-220.390476190476));
#7198=CARTESIAN_POINT('Ctrl Pts',(-12.5079509944508,11.6672537676718,-221.466666666667));
#7199=CARTESIAN_POINT('Ctrl Pts',(-10.734177488124,13.1187372502554,-222.542857142857));
#7200=CARTESIAN_POINT('Ctrl Pts',(-8.96040398179722,14.570220732839,-223.619047619048));
#7201=CARTESIAN_POINT('Ctrl Pts',(-6.88831259649597,15.6568406256435,-224.695238095238));
#7202=CARTESIAN_POINT('Ctrl Pts',(-4.68540672396366,16.2904969075738,-225.771428571429));
#7203=CARTESIAN_POINT('Ctrl Pts',(-2.48250085143138,16.9241531895042,-226.847619047619));
#7204=CARTESIAN_POINT('Ctrl Pts',(-0.148780491668052,17.1048458605603,-227.92380952381));
#7205=CARTESIAN_POINT('Ctrl Pts',(2.12482571012529,16.817246860918,-229.));
#7206=CARTESIAN_POINT('Ctrl Pts',(4.39843191191864,16.5296478612756,-230.07619047619));
#7207=CARTESIAN_POINT('Ctrl Pts',(6.61192395574204,15.7737571909348,-231.152380952381));
#7208=CARTESIAN_POINT('Ctrl Pts',(8.58867208042459,14.6127895133217,-232.228571428571));
#7209=CARTESIAN_POINT('Ctrl Pts',(10.5654202051072,13.4518218357086,-233.304761904762));
#7210=CARTESIAN_POINT('Ctrl Pts',(12.3054244106488,11.8857771508232,-234.380952380952));
#7211=CARTESIAN_POINT('Ctrl Pts',(13.6605798668849,10.0379870452478,-235.457142857143));
#7212=CARTESIAN_POINT('Ctrl Pts',(15.6933130512389,7.26630188688481,-237.071428571429));
#7213=CARTESIAN_POINT('Ctrl Pts',(16.8601365496552,3.86068953196933,-238.685714285714));
#7214=CARTESIAN_POINT('Ctrl Pts',(16.947549102925,0.426094023661608,-240.3));
#7215=CARTESIAN_POINT('Ctrl Pts',(16.9511590608771,0.284252321253621,-240.366666666667));
#7216=CARTESIAN_POINT('Ctrl Pts',(16.9529280624745,0.142361187514002,-240.433333333334));
#7217=CARTESIAN_POINT('Ctrl Pts',(16.9528686612112,0.00046460527238376,
-240.5));
#7218=CARTESIAN_POINT('Origin',(0.,0.,0.));
#7219=CARTESIAN_POINT('',(16.9494867436709,-3.13796332751207E-6,-137.5));
#7220=CARTESIAN_POINT('',(16.9494866929402,-3.05599493479075E-6,-140.5));
#7221=CARTESIAN_POINT('',(16.95,-2.07577632455476E-15,0.));
#7222=CARTESIAN_POINT('Ctrl Pts',(16.9470986374323,-0.000201003594745082,
-187.5));
#7223=CARTESIAN_POINT('Ctrl Pts',(16.9428098309768,2.464994867524,-186.342857142857));
#7224=CARTESIAN_POINT('Ctrl Pts',(16.4062648101321,4.93076411902288,-185.185714285714));
#7225=CARTESIAN_POINT('Ctrl Pts',(15.366079696005,7.16292746545622,-184.028571428572));
#7226=CARTESIAN_POINT('Ctrl Pts',(13.9149572528401,10.2769331215916,-182.414285714286));
#7227=CARTESIAN_POINT('Ctrl Pts',(11.4836518572104,12.9362956133036,-180.8));
#7228=CARTESIAN_POINT('Ctrl Pts',(8.51149195849856,14.6618676224942,-179.185714285714));
#7229=CARTESIAN_POINT('Ctrl Pts',(5.53933205978672,16.3874396316848,-177.571428571429));
#7230=CARTESIAN_POINT('Ctrl Pts',(2.02631765799285,17.1792211583541,-175.957142857143));
#7231=CARTESIAN_POINT('Ctrl Pts',(-1.39822869238696,16.8955734296618,-174.342857142857));
#7232=CARTESIAN_POINT('Ctrl Pts',(-4.82277504276674,16.6119257009696,-172.728571428571));
#7233=CARTESIAN_POINT('Ctrl Pts',(-8.15885334173243,15.2528487169159,-171.114285714286));
#7234=CARTESIAN_POINT('Ctrl Pts',(-10.806616709482,13.0626639771018,-169.5));
#7235=CARTESIAN_POINT('Ctrl Pts',(-13.4543800772316,10.8724792372878,-167.885714285714));
#7236=CARTESIAN_POINT('Ctrl Pts',(-15.4138285137651,7.85118674171353,-166.271428571429));
#7237=CARTESIAN_POINT('Ctrl Pts',(-16.3341029212122,4.5398818671911,-164.657142857143));
#7238=CARTESIAN_POINT('Ctrl Pts',(-17.2543773286593,1.22857699266867,-163.042857142857));
#7239=CARTESIAN_POINT('Ctrl Pts',(-17.1354777070201,-2.37274026080193,-161.428571428572));
#7240=CARTESIAN_POINT('Ctrl Pts',(-15.9972092828243,-5.61429088613028,-159.814285714286));
#7241=CARTESIAN_POINT('Ctrl Pts',(-14.8589408586285,-8.85584151145865,-158.2));
#7242=CARTESIAN_POINT('Ctrl Pts',(-12.7013036318761,-11.7376255086448,-156.585714285714));
#7243=CARTESIAN_POINT('Ctrl Pts',(-9.91494255045874,-13.7503356083043,-154.971428571429));
#7244=CARTESIAN_POINT('Ctrl Pts',(-8.05736849618052,-15.0921423414107,-153.895238095238));
#7245=CARTESIAN_POINT('Ctrl Pts',(-5.92036161760679,-16.0476940089497,-152.819047619048));
#7246=CARTESIAN_POINT('Ctrl Pts',(-3.68244043378645,-16.5451731278134,-151.742857142857));
#7247=CARTESIAN_POINT('Ctrl Pts',(-1.44451924996612,-17.0426522466771,-150.666666666667));
#7248=CARTESIAN_POINT('Ctrl Pts',(0.894316239100855,-17.0820588168654,-149.590476190476));
#7249=CARTESIAN_POINT('Ctrl Pts',(3.14621796945264,-16.6568990120418,-148.514285714286));
#7250=CARTESIAN_POINT('Ctrl Pts',(5.39811969980443,-16.2317392072181,-147.438095238095));
#7251=CARTESIAN_POINT('Ctrl Pts',(7.56308767144107,-15.3420130273823,-146.361904761905));
#7252=CARTESIAN_POINT('Ctrl Pts',(9.46460689022061,-14.0619219069522,-145.285714285714));
#7253=CARTESIAN_POINT('Ctrl Pts',(11.3661261090002,-12.781830786522,-144.209523809524));
#7254=CARTESIAN_POINT('Ctrl Pts',(13.0041965749226,-11.1113747254975,-143.133333333333));
#7255=CARTESIAN_POINT('Ctrl Pts',(14.246173582416,-9.18517107472204,-142.057142857143));
#7256=CARTESIAN_POINT('Ctrl Pts',(15.4881505899094,-7.25896742394654,-140.980952380952));
#7257=CARTESIAN_POINT('Ctrl Pts',(16.3340341389738,-5.07701618342004,-139.904761904762));
#7258=CARTESIAN_POINT('Ctrl Pts',(16.7149556301089,-2.81680116062971,-138.828571428571));
#7259=CARTESIAN_POINT('Ctrl Pts',(16.8717065092043,-1.88671267780002,-138.385714285714));
#7260=CARTESIAN_POINT('Ctrl Pts',(16.9497226236543,-0.943371327619695,-137.942857142857));
#7261=CARTESIAN_POINT('Ctrl Pts',(16.9494867436709,-3.13796332751207E-6,
-137.5));
#7262=CARTESIAN_POINT('Ctrl Pts',(16.9494866929402,-3.05599493479075E-6,
-140.5));
#7263=CARTESIAN_POINT('Ctrl Pts',(16.9497225436557,-0.943371270955312,-140.942857142857));
#7264=CARTESIAN_POINT('Ctrl Pts',(16.8717064003825,-1.886712637516,-141.385714285714));
#7265=CARTESIAN_POINT('Ctrl Pts',(16.7149554999975,-2.81680110949922,-141.828571428572));
#7266=CARTESIAN_POINT('Ctrl Pts',(16.3340339571263,-5.07701610593153,-142.904761904762));
#7267=CARTESIAN_POINT('Ctrl Pts',(15.4881504008147,-7.25896715931384,-143.980952380952));
#7268=CARTESIAN_POINT('Ctrl Pts',(14.2461732454087,-9.18517081849266,-145.057142857143));
#7269=CARTESIAN_POINT('Ctrl Pts',(13.0041960900027,-11.1113744776715,-146.133333333333));
#7270=CARTESIAN_POINT('Ctrl Pts',(11.3661253355023,-12.7818307426468,-147.209523809524));
#7271=CARTESIAN_POINT('Ctrl Pts',(9.46460635549289,-14.0619221545281,-148.285714285714));
#7272=CARTESIAN_POINT('Ctrl Pts',(7.5630873754834,-15.3420135664094,-149.361904761905));
#7273=CARTESIAN_POINT('Ctrl Pts',(5.39812016996477,-16.2317401251967,-150.438095238095));
#7274=CARTESIAN_POINT('Ctrl Pts',(3.14621853621651,-16.6568999641303,-151.514285714286));
#7275=CARTESIAN_POINT('Ctrl Pts',(0.894316902468232,-17.0820598030639,-152.590476190476));
#7276=CARTESIAN_POINT('Ctrl Pts',(-1.44451915950964,-17.0426529221437,-153.666666666667));
#7277=CARTESIAN_POINT('Ctrl Pts',(-3.68244047370663,-16.5451734538439,-154.742857142857));
#7278=CARTESIAN_POINT('Ctrl Pts',(-5.92036178790361,-16.047693985544,-155.819047619048));
#7279=CARTESIAN_POINT('Ctrl Pts',(-8.05736835431967,-15.0921419298644,-156.895238095238));
#7280=CARTESIAN_POINT('Ctrl Pts',(-9.91494223247013,-13.7503350025541,-157.971428571429));
#7281=CARTESIAN_POINT('Ctrl Pts',(-12.7013030496958,-11.7376246115886,-159.585714285714));
#7282=CARTESIAN_POINT('Ctrl Pts',(-14.858940318324,-8.85584075945395,-161.2));
#7283=CARTESIAN_POINT('Ctrl Pts',(-15.9972089761102,-5.61429036737492,-162.814285714286));
#7284=CARTESIAN_POINT('Ctrl Pts',(-17.1354776338964,-2.37273997529589,-164.428571428571));
#7285=CARTESIAN_POINT('Ctrl Pts',(-17.2543776808406,1.22857695672761,-166.042857142857));
#7286=CARTESIAN_POINT('Ctrl Pts',(-16.3341033059923,4.53988182520723,-167.657142857143));
#7287=CARTESIAN_POINT('Ctrl Pts',(-15.4138289311439,7.85118669368687,-169.271428571429));
#7288=CARTESIAN_POINT('Ctrl Pts',(-13.4543801345029,10.8724794986226,-170.885714285714));
#7289=CARTESIAN_POINT('Ctrl Pts',(-10.8066167220975,13.0626643261095,-172.5));
#7290=CARTESIAN_POINT('Ctrl Pts',(-8.15885330969214,15.2528491535964,-174.114285714286));
#7291=CARTESIAN_POINT('Ctrl Pts',(-4.82277528152237,16.6119260036343,-175.728571428571));
#7292=CARTESIAN_POINT('Ctrl Pts',(-1.39822890211888,16.8955736869151,-177.342857142857));
#7293=CARTESIAN_POINT('Ctrl Pts',(2.02631747728463,17.1792213701959,-178.957142857143));
#7294=CARTESIAN_POINT('Ctrl Pts',(5.53933220792191,16.3874398867194,-180.571428571429));
#7295=CARTESIAN_POINT('Ctrl Pts',(8.51149212259065,14.6618678420175,-182.185714285714));
#7296=CARTESIAN_POINT('Ctrl Pts',(11.4836520372594,12.9362957973156,-183.8));
#7297=CARTESIAN_POINT('Ctrl Pts',(13.9149571359595,10.2769331913883,-185.414285714286));
#7298=CARTESIAN_POINT('Ctrl Pts',(15.3660790234652,7.16292740684101,-187.028571428571));
#7299=CARTESIAN_POINT('Ctrl Pts',(16.4062637392879,4.93076396836018,-188.185714285714));
#7300=CARTESIAN_POINT('Ctrl Pts',(16.9428082288871,2.46499461751922,-189.342857142857));
#7301=CARTESIAN_POINT('Ctrl Pts',(16.9470975385471,-0.00020156406449426,
-190.5));
#7302=CARTESIAN_POINT('Origin',(0.,0.,0.));
#7303=CARTESIAN_POINT('',(16.9504923921831,0.000294810510119513,-87.5));
#7304=CARTESIAN_POINT('',(16.9504906187503,0.000293994682225353,-90.5));
#7305=CARTESIAN_POINT('',(16.95,-2.07577632455476E-15,0.));
#7306=CARTESIAN_POINT('Ctrl Pts',(16.9494867436772,-3.13796332751324E-6,
-137.5));
#7307=CARTESIAN_POINT('Ctrl Pts',(16.9491494099376,1.34911481068542,-136.866666666667));
#7308=CARTESIAN_POINT('Ctrl Pts',(16.7887705072845,2.69828765163296,-136.233333333333));
#7309=CARTESIAN_POINT('Ctrl Pts',(16.4697620742325,4.00883101644493,-135.6));
#7310=CARTESIAN_POINT('Ctrl Pts',(15.9276875940088,6.23576936567438,-134.52380952381));
#7311=CARTESIAN_POINT('Ctrl Pts',(14.9275792003556,8.3511672590782,-133.447619047619));
#7312=CARTESIAN_POINT('Ctrl Pts',(13.55060023517,10.183562052018,-132.371428571429));
#7313=CARTESIAN_POINT('Ctrl Pts',(12.1736212699844,12.0159568449579,-131.295238095238));
#7314=CARTESIAN_POINT('Ctrl Pts',(10.4197717332663,13.5653485374337,-130.219047619048));
#7315=CARTESIAN_POINT('Ctrl Pts',(8.43142002497949,14.7053502660853,-129.142857142857));
#7316=CARTESIAN_POINT('Ctrl Pts',(6.44306831669269,15.845351994737,-128.066666666667));
#7317=CARTESIAN_POINT('Ctrl Pts',(4.22021443683714,16.5759637595643,-126.990476190476));
#7318=CARTESIAN_POINT('Ctrl Pts',(1.94322385423118,16.838681673386,-125.914285714286));
#7319=CARTESIAN_POINT('Ctrl Pts',(-0.333766728374794,17.1013995872077,-124.838095238095));
#7320=CARTESIAN_POINT('Ctrl Pts',(-2.66489401373114,16.8962236500236,-123.761904761905));
#7321=CARTESIAN_POINT('Ctrl Pts',(-4.86062536429503,16.2390608188859,-122.685714285714));
#7322=CARTESIAN_POINT('Ctrl Pts',(-7.0563567148589,15.5818979877482,-121.609523809524));
#7323=CARTESIAN_POINT('Ctrl Pts',(-9.11669213063031,14.4727482626567,-120.533333333333));
#7324=CARTESIAN_POINT('Ctrl Pts',(-10.874769306228,13.0021613414203,-119.457142857143));
#7325=CARTESIAN_POINT('Ctrl Pts',(-12.6328464818256,11.5315744201838,-118.380952380952));
#7326=CARTESIAN_POINT('Ctrl Pts',(-14.0886654172496,9.69955030280233,-117.304761904762));
#7327=CARTESIAN_POINT('Ctrl Pts',(-15.1236745830819,7.65462059363451,-116.228571428571));
#7328=CARTESIAN_POINT('Ctrl Pts',(-16.1586837489143,5.60969088446669,-115.152380952381));
#7329=CARTESIAN_POINT('Ctrl Pts',(-16.772883145155,3.35185558351257,-114.076190476191));
#7330=CARTESIAN_POINT('Ctrl Pts',(-16.9169768736616,1.06430850722383,-113.));
#7331=CARTESIAN_POINT('Ctrl Pts',(-17.0610706021682,-1.2232385690649,-111.92380952381));
#7332=CARTESIAN_POINT('Ctrl Pts',(-16.7350586629407,-3.54049742068822,-110.847619047619));
#7333=CARTESIAN_POINT('Ctrl Pts',(-15.9644878848856,-5.69905753348844,-109.771428571429));
#7334=CARTESIAN_POINT('Ctrl Pts',(-15.1939171068306,-7.85761764628866,-108.695238095238));
#7335=CARTESIAN_POINT('Ctrl Pts',(-13.978787489948,-9.85747902026579,-107.619047619048));
#7336=CARTESIAN_POINT('Ctrl Pts',(-12.4186480502127,-11.5366494154853,-106.542857142857));
#7337=CARTESIAN_POINT('Ctrl Pts',(-10.8585086104773,-13.2158198107049,-105.466666666667));
#7338=CARTESIAN_POINT('Ctrl Pts',(-8.95335934788922,-14.5742992271668,-104.390476190476));
#7339=CARTESIAN_POINT('Ctrl Pts',(-6.85733596630424,-15.5015741113203,-103.314285714286));
#7340=CARTESIAN_POINT('Ctrl Pts',(-4.76131258471926,-16.4288489954737,-102.238095238095));
#7341=CARTESIAN_POINT('Ctrl Pts',(-2.47441508413742,-16.9249193473186,-101.161904761905));
#7342=CARTESIAN_POINT('Ctrl Pts',(-0.182536828111626,-16.9496241346159,
-100.085714285714));
#7343=CARTESIAN_POINT('Ctrl Pts',(2.10934142791418,-16.9743289219133,-99.0095238095238));
#7344=CARTESIAN_POINT('Ctrl Pts',(4.40620043938393,-16.527668144663,-97.9333333333333));
#7345=CARTESIAN_POINT('Ctrl Pts',(6.52180644154635,-15.6457727522575,-96.8571428571428));
#7346=CARTESIAN_POINT('Ctrl Pts',(8.63741244370877,-14.7638773598521,-95.7809523809524));
#7347=CARTESIAN_POINT('Ctrl Pts',(10.5717654365638,-13.4467473522914,-94.7047619047619));
#7348=CARTESIAN_POINT('Ctrl Pts',(12.1674494038213,-11.8015753939171,-93.6285714285714));
#7349=CARTESIAN_POINT('Ctrl Pts',(13.7631333710787,-10.1564034355427,-92.552380952381));
#7350=CARTESIAN_POINT('Ctrl Pts',(15.0201483127385,-8.18318952635463,-91.4761904761905));
#7351=CARTESIAN_POINT('Ctrl Pts',(15.8371263876373,-6.04158401017399,-90.4));
#7352=CARTESIAN_POINT('Ctrl Pts',(16.5709606761526,-4.11792949785245,-89.4333333333334));
#7353=CARTESIAN_POINT('Ctrl Pts',(16.949765611501,-2.05841372520208,-88.4666666666667));
#7354=CARTESIAN_POINT('Ctrl Pts',(16.9504923921831,0.000294810510119513,
-87.5));
#7355=CARTESIAN_POINT('Ctrl Pts',(16.9504906187503,0.000293994682225353,
-90.5));
#7356=CARTESIAN_POINT('Ctrl Pts',(16.9497635848842,-2.05841459440423,-91.4666666666667));
#7357=CARTESIAN_POINT('Ctrl Pts',(16.5709594515141,-4.11792992088865,-92.4333333333333));
#7358=CARTESIAN_POINT('Ctrl Pts',(15.837125541834,-6.04158426919318,-93.4));
#7359=CARTESIAN_POINT('Ctrl Pts',(15.0201478886927,-8.18318960277362,-94.4761904761905));
#7360=CARTESIAN_POINT('Ctrl Pts',(13.7631328443309,-10.1564036790677,-95.5523809523809));
#7361=CARTESIAN_POINT('Ctrl Pts',(12.1674489607644,-11.8015756326607,-96.6285714285714));
#7362=CARTESIAN_POINT('Ctrl Pts',(10.5717650771978,-13.4467475862537,-97.7047619047619));
#7363=CARTESIAN_POINT('Ctrl Pts',(8.63741235442661,-14.7638774171457,-98.7809523809524));
#7364=CARTESIAN_POINT('Ctrl Pts',(6.52180645395829,-15.6457727543098,-99.8571428571429));
#7365=CARTESIAN_POINT('Ctrl Pts',(4.40620055348997,-16.5276680914739,-100.933333333333));
#7366=CARTESIAN_POINT('Ctrl Pts',(2.10934147532458,-16.9743289349101,-102.009523809524));
#7367=CARTESIAN_POINT('Ctrl Pts',(-0.182536772942893,-16.9496240968537,
-103.085714285714));
#7368=CARTESIAN_POINT('Ctrl Pts',(-2.47441502121037,-16.9249192587973,-104.161904761905));
#7369=CARTESIAN_POINT('Ctrl Pts',(-4.76131243957993,-16.4288487392484,-105.238095238095));
#7370=CARTESIAN_POINT('Ctrl Pts',(-6.85733572068852,-15.5015737661225,-106.314285714286));
#7371=CARTESIAN_POINT('Ctrl Pts',(-8.95335900179711,-14.5742987929966,-107.390476190476));
#7372=CARTESIAN_POINT('Ctrl Pts',(-10.8585081456448,-13.2158193662939,-108.466666666667));
#7373=CARTESIAN_POINT('Ctrl Pts',(-12.4186479831307,-11.5366491790468,-109.542857142857));
#7374=CARTESIAN_POINT('Ctrl Pts',(-13.9787878206165,-9.85747899179973,-110.619047619048));
#7375=CARTESIAN_POINT('Ctrl Pts',(-15.1939183517407,-7.85761804400837,-111.695238095238));
#7376=CARTESIAN_POINT('Ctrl Pts',(-15.9644890942549,-5.69905801896961,-112.771428571429));
#7377=CARTESIAN_POINT('Ctrl Pts',(-16.7350598367692,-3.5404979939308,-113.847619047619));
#7378=CARTESIAN_POINT('Ctrl Pts',(-17.0610707906736,-1.22323889164457,-114.92380952381));
#7379=CARTESIAN_POINT('Ctrl Pts',(-16.916976577774,1.06430821786057,-116.));
#7380=CARTESIAN_POINT('Ctrl Pts',(-16.7728823648743,3.3518553273657,-117.07619047619));
#7381=CARTESIAN_POINT('Ctrl Pts',(-16.1586829851706,5.60969044408971,-118.152380952381));
#7382=CARTESIAN_POINT('Ctrl Pts',(-15.1236738676247,7.65461999918975,-119.228571428571));
#7383=CARTESIAN_POINT('Ctrl Pts',(-14.0886647500788,9.69954955428979,-120.304761904762));
#7384=CARTESIAN_POINT('Ctrl Pts',(-12.6328458946906,11.5315735477659,-121.380952380952));
#7385=CARTESIAN_POINT('Ctrl Pts',(-10.874768986904,13.0021607280465,-122.457142857143));
#7386=CARTESIAN_POINT('Ctrl Pts',(-9.11669207911732,14.4727479083272,-123.533333333333));
#7387=CARTESIAN_POINT('Ctrl Pts',(-7.05635711893219,15.5818982754126,-124.609523809524));
#7388=CARTESIAN_POINT('Ctrl Pts',(-4.86062590271474,16.2390611041479,-125.685714285714));
#7389=CARTESIAN_POINT('Ctrl Pts',(-2.6648946864973,16.8962239328832,-126.761904761905));
#7390=CARTESIAN_POINT('Ctrl Pts',(-0.333767214247541,17.1013992232684,-127.838095238095));
#7391=CARTESIAN_POINT('Ctrl Pts',(1.94322355939356,16.8386814580988,-128.914285714286));
#7392=CARTESIAN_POINT('Ctrl Pts',(4.22021433303466,16.5759636929291,-129.990476190476));
#7393=CARTESIAN_POINT('Ctrl Pts',(6.44306840806714,15.8453528722045,-131.066666666667));
#7394=CARTESIAN_POINT('Ctrl Pts',(8.43142017606635,14.7053513262801,-132.142857142857));
#7395=CARTESIAN_POINT('Ctrl Pts',(10.4197719440655,13.5653497803557,-133.219047619048));
#7396=CARTESIAN_POINT('Ctrl Pts',(12.1736214050315,12.0159575092315,-134.295238095238));
#7397=CARTESIAN_POINT('Ctrl Pts',(13.5506003414694,10.1835624616344,-135.371428571429));
#7398=CARTESIAN_POINT('Ctrl Pts',(14.9275792779074,8.35116741403723,-136.447619047619));
#7399=CARTESIAN_POINT('Ctrl Pts',(15.9276876898174,6.23576958996717,-137.523809523809));
#7400=CARTESIAN_POINT('Ctrl Pts',(16.4697621310571,4.00883120819116,-138.6));
#7401=CARTESIAN_POINT('Ctrl Pts',(16.7887705411671,2.69828782422563,-139.233333333333));
#7402=CARTESIAN_POINT('Ctrl Pts',(16.9491494010542,1.34911492884066,-139.866666666667));
#7403=CARTESIAN_POINT('Ctrl Pts',(16.9494866929376,-3.05599493479029E-6,
-140.5));
#7404=CARTESIAN_POINT('Origin',(0.,0.,0.));
#7405=CARTESIAN_POINT('',(16.9494864752329,0.000249999611349667,-37.5));
#7406=CARTESIAN_POINT('',(16.9494865552971,0.000249992558866235,-40.5));
#7407=CARTESIAN_POINT('',(16.95,-2.07577632455476E-15,0.));
#7408=CARTESIAN_POINT('Ctrl Pts',(16.9504923921885,0.000294810510119606,
-87.5));
#7409=CARTESIAN_POINT('Ctrl Pts',(16.9505747367978,0.233547501748521,-87.3904761904762));
#7410=CARTESIAN_POINT('Ctrl Pts',(16.9458036915209,0.466789830485033,-87.2809523809524));
#7411=CARTESIAN_POINT('Ctrl Pts',(16.9361457332912,0.699823020780755,-87.1714285714285));
#7412=CARTESIAN_POINT('Ctrl Pts',(16.8412457959031,2.9896274123822,-86.0952380952381));
#7413=CARTESIAN_POINT('Ctrl Pts',(16.2745047129889,5.25923907241124,-85.0190476190476));
#7414=CARTESIAN_POINT('Ctrl Pts',(15.284946583784,7.32695106485932,-83.9428571428572));
#7415=CARTESIAN_POINT('Ctrl Pts',(14.6252411643141,8.70542572649138,-83.2253968253968));
#7416=CARTESIAN_POINT('Ctrl Pts',(13.7776170576039,9.99416720253188,-82.5079365079365));
#7417=CARTESIAN_POINT('Ctrl Pts',(12.7720032177965,11.144836527094,-81.7904761904762));
#7418=CARTESIAN_POINT('Ctrl Pts',(10.7607755381819,13.4461751762182,-80.3555555555556));
#7419=CARTESIAN_POINT('Ctrl Pts',(8.11758892617883,15.1952252194289,-78.9206349206349));
#7420=CARTESIAN_POINT('Ctrl Pts',(5.21102921207834,16.1333571117066,-77.4857142857143));
#7421=CARTESIAN_POINT('Ctrl Pts',(1.94114953371527,17.1887554905191,-75.8714285714286));
#7422=CARTESIAN_POINT('Ctrl Pts',(-1.66206172698988,17.2178355845572,-74.2571428571429));
#7423=CARTESIAN_POINT('Ctrl Pts',(-4.94898038918706,16.2149695781862,-72.6428571428571));
#7424=CARTESIAN_POINT('Ctrl Pts',(-8.23589905138424,15.2121035718151,-71.0285714285714));
#7425=CARTESIAN_POINT('Ctrl Pts',(-11.2065251150734,13.177291465035,-69.4142857142857));
#7426=CARTESIAN_POINT('Ctrl Pts',(-13.3298413445887,10.4750179752828,-67.8));
#7427=CARTESIAN_POINT('Ctrl Pts',(-15.453157574104,7.77274448553071,-66.1857142857143));
#7428=CARTESIAN_POINT('Ctrl Pts',(-16.7291639694453,4.40300961280663,-64.5714285714286));
#7429=CARTESIAN_POINT('Ctrl Pts',(-16.925886346485,0.972948048700086,-62.9571428571429));
#7430=CARTESIAN_POINT('Ctrl Pts',(-17.1226087235247,-2.45711351540646,-61.3428571428572));
#7431=CARTESIAN_POINT('Ctrl Pts',(-16.2400470822627,-5.94750177089545,-59.7285714285714));
#7432=CARTESIAN_POINT('Ctrl Pts',(-14.4422994524196,-8.87707542382599,-58.1142857142857));
#7433=CARTESIAN_POINT('Ctrl Pts',(-13.0939887300372,-11.0742556635239,-56.9035714285715));
#7434=CARTESIAN_POINT('Ctrl Pts',(-11.2308858890779,-12.9559776892827,-55.6928571428572));
#7435=CARTESIAN_POINT('Ctrl Pts',(-9.05007982236283,-14.3322926309571,-54.4821428571429));
#7436=CARTESIAN_POINT('Ctrl Pts',(-6.86927375564777,-15.7086075726316,-53.2714285714286));
#7437=CARTESIAN_POINT('Ctrl Pts',(-4.37076446317693,-16.5795154302217,-52.0607142857143));
#7438=CARTESIAN_POINT('Ctrl Pts',(-1.80746068608284,-16.8545515845608,-50.85));
#7439=CARTESIAN_POINT('Ctrl Pts',(0.755843091011265,-17.1295877388999,-49.6392857142857));
#7440=CARTESIAN_POINT('Ctrl Pts',(3.38394135272863,-16.8087521899881,-48.4285714285715));
#7441=CARTESIAN_POINT('Ctrl Pts',(5.80646486100594,-15.9255047782953,-47.2178571428572));
#7442=CARTESIAN_POINT('Ctrl Pts',(8.22898836928325,-15.0422573666026,-46.0071428571429));
#7443=CARTESIAN_POINT('Ctrl Pts',(10.4459371241205,-13.5965980921289,-44.7964285714286));
#7444=CARTESIAN_POINT('Ctrl Pts',(12.230997916104,-11.7362244234269,-43.5857142857143));
#7445=CARTESIAN_POINT('Ctrl Pts',(14.0160587080874,-9.87585075472492,-42.375));
#7446=CARTESIAN_POINT('Ctrl Pts',(15.3692315372171,-7.60076269179465,-41.1642857142857));
#7447=CARTESIAN_POINT('Ctrl Pts',(16.1516977137682,-5.14399290011802,-39.9535714285714));
#7448=CARTESIAN_POINT('Ctrl Pts',(16.6802663109075,-3.48440504674354,-39.1357142857143));
#7449=CARTESIAN_POINT('Ctrl Pts',(16.9484088103981,-1.74191179281399,-38.3178571428571));
#7450=CARTESIAN_POINT('Ctrl Pts',(16.9494864752329,0.000249999611349667,
-37.5));
#7451=CARTESIAN_POINT('Ctrl Pts',(16.9494865552971,0.000249992558866235,
-40.5));
#7452=CARTESIAN_POINT('Ctrl Pts',(16.9484088545693,-1.74191182839903,-41.3178571428571));
#7453=CARTESIAN_POINT('Ctrl Pts',(16.6802663141622,-3.48440511208504,-42.1357142857143));
#7454=CARTESIAN_POINT('Ctrl Pts',(16.1516977420165,-5.14399295812989,-42.9535714285714));
#7455=CARTESIAN_POINT('Ctrl Pts',(15.3692316024647,-7.60076273895613,-44.1642857142857));
#7456=CARTESIAN_POINT('Ctrl Pts',(14.0160589547717,-9.87585070976425,-45.375));
#7457=CARTESIAN_POINT('Ctrl Pts',(12.2309980845328,-11.7362244307519,-46.5857142857143));
#7458=CARTESIAN_POINT('Ctrl Pts',(10.4459372142938,-13.5965981517396,-47.7964285714286));
#7459=CARTESIAN_POINT('Ctrl Pts',(8.22898812150881,-15.0422576229068,-49.0071428571428));
#7460=CARTESIAN_POINT('Ctrl Pts',(5.80646469695171,-15.9255049761752,-50.2178571428571));
#7461=CARTESIAN_POINT('Ctrl Pts',(3.3839412723946,-16.8087523294435,-51.4285714285714));
#7462=CARTESIAN_POINT('Ctrl Pts',(0.755843516065352,-17.1295875648131,-52.6392857142857));
#7463=CARTESIAN_POINT('Ctrl Pts',(-1.80746042829239,-16.8545515359548,-53.85));
#7464=CARTESIAN_POINT('Ctrl Pts',(-4.37076437265013,-16.5795155070966,-55.0607142857143));
#7465=CARTESIAN_POINT('Ctrl Pts',(-6.86927450503638,-15.7086082140105,-56.2714285714286));
#7466=CARTESIAN_POINT('Ctrl Pts',(-9.05008065662255,-14.3322933005134,-57.4821428571429));
#7467=CARTESIAN_POINT('Ctrl Pts',(-11.2308868082087,-12.9559783870162,-58.6928571428572));
#7468=CARTESIAN_POINT('Ctrl Pts',(-13.0939889789948,-11.0742558531078,-59.9035714285714));
#7469=CARTESIAN_POINT('Ctrl Pts',(-14.4422993560001,-8.87707537563259,-61.1142857142857));
#7470=CARTESIAN_POINT('Ctrl Pts',(-16.2400465253406,-5.94750140566561,-62.7285714285714));
#7471=CARTESIAN_POINT('Ctrl Pts',(-17.1226082835152,-2.45711331380193,-64.3428571428572));
#7472=CARTESIAN_POINT('Ctrl Pts',(-16.9258860816695,0.972948221375077,-65.9571428571429));
#7473=CARTESIAN_POINT('Ctrl Pts',(-16.7291638798238,4.40300975655204,-67.5714285714286));
#7474=CARTESIAN_POINT('Ctrl Pts',(-15.4531577179578,7.77274473504232,-69.1857142857143));
#7475=CARTESIAN_POINT('Ctrl Pts',(-13.3298416209053,10.4750181713537,-70.8));
#7476=CARTESIAN_POINT('Ctrl Pts',(-11.2065255238528,13.1772916076651,-72.4142857142857));
#7477=CARTESIAN_POINT('Ctrl Pts',(-8.23589949161379,15.2121035017975,-74.0285714285715));
#7478=CARTESIAN_POINT('Ctrl Pts',(-4.94898007038171,16.2149699420573,-75.6428571428572));
#7479=CARTESIAN_POINT('Ctrl Pts',(-1.66206064914963,17.2178363823171,-77.2571428571429));
#7480=CARTESIAN_POINT('Ctrl Pts',(1.94115216107552,17.1887573687043,-78.8714285714286));
#7481=CARTESIAN_POINT('Ctrl Pts',(5.21103137499209,16.1333586126554,-80.4857142857144));
#7482=CARTESIAN_POINT('Ctrl Pts',(8.11759067625125,15.1952263850565,-81.920634920635));
#7483=CARTESIAN_POINT('Ctrl Pts',(10.7607752841308,13.446174854792,-83.3555555555556));
#7484=CARTESIAN_POINT('Ctrl Pts',(12.7720033786785,11.1448363105219,-84.7904761904763));
#7485=CARTESIAN_POINT('Ctrl Pts',(13.7776174259524,9.99416703838685,-85.5079365079366));
#7486=CARTESIAN_POINT('Ctrl Pts',(14.6252423448933,8.7054260127504,-86.2253968253969));
#7487=CARTESIAN_POINT('Ctrl Pts',(15.2849476958103,7.32695137455108,-86.9428571428572));
#7488=CARTESIAN_POINT('Ctrl Pts',(16.2745057221858,5.25923941725215,-88.0190476190476));
#7489=CARTESIAN_POINT('Ctrl Pts',(16.8412447205076,2.9896268316868,-89.0952380952381));
#7490=CARTESIAN_POINT('Ctrl Pts',(16.9361440887079,0.699822243469931,-90.1714285714285));
#7491=CARTESIAN_POINT('Ctrl Pts',(16.9458019890114,0.466789033164638,-90.2809523809523));
#7492=CARTESIAN_POINT('Ctrl Pts',(16.9505729920573,0.233546691968081,-90.3904761904762));
#7493=CARTESIAN_POINT('Ctrl Pts',(16.9504906187621,0.000293994682225559,
-90.5));
#7494=CARTESIAN_POINT('Origin',(0.,0.,0.));
#7495=CARTESIAN_POINT('',(0.,-16.95,-3.));
#7496=CARTESIAN_POINT('Ctrl Pts',(-5.55111512312578E-16,-16.95,-3.));
#7497=CARTESIAN_POINT('Ctrl Pts',(-2.57882120959425,-16.95,-4.21071428571429));
#7498=CARTESIAN_POINT('Ctrl Pts',(-5.15674256051139,-16.3517598144532,-5.42142857142859));
#7499=CARTESIAN_POINT('Ctrl Pts',(-7.47102157220351,-15.2156147241066,-6.63214285714288));
#7500=CARTESIAN_POINT('Ctrl Pts',(-9.78530058389559,-14.0794696337601,-7.84285714285715));
#7501=CARTESIAN_POINT('Ctrl Pts',(-11.8359372563627,-12.4054196386139,-9.05357142857143));
#7502=CARTESIAN_POINT('Ctrl Pts',(-13.4126055153161,-10.3652771348163,-10.2642857142857));
#7503=CARTESIAN_POINT('Ctrl Pts',(-14.9892737742695,-8.32513463101856,-11.475));
#7504=CARTESIAN_POINT('Ctrl Pts',(-16.0919736197093,-5.91889961856939,-12.6857142857143));
#7505=CARTESIAN_POINT('Ctrl Pts',(-16.6080055985654,-3.39275316586853,-13.8964285714286));
#7506=CARTESIAN_POINT('Ctrl Pts',(-17.1240375774214,-0.866606713167703,
-15.1071428571429));
#7507=CARTESIAN_POINT('Ctrl Pts',(-17.0534016896938,1.77945117978482,-16.3178571428571));
#7508=CARTESIAN_POINT('Ctrl Pts',(-16.4032425771079,4.2744771909375,-17.5285714285714));
#7509=CARTESIAN_POINT('Ctrl Pts',(-15.753083464522,6.76950320209022,-18.7392857142857));
#7510=CARTESIAN_POINT('Ctrl Pts',(-14.5234011270777,9.11349733144309,-19.95));
#7511=CARTESIAN_POINT('Ctrl Pts',(-12.840117035171,11.0665428232036,-21.1607142857143));
#7512=CARTESIAN_POINT('Ctrl Pts',(-11.1568329432643,13.0195883149641,-22.3714285714286));
#7513=CARTESIAN_POINT('Ctrl Pts',(-9.0199470968951,14.5816851691323,-23.5821428571429));
#7514=CARTESIAN_POINT('Ctrl Pts',(-6.64818529803898,15.5929108602048,-24.7928571428572));
#7515=CARTESIAN_POINT('Ctrl Pts',(-4.27642349918289,16.6041365512773,-26.0035714285714));
#7516=CARTESIAN_POINT('Ctrl Pts',(-1.66978574783983,17.0644910792541,-27.2142857142857));
#7517=CARTESIAN_POINT('Ctrl Pts',(0.904876647513052,16.9268532553653,-28.425));
#7518=CARTESIAN_POINT('Ctrl Pts',(3.47953904286597,16.7892154314766,-29.6357142857143));
#7519=CARTESIAN_POINT('Ctrl Pts',(6.02222608222872,16.0535852557222,-30.8464285714286));
#7520=CARTESIAN_POINT('Ctrl Pts',(8.27266770172016,14.7952707512562,-32.0571428571429));
#7521=CARTESIAN_POINT('Ctrl Pts',(10.5231093212116,13.5369562467901,-33.2678571428572));
#7522=CARTESIAN_POINT('Ctrl Pts',(12.4813055208318,11.7559574136124,-34.4785714285715));
#7523=CARTESIAN_POINT('Ctrl Pts',(13.9467671912989,9.63457823434868,-35.6892857142858));
#7524=CARTESIAN_POINT('Ctrl Pts',(15.4122288617659,7.51319905508499,-36.9));
#7525=CARTESIAN_POINT('Ctrl Pts',(16.38495600308,5.05143952973532,-38.1107142857143));
#7526=CARTESIAN_POINT('Ctrl Pts',(16.7654397580316,2.50133397163801,-39.3214285714286));
#7527=CARTESIAN_POINT('Ctrl Pts',(16.8889005634732,1.67386609142943,-39.7142857142857));
#7528=CARTESIAN_POINT('Ctrl Pts',(16.9500042281398,0.837096282102176,-40.1071428571429));
#7529=CARTESIAN_POINT('Ctrl Pts',(16.9494865553011,0.000249992558866294,
-40.5));
#7530=CARTESIAN_POINT('',(2.7257678912019E-15,-16.95,0.));
#7531=CARTESIAN_POINT('',(0.,-16.95,0.));
#7532=CARTESIAN_POINT('Ctrl Pts',(16.9494864752353,0.000249999611349703,
-37.5));
#7533=CARTESIAN_POINT('Ctrl Pts',(16.9500041308328,0.837096275448975,-37.1071428571429));
#7534=CARTESIAN_POINT('Ctrl Pts',(16.8889004500839,1.67386607135295,-36.7142857142857));
#7535=CARTESIAN_POINT('Ctrl Pts',(16.7654396375811,2.5013339426667,-36.3214285714286));
#7536=CARTESIAN_POINT('Ctrl Pts',(16.3849558608679,5.05143947335176,-35.1107142857143));
#7537=CARTESIAN_POINT('Ctrl Pts',(15.4122287834687,7.51319901429849,-33.9));
#7538=CARTESIAN_POINT('Ctrl Pts',(13.9467671338109,9.63457819048056,-32.6892857142857));
#7539=CARTESIAN_POINT('Ctrl Pts',(12.481305484153,11.7559573666626,-31.4785714285714));
#7540=CARTESIAN_POINT('Ctrl Pts',(10.5231092622365,13.53695617808,-30.2678571428571));
#7541=CARTESIAN_POINT('Ctrl Pts',(8.27266764814911,14.7952706699693,-29.0571428571429));
#7542=CARTESIAN_POINT('Ctrl Pts',(6.02222603406176,16.0535851618586,-27.8464285714286));
#7543=CARTESIAN_POINT('Ctrl Pts',(3.47953902780364,16.7892153342197,-26.6357142857143));
#7544=CARTESIAN_POINT('Ctrl Pts',(0.904876648849602,16.9268531633441,-25.425));
#7545=CARTESIAN_POINT('Ctrl Pts',(-1.66978573010443,17.0644909924685,-24.2142857142857));
#7546=CARTESIAN_POINT('Ctrl Pts',(-4.27642348175438,16.6041364783562,-23.0035714285714));
#7547=CARTESIAN_POINT('Ctrl Pts',(-6.648185267989,15.5929107833549,-21.7928571428571));
#7548=CARTESIAN_POINT('Ctrl Pts',(-9.01994705422361,14.5816850883536,-20.5821428571429));
#7549=CARTESIAN_POINT('Ctrl Pts',(-11.1568328750429,13.0195882124635,-19.3714285714286));
#7550=CARTESIAN_POINT('Ctrl Pts',(-12.8401169598264,11.0665427457177,-18.1607142857143));
#7551=CARTESIAN_POINT('Ctrl Pts',(-14.52340104461,9.11349727897189,-16.95));
#7552=CARTESIAN_POINT('Ctrl Pts',(-15.7530833933577,6.7695032213705,-15.7392857142857));
#7553=CARTESIAN_POINT('Ctrl Pts',(-16.4032424988158,4.2744771828346,-14.5285714285714));
#7554=CARTESIAN_POINT('Ctrl Pts',(-17.0534016042739,1.7794511442987,-13.3178571428572));
#7555=CARTESIAN_POINT('Ctrl Pts',(-17.1240374664423,-0.866606875171722,
-12.1071428571429));
#7556=CARTESIAN_POINT('Ctrl Pts',(-16.6080054900857,-3.3927532961944,-10.8964285714286));
#7557=CARTESIAN_POINT('Ctrl Pts',(-16.091973513729,-5.91889971721708,-9.68571428571428));
#7558=CARTESIAN_POINT('Ctrl Pts',(-14.9892736988474,-8.32513453979202,-8.475));
#7559=CARTESIAN_POINT('Ctrl Pts',(-13.4126054449384,-10.365277339439,-7.26428571428571));
#7560=CARTESIAN_POINT('Ctrl Pts',(-11.8359371910294,-12.405420139086,-6.05357142857143));
#7561=CARTESIAN_POINT('Ctrl Pts',(-9.78530049809306,-14.079470915805,-4.84285714285714));
#7562=CARTESIAN_POINT('Ctrl Pts',(-7.47102150273425,-15.2156158810335,-3.63214285714286));
#7563=CARTESIAN_POINT('Ctrl Pts',(-5.15674250737544,-16.351760846262,-2.42142857142857));
#7564=CARTESIAN_POINT('Ctrl Pts',(-2.57882120959421,-16.9499999999999,-1.21071428571429));
#7565=CARTESIAN_POINT('Ctrl Pts',(1.66533453693773E-15,-16.9499999999999,
-1.11022302462446E-15));
#7566=CARTESIAN_POINT('Ctrl Pts',(1.66533453693773E-15,-12.5,-3.));
#7567=CARTESIAN_POINT('Ctrl Pts',(-1.90178555279811,-12.5,-4.21071428571429));
#7568=CARTESIAN_POINT('Ctrl Pts',(-5.70402943320684,-11.6176398443262,-6.63214285714286));
#7569=CARTESIAN_POINT('Ctrl Pts',(-10.2408362307004,-7.9139894125868,-10.2642857142857));
#7570=CARTESIAN_POINT('Ctrl Pts',(-12.6804376586645,-2.59046062398249,-13.8964285714286));
#7571=CARTESIAN_POINT('Ctrl Pts',(-12.5241635707716,3.2636497586559,-17.5285714285714));
#7572=CARTESIAN_POINT('Ctrl Pts',(-9.80362742598333,8.44947747846309,-21.1607142857143));
#7573=CARTESIAN_POINT('Ctrl Pts',(-5.07600387206931,11.9054439699856,-24.7928571428571));
#7574=CARTESIAN_POINT('Ctrl Pts',(0.690893807893259,12.9239274389609,-28.425));
#7575=CARTESIAN_POINT('Ctrl Pts',(6.3163076117931,11.2964270501238,-32.0571428571428));
#7576=CARTESIAN_POINT('Ctrl Pts',(10.6486000888288,7.35616414486336,-35.6892857142857));
#7577=CARTESIAN_POINT('Ctrl Pts',(12.8006512864263,1.90979351355874,-39.3214285714286));
#7578=CARTESIAN_POINT('Ctrl Pts',(12.3321565266678,-3.92748876707173,-42.9535714285714));
#7579=CARTESIAN_POINT('Ctrl Pts',(9.33841173088625,-8.96086923346257,-46.5857142857143));
#7580=CARTESIAN_POINT('Ctrl Pts',(4.43365710082982,-12.1592308953377,-50.2178571428571));
#7581=CARTESIAN_POINT('Ctrl Pts',(-1.38071846627162,-12.8690433629695,-53.85));
#7582=CARTESIAN_POINT('Ctrl Pts',(-6.9083957503133,-10.9422573163186,-57.4821428571429));
#7583=CARTESIAN_POINT('Ctrl Pts',(-11.4882929253048,-6.31658737062344,-61.5178571428571));
#7584=CARTESIAN_POINT('Ctrl Pts',(-13.2781489982995,0.762002048718227,-65.9571428571429));
#7585=CARTESIAN_POINT('Ctrl Pts',(-10.4551265162943,8.21716793033577,-70.8));
#7586=CARTESIAN_POINT('Ctrl Pts',(-3.88294502903839,12.7189641562934,-75.6428571428572));
#7587=CARTESIAN_POINT('Ctrl Pts',(3.79351621857517,12.6570127998585,-80.3063492063493));
#7588=CARTESIAN_POINT('Ctrl Pts',(8.91030058117505,9.27112764724394,-84.0730158730159));
#7589=CARTESIAN_POINT('Ctrl Pts',(11.7232151351832,4.99433220818388,-87.3015873015873));
#7590=CARTESIAN_POINT('Ctrl Pts',(12.8377461053344,0.530983957316792,-90.1714285714285));
#7591=CARTESIAN_POINT('Ctrl Pts',(12.0038074727653,-4.57962796938453,-93.4));
#7592=CARTESIAN_POINT('Ctrl Pts',(9.22280073744898,-8.94514583729577,-96.6285714285714));
#7593=CARTESIAN_POINT('Ctrl Pts',(4.94325931538469,-11.8591498879446,-99.8571428571429));
#7594=CARTESIAN_POINT('Ctrl Pts',(-0.138287317729345,-12.8473375946627,
-103.085714285714));
#7595=CARTESIAN_POINT('Ctrl Pts',(-5.19779488049856,-11.7498364452171,-106.314285714286));
#7596=CARTESIAN_POINT('Ctrl Pts',(-9.4127266146787,-8.74435098790728,-109.542857142857));
#7597=CARTESIAN_POINT('Ctrl Pts',(-12.1010684976993,-4.31987986447083,-112.771428571429));
#7598=CARTESIAN_POINT('Ctrl Pts',(-12.8223316700548,0.806799565370723,-116.));
#7599=CARTESIAN_POINT('Ctrl Pts',(-11.4634834848683,5.80201000060559,-119.228571428571));
#7600=CARTESIAN_POINT('Ctrl Pts',(-8.24264530922783,9.85516042865369,-122.457142857143));
#7601=CARTESIAN_POINT('Ctrl Pts',(-3.68438212297325,12.3090329222076,-125.685714285714));
#7602=CARTESIAN_POINT('Ctrl Pts',(1.47297954130091,12.7629605558038,-128.914285714286));
#7603=CARTESIAN_POINT('Ctrl Pts',(6.39079829137734,11.1465649347302,-132.142857142857));
#7604=CARTESIAN_POINT('Ctrl Pts',(10.270996213872,7.7187059278149,-135.371428571429));
#7605=CARTESIAN_POINT('Ctrl Pts',(12.4836254437635,3.03862224623968,-138.6));
#7606=CARTESIAN_POINT('Ctrl Pts',(12.669555688386,-2.13500372607044,-141.828571428572));
#7607=CARTESIAN_POINT('Ctrl Pts',(10.7981318912349,-6.96232906541557,-145.057142857143));
#7608=CARTESIAN_POINT('Ctrl Pts',(7.17408154941714,-10.6580287666914,-148.285714285714));
#7609=CARTESIAN_POINT('Ctrl Pts',(2.38433109472618,-12.6264503569302,-151.514285714286));
#7610=CARTESIAN_POINT('Ctrl Pts',(-2.79008497160069,-12.5392669920627,-154.742857142857));
#7611=CARTESIAN_POINT('Ctrl Pts',(-8.30595737754615,-10.0728715681089,-158.509523809524));
#7612=CARTESIAN_POINT('Ctrl Pts',(-12.5490985154613,-4.40564668681715,-162.814285714286));
#7613=CARTESIAN_POINT('Ctrl Pts',(-12.8121517166656,3.56186864952424,-167.657142857143));
#7614=CARTESIAN_POINT('Ctrl Pts',(-8.47708800727944,10.246144766644,-172.5));
#7615=CARTESIAN_POINT('Ctrl Pts',(-1.09638440512817,13.2529519569959,-177.342857142857));
#7616=CARTESIAN_POINT('Ctrl Pts',(6.67577207858866,11.5012230112502,-182.185714285714));
#7617=CARTESIAN_POINT('Ctrl Pts',(12.0547656597881,5.61767742291079,-187.028571428571));
#7618=CARTESIAN_POINT('Ctrl Pts',(12.9230154317488,-0.961690134556361,-191.064285714286));
#7619=CARTESIAN_POINT('Ctrl Pts',(11.4829134063003,-5.21653443163233,-193.889285714286));
#7620=CARTESIAN_POINT('Ctrl Pts',(10.1484719380713,-7.37985189298058,-195.503571428571));
#7621=CARTESIAN_POINT('Ctrl Pts',(7.86255438219635,-10.0754761750544,-197.745634920635));
#7622=CARTESIAN_POINT('Ctrl Pts',(4.24936040003573,-12.1368702820378,-200.301587301587));
#7623=CARTESIAN_POINT('Ctrl Pts',(-0.838605772492085,-12.7144073346984,
-203.530158730159));
#7624=CARTESIAN_POINT('Ctrl Pts',(-5.32333313301684,-11.6940412327717,-206.4));
#7625=CARTESIAN_POINT('Ctrl Pts',(-9.50728937828174,-8.6424754765343,-209.628571428571));
#7626=CARTESIAN_POINT('Ctrl Pts',(-12.1458756156249,-4.18913797476252,-212.857142857143));
#7627=CARTESIAN_POINT('Ctrl Pts',(-12.8134007927806,0.944867200335635,-216.085714285714));
#7628=CARTESIAN_POINT('Ctrl Pts',(-11.4003408917078,5.92519146234982,-219.314285714286));
#7629=CARTESIAN_POINT('Ctrl Pts',(-8.1360585303088,9.94365843660384,-222.542857142857));
#7630=CARTESIAN_POINT('Ctrl Pts',(-3.55178555397845,12.3476847481183,-225.771428571429));
#7631=CARTESIAN_POINT('Ctrl Pts',(1.61131258709093,12.7474472947026,-229.));
#7632=CARTESIAN_POINT('Ctrl Pts',(6.5084188787357,11.0751228027981,-232.228571428571));
#7633=CARTESIAN_POINT('Ctrl Pts',(10.9995801762255,7.0329720674744,-235.995238095238));
#7634=CARTESIAN_POINT('Ctrl Pts',(13.2942183245368,0.335602637945363,-240.3));
#7635=CARTESIAN_POINT('Ctrl Pts',(11.0995316168448,-7.32718201183363,-245.142857142857));
#7636=CARTESIAN_POINT('Ctrl Pts',(4.9173164338067,-12.3551545247158,-249.985714285714));
#7637=CARTESIAN_POINT('Ctrl Pts',(-3.02908934427994,-12.9489083699942,-254.828571428571));
#7638=CARTESIAN_POINT('Ctrl Pts',(-9.88719044669273,-8.89254163660072,-259.671428571429));
#7639=CARTESIAN_POINT('Ctrl Pts',(-13.1982488594716,-1.64246968622225,-264.514285714286));
#7640=CARTESIAN_POINT('Ctrl Pts',(-11.7655078179025,6.195544784541,-269.357142857143));
#7641=CARTESIAN_POINT('Ctrl Pts',(-6.11163219703746,11.810845197047,-274.2));
#7642=CARTESIAN_POINT('Ctrl Pts',(1.73773543759763,13.1842127578066,-279.042857142857));
#7643=CARTESIAN_POINT('Ctrl Pts',(8.96322413769594,9.8238243618367,-283.885714285714));
#7644=CARTESIAN_POINT('Ctrl Pts',(12.9700583441527,2.93584598911871,-288.728571428571));
#7645=CARTESIAN_POINT('Ctrl Pts',(12.3202917219092,-5.0061870300656,-293.571428571429));
#7646=CARTESIAN_POINT('Ctrl Pts',(7.24555138506574,-11.1507920760355,-298.414285714286));
#7647=CARTESIAN_POINT('Ctrl Pts',(-0.428465525699202,-13.2912593456411,
-303.257142857143));
#7648=CARTESIAN_POINT('Ctrl Pts',(-7.95356393285789,-10.6597101019647,-308.1));
#7649=CARTESIAN_POINT('Ctrl Pts',(-12.0942897145244,-4.91732068444779,-312.404761904762));
#7650=CARTESIAN_POINT('Ctrl Pts',(-12.8001403821862,1.08351707330543,-316.171428571429));
#7651=CARTESIAN_POINT('Ctrl Pts',(-11.3374905327745,6.04765721756516,-319.4));
#7652=CARTESIAN_POINT('Ctrl Pts',(-8.02792587564182,10.0305742348579,-322.628571428572));
#7653=CARTESIAN_POINT('Ctrl Pts',(-3.41849302893845,12.3850316749455,-325.857142857143));
#7654=CARTESIAN_POINT('Ctrl Pts',(1.74787373409892,12.7287256819769,-329.085714285715));
#7655=CARTESIAN_POINT('Ctrl Pts',(6.62872577379278,11.0057731874129,-332.314285714286));
#7656=CARTESIAN_POINT('Ctrl Pts',(10.4355685086373,7.49553361804251,-335.542857142857));
#7657=CARTESIAN_POINT('Ctrl Pts',(12.54457727986,2.76936228464523,-338.771428571428));
#7658=CARTESIAN_POINT('Ctrl Pts',(12.6386088212382,-3.27113837235953,-342.538095238095));
#7659=CARTESIAN_POINT('Ctrl Pts',(9.29564544144108,-9.51463799405506,-346.842857142857));
#7660=CARTESIAN_POINT('Ctrl Pts',(2.77763344632421,-12.8124831277398,-351.282142857143));
#7661=CARTESIAN_POINT('Ctrl Pts',(-3.71679387853109,-12.395180053925,-355.317857142857));
#7662=CARTESIAN_POINT('Ctrl Pts',(-8.80015349625046,-9.49104749930347,-358.95));
#7663=CARTESIAN_POINT('Ctrl Pts',(-12.0820891313813,-4.63948197835756,-362.582142857143));
#7664=CARTESIAN_POINT('Ctrl Pts',(-12.8902649983854,1.15992903488795,-366.214285714286));
#7665=CARTESIAN_POINT('Ctrl Pts',(-11.0594090902011,6.72281376051573,-369.846428571429));
#7666=CARTESIAN_POINT('Ctrl Pts',(-6.96427177226076,10.9088517222772,-373.478571428571));
#7667=CARTESIAN_POINT('Ctrl Pts',(-1.44331704953961,12.8616741040798,-377.110714285715));
#7668=CARTESIAN_POINT('Ctrl Pts',(4.37314567687838,12.1811567399273,-380.742857142857));
#7669=CARTESIAN_POINT('Ctrl Pts',(9.29426022166486,9.00677431552284,-384.375));
#7670=CARTESIAN_POINT('Ctrl Pts',(12.3125288539532,3.98836197759179,-388.007142857143));
#7671=CARTESIAN_POINT('Ctrl Pts',(12.809952430629,-1.84659295697687,-391.639285714286));
#7672=CARTESIAN_POINT('Ctrl Pts',(10.6847996203561,-7.30350172694766,-395.271428571429));
#7673=CARTESIAN_POINT('Ctrl Pts',(6.3719362977718,-11.2650971568306,-398.903571428571));
#7674=CARTESIAN_POINT('Ctrl Pts',(0.75484972706304,-12.920377587398,-402.535714285715));
#7675=CARTESIAN_POINT('Ctrl Pts',(-5.01743640245003,-11.9302489124608,-406.167857142857));
#7676=CARTESIAN_POINT('Ctrl Pts',(-8.17945695473732,-9.64174632597389,-408.589285714286));
#7677=CARTESIAN_POINT('Ctrl Pts',(-9.42814225920131,-8.20732194691194,-409.8));
#7678=CARTESIAN_POINT('Ctrl Pts',(1.66533453693773E-15,-13.9833333333352,
-3.));
#7679=CARTESIAN_POINT('Ctrl Pts',(-2.12746410506376,-13.9833333333352,-4.21071428571428));
#7680=CARTESIAN_POINT('Ctrl Pts',(-6.38090759261488,-12.996266439188,-6.63214285714286));
#7681=CARTESIAN_POINT('Ctrl Pts',(-11.4560821300784,-8.85311615621493,-10.2642857142857));
#7682=CARTESIAN_POINT('Ctrl Pts',(-14.1851829274945,-2.89786195136212,-13.8964285714286));
#7683=CARTESIAN_POINT('Ctrl Pts',(-14.010364314505,3.65093619668354,-17.5285714285714));
#7684=CARTESIAN_POINT('Ctrl Pts',(-10.9669912138681,9.45214880590861,-21.1607142857143));
#7685=CARTESIAN_POINT('Ctrl Pts',(-5.67835633155561,13.3182233210923,-24.7928571428571));
#7686=CARTESIAN_POINT('Ctrl Pts',(0.772879873096691,14.4575668283861,-28.425));
#7687=CARTESIAN_POINT('Ctrl Pts',(7.0658427817268,12.6369363934068,-32.0571428571428));
#7688=CARTESIAN_POINT('Ctrl Pts',(11.912233966038,8.22909562338822,-35.6892857142857));
#7689=CARTESIAN_POINT('Ctrl Pts',(14.3196619057508,2.13642234383465,-39.3214285714286));
#7690=CARTESIAN_POINT('Ctrl Pts',(13.7955724345009,-4.39355076743148,-42.9535714285714));
#7691=CARTESIAN_POINT('Ctrl Pts',(10.4465699229528,-10.0242257158348,-46.5857142857143));
#7692=CARTESIAN_POINT('Ctrl Pts',(4.95978441012894,-13.6021262949195,-50.2178571428571));
#7693=CARTESIAN_POINT('Ctrl Pts',(-1.54456372426939,-14.3961698420438,-53.85));
#7694=CARTESIAN_POINT('Ctrl Pts',(-7.72819204601815,-12.2407385178567,-57.4821428571429));
#7695=CARTESIAN_POINT('Ctrl Pts',(-12.8515703524426,-7.066155738605,-61.5178571428571));
#7696=CARTESIAN_POINT('Ctrl Pts',(-14.853822679433,0.852426291832906,-65.9571428571429));
#7697=CARTESIAN_POINT('Ctrl Pts',(-11.6958015295628,9.19227185807013,-70.8));
#7698=CARTESIAN_POINT('Ctrl Pts',(-4.34372117248484,14.2282812361755,-75.6428571428572));
#7699=CARTESIAN_POINT('Ctrl Pts',(4.24368014317997,14.1589783187768,-80.3063492063493));
#7700=CARTESIAN_POINT('Ctrl Pts',(9.96765625014246,10.3713014613849,-84.0730158730159));
#7701=CARTESIAN_POINT('Ctrl Pts',(13.1143699978933,5.58699296355576,-87.3015873015873));
#7702=CARTESIAN_POINT('Ctrl Pts',(14.3611586431693,0.593994053585131,-90.1714285714285));
#7703=CARTESIAN_POINT('Ctrl Pts',(13.4282592928685,-5.1230771550855,-93.4));
#7704=CARTESIAN_POINT('Ctrl Pts',(10.3172397582943,-10.0066364766562,-96.6285714285714));
#7705=CARTESIAN_POINT('Ctrl Pts',(5.52985942081107,-13.2664356746491,-99.8571428571429));
#7706=CARTESIAN_POINT('Ctrl Pts',(-0.154697412766582,-14.3718883225645,
-103.085714285714));
#7707=CARTESIAN_POINT('Ctrl Pts',(-5.81459987298515,-13.1441503700512,-106.314285714286));
#7708=CARTESIAN_POINT('Ctrl Pts',(-10.5297035062886,-9.78201397180688,-109.542857142857));
#7709=CARTESIAN_POINT('Ctrl Pts',(-13.537061959428,-4.83250560838867,-112.771428571429));
#7710=CARTESIAN_POINT('Ctrl Pts',(-14.3439150282365,0.902539780461502,-116.));
#7711=CARTESIAN_POINT('Ctrl Pts',(-12.8238168584077,6.49051518734497,-119.228571428571));
#7712=CARTESIAN_POINT('Ctrl Pts',(-9.22077255259073,11.0246394661887,-122.457142857143));
#7713=CARTESIAN_POINT('Ctrl Pts',(-4.12159546823328,13.7697048289781,-125.685714285714));
#7714=CARTESIAN_POINT('Ctrl Pts',(1.6477731135355,14.277498541761,-128.914285714286));
#7715=CARTESIAN_POINT('Ctrl Pts',(7.14917302195504,12.4692906403198,-132.142857142857));
#7716=CARTESIAN_POINT('Ctrl Pts',(11.4898210979197,8.63465903125007,-135.371428571429));
#7717=CARTESIAN_POINT('Ctrl Pts',(13.9650156630919,3.39920541946056,-138.6));
#7718=CARTESIAN_POINT('Ctrl Pts',(14.1730096300764,-2.38835750156443,-141.828571428572));
#7719=CARTESIAN_POINT('Ctrl Pts',(12.0795102089964,-7.78852544784591,-145.057142857143));
#7720=CARTESIAN_POINT('Ctrl Pts',(8.02540589328235,-11.9227815136737,-148.285714285714));
#7721=CARTESIAN_POINT('Ctrl Pts',(2.66727171796736,-14.1247891326211,-151.514285714286));
#7722=CARTESIAN_POINT('Ctrl Pts',(-3.12117505489771,-14.0272600084559,-154.742857142857));
#7723=CARTESIAN_POINT('Ctrl Pts',(-9.29159765301617,-11.2681856608593,-158.509523809524));
#7724=CARTESIAN_POINT('Ctrl Pts',(-14.0382582059645,-4.92845009365343,-162.814285714286));
#7725=CARTESIAN_POINT('Ctrl Pts',(-14.3325270537118,3.98454372926831,-167.657142857143));
#7726=CARTESIAN_POINT('Ctrl Pts',(-9.4830357841445,11.4620206122873,-172.5));
#7727=CARTESIAN_POINT('Ctrl Pts',(-1.2264886878702,14.825635589228,-177.342857142857));
#7728=CARTESIAN_POINT('Ctrl Pts',(7.46796369858215,12.8660348085869,-182.185714285714));
#7729=CARTESIAN_POINT('Ctrl Pts',(13.4852645180847,6.28430847709702,-187.028571428571));
#7730=CARTESIAN_POINT('Ctrl Pts',(14.4565465963182,-1.07581069719053,-191.064285714286));
#7731=CARTESIAN_POINT('Ctrl Pts',(12.8455524638496,-5.83556318418679,-193.889285714286));
#7732=CARTESIAN_POINT('Ctrl Pts',(11.3527572747239,-8.25559431761535,-195.503571428571));
#7733=CARTESIAN_POINT('Ctrl Pts',(8.79557750221813,-11.271099347829,-197.745634920635));
#7734=CARTESIAN_POINT('Ctrl Pts',(4.75361783417392,-13.5771122221747,-200.301587301587));
#7735=CARTESIAN_POINT('Ctrl Pts',(-0.938120324161267,-14.2231836717511,
-203.530158730159));
#7736=CARTESIAN_POINT('Ctrl Pts',(-5.95503533146896,-13.081734125729,-206.4));
#7737=CARTESIAN_POINT('Ctrl Pts',(-10.6354877178392,-9.6680492330843,-209.628571428571));
#7738=CARTESIAN_POINT('Ctrl Pts',(-13.5871861886808,-4.68624901443495,-212.857142857143));
#7739=CARTESIAN_POINT('Ctrl Pts',(-14.3339243535257,1.05699144144227,-216.085714285714));
#7740=CARTESIAN_POINT('Ctrl Pts',(-12.7531813441921,6.62831418254952,-219.314285714286));
#7741=CARTESIAN_POINT('Ctrl Pts',(-9.10153747590663,11.1236392377489,-222.542857142857));
#7742=CARTESIAN_POINT('Ctrl Pts',(-3.97326410638442,13.8129433382301,-225.771428571429));
#7743=CARTESIAN_POINT('Ctrl Pts',(1.80252168075929,14.2601443736759,-229.));
#7744=CARTESIAN_POINT('Ctrl Pts',(7.28075125234662,12.3893707087318,-232.228571428571));
#7745=CARTESIAN_POINT('Ctrl Pts',(12.3048636904725,7.8675514194824,-235.995238095238));
#7746=CARTESIAN_POINT('Ctrl Pts',(14.8717988990504,0.375427484314922,-240.3));
#7747=CARTESIAN_POINT('Ctrl Pts',(12.4166760353787,-8.19667427723896,-245.142857142857));
#7748=CARTESIAN_POINT('Ctrl Pts',(5.50083798395248,-13.8212995283172,-249.985714285714));
#7749=CARTESIAN_POINT('Ctrl Pts',(-3.3885412798016,-14.4855121632354,-254.828571428571));
#7750=CARTESIAN_POINT('Ctrl Pts',(-11.0604703797017,-9.94778991081196,-259.671428571429));
#7751=CARTESIAN_POINT('Ctrl Pts',(-14.7644410574642,-1.83737608898753,-264.514285714286));
#7752=CARTESIAN_POINT('Ctrl Pts',(-13.1616814122953,6.93074943230744,-269.357142857143));
#7753=CARTESIAN_POINT('Ctrl Pts',(-6.83687921775346,13.2123988270983,-274.2));
#7754=CARTESIAN_POINT('Ctrl Pts',(1.94394670952613,14.7487393384015,-279.042857142857));
#7755=CARTESIAN_POINT('Ctrl Pts',(10.0268600687038,10.9895848527761,-283.885714285714));
#7756=CARTESIAN_POINT('Ctrl Pts',(14.5091719343273,3.28423304649456,-288.728571428571));
#7757=CARTESIAN_POINT('Ctrl Pts',(13.7822996729109,-5.60025455763413,-293.571428571429));
#7758=CARTESIAN_POINT('Ctrl Pts',(8.1053568160946,-12.4740194023933,-298.414285714286));
#7759=CARTESIAN_POINT('Ctrl Pts',(-0.479310101415571,-14.8684887879924,
-303.257142857143));
#7760=CARTESIAN_POINT('Ctrl Pts',(-8.89738685289152,-11.9246623673994,-308.1));
#7761=CARTESIAN_POINT('Ctrl Pts',(-13.5294787606497,-5.50084273900299,-312.404761904762));
#7762=CARTESIAN_POINT('Ctrl Pts',(-14.3190903742075,1.21209443267117,-316.171428571429));
#7763=CARTESIAN_POINT('Ctrl Pts',(-12.6828727426654,6.7653125407171,-319.4));
#7764=CARTESIAN_POINT('Ctrl Pts',(-8.98057307955249,11.2208690440625,-322.628571428572));
#7765=CARTESIAN_POINT('Ctrl Pts',(-3.82415420170631,13.8547221003741,-325.857142857143));
#7766=CARTESIAN_POINT('Ctrl Pts',(1.95528808387892,14.2392011295733,-329.085714285715));
#7767=CARTESIAN_POINT('Ctrl Pts',(7.41533456561716,12.3117916056542,-332.314285714286));
#7768=CARTESIAN_POINT('Ctrl Pts',(11.6739226383305,8.38500360738465,-335.542857142857));
#7769=CARTESIAN_POINT('Ctrl Pts',(14.0332004504053,3.09799327575686,-338.771428571429));
#7770=CARTESIAN_POINT('Ctrl Pts',(14.1383904013603,-3.65931345921334,-342.538095238095));
#7771=CARTESIAN_POINT('Ctrl Pts',(10.3987287004935,-10.643708369351,-346.842857142857));
#7772=CARTESIAN_POINT('Ctrl Pts',(3.10724594862175,-14.3328977922335,-351.282142857143));
#7773=CARTESIAN_POINT('Ctrl Pts',(-4.15785341878398,-13.8660747536592,-355.317857142857));
#7774=CARTESIAN_POINT('Ctrl Pts',(-9.84443837780679,-10.6173184692222,-358.95));
#7775=CARTESIAN_POINT('Ctrl Pts',(-13.5158303749736,-5.19003383979,-362.582142857143));
#7776=CARTESIAN_POINT('Ctrl Pts',(-14.4199097781957,1.29757394702815,-366.214285714286));
#7777=CARTESIAN_POINT('Ctrl Pts',(-12.3717923022399,7.5205876600979,-369.846428571429));
#7778=CARTESIAN_POINT('Ctrl Pts',(-7.79069868923672,12.2033687933223,-373.478571428571));
#7779=CARTESIAN_POINT('Ctrl Pts',(-1.61459067275186,14.3879260977658,-377.110714285714));
#7780=CARTESIAN_POINT('Ctrl Pts',(4.89209229720192,13.6266540064004,-380.742857142857));
#7781=CARTESIAN_POINT('Ctrl Pts',(10.3971791013038,10.0755782009662,-384.375));
#7782=CARTESIAN_POINT('Ctrl Pts',(13.7736156112908,4.46164759893326,-388.007142857143));
#7783=CARTESIAN_POINT('Ctrl Pts',(14.3300667857322,-2.06572198787173,-391.639285714286));
#7784=CARTESIAN_POINT('Ctrl Pts',(11.9527291753066,-8.17018393187984,-395.271428571429));
#7785=CARTESIAN_POINT('Ctrl Pts',(7.12807273844165,-12.6018886861095,-398.903571428571));
#7786=CARTESIAN_POINT('Ctrl Pts',(0.844425228007962,-14.4535957277711,-402.535714285715));
#7787=CARTESIAN_POINT('Ctrl Pts',(-5.61283885554149,-13.3459717834079,-406.167857142857));
#7788=CARTESIAN_POINT('Ctrl Pts',(-9.15008584670067,-10.7859002233242,-408.589285714286));
#7789=CARTESIAN_POINT('Ctrl Pts',(-10.5469484739612,-9.18125748461335,-409.8));
#7790=CARTESIAN_POINT('Ctrl Pts',(-5.55111512312578E-16,-15.4666666666703,
-3.));
#7791=CARTESIAN_POINT('Ctrl Pts',(-2.35314265732941,-15.4666666666703,-4.21071428571429));
#7792=CARTESIAN_POINT('Ctrl Pts',(-7.05778575202293,-14.3748930340497,-6.63214285714286));
#7793=CARTESIAN_POINT('Ctrl Pts',(-12.6713280294563,-9.79224289984304,-10.2642857142857));
#7794=CARTESIAN_POINT('Ctrl Pts',(-15.6899281963245,-3.20526327874175,-13.8964285714286));
#7795=CARTESIAN_POINT('Ctrl Pts',(-15.4965650582383,4.03822263471118,-17.5285714285714));
#7796=CARTESIAN_POINT('Ctrl Pts',(-12.1303550017529,10.4548201333541,-21.1607142857143));
#7797=CARTESIAN_POINT('Ctrl Pts',(-6.28070879104191,14.731002672199,-24.7928571428571));
#7798=CARTESIAN_POINT('Ctrl Pts',(0.854865938300129,15.9912062178113,-28.425));
#7799=CARTESIAN_POINT('Ctrl Pts',(7.8153779516605,13.9774457366898,-32.0571428571428));
#7800=CARTESIAN_POINT('Ctrl Pts',(13.1758678432473,9.10202710191308,-35.6892857142857));
#7801=CARTESIAN_POINT('Ctrl Pts',(15.8386725250752,2.36305117411056,-39.3214285714286));
#7802=CARTESIAN_POINT('Ctrl Pts',(15.2589883423339,-4.85961276779123,-42.9535714285714));
#7803=CARTESIAN_POINT('Ctrl Pts',(11.5547281150193,-11.087582198207,-46.5857142857143));
#7804=CARTESIAN_POINT('Ctrl Pts',(5.48591171942806,-15.0450216945014,-50.2178571428571));
#7805=CARTESIAN_POINT('Ctrl Pts',(-1.70840898226716,-15.923296321118,-53.85));
#7806=CARTESIAN_POINT('Ctrl Pts',(-8.547988341723,-13.5392197193947,-57.4821428571429));
#7807=CARTESIAN_POINT('Ctrl Pts',(-14.2148477795805,-7.81572410658657,-61.5178571428571));
#7808=CARTESIAN_POINT('Ctrl Pts',(-16.4294963605664,0.942850534947578,-65.9571428571429));
#7809=CARTESIAN_POINT('Ctrl Pts',(-12.9364765428312,10.1673757858045,-70.8));
#7810=CARTESIAN_POINT('Ctrl Pts',(-4.8044973159313,15.7375983160575,-75.6428571428572));
#7811=CARTESIAN_POINT('Ctrl Pts',(4.69384406778477,15.6609438376952,-80.3063492063492));
#7812=CARTESIAN_POINT('Ctrl Pts',(11.0250119191099,11.4714752755259,-84.0730158730159));
#7813=CARTESIAN_POINT('Ctrl Pts',(14.5055248606034,6.17965371892764,-87.3015873015873));
#7814=CARTESIAN_POINT('Ctrl Pts',(15.8845711810042,0.657004149853466,-90.1714285714285));
#7815=CARTESIAN_POINT('Ctrl Pts',(14.8527111129718,-5.66652634078647,-93.4));
#7816=CARTESIAN_POINT('Ctrl Pts',(11.4116787791396,-11.0681271160166,-96.6285714285714));
#7817=CARTESIAN_POINT('Ctrl Pts',(6.11645952623744,-14.6737214613535,-99.8571428571429));
#7818=CARTESIAN_POINT('Ctrl Pts',(-0.171107507803819,-15.8964390504664,
-103.085714285714));
#7819=CARTESIAN_POINT('Ctrl Pts',(-6.43140486547173,-14.5384642948853,-106.314285714286));
#7820=CARTESIAN_POINT('Ctrl Pts',(-11.6466803978985,-10.8196769557065,-109.542857142857));
#7821=CARTESIAN_POINT('Ctrl Pts',(-14.9730554211567,-5.34513135230649,-112.771428571429));
#7822=CARTESIAN_POINT('Ctrl Pts',(-15.8654983864182,0.998279995552277,-116.));
#7823=CARTESIAN_POINT('Ctrl Pts',(-14.1841502319471,7.17902037408435,-119.228571428571));
#7824=CARTESIAN_POINT('Ctrl Pts',(-10.1988997959536,12.1941185037237,-122.457142857143));
#7825=CARTESIAN_POINT('Ctrl Pts',(-4.55880881349331,15.2303767357485,-125.685714285714));
#7826=CARTESIAN_POINT('Ctrl Pts',(1.8225666857701,15.7920365277183,-128.914285714286));
#7827=CARTESIAN_POINT('Ctrl Pts',(7.90754775253275,13.7920163459094,-132.142857142857));
#7828=CARTESIAN_POINT('Ctrl Pts',(12.7086459819673,9.55061213468522,-135.371428571429));
#7829=CARTESIAN_POINT('Ctrl Pts',(15.4464058824203,3.75978859268145,-138.6));
#7830=CARTESIAN_POINT('Ctrl Pts',(15.6764635717667,-2.64171127705844,-141.828571428572));
#7831=CARTESIAN_POINT('Ctrl Pts',(13.3608885267578,-8.61472183027623,-145.057142857143));
#7832=CARTESIAN_POINT('Ctrl Pts',(8.87673023714756,-13.1875342606559,-148.285714285714));
#7833=CARTESIAN_POINT('Ctrl Pts',(2.95021234120855,-15.623127908312,-151.514285714286));
#7834=CARTESIAN_POINT('Ctrl Pts',(-3.45226513819473,-15.5152530248492,-154.742857142857));
#7835=CARTESIAN_POINT('Ctrl Pts',(-10.2772379284862,-12.4634997536097,-158.509523809524));
#7836=CARTESIAN_POINT('Ctrl Pts',(-15.5274178964677,-5.45125350048971,-162.814285714286));
#7837=CARTESIAN_POINT('Ctrl Pts',(-15.852902390758,4.40721880901238,-167.657142857143));
#7838=CARTESIAN_POINT('Ctrl Pts',(-10.4889835610096,12.6778964579305,-172.5));
#7839=CARTESIAN_POINT('Ctrl Pts',(-1.35659297061224,16.3983192214601,-177.342857142857));
#7840=CARTESIAN_POINT('Ctrl Pts',(8.26015531857564,14.2308466059236,-182.185714285714));
#7841=CARTESIAN_POINT('Ctrl Pts',(14.9157633763813,6.95093953128326,-187.028571428571));
#7842=CARTESIAN_POINT('Ctrl Pts',(15.9900777608876,-1.18993125982468,-191.064285714286));
#7843=CARTESIAN_POINT('Ctrl Pts',(14.2081915213989,-6.45459193674126,-193.889285714286));
#7844=CARTESIAN_POINT('Ctrl Pts',(12.5570426113765,-9.13133674225013,-195.503571428571));
#7845=CARTESIAN_POINT('Ctrl Pts',(9.72860062223991,-12.4667225206036,-197.745634920635));
#7846=CARTESIAN_POINT('Ctrl Pts',(5.25787526831212,-15.0173541623117,-200.301587301587));
#7847=CARTESIAN_POINT('Ctrl Pts',(-1.03763487583045,-15.7319600088039,-203.530158730159));
#7848=CARTESIAN_POINT('Ctrl Pts',(-6.58673752992106,-14.4694270186862,-206.4));
#7849=CARTESIAN_POINT('Ctrl Pts',(-11.7636860573967,-10.6936229896343,-209.628571428571));
#7850=CARTESIAN_POINT('Ctrl Pts',(-15.0284967617367,-5.18336005410738,-212.857142857143));
#7851=CARTESIAN_POINT('Ctrl Pts',(-15.8544479142709,1.1691156825489,-216.085714285714));
#7852=CARTESIAN_POINT('Ctrl Pts',(-14.1060217966765,7.33143690274923,-219.314285714286));
#7853=CARTESIAN_POINT('Ctrl Pts',(-10.0670164215045,12.3036200388941,-222.542857142857));
#7854=CARTESIAN_POINT('Ctrl Pts',(-4.39474265879037,15.2782019283419,-225.771428571429));
#7855=CARTESIAN_POINT('Ctrl Pts',(1.99373077442765,15.7728414526491,-229.));
#7856=CARTESIAN_POINT('Ctrl Pts',(8.05308362595754,13.7036186146654,-232.228571428571));
#7857=CARTESIAN_POINT('Ctrl Pts',(13.6101472047195,8.70213077149037,-235.995238095238));
#7858=CARTESIAN_POINT('Ctrl Pts',(16.449379473564,0.415252330684498,-240.3));
#7859=CARTESIAN_POINT('Ctrl Pts',(13.7338204539125,-9.06616654264429,-245.142857142857));
#7860=CARTESIAN_POINT('Ctrl Pts',(6.08435953409826,-15.2874445319186,-249.985714285714));
#7861=CARTESIAN_POINT('Ctrl Pts',(-3.74799321532326,-16.0221159564766,-254.828571428571));
#7862=CARTESIAN_POINT('Ctrl Pts',(-12.2337503127107,-11.0030381850232,-259.671428571429));
#7863=CARTESIAN_POINT('Ctrl Pts',(-16.3306332554567,-2.03228249175281,-264.514285714286));
#7864=CARTESIAN_POINT('Ctrl Pts',(-14.5578550066881,7.66595408007387,-269.357142857143));
#7865=CARTESIAN_POINT('Ctrl Pts',(-7.56212623846946,14.6139524571496,-274.2));
#7866=CARTESIAN_POINT('Ctrl Pts',(2.15015798145464,16.3132659189965,-279.042857142857));
#7867=CARTESIAN_POINT('Ctrl Pts',(11.0904959997117,12.1553453437155,-283.885714285714));
#7868=CARTESIAN_POINT('Ctrl Pts',(16.048285524502,3.6326201038704,-288.728571428571));
#7869=CARTESIAN_POINT('Ctrl Pts',(15.2443076239126,-6.19432208520264,-293.571428571429));
#7870=CARTESIAN_POINT('Ctrl Pts',(8.96516224712345,-13.7972467287511,-298.414285714286));
#7871=CARTESIAN_POINT('Ctrl Pts',(-0.53015467713194,-16.4457182303438,-303.257142857143));
#7872=CARTESIAN_POINT('Ctrl Pts',(-9.84120977292515,-13.1896146328341,-308.1));
#7873=CARTESIAN_POINT('Ctrl Pts',(-14.964667806775,-6.08436479355816,-312.404761904762));
#7874=CARTESIAN_POINT('Ctrl Pts',(-15.8380403662288,1.3406717920369,-316.171428571429));
#7875=CARTESIAN_POINT('Ctrl Pts',(-14.0282549525563,7.48296786386905,-319.4));
#7876=CARTESIAN_POINT('Ctrl Pts',(-9.93322028346315,12.4111638532671,-322.628571428572));
#7877=CARTESIAN_POINT('Ctrl Pts',(-4.22981537447417,15.3244125258028,-325.857142857143));
#7878=CARTESIAN_POINT('Ctrl Pts',(2.16270243365891,15.7496765771698,-329.085714285714));
#7879=CARTESIAN_POINT('Ctrl Pts',(8.20194335744153,13.6178100238955,-332.314285714286));
#7880=CARTESIAN_POINT('Ctrl Pts',(12.9122767680236,9.27447359672679,-335.542857142857));
#7881=CARTESIAN_POINT('Ctrl Pts',(15.5218236209505,3.4266242668685,-338.771428571428));
#7882=CARTESIAN_POINT('Ctrl Pts',(15.6381719814825,-4.04748854606714,-342.538095238095));
#7883=CARTESIAN_POINT('Ctrl Pts',(11.5018119595458,-11.7727787446469,-346.842857142857));
#7884=CARTESIAN_POINT('Ctrl Pts',(3.4368584509193,-15.8533124567271,-351.282142857143));
#7885=CARTESIAN_POINT('Ctrl Pts',(-4.59891295903689,-15.3369694533934,-355.317857142857));
#7886=CARTESIAN_POINT('Ctrl Pts',(-10.8887232593631,-11.7435894391409,-358.95));
#7887=CARTESIAN_POINT('Ctrl Pts',(-14.949571618566,-5.74058570122243,-362.582142857143));
#7888=CARTESIAN_POINT('Ctrl Pts',(-15.949554558006,1.43521885916836,-366.214285714286));
#7889=CARTESIAN_POINT('Ctrl Pts',(-13.6841755142787,8.31836155968008,-369.846428571429));
#7890=CARTESIAN_POINT('Ctrl Pts',(-8.61712560621268,13.4978858643675,-373.478571428571));
#7891=CARTESIAN_POINT('Ctrl Pts',(-1.7858642959641,15.9141780914518,-377.110714285714));
#7892=CARTESIAN_POINT('Ctrl Pts',(5.41103891752546,15.0721512728736,-380.742857142857));
#7893=CARTESIAN_POINT('Ctrl Pts',(11.5000979809427,11.1443820864096,-384.375));
#7894=CARTESIAN_POINT('Ctrl Pts',(15.2347023686284,4.93493322027473,-388.007142857143));
#7895=CARTESIAN_POINT('Ctrl Pts',(15.8501811408353,-2.28485101876659,-391.639285714286));
#7896=CARTESIAN_POINT('Ctrl Pts',(13.2206587302571,-9.03686613681203,-395.271428571429));
#7897=CARTESIAN_POINT('Ctrl Pts',(7.8842091791115,-13.9386802153884,-398.903571428571));
#7898=CARTESIAN_POINT('Ctrl Pts',(0.934000728952888,-15.9868138681442,-402.535714285715));
#7899=CARTESIAN_POINT('Ctrl Pts',(-6.20824130863296,-14.761694654355,-406.167857142857));
#7900=CARTESIAN_POINT('Ctrl Pts',(-10.120714738664,-11.9300541206745,-408.589285714286));
#7901=CARTESIAN_POINT('Ctrl Pts',(-11.6657546887212,-10.1551930223148,-409.8));
#7902=CARTESIAN_POINT('Ctrl Pts',(-5.55111512312578E-16,-16.9500000000055,
-3.));
#7903=CARTESIAN_POINT('Ctrl Pts',(-2.57882120959507,-16.9500000000055,-4.21071428571429));
#7904=CARTESIAN_POINT('Ctrl Pts',(-7.73466391143098,-15.7535196289114,-6.63214285714286));
#7905=CARTESIAN_POINT('Ctrl Pts',(-13.8865739288342,-10.7313696434712,-10.2642857142857));
#7906=CARTESIAN_POINT('Ctrl Pts',(-17.1946734651546,-3.51266460612138,-13.8964285714286));
#7907=CARTESIAN_POINT('Ctrl Pts',(-16.9827658019717,4.42550907273883,-17.5285714285714));
#7908=CARTESIAN_POINT('Ctrl Pts',(-13.2937187896377,11.4574914607996,-21.1607142857143));
#7909=CARTESIAN_POINT('Ctrl Pts',(-6.88306125052821,16.1437820233057,-24.7928571428571));
#7910=CARTESIAN_POINT('Ctrl Pts',(0.936852003503562,17.5248456072366,-28.425));
#7911=CARTESIAN_POINT('Ctrl Pts',(8.5649131215942,15.3179550799728,-32.0571428571428));
#7912=CARTESIAN_POINT('Ctrl Pts',(14.4395017204565,9.97495858043794,-35.6892857142857));
#7913=CARTESIAN_POINT('Ctrl Pts',(17.3576831443997,2.58968000438648,-39.3214285714286));
#7914=CARTESIAN_POINT('Ctrl Pts',(16.7224042501669,-5.32567476815098,-42.9535714285714));
#7915=CARTESIAN_POINT('Ctrl Pts',(12.6628863070858,-12.1509386805792,-46.5857142857143));
#7916=CARTESIAN_POINT('Ctrl Pts',(6.01203902872717,-16.4879170940832,-50.2178571428571));
#7917=CARTESIAN_POINT('Ctrl Pts',(-1.87225424026493,-17.4504228001923,-53.85));
#7918=CARTESIAN_POINT('Ctrl Pts',(-9.36778463742786,-14.8377009209328,-57.4821428571429));
#7919=CARTESIAN_POINT('Ctrl Pts',(-15.5781252067183,-8.56529247456814,-61.5178571428571));
#7920=CARTESIAN_POINT('Ctrl Pts',(-18.0051700416999,1.03327477806225,-65.9571428571429));
#7921=CARTESIAN_POINT('Ctrl Pts',(-14.1771515560997,11.1424797135389,-70.8));
#7922=CARTESIAN_POINT('Ctrl Pts',(-5.26527345937775,17.2469153959395,-75.6428571428572));
#7923=CARTESIAN_POINT('Ctrl Pts',(5.14400799238958,17.1629093566136,-80.3063492063492));
#7924=CARTESIAN_POINT('Ctrl Pts',(12.0823675880773,12.5716490896668,-84.0730158730159));
#7925=CARTESIAN_POINT('Ctrl Pts',(15.8966797233135,6.77231447429952,-87.3015873015873));
#7926=CARTESIAN_POINT('Ctrl Pts',(17.407983718839,0.720014246121803,-90.1714285714285));
#7927=CARTESIAN_POINT('Ctrl Pts',(16.277162933075,-6.20997552648744,-93.4));
#7928=CARTESIAN_POINT('Ctrl Pts',(12.5061177999848,-12.129617755377,-96.6285714285714));
#7929=CARTESIAN_POINT('Ctrl Pts',(6.70305963166381,-16.081007248058,-99.8571428571429));
#7930=CARTESIAN_POINT('Ctrl Pts',(-0.187517602841058,-17.4209897783682,
-103.085714285714));
#7931=CARTESIAN_POINT('Ctrl Pts',(-7.04820985795832,-15.9327782197195,-106.314285714286));
#7932=CARTESIAN_POINT('Ctrl Pts',(-12.7636572895084,-11.8573399396061,-109.542857142857));
#7933=CARTESIAN_POINT('Ctrl Pts',(-16.4090488828855,-5.85775709622433,-112.771428571429));
#7934=CARTESIAN_POINT('Ctrl Pts',(-17.3870817445999,1.09402021064306,-116.));
#7935=CARTESIAN_POINT('Ctrl Pts',(-15.5444836054865,7.86752556082372,-119.228571428571));
#7936=CARTESIAN_POINT('Ctrl Pts',(-11.1770270393165,13.3635975412587,-122.457142857143));
#7937=CARTESIAN_POINT('Ctrl Pts',(-4.99602215875333,16.6910486425189,-125.685714285714));
#7938=CARTESIAN_POINT('Ctrl Pts',(1.99736025800469,17.3065745136755,-128.914285714286));
#7939=CARTESIAN_POINT('Ctrl Pts',(8.66592248311046,15.114742051499,-132.142857142857));
#7940=CARTESIAN_POINT('Ctrl Pts',(13.927470866015,10.4665652381204,-135.371428571429));
#7941=CARTESIAN_POINT('Ctrl Pts',(16.9277961017487,4.12037176590233,-138.6));
#7942=CARTESIAN_POINT('Ctrl Pts',(17.179917513457,-2.89506505255244,-141.828571428572));
#7943=CARTESIAN_POINT('Ctrl Pts',(14.6422668445193,-9.44091821270657,-145.057142857143));
#7944=CARTESIAN_POINT('Ctrl Pts',(9.72805458101278,-14.4522870076382,-148.285714285714));
#7945=CARTESIAN_POINT('Ctrl Pts',(3.23315296444973,-17.1214666840029,-151.514285714286));
#7946=CARTESIAN_POINT('Ctrl Pts',(-3.78335522149175,-17.0032460412425,-154.742857142857));
#7947=CARTESIAN_POINT('Ctrl Pts',(-11.2628782039562,-13.6588138463601,-158.509523809524));
#7948=CARTESIAN_POINT('Ctrl Pts',(-17.0165775869709,-5.97405690732598,-162.814285714286));
#7949=CARTESIAN_POINT('Ctrl Pts',(-17.3732777278041,4.82989388875644,-167.657142857143));
#7950=CARTESIAN_POINT('Ctrl Pts',(-11.4949313378746,13.8937723035738,-172.5));
#7951=CARTESIAN_POINT('Ctrl Pts',(-1.48669725335428,17.9710028536922,-177.342857142857));
#7952=CARTESIAN_POINT('Ctrl Pts',(9.05234693856915,15.5956584032602,-182.185714285714));
#7953=CARTESIAN_POINT('Ctrl Pts',(16.3462622346779,7.61757058546949,-187.028571428571));
#7954=CARTESIAN_POINT('Ctrl Pts',(17.523608925457,-1.30405182245885,-191.064285714286));
#7955=CARTESIAN_POINT('Ctrl Pts',(15.5708305789482,-7.07362068929572,-193.889285714286));
#7956=CARTESIAN_POINT('Ctrl Pts',(13.7613279480291,-10.0070791668849,-195.503571428571));
#7957=CARTESIAN_POINT('Ctrl Pts',(10.6616237422617,-13.6623456933782,-197.745634920635));
#7958=CARTESIAN_POINT('Ctrl Pts',(5.76213270245031,-16.4575961024486,-200.301587301587));
#7959=CARTESIAN_POINT('Ctrl Pts',(-1.13714942749964,-17.2407363458566,-203.530158730159));
#7960=CARTESIAN_POINT('Ctrl Pts',(-7.21843972837317,-15.8571199116435,-206.4));
#7961=CARTESIAN_POINT('Ctrl Pts',(-12.8918843969542,-11.7191967461843,-209.628571428571));
#7962=CARTESIAN_POINT('Ctrl Pts',(-16.4698073347926,-5.68047109377981,-212.857142857143));
#7963=CARTESIAN_POINT('Ctrl Pts',(-17.3749714750161,1.28123992365554,-216.085714285714));
#7964=CARTESIAN_POINT('Ctrl Pts',(-15.4588622491608,8.03455962294893,-219.314285714286));
#7965=CARTESIAN_POINT('Ctrl Pts',(-11.0324953671023,13.4836008400392,-222.542857142857));
#7966=CARTESIAN_POINT('Ctrl Pts',(-4.81622121119634,16.7434605184538,-225.771428571429));
#7967=CARTESIAN_POINT('Ctrl Pts',(2.18493986809601,17.2855385316224,-229.));
#7968=CARTESIAN_POINT('Ctrl Pts',(8.82541599956846,15.0178665205991,-232.228571428571));
#7969=CARTESIAN_POINT('Ctrl Pts',(14.9154307189665,9.53671012349836,-235.995238095238));
#7970=CARTESIAN_POINT('Ctrl Pts',(18.0269600480776,0.455077177054063,-240.3));
#7971=CARTESIAN_POINT('Ctrl Pts',(15.0509648724464,-9.93565880804962,-245.142857142857));
#7972=CARTESIAN_POINT('Ctrl Pts',(6.66788108424404,-16.75358953552,-249.985714285714));
#7973=CARTESIAN_POINT('Ctrl Pts',(-4.10744515084492,-17.5587197497179,-254.828571428571));
#7974=CARTESIAN_POINT('Ctrl Pts',(-13.4070302457197,-12.0582864592344,-259.671428571429));
#7975=CARTESIAN_POINT('Ctrl Pts',(-17.8968254534493,-2.2271888945181,-264.514285714286));
#7976=CARTESIAN_POINT('Ctrl Pts',(-15.9540286010809,8.40115872784031,-269.357142857143));
#7977=CARTESIAN_POINT('Ctrl Pts',(-8.28737325918546,16.0155060872009,-274.2));
#7978=CARTESIAN_POINT('Ctrl Pts',(2.35636925338314,17.8777924995915,-279.042857142857));
#7979=CARTESIAN_POINT('Ctrl Pts',(12.1541319307196,13.3211058346549,-283.885714285714));
#7980=CARTESIAN_POINT('Ctrl Pts',(17.5873991146767,3.98100716124625,-288.728571428571));
#7981=CARTESIAN_POINT('Ctrl Pts',(16.7063155749143,-6.78838961277115,-293.571428571429));
#7982=CARTESIAN_POINT('Ctrl Pts',(9.82496767815231,-15.120474055109,-298.414285714286));
#7983=CARTESIAN_POINT('Ctrl Pts',(-0.580999252848305,-18.0229476726951,
-303.257142857143));
#7984=CARTESIAN_POINT('Ctrl Pts',(-10.7850326929588,-14.4545668982688,-308.1));
#7985=CARTESIAN_POINT('Ctrl Pts',(-16.3998568529003,-6.66788684811335,-312.404761904762));
#7986=CARTESIAN_POINT('Ctrl Pts',(-17.3569903582501,1.46924915140264,-316.171428571429));
#7987=CARTESIAN_POINT('Ctrl Pts',(-15.3736371624472,8.200623187021,-319.4));
#7988=CARTESIAN_POINT('Ctrl Pts',(-10.8858674873738,13.6014586624717,-322.628571428572));
#7989=CARTESIAN_POINT('Ctrl Pts',(-4.63547654724203,16.7941029512315,-325.857142857143));
#7990=CARTESIAN_POINT('Ctrl Pts',(2.3701167834389,17.2601520247662,-329.085714285714));
#7991=CARTESIAN_POINT('Ctrl Pts',(8.98855214926591,14.9238284421367,-332.314285714286));
#7992=CARTESIAN_POINT('Ctrl Pts',(14.1506308977168,10.1639435860689,-335.542857142857));
#7993=CARTESIAN_POINT('Ctrl Pts',(17.0104467914957,3.75525525798014,-338.771428571428));
#7994=CARTESIAN_POINT('Ctrl Pts',(17.1379535616046,-4.43566363292096,-342.538095238095));
#7995=CARTESIAN_POINT('Ctrl Pts',(12.6048952185982,-12.9018491199428,-346.842857142857));
#7996=CARTESIAN_POINT('Ctrl Pts',(3.76647095321684,-17.3737271212208,-351.282142857143));
#7997=CARTESIAN_POINT('Ctrl Pts',(-5.03997249928978,-16.8078641531277,-355.317857142857));
#7998=CARTESIAN_POINT('Ctrl Pts',(-11.9330081409195,-12.8698604090597,-358.95));
#7999=CARTESIAN_POINT('Ctrl Pts',(-16.3833128621583,-6.29113756265487,-362.582142857143));
#8000=CARTESIAN_POINT('Ctrl Pts',(-17.4791993378162,1.57286377130856,-366.214285714286));
#8001=CARTESIAN_POINT('Ctrl Pts',(-14.9965587263175,9.11613545926227,-369.846428571429));
#8002=CARTESIAN_POINT('Ctrl Pts',(-9.44355252318864,14.7924029354126,-373.478571428571));
#8003=CARTESIAN_POINT('Ctrl Pts',(-1.95713791917635,17.4404300851378,-377.110714285714));
#8004=CARTESIAN_POINT('Ctrl Pts',(5.929985537849,16.5176485393467,-380.742857142857));
#8005=CARTESIAN_POINT('Ctrl Pts',(12.6030168605816,12.2131859718529,-384.375));
#8006=CARTESIAN_POINT('Ctrl Pts',(16.695789125966,5.40821884161621,-388.007142857143));
#8007=CARTESIAN_POINT('Ctrl Pts',(17.3702954959385,-2.50398004966145,-391.639285714286));
#8008=CARTESIAN_POINT('Ctrl Pts',(14.4885882852076,-9.90354834174422,-395.271428571429));
#8009=CARTESIAN_POINT('Ctrl Pts',(8.64034561978134,-15.2754717446672,-398.903571428571));
#8010=CARTESIAN_POINT('Ctrl Pts',(1.02357622989781,-17.5200320085173,-402.535714285715));
#8011=CARTESIAN_POINT('Ctrl Pts',(-6.80364376172443,-16.1774175253021,-406.167857142857));
#8012=CARTESIAN_POINT('Ctrl Pts',(-11.0913436306274,-13.0742080180248,-408.589285714286));
#8013=CARTESIAN_POINT('Ctrl Pts',(-12.7845609034811,-11.1291285600162,-409.8));
#8014=CARTESIAN_POINT('',(-9.42814225920131,-8.20732194691194,-409.8));
#8015=CARTESIAN_POINT('',(-15.0850276147221,-13.1317151150591,-409.8));
#8016=CARTESIAN_POINT('',(-5.74474825776856,-11.1017056101693,-406.8));
#8017=CARTESIAN_POINT('Ctrl Pts',(-5.74450768546451,-11.1018850213326,-406.8));
#8018=CARTESIAN_POINT('Ctrl Pts',(-7.13870259213316,-10.3789142076211,-407.8));
#8019=CARTESIAN_POINT('Ctrl Pts',(-8.39677976583868,-9.39209724525223,-408.8));
#8020=CARTESIAN_POINT('Ctrl Pts',(-9.42814225920131,-8.20732194691194,-409.8));
#8021=CARTESIAN_POINT('',(-7.12348783963313,-13.76611495661,-406.8));
#8022=CARTESIAN_POINT('Ctrl Pts',(-7.12348783963313,-13.76611495661,-406.8));
#8023=CARTESIAN_POINT('Ctrl Pts',(-6.66390797901165,-12.8779785077964,-406.8));
#8024=CARTESIAN_POINT('Ctrl Pts',(-6.20432811839022,-11.9898420589828,-406.8));
#8025=CARTESIAN_POINT('Ctrl Pts',(-5.74474825776872,-11.1017056101692,-406.8));
#8026=CARTESIAN_POINT('Ctrl Pts',(15.3793608989249,-0.00022879512111029,
-390.5));
#8027=CARTESIAN_POINT('Ctrl Pts',(15.3808976183963,-0.34383701150969,-390.677776141322));
#8028=CARTESIAN_POINT('Ctrl Pts',(15.3709843056219,-0.687468706953423,-390.85552650035));
#8029=CARTESIAN_POINT('Ctrl Pts',(15.3495310664511,-1.03054087769454,-391.03335117815));
#8030=CARTESIAN_POINT('Ctrl Pts',(15.3283173560362,-1.36978259422945,-391.209190415734));
#8031=CARTESIAN_POINT('Ctrl Pts',(15.2958199370743,-1.70847775878217,-391.385102321795));
#8032=CARTESIAN_POINT('Ctrl Pts',(15.2519014901195,-2.0460551454491,-391.561183681765));
#8033=CARTESIAN_POINT('Ctrl Pts',(15.2454090021755,-2.09595939446291,-391.587213885154));
#8034=CARTESIAN_POINT('Ctrl Pts',(15.2386668303042,-2.14583919358149,-391.613247791767));
#8035=CARTESIAN_POINT('Ctrl Pts',(15.2316744366298,-2.19569267194181,-391.639285714286));
#8036=CARTESIAN_POINT('Ctrl Pts',(15.1909914049831,-2.48574937245147,-391.790779133447));
#8037=CARTESIAN_POINT('Ctrl Pts',(15.1418400663576,-2.77491593286859,-391.94240849608));
#8038=CARTESIAN_POINT('Ctrl Pts',(15.0843151887654,-3.06284912231511,-392.09423538575));
#8039=CARTESIAN_POINT('Ctrl Pts',(15.0665343921452,-3.15184855518774,-392.141164699809));
#8040=CARTESIAN_POINT('Ctrl Pts',(15.0479533980003,-3.24073007089368,-392.188112885853));
#8041=CARTESIAN_POINT('Ctrl Pts',(15.0285745305456,-3.32948330234493,-392.235081762541));
#8042=CARTESIAN_POINT('Ctrl Pts',(15.0216401378319,-3.36124211193141,-392.251888763106));
#8043=CARTESIAN_POINT('Ctrl Pts',(15.0146035799823,-3.39298449432463,-392.26869841299));
#8044=CARTESIAN_POINT('Ctrl Pts',(15.0074649566792,-3.42470997063978,-392.28551079552));
#8045=CARTESIAN_POINT('Ctrl Pts',(15.0007438027727,-3.45458012907481,-392.301339983547));
#8046=CARTESIAN_POINT('Ctrl Pts',(14.9939340614857,-3.48442688641271,-392.31716713533));
#8047=CARTESIAN_POINT('Ctrl Pts',(14.9870364039614,-3.51424802340604,-392.332991336485));
#8048=CARTESIAN_POINT('Ctrl Pts',(14.9101198154685,-3.84678702152242,-392.509448860531));
#8049=CARTESIAN_POINT('Ctrl Pts',(14.8222584390239,-4.17621578161286,-392.685579580427));
#8050=CARTESIAN_POINT('Ctrl Pts',(14.7237748427693,-4.50203205569552,-392.861479559353));
#8051=CARTESIAN_POINT('Ctrl Pts',(14.624230311876,-4.83135825208151,-393.039274456698));
#8052=CARTESIAN_POINT('Ctrl Pts',(14.5138333390687,-5.15699424866836,-393.216833614885));
#8053=CARTESIAN_POINT('Ctrl Pts',(14.3928639559827,-5.4784176512563,-393.394256235239));
#8054=CARTESIAN_POINT('Ctrl Pts',(14.2711668195408,-5.80177474114513,-393.572746232346));
#8055=CARTESIAN_POINT('Ctrl Pts',(14.1387695129203,-6.12086895915589,-393.75109804385));
#8056=CARTESIAN_POINT('Ctrl Pts',(13.9959060505524,-6.435156353572,-393.929412672257));
#8057=CARTESIAN_POINT('Ctrl Pts',(13.8534158574113,-6.74862258762422,-394.107261405729));
#8058=CARTESIAN_POINT('Ctrl Pts',(13.700513896738,-7.05730762476048,-394.285073150152));
#8059=CARTESIAN_POINT('Ctrl Pts',(13.5373847920347,-7.36065155356235,-394.462948118409));
#8060=CARTESIAN_POINT('Ctrl Pts',(13.3761641892917,-7.66044656027692,-394.638742067915));
#8061=CARTESIAN_POINT('Ctrl Pts',(13.2049540663277,-7.95502518008824,-394.814597770556));
#8062=CARTESIAN_POINT('Ctrl Pts',(13.0238900147335,-8.24381964876468,-394.990611962931));
#8063=CARTESIAN_POINT('Ctrl Pts',(12.9276499713717,-8.39732108620273,-395.084167880615));
#8064=CARTESIAN_POINT('Ctrl Pts',(12.8286253109783,-8.54918788722315,-395.177768574608));
#8065=CARTESIAN_POINT('Ctrl Pts',(12.7268318014572,-8.69933089268905,-395.271428571429));
#8066=CARTESIAN_POINT('Ctrl Pts',(12.5620792876586,-8.94233693203458,-395.423017017403));
#8067=CARTESIAN_POINT('Ctrl Pts',(12.3900744552843,-9.180828528195,-395.574760809109));
#8068=CARTESIAN_POINT('Ctrl Pts',(12.2110497931896,-9.41453442539135,-395.726721534736));
#8069=CARTESIAN_POINT('Ctrl Pts',(12.1922350758023,-9.43909590399462,-395.7426919495));
#8070=CARTESIAN_POINT('Ctrl Pts',(12.1733428083674,-9.46360450443762,-395.758664760321));
#8071=CARTESIAN_POINT('Ctrl Pts',(12.1543732502015,-9.48805989776539,-395.77464003869));
#8072=CARTESIAN_POINT('Ctrl Pts',(12.1355961976868,-9.51226711444212,-395.790453197766));
#8073=CARTESIAN_POINT('Ctrl Pts',(12.1167488884708,-9.53641513769145,-395.806264163413));
#8074=CARTESIAN_POINT('Ctrl Pts',(12.0978325917532,-9.56050262122396,-395.82207226459));
#8075=CARTESIAN_POINT('Ctrl Pts',(11.8869736576233,-9.8290044944684,-395.998284311513));
#8076=CARTESIAN_POINT('Ctrl Pts',(11.6675108034588,-10.0900321763145,-396.17417070026));
#8077=CARTESIAN_POINT('Ctrl Pts',(11.4399579159505,-10.3432788264208,-396.349827096166));
#8078=CARTESIAN_POINT('Ctrl Pts',(11.2098748509365,-10.599341344893,-396.527436628622));
#8079=CARTESIAN_POINT('Ctrl Pts',(10.9715204966789,-10.8474492585297,-396.704811025187));
#8080=CARTESIAN_POINT('Ctrl Pts',(10.7253795184734,-11.0872593293594,-396.882049177939));
#8081=CARTESIAN_POINT('Ctrl Pts',(10.4775937595434,-11.3286718760748,-397.060471684062));
#8082=CARTESIAN_POINT('Ctrl Pts',(10.2219165701516,-11.5616757434269,-397.238756119452));
#8083=CARTESIAN_POINT('Ctrl Pts',(9.95880115146791,-11.785888065612,-397.417003371936));
#8084=CARTESIAN_POINT('Ctrl Pts',(9.69632016218396,-12.0095597623572,-397.594820830918));
#8085=CARTESIAN_POINT('Ctrl Pts',(9.42643632464024,-12.2244826448967,-397.772601286089));
#8086=CARTESIAN_POINT('Ctrl Pts',(9.149565059471,-12.4302381248214,-397.950444897247));
#8087=CARTESIAN_POINT('Ctrl Pts',(8.8761290643496,-12.6334407011903,-398.126081920334));
#8088=CARTESIAN_POINT('Ctrl Pts',(8.59587749447261,-12.8277022536499,-398.301780541918));
#8089=CARTESIAN_POINT('Ctrl Pts',(8.30918363144551,-13.012577008562,-398.477637239675));
#8090=CARTESIAN_POINT('Ctrl Pts',(8.07791629783365,-13.1617099239625,-398.619495559064));
#8091=CARTESIAN_POINT('Ctrl Pts',(7.8424562683473,-13.3047339788663,-398.76145674122));
#8092=CARTESIAN_POINT('Ctrl Pts',(7.60298950912013,-13.441392507492,-398.903571428571));
#8093=CARTESIAN_POINT('Ctrl Pts',(7.47518332656041,-13.5143287468025,-398.979419682979));
#8094=CARTESIAN_POINT('Ctrl Pts',(7.34623568929184,-13.5854514038038,-399.055311663043));
#8095=CARTESIAN_POINT('Ctrl Pts',(7.21618754865682,-13.6547428608718,-399.131255067763));
#8096=CARTESIAN_POINT('Ctrl Pts',(7.17245273657421,-13.6780453766863,-399.156794614259));
#8097=CARTESIAN_POINT('Ctrl Pts',(7.12859345904161,-13.7011407776635,-399.182339976663));
#8098=CARTESIAN_POINT('Ctrl Pts',(7.08461126462949,-13.7240283511,-399.2078914478));
#8099=CARTESIAN_POINT('Ctrl Pts',(7.05307530367114,-13.7404391198661,-399.226212275284));
#8100=CARTESIAN_POINT('Ctrl Pts',(7.02147614949213,-13.7567430414013,-399.244536243344));
#8101=CARTESIAN_POINT('Ctrl Pts',(6.98981437175042,-13.7729398461054,-399.262863459923));
#8102=CARTESIAN_POINT('Ctrl Pts',(6.96422605739509,-13.7860297279719,-399.277675091251));
#8103=CARTESIAN_POINT('Ctrl Pts',(6.9386044612494,-13.7990457475359,-399.292484433076));
#8104=CARTESIAN_POINT('Ctrl Pts',(6.91295012764467,-13.8119877996479,-399.30729143977));
#8105=CARTESIAN_POINT('Ctrl Pts',(6.60806423025929,-13.9657960892323,-399.483263561785));
#8106=CARTESIAN_POINT('Ctrl Pts',(6.29854910441637,-14.1091649306259,-399.658910684358));
#8107=CARTESIAN_POINT('Ctrl Pts',(5.98500213194623,-14.2420478841117,-399.834328079815));
#8108=CARTESIAN_POINT('Ctrl Pts',(5.66787385437509,-14.3764486146483,-400.011749076865));
#8109=CARTESIAN_POINT('Ctrl Pts',(5.34662060730893,-14.5001227803,-400.188935068985));
#8110=CARTESIAN_POINT('Ctrl Pts',(5.02182933599382,-14.6129788390588,-400.365984630508));
#8111=CARTESIAN_POINT('Ctrl Pts',(4.69012136291171,-14.7282382619778,-400.546804610522));
#8112=CARTESIAN_POINT('Ctrl Pts',(4.35472256108669,-14.8322142512572,-400.727482287259));
#8113=CARTESIAN_POINT('Ctrl Pts',(4.01623348822523,-14.9247597254121,-400.908122667787));
#8114=CARTESIAN_POINT('Ctrl Pts',(3.68313181605623,-15.0158322434467,-401.085887971424));
#8115=CARTESIAN_POINT('Ctrl Pts',(3.3470368434937,-15.0958352462634,-401.263617156618));
#8116=CARTESIAN_POINT('Ctrl Pts',(3.00850589224314,-15.164578708269,-401.441410295931));
#8117=CARTESIAN_POINT('Ctrl Pts',(2.66176212475551,-15.2349898979043,-401.623516725877));
#8118=CARTESIAN_POINT('Ctrl Pts',(2.31246216709975,-15.293589021724,-401.805690250657));
#8119=CARTESIAN_POINT('Ctrl Pts',(1.96119796593289,-15.3401152255278,-401.988038404283));
#8120=CARTESIAN_POINT('Ctrl Pts',(1.60993376476603,-15.3866414293315,-402.170386557909));
#8121=CARTESIAN_POINT('Ctrl Pts',(1.2567046827362,-15.4210949279764,-402.352909340382));
#8122=CARTESIAN_POINT('Ctrl Pts',(0.902105108276336,-15.4431544259679,-402.535714285715));
#8123=CARTESIAN_POINT('Ctrl Pts',(0.810225070619185,-15.4488702464373,-402.583080742052));
#8124=CARTESIAN_POINT('Ctrl Pts',(0.718253062107536,-15.4537536352061,-402.630466142132));
#8125=CARTESIAN_POINT('Ctrl Pts',(0.626199969992509,-15.4578050231227,-402.677872356612));
#8126=CARTESIAN_POINT('Ctrl Pts',(0.585199435337277,-15.4596095151486,-402.698987129565));
#8127=CARTESIAN_POINT('Ctrl Pts',(0.544182815974771,-15.4612489498256,-402.720106031721));
#8128=CARTESIAN_POINT('Ctrl Pts',(0.503151078133103,-15.4627233491092,-402.741229228371));
#8129=CARTESIAN_POINT('Ctrl Pts',(0.469874014027971,-15.4639190985962,-402.758360308017));
#8130=CARTESIAN_POINT('Ctrl Pts',(0.436591272364809,-15.4650061296973,-402.775492015753));
#8131=CARTESIAN_POINT('Ctrl Pts',(0.403310511839489,-15.4659843697322,-402.792620766323));
#8132=CARTESIAN_POINT('Ctrl Pts',(0.0591501504595965,-15.4761004680005,
-402.969751243309));
#8133=CARTESIAN_POINT('Ctrl Pts',(-0.285029337011665,-15.4745953921451,
-403.146684730804));
#8134=CARTESIAN_POINT('Ctrl Pts',(-0.628655572660107,-15.4616480573595,
-403.323519442894));
#8135=CARTESIAN_POINT('Ctrl Pts',(-0.974607971973586,-15.4486130761238,
-403.501551230292));
#8136=CARTESIAN_POINT('Ctrl Pts',(-1.32000017848186,-15.4239803530124,-403.679482900446));
#8137=CARTESIAN_POINT('Ctrl Pts',(-1.66425089318218,-15.387879602216,-403.857414675542));
#8138=CARTESIAN_POINT('Ctrl Pts',(-2.00881590704831,-15.3517458916162,-404.035508901451));
#8139=CARTESIAN_POINT('Ctrl Pts',(-2.35223793022928,-15.3041231176168,-404.213603232494));
#8140=CARTESIAN_POINT('Ctrl Pts',(-2.69392810617577,-15.245089616425,-404.391798165614));
#8141=CARTESIAN_POINT('Ctrl Pts',(-2.83588775447213,-15.2205633769928,-404.465831578966));
#8142=CARTESIAN_POINT('Ctrl Pts',(-2.97754834796466,-15.1940669289805,-404.539882357197));
#8143=CARTESIAN_POINT('Ctrl Pts',(-3.11886698644668,-15.1656033198217,-404.613957707236));
#8144=CARTESIAN_POINT('Ctrl Pts',(-3.20604839040694,-15.1480437294174,-404.659655805411));
#8145=CARTESIAN_POINT('Ctrl Pts',(-3.29309964318435,-15.1297354424405,-404.705363255185));
#8146=CARTESIAN_POINT('Ctrl Pts',(-3.38001057032251,-15.1106788918583,-404.75108174865));
#8147=CARTESIAN_POINT('Ctrl Pts',(-3.42035707667809,-15.1018323030059,-404.772305564203));
#8148=CARTESIAN_POINT('Ctrl Pts',(-3.46067400565106,-15.09282426896,-404.793532114085));
#8149=CARTESIAN_POINT('Ctrl Pts',(-3.50094609280818,-15.0836581607849,-404.814754052005));
#8150=CARTESIAN_POINT('Ctrl Pts',(-3.83956673509152,-15.0065865795335,-404.993194921502));
#8151=CARTESIAN_POINT('Ctrl Pts',(-4.17525631909295,-14.9182919010718,-405.17143526327));
#8152=CARTESIAN_POINT('Ctrl Pts',(-4.5074354229158,-14.8189063750958,-405.349575483096));
#8153=CARTESIAN_POINT('Ctrl Pts',(-4.83856562555166,-14.7198346725811,-405.527153200689));
#8154=CARTESIAN_POINT('Ctrl Pts',(-5.1662080560629,-14.6097419248153,-405.70463142764));
#8155=CARTESIAN_POINT('Ctrl Pts',(-5.4897783654704,-14.4887086535288,-405.882109621604));
#8156=CARTESIAN_POINT('Ctrl Pts',(-5.66342307688162,-14.4237558848333,-405.977353681014));
#8157=CARTESIAN_POINT('Ctrl Pts',(-5.8358948061396,-14.3556514421094,-406.072597730924));
#8158=CARTESIAN_POINT('Ctrl Pts',(-6.0071011218382,-14.2844019359006,-406.167857142857));
#8159=CARTESIAN_POINT('Ctrl Pts',(-6.32694825526071,-14.1512938187984,-406.345820494933));
#8160=CARTESIAN_POINT('Ctrl Pts',(-6.64238054734231,-14.007211522389,-406.52383746293));
#8161=CARTESIAN_POINT('Ctrl Pts',(-6.95292075544116,-13.8524895026702,-406.702008273898));
#8162=CARTESIAN_POINT('Ctrl Pts',(-7.0098424695276,-13.8241291089446,-406.734666807949));
#8163=CARTESIAN_POINT('Ctrl Pts',(-7.06659974235077,-13.7954111163619,-406.767330510898));
#8164=CARTESIAN_POINT('Ctrl Pts',(-7.12318952997622,-13.7663374264524,-406.8));
#8165=CARTESIAN_POINT('',(0.,-20.,-3.));
#8166=CARTESIAN_POINT('Origin',(-12.2565849369617,-10.6695185309855,-408.3));
#8167=CARTESIAN_POINT('',(-9.42814225920131,-8.20732194691194,-406.8));
#8168=CARTESIAN_POINT('',(-9.42814225920131,-8.20732194691194,-406.8));
#8169=CARTESIAN_POINT('Ctrl Pts',(-9.42814225920131,-8.20732194691194,-406.8));
#8170=CARTESIAN_POINT('Ctrl Pts',(-10.1823936399374,-8.86390770266491,-406.8));
#8171=CARTESIAN_POINT('Ctrl Pts',(-10.9366450206735,-9.52049345841787,-406.8));
#8172=CARTESIAN_POINT('Ctrl Pts',(-11.6908964014097,-10.1770792141708,-406.8));
#8173=CARTESIAN_POINT('',(-9.42814225920131,-8.20732194691194,-409.8));
#8174=CARTESIAN_POINT('Ctrl Pts',(-5.74474825776848,-11.1017056101694,-403.8));
#8175=CARTESIAN_POINT('Ctrl Pts',(-7.13982972925751,-10.3797992532362,-404.8));
#8176=CARTESIAN_POINT('Ctrl Pts',(-8.39677976583868,-9.39209724525223,-405.8));
#8177=CARTESIAN_POINT('Ctrl Pts',(-9.42814225920131,-8.20732194691194,-406.8));
#8178=CARTESIAN_POINT('Ctrl Pts',(-5.74474825776848,-11.1017056101694,-404.8));
#8179=CARTESIAN_POINT('Ctrl Pts',(-7.13982972925751,-10.3797992532362,-405.8));
#8180=CARTESIAN_POINT('Ctrl Pts',(-8.39677976583868,-9.39209724525223,-406.8));
#8181=CARTESIAN_POINT('Ctrl Pts',(-9.42814225920131,-8.20732194691194,-407.8));
#8182=CARTESIAN_POINT('Ctrl Pts',(-5.74474825776848,-11.1017056101694,-405.8));
#8183=CARTESIAN_POINT('Ctrl Pts',(-7.13982972925751,-10.3797992532362,-406.8));
#8184=CARTESIAN_POINT('Ctrl Pts',(-8.39677976583868,-9.39209724525223,-407.8));
#8185=CARTESIAN_POINT('Ctrl Pts',(-9.42814225920131,-8.20732194691194,-408.8));
#8186=CARTESIAN_POINT('Ctrl Pts',(-5.74474825776848,-11.1017056101694,-406.8));
#8187=CARTESIAN_POINT('Ctrl Pts',(-7.13982972925751,-10.3797992532362,-407.8));
#8188=CARTESIAN_POINT('Ctrl Pts',(-8.39677976583868,-9.39209724525223,-408.8));
#8189=CARTESIAN_POINT('Ctrl Pts',(-9.42814225920131,-8.20732194691194,-409.8));
#8190=CARTESIAN_POINT('Ctrl Pts',(-5.74474825776872,-11.1017056101692,-406.8));
#8191=CARTESIAN_POINT('Ctrl Pts',(-6.00563280638979,-10.9667068893604,-406.8));
#8192=CARTESIAN_POINT('Ctrl Pts',(-6.2614724604539,-10.8225291418328,-406.8));
#8193=CARTESIAN_POINT('Ctrl Pts',(-6.51187070843031,-10.6695599323013,-406.8));
#8194=CARTESIAN_POINT('Ctrl Pts',(-6.76359203006922,-10.515782452209,-406.8));
#8195=CARTESIAN_POINT('Ctrl Pts',(-7.00981479138671,-10.353120018114,-406.8));
#8196=CARTESIAN_POINT('Ctrl Pts',(-7.25011036506144,-10.1819206158635,-406.8));
#8197=CARTESIAN_POINT('Ctrl Pts',(-7.35009100572269,-10.110689066917,-406.8));
#8198=CARTESIAN_POINT('Ctrl Pts',(-7.44904519812579,-10.0379791073306,-406.8));
#8199=CARTESIAN_POINT('Ctrl Pts',(-7.54694044426656,-9.96381370211165,-406.8));
#8200=CARTESIAN_POINT('Ctrl Pts',(-7.59231126553337,-9.92944078333342,-406.8));
#8201=CARTESIAN_POINT('Ctrl Pts',(-7.63745461282459,-9.8947552213613,-406.8));
#8202=CARTESIAN_POINT('Ctrl Pts',(-7.6823671730113,-9.85975921891148,-406.8));
#8203=CARTESIAN_POINT('Ctrl Pts',(-7.71850472855282,-9.83160072656536,-406.8));
#8204=CARTESIAN_POINT('Ctrl Pts',(-7.75449352727583,-9.80324065962103,-406.8));
#8205=CARTESIAN_POINT('Ctrl Pts',(-7.79031891702327,-9.77469061866044,-406.8));
#8206=CARTESIAN_POINT('Ctrl Pts',(-8.0212780031309,-9.59063424369616,-406.8));
#8207=CARTESIAN_POINT('Ctrl Pts',(-8.24557612447631,-9.39858694941183,-406.8));
#8208=CARTESIAN_POINT('Ctrl Pts',(-8.46279211127897,-9.19890624122941,-406.8));
#8209=CARTESIAN_POINT('Ctrl Pts',(-8.6790327706721,-9.0001221248251,-406.8));
#8210=CARTESIAN_POINT('Ctrl Pts',(-8.88825520222122,-8.79377258468957,-406.8));
#8211=CARTESIAN_POINT('Ctrl Pts',(-9.09001006310872,-8.58017167619709,-406.8));
#8212=CARTESIAN_POINT('Ctrl Pts',(-9.20518484550275,-8.45823440020498,-406.8));
#8213=CARTESIAN_POINT('Ctrl Pts',(-9.31792538907758,-8.33393332363287,-406.8));
#8214=CARTESIAN_POINT('Ctrl Pts',(-9.42814225920131,-8.20732194691194,-406.8));
#8215=CARTESIAN_POINT('Ctrl Pts',(1.66533453693773E-15,-16.950000000003,
-1.11022302462516E-15));
#8216=CARTESIAN_POINT('Ctrl Pts',(-2.57882120959468,-16.950000000003,-1.21071428571429));
#8217=CARTESIAN_POINT('Ctrl Pts',(-7.7346638051581,-15.753521692527,-3.63214285714286));
#8218=CARTESIAN_POINT('Ctrl Pts',(-13.8865738839684,-10.7313693623689,-7.26428571428572));
#8219=CARTESIAN_POINT('Ctrl Pts',(-17.1946733286138,-3.51266489464278,-10.8964285714286));
#8220=CARTESIAN_POINT('Ctrl Pts',(-16.9827657421086,4.42550916376993,-14.5285714285714));
#8221=CARTESIAN_POINT('Ctrl Pts',(-13.2937186958647,11.4574913365754,-18.1607142857143));
#8222=CARTESIAN_POINT('Ctrl Pts',(-6.88306123340558,16.1437819642468,-21.7928571428572));
#8223=CARTESIAN_POINT('Ctrl Pts',(0.936852021545683,17.5248455065841,-25.425));
#8224=CARTESIAN_POINT('Ctrl Pts',(8.56491304032146,15.3179549895002,-29.0571428571429));
#8225=CARTESIAN_POINT('Ctrl Pts',(14.4395017060723,9.97495855524708,-32.6892857142857));
#8226=CARTESIAN_POINT('Ctrl Pts',(17.3576829382702,2.58967993240547,-36.3214285714286));
#8227=CARTESIAN_POINT('Ctrl Pts',(16.7224043663522,-5.32567462886613,-39.9535714285714));
#8228=CARTESIAN_POINT('Ctrl Pts',(12.6628858789619,-12.1509388176592,-43.5857142857143));
#8229=CARTESIAN_POINT('Ctrl Pts',(6.01203961444799,-16.4879166410816,-47.2178571428572));
#8230=CARTESIAN_POINT('Ctrl Pts',(-1.87225517070673,-17.4504232878175,-50.85));
#8231=CARTESIAN_POINT('Ctrl Pts',(-9.36778304812166,-14.8376997150464,-54.4821428571429));
#8232=CARTESIAN_POINT('Ctrl Pts',(-15.5781258513214,-8.56529296251502,-58.5178571428572));
#8233=CARTESIAN_POINT('Ctrl Pts',(-18.0051703647926,1.03327474008287,-62.9571428571429));
#8234=CARTESIAN_POINT('Ctrl Pts',(-14.1771511787673,11.1424793582585,-67.8));
#8235=CARTESIAN_POINT('Ctrl Pts',(-5.26527298769677,17.246915678601,-72.6428571428572));
#8236=CARTESIAN_POINT('Ctrl Pts',(5.1440039876771,17.1629065180464,-77.3063492063492));
#8237=CARTESIAN_POINT('Ctrl Pts',(12.0823688441874,12.5716501546171,-81.0730158730159));
#8238=CARTESIAN_POINT('Ctrl Pts',(15.8966773243847,6.77231351243279,-84.3015873015873));
#8239=CARTESIAN_POINT('Ctrl Pts',(17.407986878823,0.720015752353423,-87.1714285714285));
#8240=CARTESIAN_POINT('Ctrl Pts',(16.2771632544087,-6.20997561717055,-90.4));
#8241=CARTESIAN_POINT('Ctrl Pts',(12.5061184294269,-12.1296173447386,-93.6285714285714));
#8242=CARTESIAN_POINT('Ctrl Pts',(6.70305945085801,-16.081007367423,-96.8571428571428));
#8243=CARTESIAN_POINT('Ctrl Pts',(-0.187517583555712,-17.4209896991747,
-100.085714285714));
#8244=CARTESIAN_POINT('Ctrl Pts',(-7.04821008530562,-15.932778643639,-103.314285714286));
#8245=CARTESIAN_POINT('Ctrl Pts',(-12.7636578730737,-11.8573403942506,-106.542857142857));
#8246=CARTESIAN_POINT('Ctrl Pts',(-16.4090467237237,-5.85775627231528,-109.771428571429));
#8247=CARTESIAN_POINT('Ctrl Pts',(-17.3870825414069,1.09402028255907,-113.));
#8248=CARTESIAN_POINT('Ctrl Pts',(-15.5444843526835,7.86752618542591,-116.228571428571));
#8249=CARTESIAN_POINT('Ctrl Pts',(-11.1770275464089,13.3635985375739,-119.457142857143));
#8250=CARTESIAN_POINT('Ctrl Pts',(-4.99602129909078,16.6910477128503,-122.685714285714));
#8251=CARTESIAN_POINT('Ctrl Pts',(1.99736055698289,17.3065755244029,-125.914285714286));
#8252=CARTESIAN_POINT('Ctrl Pts',(8.6659221965538,15.1147402299193,-129.142857142857));
#8253=CARTESIAN_POINT('Ctrl Pts',(13.9274708067114,10.4665651524888,-132.371428571429));
#8254=CARTESIAN_POINT('Ctrl Pts',(16.9277959876729,4.12037147227319,-135.6));
#8255=CARTESIAN_POINT('Ctrl Pts',(17.1799176880556,-2.8950649428965,-138.828571428571));
#8256=CARTESIAN_POINT('Ctrl Pts',(14.6422670408599,-9.44091866448259,-142.057142857143));
#8257=CARTESIAN_POINT('Ctrl Pts',(9.72805564308755,-14.4522868475612,-145.285714285714));
#8258=CARTESIAN_POINT('Ctrl Pts',(3.23315172817109,-17.1214653870712,-148.514285714286));
#8259=CARTESIAN_POINT('Ctrl Pts',(-3.78335473903691,-17.003245676506,-151.742857142857));
#8260=CARTESIAN_POINT('Ctrl Pts',(-11.2628788140525,-13.6588148401161,-155.509523809524));
#8261=CARTESIAN_POINT('Ctrl Pts',(-17.0165780853982,-5.97405751427858,-159.814285714286));
#8262=CARTESIAN_POINT('Ctrl Pts',(-17.3732769503162,4.82989424614415,-164.657142857143));
#8263=CARTESIAN_POINT('Ctrl Pts',(-11.4949316407098,13.8937717328762,-169.5));
#8264=CARTESIAN_POINT('Ctrl Pts',(-1.48669674380257,17.9710026850416,-174.342857142857));
#8265=CARTESIAN_POINT('Ctrl Pts',(9.05234646158982,15.5956581050314,-179.185714285714));
#8266=CARTESIAN_POINT('Ctrl Pts',(16.3462626484865,7.61757062988736,-184.028571428572));
#8267=CARTESIAN_POINT('Ctrl Pts',(17.5236113752377,-1.30405142151861,-188.064285714286));
#8268=CARTESIAN_POINT('Ctrl Pts',(15.5708268130239,-7.0736185488295,-190.889285714286));
#8269=CARTESIAN_POINT('Ctrl Pts',(13.7613261471977,-10.0070755491479,-192.503571428571));
#8270=CARTESIAN_POINT('Ctrl Pts',(10.6616239009306,-13.6623472905882,-194.745634920635));
#8271=CARTESIAN_POINT('Ctrl Pts',(5.76213543631768,-16.4576001554469,-197.301587301587));
#8272=CARTESIAN_POINT('Ctrl Pts',(-1.13714987282179,-17.2407366748413,-200.530158730159));
#8273=CARTESIAN_POINT('Ctrl Pts',(-7.21843994109331,-15.8571215683628,-203.4));
#8274=CARTESIAN_POINT('Ctrl Pts',(-12.8918837312979,-11.719194947337,-206.628571428571));
#8275=CARTESIAN_POINT('Ctrl Pts',(-16.4698070407517,-5.6804715300874,-209.857142857143));
#8276=CARTESIAN_POINT('Ctrl Pts',(-17.374971313282,1.28124034649427,-213.085714285714));
#8277=CARTESIAN_POINT('Ctrl Pts',(-15.4588623645911,8.03455912736202,-216.314285714286));
#8278=CARTESIAN_POINT('Ctrl Pts',(-11.0324949502507,13.4836009577892,-219.542857142857));
#8279=CARTESIAN_POINT('Ctrl Pts',(-4.81622199679476,16.7434580548095,-222.771428571429));
#8280=CARTESIAN_POINT('Ctrl Pts',(2.18493973253302,17.2855385579656,-226.));
#8281=CARTESIAN_POINT('Ctrl Pts',(8.82541594442247,15.0178670621435,-229.228571428572));
#8282=CARTESIAN_POINT('Ctrl Pts',(14.9154329157349,9.53671225185148,-232.995238095238));
#8283=CARTESIAN_POINT('Ctrl Pts',(18.0269662979211,0.455075254613326,-237.3));
#8284=CARTESIAN_POINT('Ctrl Pts',(15.0509553410956,-9.93565728091284,-242.142857142857));
#8285=CARTESIAN_POINT('Ctrl Pts',(6.66788313480519,-16.7535889031069,-246.985714285714));
#8286=CARTESIAN_POINT('Ctrl Pts',(-4.10744541351673,-17.5587199719332,-251.828571428572));
#8287=CARTESIAN_POINT('Ctrl Pts',(-13.4070314092214,-12.0582853437757,-256.671428571429));
#8288=CARTESIAN_POINT('Ctrl Pts',(-17.8968165932918,-2.22719168757147,-261.514285714286));
#8289=CARTESIAN_POINT('Ctrl Pts',(-15.9540345434987,8.40115996083521,-266.357142857143));
#8290=CARTESIAN_POINT('Ctrl Pts',(-8.2873736782989,16.0155068672073,-271.2));
#8291=CARTESIAN_POINT('Ctrl Pts',(2.35636881056271,17.8777919631811,-276.042857142857));
#8292=CARTESIAN_POINT('Ctrl Pts',(12.1541319603412,13.3211057800856,-280.885714285714));
#8293=CARTESIAN_POINT('Ctrl Pts',(17.5873985322493,3.98100698435155,-285.728571428571));
#8294=CARTESIAN_POINT('Ctrl Pts',(16.7063156899586,-6.78838939885833,-290.571428571429));
#8295=CARTESIAN_POINT('Ctrl Pts',(9.82496695315016,-15.1204739248353,-295.414285714286));
#8296=CARTESIAN_POINT('Ctrl Pts',(-0.580998624282557,-18.0229472080497,
-300.257142857143));
#8297=CARTESIAN_POINT('Ctrl Pts',(-10.785033448347,-14.4545670826459,-305.1));
#8298=CARTESIAN_POINT('Ctrl Pts',(-16.3998579801623,-6.66788719195643,-309.404761904762));
#8299=CARTESIAN_POINT('Ctrl Pts',(-17.3569898338083,1.46924952454696,-313.171428571429));
#8300=CARTESIAN_POINT('Ctrl Pts',(-15.3736363552029,8.20062161159404,-316.4));
#8301=CARTESIAN_POINT('Ctrl Pts',(-10.8858669127845,13.6014596368144,-319.628571428572));
#8302=CARTESIAN_POINT('Ctrl Pts',(-4.63547710075059,16.7941032981407,-322.857142857143));
#8303=CARTESIAN_POINT('Ctrl Pts',(2.37011764669782,17.2601522465338,-326.085714285715));
#8304=CARTESIAN_POINT('Ctrl Pts',(8.98855190353715,14.9238287121864,-329.314285714286));
#8305=CARTESIAN_POINT('Ctrl Pts',(14.1506337466326,10.1639442975132,-332.542857142857));
#8306=CARTESIAN_POINT('Ctrl Pts',(17.0104424467028,3.7552545385773,-335.771428571428));
#8307=CARTESIAN_POINT('Ctrl Pts',(17.1379552037849,-4.43566374620207,-339.538095238095));
#8308=CARTESIAN_POINT('Ctrl Pts',(12.604895905241,-12.9018499274777,-343.842857142857));
#8309=CARTESIAN_POINT('Ctrl Pts',(3.76647036167243,-17.3737277806953,-348.282142857143));
#8310=CARTESIAN_POINT('Ctrl Pts',(-5.03997192641893,-16.8078622181674,-352.317857142857));
#8311=CARTESIAN_POINT('Ctrl Pts',(-11.9330082829131,-12.8698614085946,-355.95));
#8312=CARTESIAN_POINT('Ctrl Pts',(-16.3833126811369,-6.29113683279864,-359.582142857143));
#8313=CARTESIAN_POINT('Ctrl Pts',(-17.4791992824153,1.57286336212828,-363.214285714286));
#8314=CARTESIAN_POINT('Ctrl Pts',(-14.9965586315188,9.11613563688387,-366.846428571428));
#8315=CARTESIAN_POINT('Ctrl Pts',(-9.44355247714088,14.7924027332233,-370.478571428571));
#8316=CARTESIAN_POINT('Ctrl Pts',(-1.95713791039216,17.4404300575586,-374.110714285714));
#8317=CARTESIAN_POINT('Ctrl Pts',(5.92998551346067,16.5176484187012,-377.742857142857));
#8318=CARTESIAN_POINT('Ctrl Pts',(12.6030167777111,12.2131859193621,-381.375));
#8319=CARTESIAN_POINT('Ctrl Pts',(16.6957890676786,5.40821881575236,-385.007142857143));
#8320=CARTESIAN_POINT('Ctrl Pts',(17.370295341942,-2.5039800604929,-388.639285714286));
#8321=CARTESIAN_POINT('Ctrl Pts',(14.4885883139201,-9.90354823682613,-392.271428571429));
#8322=CARTESIAN_POINT('Ctrl Pts',(8.64034531283797,-15.2754718311178,-395.903571428572));
#8323=CARTESIAN_POINT('Ctrl Pts',(1.02357641229376,-17.520031790111,-399.535714285714));
#8324=CARTESIAN_POINT('Ctrl Pts',(-6.80364538789765,-16.1774188000854,-403.167857142857));
#8325=CARTESIAN_POINT('Ctrl Pts',(-11.0913436306257,-13.0742080180229,-405.589285714286));
#8326=CARTESIAN_POINT('Ctrl Pts',(-12.7845609034792,-11.1291285600145,-406.8));
#8327=CARTESIAN_POINT('Ctrl Pts',(1.66533453693773E-15,-15.4666666666686,
-7.80856860652807E-16));
#8328=CARTESIAN_POINT('Ctrl Pts',(-2.35314265732916,-15.4666666666686,-1.21071428571428));
#8329=CARTESIAN_POINT('Ctrl Pts',(-7.05778565505051,-14.3748949170741,-3.63214285714286));
#8330=CARTESIAN_POINT('Ctrl Pts',(-12.6713279885173,-9.79224264334111,-7.26428571428572));
#8331=CARTESIAN_POINT('Ctrl Pts',(-15.6899280717334,-3.20526354201411,-10.8964285714286));
#8332=CARTESIAN_POINT('Ctrl Pts',(-15.4965650036146,4.03822271777611,-14.5285714285714));
#8333=CARTESIAN_POINT('Ctrl Pts',(-12.1303549161866,10.4548200200014,-18.1607142857143));
#8334=CARTESIAN_POINT('Ctrl Pts',(-6.28070877541798,14.7310026183091,-21.7928571428571));
#8335=CARTESIAN_POINT('Ctrl Pts',(0.854865954763375,15.9912061259678,-25.425));
#8336=CARTESIAN_POINT('Ctrl Pts',(7.81537787750043,13.9774456541352,-29.0571428571429));
#8337=CARTESIAN_POINT('Ctrl Pts',(13.1758678301224,9.10202707892709,-32.6892857142857));
#8338=CARTESIAN_POINT('Ctrl Pts',(15.8386723369852,2.36305110842887,-36.3214285714286));
#8339=CARTESIAN_POINT('Ctrl Pts',(15.2589884483522,-4.85961264069571,-39.9535714285715));
#8340=CARTESIAN_POINT('Ctrl Pts',(11.5547277243619,-11.0875823232912,-43.5857142857142));
#8341=CARTESIAN_POINT('Ctrl Pts',(5.48591225389132,-15.0450212811436,-47.2178571428572));
#8342=CARTESIAN_POINT('Ctrl Pts',(-1.70840983128393,-15.9232967660707,-50.85));
#8343=CARTESIAN_POINT('Ctrl Pts',(-8.54798689150098,-13.5392186190387,-54.4821428571429));
#8344=CARTESIAN_POINT('Ctrl Pts',(-14.2148483677734,-7.81572455183241,-58.5178571428571));
#8345=CARTESIAN_POINT('Ctrl Pts',(-16.4294966553852,0.942850500291891,-62.9571428571429));
#8346=CARTESIAN_POINT('Ctrl Pts',(-12.9364761985206,10.1673754616159,-67.8));
#8347=CARTESIAN_POINT('Ctrl Pts',(-4.80449688552839,15.7375985739832,-72.6428571428572));
#8348=CARTESIAN_POINT('Ctrl Pts',(4.69384041353404,15.6609412475382,-77.3063492063492));
#8349=CARTESIAN_POINT('Ctrl Pts',(11.0250130652953,11.4714762472803,-81.0730158730159));
#8350=CARTESIAN_POINT('Ctrl Pts',(14.5055226716109,6.17965284123632,-84.3015873015873));
#8351=CARTESIAN_POINT('Ctrl Pts',(15.8845740644513,0.657005524271331,-87.1714285714285));
#8352=CARTESIAN_POINT('Ctrl Pts',(14.8527114061854,-5.66652642353392,-90.4));
#8353=CARTESIAN_POINT('Ctrl Pts',(11.4116793534982,-11.0681267413146,-93.6285714285714));
#8354=CARTESIAN_POINT('Ctrl Pts',(6.11645936125461,-14.6737215702732,-96.8571428571428));
#8355=CARTESIAN_POINT('Ctrl Pts',(-0.171107490206185,-15.8964389782039,
-100.085714285714));
#8356=CARTESIAN_POINT('Ctrl Pts',(-6.43140507292361,-14.5384646817073,-103.314285714286));
#8357=CARTESIAN_POINT('Ctrl Pts',(-11.6466809303951,-10.8196773705644,-106.542857142857));
#8358=CARTESIAN_POINT('Ctrl Pts',(-14.9730534509487,-5.34513060049983,-109.771428571429));
#8359=CARTESIAN_POINT('Ctrl Pts',(-15.8654991134954,0.998280061174797,-113.));
#8360=CARTESIAN_POINT('Ctrl Pts',(-14.1841509137558,7.17902094402645,-116.228571428571));
#8361=CARTESIAN_POINT('Ctrl Pts',(-10.1989002586695,12.1941194128495,-119.457142857143));
#8362=CARTESIAN_POINT('Ctrl Pts',(-4.55880802906197,15.2303758874379,-122.685714285714));
#8363=CARTESIAN_POINT('Ctrl Pts',(1.8225669585841,15.7920374499952,-125.914285714286));
#8364=CARTESIAN_POINT('Ctrl Pts',(7.90754749105364,13.7920146837409,-129.142857142857));
#8365=CARTESIAN_POINT('Ctrl Pts',(12.708645927854,9.55061205654779,-132.371428571429));
#8366=CARTESIAN_POINT('Ctrl Pts',(15.4464057783281,3.75978832474862,-135.6));
#8367=CARTESIAN_POINT('Ctrl Pts',(15.6764637310864,-2.64171117699885,-138.828571428571));
#8368=CARTESIAN_POINT('Ctrl Pts',(13.3608887059168,-8.61472224251664,-142.057142857143));
#8369=CARTESIAN_POINT('Ctrl Pts',(8.87673120627809,-13.1875341145882,-145.285714285714));
#8370=CARTESIAN_POINT('Ctrl Pts',(2.9502112131196,-15.6231267248784,-148.514285714286));
#8371=CARTESIAN_POINT('Ctrl Pts',(-3.45226469796076,-15.5152526920322,-151.742857142857));
#8372=CARTESIAN_POINT('Ctrl Pts',(-10.277238485192,-12.4635006604003,-155.509523809524));
#8373=CARTESIAN_POINT('Ctrl Pts',(-15.5274183512771,-5.4512540543267,-159.814285714286));
#8374=CARTESIAN_POINT('Ctrl Pts',(-15.8529016813104,4.40721913512444,-164.657142857143));
#8375=CARTESIAN_POINT('Ctrl Pts',(-10.4889838373433,12.6778959371765,-169.5));
#8376=CARTESIAN_POINT('Ctrl Pts',(-1.35659250565263,16.3983190675691,-174.342857142857));
#8377=CARTESIAN_POINT('Ctrl Pts',(8.2601548833382,14.2308463337939,-179.185714285714));
#8378=CARTESIAN_POINT('Ctrl Pts',(14.9157637539771,6.9509395718143,-184.028571428572));
#8379=CARTESIAN_POINT('Ctrl Pts',(15.9900799962831,-1.1899308939717,-188.064285714286));
#8380=CARTESIAN_POINT('Ctrl Pts',(14.2081880850398,-6.4545899835924,-190.889285714286));
#8381=CARTESIAN_POINT('Ctrl Pts',(12.5570409681404,-9.13133344110992,-192.503571428571));
#8382=CARTESIAN_POINT('Ctrl Pts',(9.72860076702376,-12.4667239780386,-194.745634920635));
#8383=CARTESIAN_POINT('Ctrl Pts',(5.2578777629327,-15.0173578606234,-197.301587301587));
#8384=CARTESIAN_POINT('Ctrl Pts',(-1.03763528218149,-15.731960308999,-200.530158730159));
#8385=CARTESIAN_POINT('Ctrl Pts',(-6.58673772402584,-14.4694285304228,-203.4));
#8386=CARTESIAN_POINT('Ctrl Pts',(-11.763685449994,-10.6936213482087,-206.628571428571));
#8387=CARTESIAN_POINT('Ctrl Pts',(-15.0284964934285,-5.1833604522329,-209.857142857143));
#8388=CARTESIAN_POINT('Ctrl Pts',(-15.8544477666912,1.16911606838409,-213.085714285714));
#8389=CARTESIAN_POINT('Ctrl Pts',(-14.1060219020058,7.33143645053255,-216.314285714286));
#8390=CARTESIAN_POINT('Ctrl Pts',(-10.0670160411329,12.30362014634,-219.542857142857));
#8391=CARTESIAN_POINT('Ctrl Pts',(-4.39474337563946,15.2781996802974,-222.771428571429));
#8392=CARTESIAN_POINT('Ctrl Pts',(1.99373065072817,15.7728414766877,-226.));
#8393=CARTESIAN_POINT('Ctrl Pts',(8.05308357563782,13.7036191088186,-229.228571428572));
#8394=CARTESIAN_POINT('Ctrl Pts',(13.6101492092442,8.70213271358677,-232.995238095238));
#8395=CARTESIAN_POINT('Ctrl Pts',(16.44938517647,0.415250576480976,-237.3));
#8396=CARTESIAN_POINT('Ctrl Pts',(13.7338117566726,-9.06616514915112,-242.142857142857));
#8397=CARTESIAN_POINT('Ctrl Pts',(6.08436140521035,-15.28744395485,-246.985714285714));
#8398=CARTESIAN_POINT('Ctrl Pts',(-3.74799345500821,-16.0221161592461,-251.828571428572));
#8399=CARTESIAN_POINT('Ctrl Pts',(-12.2337513743922,-11.0030371671812,-256.671428571429));
#8400=CARTESIAN_POINT('Ctrl Pts',(-16.3306251706726,-2.03228504037977,-261.514285714286));
#8401=CARTESIAN_POINT('Ctrl Pts',(-14.5578604290718,7.66595520516687,-266.357142857143));
#8402=CARTESIAN_POINT('Ctrl Pts',(-7.56212662090562,14.6139531688965,-271.2));
#8403=CARTESIAN_POINT('Ctrl Pts',(2.15015757738652,16.3132654295293,-276.042857142857));
#8404=CARTESIAN_POINT('Ctrl Pts',(11.0904960267415,12.1553452939222,-280.885714285714));
#8405=CARTESIAN_POINT('Ctrl Pts',(16.0482849930448,3.63261994245631,-285.728571428571));
#8406=CARTESIAN_POINT('Ctrl Pts',(15.2443077288898,-6.19432189001006,-290.571428571429));
#8407=CARTESIAN_POINT('Ctrl Pts',(8.96516158556826,-13.7972466098785,-295.414285714285));
#8408=CARTESIAN_POINT('Ctrl Pts',(-0.530154103573439,-16.4457178063612,
-300.257142857143));
#8409=CARTESIAN_POINT('Ctrl Pts',(-9.84121046220797,-13.1896148010765,-305.1));
#8410=CARTESIAN_POINT('Ctrl Pts',(-14.9646688353883,-6.08436510731099,-309.404761904762));
#8411=CARTESIAN_POINT('Ctrl Pts',(-15.8380398876828,1.34067213252657,-313.171428571429));
#8412=CARTESIAN_POINT('Ctrl Pts',(-14.0282542159564,7.48296642631161,-316.4));
#8413=CARTESIAN_POINT('Ctrl Pts',(-9.93321975915789,12.4111647423434,-319.628571428572));
#8414=CARTESIAN_POINT('Ctrl Pts',(-4.22981587954409,15.3244128423538,-322.857142857143));
#8415=CARTESIAN_POINT('Ctrl Pts',(2.16270322137214,15.7496767795306,-326.085714285714));
#8416=CARTESIAN_POINT('Ctrl Pts',(8.20194313321739,13.617810270313,-329.314285714286));
#8417=CARTESIAN_POINT('Ctrl Pts',(12.9122793676249,9.2744742459113,-332.542857142857));
#8418=CARTESIAN_POINT('Ctrl Pts',(15.521819656381,3.42662361042239,-335.771428571428));
#8419=CARTESIAN_POINT('Ctrl Pts',(15.6381734799524,-4.04748864943494,-339.538095238095));
#8420=CARTESIAN_POINT('Ctrl Pts',(11.5018125860994,-11.7727794815131,-343.842857142857));
#8421=CARTESIAN_POINT('Ctrl Pts',(3.43685791114243,-15.8533130584901,-348.282142857143));
#8422=CARTESIAN_POINT('Ctrl Pts',(-4.59891243629946,-15.3369676877666,-352.317857142857));
#8423=CARTESIAN_POINT('Ctrl Pts',(-10.888723388931,-11.7435903512047,-355.95));
#8424=CARTESIAN_POINT('Ctrl Pts',(-14.9495714533867,-5.74058503523783,-359.582142857143));
#8425=CARTESIAN_POINT('Ctrl Pts',(-15.9495545074539,1.43521848579644,-363.214285714286));
#8426=CARTESIAN_POINT('Ctrl Pts',(-13.6841754277766,8.31836172175795,-366.846428571428));
#8427=CARTESIAN_POINT('Ctrl Pts',(-8.617125564195,13.4978856798728,-370.478571428571));
#8428=CARTESIAN_POINT('Ctrl Pts',(-1.78586428794871,15.9141780662867,-374.110714285714));
#8429=CARTESIAN_POINT('Ctrl Pts',(5.41103889527163,15.0721511627867,-377.742857142857));
#8430=CARTESIAN_POINT('Ctrl Pts',(11.5000979053248,11.1443820385128,-381.375));
#8431=CARTESIAN_POINT('Ctrl Pts',(15.2347023154425,4.93493319667449,-385.007142857143));
#8432=CARTESIAN_POINT('Ctrl Pts',(15.850181000316,-2.28485102865025,-388.639285714286));
#8433=CARTESIAN_POINT('Ctrl Pts',(13.2206587564574,-9.03686604107592,-392.271428571429));
#8434=CARTESIAN_POINT('Ctrl Pts',(7.88420889902975,-13.938680294274,-395.903571428572));
#8435=CARTESIAN_POINT('Ctrl Pts',(0.934000895386984,-15.9868136688517,-399.535714285714));
#8436=CARTESIAN_POINT('Ctrl Pts',(-6.20824279249628,-14.7616958175797,-403.167857142857));
#8437=CARTESIAN_POINT('Ctrl Pts',(-10.1207147386629,-11.9300541206732,-405.589285714286));
#8438=CARTESIAN_POINT('Ctrl Pts',(-11.6657546887199,-10.1551930223137,-406.8));
#8439=CARTESIAN_POINT('Ctrl Pts',(1.11022302462516E-15,-13.9833333333343,
2.25745348340229E-16));
#8440=CARTESIAN_POINT('Ctrl Pts',(-2.12746410506363,-13.9833333333343,-1.21071428571429));
#8441=CARTESIAN_POINT('Ctrl Pts',(-6.38090750494294,-12.9962681416212,-3.63214285714286));
#8442=CARTESIAN_POINT('Ctrl Pts',(-11.4560820930661,-8.85311592431327,-7.26428571428572));
#8443=CARTESIAN_POINT('Ctrl Pts',(-14.185182814853,-2.89786218938544,-10.8964285714286));
#8444=CARTESIAN_POINT('Ctrl Pts',(-14.0103642651206,3.65093627178229,-14.5285714285714));
#8445=CARTESIAN_POINT('Ctrl Pts',(-10.9669911365086,9.45214870342746,-18.1607142857143));
#8446=CARTESIAN_POINT('Ctrl Pts',(-5.67835631743037,13.3182232723713,-21.7928571428571));
#8447=CARTESIAN_POINT('Ctrl Pts',(0.772879887981068,14.4575667453516,-25.425));
#8448=CARTESIAN_POINT('Ctrl Pts',(7.06584271467941,12.6369363187702,-29.0571428571429));
#8449=CARTESIAN_POINT('Ctrl Pts',(11.9122339541724,8.2290956026071,-32.6892857142857));
#8450=CARTESIAN_POINT('Ctrl Pts',(14.3196617357002,2.13642228445227,-36.3214285714286));
#8451=CARTESIAN_POINT('Ctrl Pts',(13.7955725303521,-4.39355065252529,-39.9535714285715));
#8452=CARTESIAN_POINT('Ctrl Pts',(10.446569569762,-10.0242258289233,-43.5857142857142));
#8453=CARTESIAN_POINT('Ctrl Pts',(4.95978489333466,-13.6021259212056,-47.2178571428572));
#8454=CARTESIAN_POINT('Ctrl Pts',(-1.54456449186114,-14.3961702443238,-50.85));
#8455=CARTESIAN_POINT('Ctrl Pts',(-7.72819073488029,-12.2407375230311,-54.4821428571429));
#8456=CARTESIAN_POINT('Ctrl Pts',(-12.8515708842254,-7.06615614114981,-58.5178571428572));
#8457=CARTESIAN_POINT('Ctrl Pts',(-14.8538229459778,0.85242626050093,-62.9571428571429));
#8458=CARTESIAN_POINT('Ctrl Pts',(-11.6958012182738,9.19227156497335,-67.8));
#8459=CARTESIAN_POINT('Ctrl Pts',(-4.34372078336001,14.2282814693655,-72.6428571428572));
#8460=CARTESIAN_POINT('Ctrl Pts',(4.24367683939099,14.1589759770299,-77.3063492063492));
#8461=CARTESIAN_POINT('Ctrl Pts',(9.96765728640329,10.3713023399436,-81.0730158730159));
#8462=CARTESIAN_POINT('Ctrl Pts',(13.1143680188371,5.58699217003984,-84.3015873015873));
#8463=CARTESIAN_POINT('Ctrl Pts',(14.3611612500796,0.593995296189243,-87.1714285714285));
#8464=CARTESIAN_POINT('Ctrl Pts',(13.4282595579621,-5.12307722989729,-90.4));
#8465=CARTESIAN_POINT('Ctrl Pts',(10.3172402775694,-10.0066361378905,-93.6285714285714));
#8466=CARTESIAN_POINT('Ctrl Pts',(5.52985927165121,-13.2664357731234,-96.8571428571428));
#8467=CARTESIAN_POINT('Ctrl Pts',(-0.154697396856658,-14.3718882572331,
-100.085714285714));
#8468=CARTESIAN_POINT('Ctrl Pts',(-5.81460006054161,-13.1441507197756,-103.314285714286));
#8469=CARTESIAN_POINT('Ctrl Pts',(-10.5297039877165,-9.78201434687825,-106.542857142857));
#8470=CARTESIAN_POINT('Ctrl Pts',(-13.5370601781738,-4.83250492868437,-109.771428571429));
#8471=CARTESIAN_POINT('Ctrl Pts',(-14.3439156855839,0.902539839790523,-113.));
#8472=CARTESIAN_POINT('Ctrl Pts',(-12.823817474828,6.49051570262699,-116.228571428571));
#8473=CARTESIAN_POINT('Ctrl Pts',(-9.22077297093024,11.0246402881252,-119.457142857143));
#8474=CARTESIAN_POINT('Ctrl Pts',(-4.12159475903316,13.7697040620255,-122.685714285714));
#8475=CARTESIAN_POINT('Ctrl Pts',(1.64777336018531,14.2774993755875,-125.914285714286));
#8476=CARTESIAN_POINT('Ctrl Pts',(7.14917278555347,12.4692891375624,-129.142857142857));
#8477=CARTESIAN_POINT('Ctrl Pts',(11.4898210489967,8.63465896060684,-132.371428571429));
#8478=CARTESIAN_POINT('Ctrl Pts',(13.9650155689834,3.39920517722404,-135.6));
#8479=CARTESIAN_POINT('Ctrl Pts',(14.1730097741171,-2.38835741110119,-138.828571428571));
#8480=CARTESIAN_POINT('Ctrl Pts',(12.0795103709736,-7.7885258205507,-142.057142857143));
#8481=CARTESIAN_POINT('Ctrl Pts',(8.02540676946863,-11.9227813816152,-145.285714285714));
#8482=CARTESIAN_POINT('Ctrl Pts',(2.66727069806811,-14.1247880626856,-148.514285714286));
#8483=CARTESIAN_POINT('Ctrl Pts',(-3.1211746568846,-14.0272597075585,-151.742857142857));
#8484=CARTESIAN_POINT('Ctrl Pts',(-9.29159815633146,-11.2681864806845,-155.509523809524));
#8485=CARTESIAN_POINT('Ctrl Pts',(-14.038258617156,-4.92845059437483,-159.814285714286));
#8486=CARTESIAN_POINT('Ctrl Pts',(-14.3325264123046,3.98454402410475,-164.657142857143));
#8487=CARTESIAN_POINT('Ctrl Pts',(-9.4830360339769,11.4620201414768,-169.5));
#8488=CARTESIAN_POINT('Ctrl Pts',(-1.22648826750268,14.8256354500967,-174.342857142857));
#8489=CARTESIAN_POINT('Ctrl Pts',(7.46796330508659,12.8660345625565,-179.185714285714));
#8490=CARTESIAN_POINT('Ctrl Pts',(13.4852648594678,6.28430851374123,-184.028571428572));
#8491=CARTESIAN_POINT('Ctrl Pts',(14.4565486173284,-1.07581036642478,-188.064285714286));
#8492=CARTESIAN_POINT('Ctrl Pts',(12.8455493570558,-5.83556141835529,-190.889285714286));
#8493=CARTESIAN_POINT('Ctrl Pts',(11.3527557890832,-8.25559133307197,-192.503571428571));
#8494=CARTESIAN_POINT('Ctrl Pts',(8.79557763311688,-11.271100665489,-194.745634920635));
#8495=CARTESIAN_POINT('Ctrl Pts',(4.75362008954772,-13.5771155657999,-197.301587301587));
#8496=CARTESIAN_POINT('Ctrl Pts',(-0.938120691541183,-14.2231839431567,
-200.530158730159));
#8497=CARTESIAN_POINT('Ctrl Pts',(-5.95503550695836,-13.0817354924828,-203.4));
#8498=CARTESIAN_POINT('Ctrl Pts',(-10.6354871686901,-9.66804774908033,-206.628571428571));
#8499=CARTESIAN_POINT('Ctrl Pts',(-13.5871859461054,-4.6862493743784,-209.857142857143));
#8500=CARTESIAN_POINT('Ctrl Pts',(-14.3339242201004,1.05699179027393,-213.085714285714));
#8501=CARTESIAN_POINT('Ctrl Pts',(-12.7531814394204,6.62831377370308,-216.314285714286));
#8502=CARTESIAN_POINT('Ctrl Pts',(-9.10153713201508,11.1236393348909,-219.542857142857));
#8503=CARTESIAN_POINT('Ctrl Pts',(-3.97326475448415,13.8129413057854,-222.771428571429));
#8504=CARTESIAN_POINT('Ctrl Pts',(1.80252156892331,14.2601443954097,-226.));
#8505=CARTESIAN_POINT('Ctrl Pts',(7.28075120685318,12.3893711554937,-229.228571428572));
#8506=CARTESIAN_POINT('Ctrl Pts',(12.3048655027535,7.86755317532208,-232.995238095238));
#8507=CARTESIAN_POINT('Ctrl Pts',(14.8718040550189,0.375425898348612,-237.3));
#8508=CARTESIAN_POINT('Ctrl Pts',(12.4166681722496,-8.19667301738938,-242.142857142857));
#8509=CARTESIAN_POINT('Ctrl Pts',(5.50083967561551,-13.8212990065932,-246.985714285714));
#8510=CARTESIAN_POINT('Ctrl Pts',(-3.38854149649968,-14.4855123465589,-251.828571428572));
#8511=CARTESIAN_POINT('Ctrl Pts',(-11.060471339563,-9.94778899058675,-256.671428571429));
#8512=CARTESIAN_POINT('Ctrl Pts',(-14.7644337480534,-1.83737839318807,-261.514285714286));
#8513=CARTESIAN_POINT('Ctrl Pts',(-13.161686314645,6.93075044949853,-266.357142857143));
#8514=CARTESIAN_POINT('Ctrl Pts',(-6.83687956351235,13.2123994705856,-271.2));
#8515=CARTESIAN_POINT('Ctrl Pts',(1.94394634421034,14.7487388958775,-276.042857142857));
#8516=CARTESIAN_POINT('Ctrl Pts',(10.0268600931418,10.9895848077588,-280.885714285714));
#8517=CARTESIAN_POINT('Ctrl Pts',(14.5091714538403,3.28423290056106,-285.728571428571));
#8518=CARTESIAN_POINT('Ctrl Pts',(13.7822997678209,-5.60025438116178,-290.571428571429));
#8519=CARTESIAN_POINT('Ctrl Pts',(8.10535621798636,-12.4740192949218,-295.414285714286));
#8520=CARTESIAN_POINT('Ctrl Pts',(-0.479309582864323,-14.8684884046727,
-300.257142857143));
#8521=CARTESIAN_POINT('Ctrl Pts',(-8.89738747606898,-11.9246625195071,-305.1));
#8522=CARTESIAN_POINT('Ctrl Pts',(-13.5294796906143,-5.50084302266555,-309.404761904762));
#8523=CARTESIAN_POINT('Ctrl Pts',(-14.3190899415572,1.21209474050617,-313.171428571429));
#8524=CARTESIAN_POINT('Ctrl Pts',(-12.6828720767098,6.76531124102918,-316.4));
#8525=CARTESIAN_POINT('Ctrl Pts',(-8.98057260553125,11.2208698478723,-319.628571428572));
#8526=CARTESIAN_POINT('Ctrl Pts',(-3.8241546583376,13.854722386567,-322.857142857143));
#8527=CARTESIAN_POINT('Ctrl Pts',(1.95528879604647,14.2392013125274,-326.085714285714));
#8528=CARTESIAN_POINT('Ctrl Pts',(7.41533436289762,12.3117918284396,-329.314285714286));
#8529=CARTESIAN_POINT('Ctrl Pts',(11.6739249886171,8.38500419430942,-332.542857142857));
#8530=CARTESIAN_POINT('Ctrl Pts',(14.0331968660591,3.09799268226747,-335.771428571428));
#8531=CARTESIAN_POINT('Ctrl Pts',(14.13839175612,-3.65931355266779,-339.538095238095));
#8532=CARTESIAN_POINT('Ctrl Pts',(10.3987292669578,-10.6437090355484,-343.842857142857));
#8533=CARTESIAN_POINT('Ctrl Pts',(3.10724546061244,-14.332898336285,-348.282142857143));
#8534=CARTESIAN_POINT('Ctrl Pts',(-4.15785294617998,-13.8660731573658,-352.317857142857));
#8535=CARTESIAN_POINT('Ctrl Pts',(-9.84443849494895,-10.6173192938149,-355.95));
#8536=CARTESIAN_POINT('Ctrl Pts',(-13.5158302256366,-5.190033237677,-359.582142857143));
#8537=CARTESIAN_POINT('Ctrl Pts',(-14.4199097324926,1.29757360946459,-363.214285714286));
#8538=CARTESIAN_POINT('Ctrl Pts',(-12.3717922240344,7.52058780663203,-366.846428571428));
#8539=CARTESIAN_POINT('Ctrl Pts',(-7.79069865124914,12.2033686265222,-370.478571428571));
#8540=CARTESIAN_POINT('Ctrl Pts',(-1.61459066550526,14.3879260750149,-374.110714285714));
#8541=CARTESIAN_POINT('Ctrl Pts',(4.89209227708258,13.6266539068721,-377.742857142857));
#8542=CARTESIAN_POINT('Ctrl Pts',(10.3971790329385,10.0755781576635,-381.375));
#8543=CARTESIAN_POINT('Ctrl Pts',(13.7736155632064,4.46164757759661,-385.007142857143));
#8544=CARTESIAN_POINT('Ctrl Pts',(14.3300666586901,-2.06572199680759,-388.639285714286));
#8545=CARTESIAN_POINT('Ctrl Pts',(11.9527291989948,-8.17018384532572,-392.271428571429));
#8546=CARTESIAN_POINT('Ctrl Pts',(7.12807248522153,-12.6018887574302,-395.903571428572));
#8547=CARTESIAN_POINT('Ctrl Pts',(0.844425378480213,-14.4535955475925,-399.535714285714));
#8548=CARTESIAN_POINT('Ctrl Pts',(-5.61284019709492,-13.345972835074,-403.167857142857));
#8549=CARTESIAN_POINT('Ctrl Pts',(-9.15008584670012,-10.7859002233236,-405.589285714286));
#8550=CARTESIAN_POINT('Ctrl Pts',(-10.5469484739606,-9.18125748461281,-406.8));
#8551=CARTESIAN_POINT('Ctrl Pts',(1.11022302462516E-15,-12.5,5.55111512312578E-16));
#8552=CARTESIAN_POINT('Ctrl Pts',(-1.90178555279811,-12.5,-1.21071428571429));
#8553=CARTESIAN_POINT('Ctrl Pts',(-5.70402935483536,-11.6176413661683,-3.63214285714286));
#8554=CARTESIAN_POINT('Ctrl Pts',(-10.240836197615,-7.91398920528545,-7.26428571428572));
#8555=CARTESIAN_POINT('Ctrl Pts',(-12.6804375579726,-2.59046083675676,-10.8964285714286));
#8556=CARTESIAN_POINT('Ctrl Pts',(-12.5241635266266,3.26364982578846,-14.5285714285714));
#8557=CARTESIAN_POINT('Ctrl Pts',(-9.80362735683063,8.44947738685351,-18.1607142857143));
#8558=CARTESIAN_POINT('Ctrl Pts',(-5.07600385944276,11.9054439264336,-21.7928571428571));
#8559=CARTESIAN_POINT('Ctrl Pts',(0.690893821198758,12.9239273647353,-25.425));
#8560=CARTESIAN_POINT('Ctrl Pts',(6.31630755185838,11.2964269834053,-29.0571428571429));
#8561=CARTESIAN_POINT('Ctrl Pts',(10.6486000782225,7.35616412628712,-32.6892857142857));
#8562=CARTESIAN_POINT('Ctrl Pts',(12.8006511344153,1.90979346047567,-36.3214285714286));
#8563=CARTESIAN_POINT('Ctrl Pts',(12.332156612352,-3.92748866435487,-39.9535714285714));
#8564=CARTESIAN_POINT('Ctrl Pts',(9.33841141516199,-8.96086933455535,-43.5857142857143));
#8565=CARTESIAN_POINT('Ctrl Pts',(4.43365753277798,-12.1592305612675,-47.2178571428572));
#8566=CARTESIAN_POINT('Ctrl Pts',(-1.38071915243835,-12.869043722577,-50.85));
#8567=CARTESIAN_POINT('Ctrl Pts',(-6.9083945782596,-10.9422564270234,-54.4821428571429));
#8568=CARTESIAN_POINT('Ctrl Pts',(-11.4882934006775,-6.3165877304672,-58.5178571428572));
#8569=CARTESIAN_POINT('Ctrl Pts',(-13.2781492365704,0.762002020709949,-62.9571428571429));
#8570=CARTESIAN_POINT('Ctrl Pts',(-10.4551262380271,8.21716766833078,-67.8));
#8571=CARTESIAN_POINT('Ctrl Pts',(-3.88294468119163,12.7189643647478,-72.6428571428572));
#8572=CARTESIAN_POINT('Ctrl Pts',(3.79351326524793,12.6570107065217,-77.3063492063492));
#8573=CARTESIAN_POINT('Ctrl Pts',(8.91030150751124,9.27112843260683,-81.0730158730159));
#8574=CARTESIAN_POINT('Ctrl Pts',(11.7232133660633,4.99433149884336,-84.3015873015873));
#8575=CARTESIAN_POINT('Ctrl Pts',(12.8377484357079,0.530985068107152,-87.1714285714285));
#8576=CARTESIAN_POINT('Ctrl Pts',(12.0038077097388,-4.57962803626067,-90.4));
#8577=CARTESIAN_POINT('Ctrl Pts',(9.22280120164068,-8.94514553446644,-93.6285714285714));
#8578=CARTESIAN_POINT('Ctrl Pts',(4.94325918204781,-11.8591499759736,-96.8571428571428));
#8579=CARTESIAN_POINT('Ctrl Pts',(-0.138287303507134,-12.8473375362623,
-100.085714285714));
#8580=CARTESIAN_POINT('Ctrl Pts',(-5.19779504815959,-11.7498367578438,-103.314285714286));
#8581=CARTESIAN_POINT('Ctrl Pts',(-9.41272704503792,-8.7443513231921,-106.542857142857));
#8582=CARTESIAN_POINT('Ctrl Pts',(-12.1010669053988,-4.31987925686892,-109.771428571429));
#8583=CARTESIAN_POINT('Ctrl Pts',(-12.8223322576724,0.806799618406252,-113.));
#8584=CARTESIAN_POINT('Ctrl Pts',(-11.4634840359003,5.80201046122753,-116.228571428571));
#8585=CARTESIAN_POINT('Ctrl Pts',(-8.24264568319093,9.85516116340083,-119.457142857143));
#8586=CARTESIAN_POINT('Ctrl Pts',(-3.68438148900435,12.3090322366131,-122.685714285714));
#8587=CARTESIAN_POINT('Ctrl Pts',(1.47297976178653,12.7629613011798,-125.914285714286));
#8588=CARTESIAN_POINT('Ctrl Pts',(6.39079808005331,11.146563591384,-129.142857142857));
#8589=CARTESIAN_POINT('Ctrl Pts',(10.2709961701393,7.71870586466588,-132.371428571429));
#8590=CARTESIAN_POINT('Ctrl Pts',(12.4836253596386,3.03862202969946,-135.6));
#8591=CARTESIAN_POINT('Ctrl Pts',(12.6695558171479,-2.13500364520353,-138.828571428571));
#8592=CARTESIAN_POINT('Ctrl Pts',(10.7981320360305,-6.96232939858476,-142.057142857143));
#8593=CARTESIAN_POINT('Ctrl Pts',(7.17408233265918,-10.6580286486421,-145.285714285714));
#8594=CARTESIAN_POINT('Ctrl Pts',(2.38433018301662,-12.6264494004928,-148.514285714286));
#8595=CARTESIAN_POINT('Ctrl Pts',(-2.79008461580845,-12.5392667230848,-151.742857142857));
#8596=CARTESIAN_POINT('Ctrl Pts',(-8.30595782747092,-10.0728723009688,-155.509523809524));
#8597=CARTESIAN_POINT('Ctrl Pts',(-12.5490988830348,-4.40564713442296,-159.814285714286));
#8598=CARTESIAN_POINT('Ctrl Pts',(-12.8121511432988,3.56186891308504,-164.657142857143));
#8599=CARTESIAN_POINT('Ctrl Pts',(-8.47708823061045,10.2461443457771,-169.5));
#8600=CARTESIAN_POINT('Ctrl Pts',(-1.09638402935274,13.2529518326242,-174.342857142857));
#8601=CARTESIAN_POINT('Ctrl Pts',(6.67577172683498,11.501222791319,-179.185714285714));
#8602=CARTESIAN_POINT('Ctrl Pts',(12.0547659649584,5.61767745566817,-184.028571428572));
#8603=CARTESIAN_POINT('Ctrl Pts',(12.9230172383737,-0.961689838877865,-188.064285714286));
#8604=CARTESIAN_POINT('Ctrl Pts',(11.4829106290717,-5.21653285311819,-190.889285714286));
#8605=CARTESIAN_POINT('Ctrl Pts',(10.148470610026,-7.37984922503402,-192.503571428571));
#8606=CARTESIAN_POINT('Ctrl Pts',(7.86255449921001,-10.0754773529394,-194.745634920635));
#8607=CARTESIAN_POINT('Ctrl Pts',(4.24936241616274,-12.1368732709764,-197.301587301587));
#8608=CARTESIAN_POINT('Ctrl Pts',(-0.838606100900879,-12.7144075773144,
-200.530158730159));
#8609=CARTESIAN_POINT('Ctrl Pts',(-5.32333328989089,-11.6940424545428,-203.4));
#8610=CARTESIAN_POINT('Ctrl Pts',(-9.5072888873862,-8.64247414995201,-206.628571428571));
#8611=CARTESIAN_POINT('Ctrl Pts',(-12.1458753987823,-4.1891382965239,-209.857142857143));
#8612=CARTESIAN_POINT('Ctrl Pts',(-12.8134006735096,0.944867512163748,-213.085714285714));
#8613=CARTESIAN_POINT('Ctrl Pts',(-11.4003409768351,5.92519109687361,-216.314285714286));
#8614=CARTESIAN_POINT('Ctrl Pts',(-8.13605822289729,9.94365852344165,-219.542857142857));
#8615=CARTESIAN_POINT('Ctrl Pts',(-3.55178613332885,12.3476829312733,-222.771428571429));
#8616=CARTESIAN_POINT('Ctrl Pts',(1.61131248711846,12.7474473141317,-226.));
#8617=CARTESIAN_POINT('Ctrl Pts',(6.50841883806853,11.0751232021688,-229.228571428572));
#8618=CARTESIAN_POINT('Ctrl Pts',(10.9995817962628,7.03297363705738,-232.995238095238));
#8619=CARTESIAN_POINT('Ctrl Pts',(13.2942229335678,0.335601220216259,-237.3));
#8620=CARTESIAN_POINT('Ctrl Pts',(11.0995245878266,-7.32718088562766,-242.142857142857));
#8621=CARTESIAN_POINT('Ctrl Pts',(4.91731794602067,-12.3551540583363,-246.985714285714));
#8622=CARTESIAN_POINT('Ctrl Pts',(-3.02908953799116,-12.9489085338718,-251.828571428572));
#8623=CARTESIAN_POINT('Ctrl Pts',(-9.8871913047338,-8.89254081399229,-256.671428571429));
#8624=CARTESIAN_POINT('Ctrl Pts',(-13.1982423254341,-1.64247174599638,-261.514285714286));
#8625=CARTESIAN_POINT('Ctrl Pts',(-11.7655122002182,6.19554569383019,-266.357142857143));
#8626=CARTESIAN_POINT('Ctrl Pts',(-6.11163250611906,11.8108457722747,-271.2));
#8627=CARTESIAN_POINT('Ctrl Pts',(1.73773511103415,13.1842123622257,-276.042857142857));
#8628=CARTESIAN_POINT('Ctrl Pts',(8.96322415954208,9.82382432159535,-280.885714285714));
#8629=CARTESIAN_POINT('Ctrl Pts',(12.9700579146359,2.93584585866581,-285.728571428571));
#8630=CARTESIAN_POINT('Ctrl Pts',(12.320291806752,-5.00618687231352,-290.571428571429));
#8631=CARTESIAN_POINT('Ctrl Pts',(7.24555085040445,-11.1507919799651,-295.414285714286));
#8632=CARTESIAN_POINT('Ctrl Pts',(-0.4284650621552,-13.2912590029842,-300.257142857143));
#8633=CARTESIAN_POINT('Ctrl Pts',(-7.95356448993,-10.6597102379376,-305.1));
#8634=CARTESIAN_POINT('Ctrl Pts',(-12.0942905458403,-4.91732093802011,-309.404761904762));
#8635=CARTESIAN_POINT('Ctrl Pts',(-12.8001399954317,1.08351734848577,-313.171428571429));
#8636=CARTESIAN_POINT('Ctrl Pts',(-11.3374899374633,6.04765605574676,-316.4));
#8637=CARTESIAN_POINT('Ctrl Pts',(-8.0279254519046,10.0305749534012,-319.628571428572));
#8638=CARTESIAN_POINT('Ctrl Pts',(-3.4184934371311,12.3850319307801,-322.857142857143));
#8639=CARTESIAN_POINT('Ctrl Pts',(1.7478743707208,12.7287258455241,-326.085714285715));
#8640=CARTESIAN_POINT('Ctrl Pts',(6.62872559257786,11.0057733865662,-329.314285714286));
#8641=CARTESIAN_POINT('Ctrl Pts',(10.4355706096093,7.49553414270753,-332.542857142857));
#8642=CARTESIAN_POINT('Ctrl Pts',(12.5445740757373,2.76936175411257,-335.771428571428));
#8643=CARTESIAN_POINT('Ctrl Pts',(12.6386100322875,-3.27113845590066,-339.538095238095));
#8644=CARTESIAN_POINT('Ctrl Pts',(9.29564594781619,-9.51463858958369,-343.842857142857));
#8645=CARTESIAN_POINT('Ctrl Pts',(2.77763301008243,-12.8124836140798,-348.282142857143));
#8646=CARTESIAN_POINT('Ctrl Pts',(-3.71679345606051,-12.395178626965,-352.317857142857));
#8647=CARTESIAN_POINT('Ctrl Pts',(-8.80015360096685,-9.49104823642503,-355.95));
#8648=CARTESIAN_POINT('Ctrl Pts',(-12.0820889978864,-4.63948144011618,-359.582142857143));
#8649=CARTESIAN_POINT('Ctrl Pts',(-12.8902649575312,1.15992873313275,-363.214285714286));
#8650=CARTESIAN_POINT('Ctrl Pts',(-11.0594090202922,6.7228138915061,-366.846428571428));
#8651=CARTESIAN_POINT('Ctrl Pts',(-6.96427173830326,10.9088515731716,-370.478571428571));
#8652=CARTESIAN_POINT('Ctrl Pts',(-1.44331704306181,12.861674083743,-374.110714285714));
#8653=CARTESIAN_POINT('Ctrl Pts',(4.37314565889353,12.1811566509575,-377.742857142857));
#8654=CARTESIAN_POINT('Ctrl Pts',(9.29426016055225,9.00677427681413,-381.375));
#8655=CARTESIAN_POINT('Ctrl Pts',(12.3125288109703,3.98836195851874,-385.007142857143));
#8656=CARTESIAN_POINT('Ctrl Pts',(12.8099523170641,-1.84659296496494,-388.639285714286));
#8657=CARTESIAN_POINT('Ctrl Pts',(10.6847996415321,-7.30350164957551,-392.271428571429));
#8658=CARTESIAN_POINT('Ctrl Pts',(6.37193607141332,-11.2650972205864,-395.903571428572));
#8659=CARTESIAN_POINT('Ctrl Pts',(0.754849861573433,-12.9203774263333,-399.535714285714));
#8660=CARTESIAN_POINT('Ctrl Pts',(-5.01743760169355,-11.9302498525683,-403.167857142857));
#8661=CARTESIAN_POINT('Ctrl Pts',(-8.17945695473732,-9.64174632597389,-405.589285714286));
#8662=CARTESIAN_POINT('Ctrl Pts',(-9.42814225920131,-8.20732194691194,-406.8));
#8663=CARTESIAN_POINT('',(0.,-12.5,0.));
#8664=CARTESIAN_POINT('Origin',(0.,-16.25,-1.5));
#8665=CARTESIAN_POINT('Origin',(0.,0.,-203.4));
#8666=CARTESIAN_POINT('Origin',(0.,0.,-406.8));
#8667=CARTESIAN_POINT('Origin',(0.,0.,-406.8));
#8668=CARTESIAN_POINT('Origin',(-12.5,0.,0.));
#8669=UNCERTAINTY_MEASURE_WITH_UNIT(LENGTH_MEASURE(0.01),#8673,
'DISTANCE_ACCURACY_VALUE',
'Maximum model space distance between geometric entities at asserted c
onnectivities');
#8670=UNCERTAINTY_MEASURE_WITH_UNIT(LENGTH_MEASURE(0.01),#8673,
'DISTANCE_ACCURACY_VALUE',
'Maximum model space distance between geometric entities at asserted c
onnectivities');
#8671=(
GEOMETRIC_REPRESENTATION_CONTEXT(3)
GLOBAL_UNCERTAINTY_ASSIGNED_CONTEXT((#8669))
GLOBAL_UNIT_ASSIGNED_CONTEXT((#8673,#8675,#8676))
REPRESENTATION_CONTEXT('','3D')
);
#8672=(
GEOMETRIC_REPRESENTATION_CONTEXT(3)
GLOBAL_UNCERTAINTY_ASSIGNED_CONTEXT((#8670))
GLOBAL_UNIT_ASSIGNED_CONTEXT((#8673,#8675,#8676))
REPRESENTATION_CONTEXT('','3D')
);
#8673=(
LENGTH_UNIT()
NAMED_UNIT(*)
SI_UNIT(.MILLI.,.METRE.)
);
#8674=(
LENGTH_UNIT()
NAMED_UNIT(*)
SI_UNIT(.CENTI.,.METRE.)
);
#8675=(
NAMED_UNIT(*)
PLANE_ANGLE_UNIT()
SI_UNIT($,.RADIAN.)
);
#8676=(
NAMED_UNIT(*)
SI_UNIT($,.STERADIAN.)
SOLID_ANGLE_UNIT()
);
#8677=SHAPE_DEFINITION_REPRESENTATION(#8678,#8679);
#8678=PRODUCT_DEFINITION_SHAPE('',$,#8681);
#8679=SHAPE_REPRESENTATION('',(#487),#8671);
#8680=PRODUCT_DEFINITION_CONTEXT('part definition',#8685,'design');
#8681=PRODUCT_DEFINITION('compresion tornillo','compresion tornillo',#8682,
#8680);
#8682=PRODUCT_DEFINITION_FORMATION('',$,#8687);
#8683=PRODUCT_RELATED_PRODUCT_CATEGORY('compresion tornillo',
'compresion tornillo',(#8687));
#8684=APPLICATION_PROTOCOL_DEFINITION('international standard',
'automotive_design',2009,#8685);
#8685=APPLICATION_CONTEXT(
'Core Data for Automotive Mechanical Design Process');
#8686=PRODUCT_CONTEXT('part definition',#8685,'mechanical');
#8687=PRODUCT('compresion tornillo','compresion tornillo',$,(#8686));
#8688=PRESENTATION_STYLE_ASSIGNMENT((#8689));
#8689=SURFACE_STYLE_USAGE(.BOTH.,#8692);
#8690=SURFACE_STYLE_RENDERING_WITH_PROPERTIES($,#8696,(#8691));
#8691=SURFACE_STYLE_TRANSPARENT(0.);
#8692=SURFACE_SIDE_STYLE('',(#8693,#8690));
#8693=SURFACE_STYLE_FILL_AREA(#8694);
#8694=FILL_AREA_STYLE('',(#8695));
#8695=FILL_AREA_STYLE_COLOUR('',#8696);
#8696=COLOUR_RGB('',0.749019607843137,0.749019607843137,0.749019607843137);
ENDSEC;
END-ISO-10303-21;
